participant,Duration (in seconds),Finished,DistributionChannel,UserLanguage,Q18,Q53_First Click,Q53_Last Click,Q53_Page Submit,Q53_Click Count,Q113,Q114,Q115,Q116,Q117,Q118,Q119,Q120,Q121,Q112_First Click,Q112_Last Click,Q112_Page Submit,Q112_Click Count,Q140,Q141,Q142,Q143,Q144,Q145,Q146,Q147,Q148,Q109_First Click,Q109_Last Click,Q109_Page Submit,Q109_Click Count,Q84_First Click,Q84_Last Click,Q84_Page Submit,Q84_Click Count,Q86_First Click,Q86_Last Click,Q86_Page Submit,Q86_Click Count,Q88_First Click,Q88_Last Click,Q88_Page Submit,Q88_Click Count,Q87_First Click,Q87_Last Click,Q87_Page Submit,Q87_Click Count,Q1,Q3,Q4,Q5,Q6,Q7,Q8,Q9,Q10,Q54_First Click,Q54_Last Click,Q54_Page Submit,Q54_Click Count,QID89_First Click,QID89_Last Click,QID89_Page Submit,QID89_Click Count,Q90_First Click,Q90_Last Click,Q90_Page Submit,Q90_Click Count,Q92_First Click,Q92_Last Click,Q92_Page Submit,Q92_Click Count,QID91_First Click,QID91_Last Click,QID91_Page Submit,QID91_Click Count,Q11,Q12,Q13,Q14,Q15,Q16,Q17,Q18.1,Q19,Q94_First Click,Q94_Last Click,Q94_Page Submit,Q94_Click Count,Q55_First Click,Q55_Last Click,Q55_Page Submit,Q55_Click Count,Q96_First Click,Q96_Last Click,Q96_Page Submit,Q96_Click Count,Q95_First Click,Q95_Last Click,Q95_Page Submit,Q95_Click Count,Q93_First Click,Q93_Last Click,Q93_Page Submit,Q93_Click Count,Q20,Q21,Q22,Q23,Q24,Q25,Q26,Q27,Q28,Q97_First Click,Q97_Last Click,Q97_Page Submit,Q97_Click Count,Q56_First Click,Q56_Last Click,Q56_Page Submit,Q56_Click Count,Q98_First Click,Q98_Last Click,Q98_Page Submit,Q98_Click Count,Q99_First Click,Q99_Last Click,Q99_Page Submit,Q99_Click Count,Q100_First Click,Q100_Last Click,Q100_Page Submit,Q100_Click Count,Q29,Q31,Q32,Q33,Q34,Q35,Q36,Q37,Q30,Q57_First Click,Q57_Last Click,Q57_Page Submit,Q57_Click Count,Q101_First Click,Q101_Last Click,Q101_Page Submit,Q101_Click Count,Q102_First Click,Q102_Last Click,Q102_Page Submit,Q102_Click Count,Q103_First Click,Q103_Last Click,Q103_Page Submit,Q103_Click Count,Q104_First Click,Q104_Last Click,Q104_Page Submit,Q104_Click Count,Q38,Q40,Q41,Q42,Q43,Q44,Q45,Q46,Q39,Q266,Q268,Q269,Q270,Q150,Q181,Q182
P0001,185,TRUE,anonymous,EN,I consent.,0,0,1.112,0,No,Yes,Yes,Yes,Yes,No,Yes,No,Yes,0,0,1.01,0,Yes,Yes,No,Yes,No,No,Yes,Yes,Yes,,,,,,,,,,,,,,,,,,,,,,,,,,,,,,,,,,,,,,,,,,,,,,,,,,,,,,,,,,,,,,,0,0,1.108,0,,,,,,,,,,,,,Yes,Yes,No,Yes,Yes,Yes,Yes,Yes,Yes,,,,,,,,,,,,,,,,,,,,,,,,,,,,,,,,,,,,,,,,,,,,,,,,,,,,,,,,,,,noticing details after only one second,Did you notice if the object was inside or outside?,blue,5,,54,Female
P0002,259,TRUE,anonymous,EN,I consent.,0,0,1.124,0,Yes,Yes,Yes,Yes,Yes,Yes,Yes,Yes,Yes,0,0,1.03,0,Yes,Yes,Yes,Yes,Yes,Yes,Yes,Yes,No,,,,,,,,,,,,,,,,,,,,,,,,,,,,,,,,,,0,0,1.03,0,,,,,,,,,,,,,Yes,Yes,Yes,Yes,No,Yes,Yes,Yes,Yes,,,,,,,,,,,,,,,,,,,,,,,,,,,,,,,,,,,,,,,,,,,,,,,,,,,,,,,,,,,,,,,,,,,,,,,,,,,,,,,,,,,,,,,,remember objects in a picture,did you notice if the object was inside or outside,blue,5,,53,Female
P0003,141,TRUE,anonymous,EN,I consent.,0,0,1.006,0,Yes,Yes,Yes,No,Yes,Yes,Yes,Yes,Yes,0,0,1.005,0,Yes,Yes,Yes,Yes,Yes,No,Yes,Yes,Yes,,,,,,,,,,,,,,,,,,,,,,,,,,,,,,,,,,,,,,,,,,,,,,,,,,,,,,,,,,,,,,,,,,,,,,,,,,,,,,,,,,,,,,,,0,0,1.107,0,,,,,,,,,,,,,,,,,Yes,Yes,Yes,No,Yes,No,Yes,Yes,Yes,,,,,,,,,,,,,,,,,,,,,,,,,,,,,,To say yes or no when asked questions when shown 1 second images,Do you notice whether it was indoor or outdoor?,blue,5,,21,Female
P0004,214,TRUE,anonymous,EN,I consent.,0,0,1.008,0,No,Yes,Yes,Yes,Yes,Yes,Yes,No,Yes,0,0,1.006,0,No,Yes,No,Yes,No,Yes,Yes,No,No,,,,,,,,,,,,,,,,,,,,,,,,,,,,,,,,,,,,,,,,,,,,,,,,,,,,,,,,,,,,,,,,,,,,,,,,,,,,,,,,,,,,,,,,,,,,,,,,,,,,,,,,,,,,,,,,,,,,,,,,,0,0,1.007,0,,,,,,,,,,,,,No,No,Yes,Yes,No,No,Yes,Yes,No,"Look at a picture for one second, then answer questions about what I observed in that picture",Do you remember the size of the bench?,Blue,5,,35,Female
P0005,183,TRUE,anonymous,EN,I consent.,0,0,1.008,0,No,Yes,Yes,Yes,Yes,Yes,Yes,No,Yes,0,0,1.015,0,Yes,Yes,Yes,Yes,Yes,Yes,Yes,Yes,Yes,,,,,,,,,,,,,0,0,1.011,0,,,,,Yes,Yes,Yes,Yes,No,Yes,No,Yes,Yes,,,,,,,,,,,,,,,,,,,,,,,,,,,,,,,,,,,,,,,,,,,,,,,,,,,,,,,,,,,,,,,,,,,,,,,,,,,,,,,,,,,,,,,,,,,,,,,,,,,,,,,,,,,,,,,,,,,,,noticing details ,did you notice the color of the object?,blue,5,:),27,Female
P0006,458,TRUE,anonymous,EN,I consent.,0,0,1.009,0,Yes,Yes,Yes,Yes,Yes,Yes,Yes,Yes,Yes,0,0,1.107,0,Yes,Yes,Yes,Yes,Yes,Yes,Yes,Yes,Yes,0,0,1.106,0,,,,,,,,,,,,,,,,,Yes,Yes,Yes,Yes,Yes,Yes,Yes,Yes,Yes,,,,,,,,,,,,,,,,,,,,,,,,,,,,,,,,,,,,,,,,,,,,,,,,,,,,,,,,,,,,,,,,,,,,,,,,,,,,,,,,,,,,,,,,,,,,,,,,,,,,,,,,,,,,,,,,,,,,,"I look at a image for 1 second, then answer ""yes"" or ""no"" questions about the image","""Did you notice the height of the person?""",Blue,5,,23,Female
P0007,243,TRUE,anonymous,EN,I consent.,0,0,1.113,0,No,Yes,Yes,Yes,Yes,Yes,Yes,Yes,Yes,0,0,1.013,0,Yes,Yes,Yes,Yes,Yes,No,Yes,Yes,Yes,,,,,,,,,,,,,,,,,,,,,,,,,,,,,,,,,,,,,,,,,,,,,,,,,,,,,,,,,,,,,,,,,,,,,,,,,,,0,0,1.016,0,Yes,Yes,Yes,Yes,Yes,Yes,Yes,Yes,Yes,,,,,,,,,,,,,,,,,,,,,,,,,,,,,,,,,,,,,,,,,,,,,,,,,,,,,,,,,,,"We had to briefly look at a picture, for around 1 second, and then see if we could answer questions regarding remembering certain details.",Did you notice what the girl was giving the giraffe in the picture?,Blue,5,"No comments, but interesting study though",46,Male
P0008,136,TRUE,anonymous,EN,I consent.,0,0,1.008,0,No,Yes,Yes,Yes,Yes,Yes,Yes,No,No,0,0,1.012,0,Yes,Yes,Yes,Yes,Yes,No,Yes,Yes,No,,,,,,,,,,,,,,,,,,,,,,,,,,,,,,,,,,,,,,0,0,1.119,0,,,,,,,,,Yes,Yes,No,No,Yes,Yes,Yes,Yes,No,,,,,,,,,,,,,,,,,,,,,,,,,,,,,,,,,,,,,,,,,,,,,,,,,,,,,,,,,,,,,,,,,,,,,,,,,,,,,,,,,,,,,,,,to quickly view images and then answer questions about what i saw,if i could remember the size of the object shown in the image,blue,5,no,25,Female
P0009,160,TRUE,anonymous,EN,I consent.,0,0,1.009,0,No,Yes,Yes,Yes,Yes,Yes,Yes,No,No,0,0,1.006,0,Yes,Yes,No,Yes,No,Yes,Yes,Yes,No,,,,,,,,,,,,,,,,,,,,,,,,,,,,,,,,,,,,,,,,,,,,,,,,,,,,,,,,,,,,,,,,,,,,,,,,,,,,,,,,,,,,,,,,,,,,,,,,,,,,,,,,,,,,,,,,,,,,,0,0,1.114,0,,,,,,,,,,,,,,,,,Yes,Yes,Yes,Yes,Yes,Yes,Yes,No,Yes,looking and picutres and answering questions about them,Did you see ifthe subject had socks,Blue,5,,47,Male
P0010,263,TRUE,anonymous,EN,I consent.,0,0,1.107,0,No,Yes,Yes,Yes,Yes,Yes,Yes,Yes,Yes,0,0,1.007,0,Yes,Yes,Yes,Yes,Yes,No,Yes,Yes,Yes,,,,,,,,,,,,,,,,,,,,,,,,,,,,,,,,,,,,,,,,,,,,,,,,,,,,,,,,,,,,,,,,,,,,,,,,,,,,,,,,,,,,,,,,,,,,,,,,,,,,,,,,0,0,1.007,0,Yes,Yes,No,No,No,No,Yes,Yes,No,,,,,,,,,,,,,,,,,,,,,,,,,,,,,,I looked at a picture for a second and was asked if I remembered various aspects of the picture.,Do you remember what color the object was?,blue,5,,40,Male
P0011,112,TRUE,anonymous,EN,I consent.,0,0,1.023,0,Yes,Yes,Yes,Yes,Yes,Yes,Yes,Yes,Yes,0,0,1.018,0,Yes,Yes,Yes,Yes,Yes,No,Yes,Yes,Yes,,,,,,,,,,,,,,,,,0,0,1.024,0,Yes,Yes,No,Yes,Yes,No,Yes,Yes,Yes,,,,,,,,,,,,,,,,,,,,,,,,,,,,,,,,,,,,,,,,,,,,,,,,,,,,,,,,,,,,,,,,,,,,,,,,,,,,,,,,,,,,,,,,,,,,,,,,,,,,,,,,,,,,,,,,,,,,,Answer whether I noticed certain things in the image.,Did you notice the hair color of the person?,blue,5,,25,Non-binary / third gender
P0012,199,TRUE,anonymous,EN,I consent.,0,0,1.008,0,No,Yes,Yes,Yes,Yes,Yes,Yes,No,No,0,0,1.012,0,Yes,Yes,Yes,No,Yes,No,Yes,Yes,Yes,,,,,,,,,,,,,,,,,,,,,,,,,,,,,,,,,,,,,,,,,,,,,,,,,,,,,,,,,,,,,,,,,,,,,,,,,,,,,,,,,,,,,,,,,,,,0,0,1.006,0,,,,,,,,,,,,,Yes,No,No,No,Yes,Yes,Yes,Yes,Yes,,,,,,,,,,,,,,,,,,,,,,,,,,,,,,look at an image for one second and then answer questions about the details in the image,Did you notice which hand was being used to light the candle? ,blue,5,,33,Female
P0013,176,TRUE,anonymous,EN,I consent.,0,0,1.01,0,Yes,Yes,Yes,Yes,Yes,Yes,Yes,Yes,Yes,0,0,1.118,0,Yes,Yes,Yes,Yes,Yes,Yes,Yes,Yes,Yes,,,,,,,,,,,,,,,,,,,,,,,,,,,,,,,,,,,,,,,,,,,,,,0,0,1.007,0,Yes,Yes,Yes,Yes,Yes,Yes,Yes,Yes,Yes,,,,,,,,,,,,,,,,,,,,,,,,,,,,,,,,,,,,,,,,,,,,,,,,,,,,,,,,,,,,,,,,,,,,,,,,,,,,,,,,,,,,,,,,To memorize images,Did you notice if the item was moving or still,Blue,5,,27,Male
P0014,253,TRUE,anonymous,EN,I consent.,0,0,1.018,0,Yes,Yes,Yes,Yes,Yes,Yes,Yes,Yes,Yes,0,0,1.119,0,Yes,Yes,Yes,Yes,No,Yes,Yes,No,Yes,,,,,,,,,,,,,,,,,,,,,,,,,,,,,,,,,,,,,,,,,,,,,,,,,,,,,,,,,,,,,,,,,,,,,,,,,,,,,,,,,,,,,,,,,,,,,,,,,,,,,,,,,,,,,,,,,,,,,,,,,,,,,,,,,,,,,0,0,1.014,0,Yes,No,Yes,Yes,No,No,No,No,Yes,To look at an image for 1 second and then answer quesitons about it afterwards of whether we saw things or not,Did you see the direction of the lightsource?,Blue,5,,37,Female
P0015,236,TRUE,anonymous,EN,I consent.,0,0,1.007,0,Yes,Yes,Yes,Yes,Yes,Yes,Yes,No,Yes,0,0,1.008,0,Yes,Yes,No,Yes,No,No,Yes,Yes,Yes,,,,,,,,,,,,,,,,,,,,,,,,,,,,,,,,,,,,,,,,,,,,,,,,,,,,,,,,,,,,,,,,,,,,,,,0,0,1.007,0,,,,,Yes,Yes,No,Yes,Yes,Yes,Yes,Yes,Yes,,,,,,,,,,,,,,,,,,,,,,,,,,,,,,,,,,,,,,,,,,,,,,,,,,,,,,,,,,,to remark if I could remember certain details about the photo having only seen it for one second,did I notice the color and patterns of the person's clothing,blue,5,,26,Female
P0016,174,TRUE,anonymous,EN,I consent.,0,0,1.016,0,No,Yes,Yes,Yes,Yes,Yes,Yes,Yes,Yes,0,0,1.009,0,Yes,Yes,Yes,Yes,Yes,Yes,Yes,Yes,No,,,,,,,,,,,,,,,,,,,,,,,,,,,,,,,,,,,,,,,,,,,,,,,,,,,,,,,,,,,,,,,,,,,,,,,,,,,,,,,,,,,,,,,,,,,,,,,,,,,,0,0,1.008,0,,,,,Yes,Yes,No,No,Yes,Yes,Yes,Yes,Yes,,,,,,,,,,,,,,,,,,,,,,,,,,,,,,Look at a photo for 1 second and see if you noticed different things about said images,Did you notice the color of the candle,Blue,5,,23,Non-binary / third gender
P0017,256,TRUE,anonymous,EN,I consent.,0,0,1.005,0,No,Yes,Yes,Yes,Yes,Yes,Yes,Yes,No,0,0,1.006,0,No,Yes,Yes,Yes,No,No,Yes,Yes,No,,,,,0,0,1.005,0,,,,,,,,,,,,,No,Yes,Yes,No,No,No,No,Yes,Yes,,,,,,,,,,,,,,,,,,,,,,,,,,,,,,,,,,,,,,,,,,,,,,,,,,,,,,,,,,,,,,,,,,,,,,,,,,,,,,,,,,,,,,,,,,,,,,,,,,,,,,,,,,,,,,,,,,,,,Answer yes or no on what was seen in pictures,Did you notice the hair color of person?,blue,5,,30,Male
P0018,248,TRUE,anonymous,EN,I consent.,0,0,1.01,0,Yes,Yes,Yes,Yes,Yes,Yes,Yes,Yes,No,0,0,1.018,0,Yes,Yes,Yes,Yes,No,Yes,Yes,Yes,Yes,,,,,,,,,,,,,,,,,,,,,,,,,,,,,,,,,,,,,,,,,,0,0,1.011,0,,,,,Yes,Yes,Yes,No,No,No,Yes,Yes,Yes,,,,,,,,,,,,,,,,,,,,,,,,,,,,,,,,,,,,,,,,,,,,,,,,,,,,,,,,,,,,,,,,,,,,,,,,,,,,,,,,,,,,,,,,I was to look at a picture for 1 second and answer questions about what I noticed in it.,Di you notice the age of the person,blue,5,,67,Male
P0019,228,TRUE,anonymous,EN,I consent.,0,0,1.008,0,Yes,Yes,Yes,Yes,Yes,Yes,Yes,Yes,Yes,0,0,1.108,0,Yes,Yes,Yes,Yes,Yes,Yes,Yes,Yes,Yes,,,,,,,,,,,,,,,,,,,,,,,,,,,,,,,,,,,,,,,,,,,,,,,,,,,,,,,,,,,,,,,,,,,,,,,,,,,,,,,,,,,,,,,,,,,,,,,,,,,,,,,,,,,,,,,,,,,,,,,,,,,,,0,0,1.006,0,,,,,,,,,Yes,Yes,Yes,Yes,Yes,Yes,Yes,Yes,Yes,Notice details in a photo that appears for only 1 second,Did I notice the color of the bench,blue,5,"Interesting, thank you!",76,Male
P0020,174,TRUE,anonymous,EN,I consent.,0,0,1.107,0,No,Yes,Yes,Yes,Yes,Yes,Yes,Yes,Yes,0,0,1.008,0,Yes,Yes,Yes,Yes,No,Yes,Yes,Yes,Yes,,,,,,,,,0,0,1.106,0,,,,,,,,,Yes,Yes,No,No,Yes,Yes,Yes,Yes,No,,,,,,,,,,,,,,,,,,,,,,,,,,,,,,,,,,,,,,,,,,,,,,,,,,,,,,,,,,,,,,,,,,,,,,,,,,,,,,,,,,,,,,,,,,,,,,,,,,,,,,,,,,,,,,,,,,,,,I was shown an image for 1 second and then asked questions about it.,Did you notice the hair color of the person.,Blue,5,Have a great day,23,Male
P0021,242,TRUE,anonymous,EN,I consent.,0,0,1.109,0,Yes,Yes,Yes,Yes,Yes,Yes,Yes,Yes,Yes,0,0,1.005,0,Yes,Yes,Yes,Yes,No,No,Yes,Yes,Yes,,,,,,,,,,,,,,,,,,,,,,,,,,,,,,,,,,,,,,,,,,,,,,,,,,,,,,,,,,,0,0,1.007,0,,,,,,,,,,,,,,,,,Yes,Yes,No,Yes,No,Yes,Yes,Yes,Yes,,,,,,,,,,,,,,,,,,,,,,,,,,,,,,,,,,,,,,,,,,,,,,,,,,,,,,,,,,,to recall information I noticed in one second of viewing an image,was the object indoor or outdoor,blue,5,,22,Female
P0022,97,TRUE,anonymous,EN,I consent.,0,0,1.013,0,No,Yes,Yes,Yes,Yes,No,Yes,Yes,No,0,0,1.005,0,Yes,Yes,Yes,Yes,No,Yes,Yes,Yes,No,,,,,,,,,,,,,,,,,,,,,,,,,,,,,,,,,,,,,,,,,,,,,,,,,,,,,,,,,,,,,,,,,,,,,,,,,,,,,,,,,,,,,,,,,,,,,,,,0,0,1.008,0,,,,,,,,,Yes,No,No,No,No,No,Yes,Yes,No,,,,,,,,,,,,,,,,,,,,,,,,,,,,,,recall what details you noticed in a photo you saw for 1 second,did you notice what the person used to light the candle?,blue,5,,27,Female
P0023,127,TRUE,anonymous,EN,I consent.,0,0,1.009,0,Yes,Yes,Yes,Yes,Yes,Yes,Yes,Yes,Yes,0,0,1.112,0,Yes,Yes,Yes,Yes,Yes,Yes,Yes,Yes,Yes,,,,,,,,,,,,,,,,,,,,,,,,,,,,,,,,,,,,,,,,,,,,,,,,,,,,,,,,,,,,,,,,,,,,,,,,,,,,,,,,,,,,,,,,,,,,,,,,,,,,,,,,,,,,,,,,,,,,,,,,,,,,,,,,,0,0,1.111,0,,,,,Yes,Yes,Yes,Yes,Yes,Yes,Yes,Yes,Yes,To look at a picture and quickly analyze it,If I noticed that shoe a man had taken off in the picture,Blue,5,,29,Male
P0024,243,TRUE,anonymous,EN,I consent.,0,0,1.009,0,No,Yes,Yes,Yes,Yes,Yes,Yes,Yes,Yes,0,0,1.013,0,Yes,Yes,Yes,Yes,Yes,Yes,Yes,Yes,Yes,,,,,,,,,,,,,,,,,,,,,,,,,,,,,,,,,,,,,,,,,,,,,,,,,,,,,,,,,,,,,,,,,,,0,0,1.109,0,,,,,,,,,Yes,Yes,No,Yes,Yes,Yes,Yes,Yes,Yes,,,,,,,,,,,,,,,,,,,,,,,,,,,,,,,,,,,,,,,,,,,,,,,,,,,,,,,,,,,I had to look at a picture for one second and say what I remember about the photo.,Did you notice the size of the animal?,blue,5,,33,Female
P0025,151,TRUE,anonymous,EN,I consent.,0,0,1.009,0,No,Yes,Yes,Yes,Yes,Yes,Yes,Yes,Yes,0,0,1.006,0,Yes,Yes,Yes,Yes,No,Yes,Yes,Yes,Yes,,,,,,,,,,,,,,,,,,,,,,,,,,,,,,0,0,1.007,0,,,,,,,,,,,,,,,,,Yes,Yes,No,Yes,Yes,Yes,Yes,Yes,Yes,,,,,,,,,,,,,,,,,,,,,,,,,,,,,,,,,,,,,,,,,,,,,,,,,,,,,,,,,,,,,,,,,,,,,,,,,,,,,,,,,,,,,,,,To report if we noticed certain details in a picture or not.,Did you see the type of fruit in the picture?,Blue,5,,34,Female
P0026,293,TRUE,anonymous,EN,I consent.,0,0,1.007,0,Yes,Yes,Yes,Yes,Yes,Yes,Yes,Yes,Yes,0,0,1.113,0,Yes,Yes,Yes,Yes,Yes,No,Yes,Yes,No,,,,,,,,,,,,,,,,,,,,,,,,,,,,,,,,,,,,,,,,,,0,0,1.005,0,,,,,Yes,Yes,Yes,No,No,Yes,Yes,Yes,Yes,,,,,,,,,,,,,,,,,,,,,,,,,,,,,,,,,,,,,,,,,,,,,,,,,,,,,,,,,,,,,,,,,,,,,,,,,,,,,,,,,,,,,,,,To look at the image and answer what details I noticed or didn't notice,Did you notice the apparent age of the person,Blue,5,,27,Non-binary / third gender
P0027,210,TRUE,anonymous,EN,I consent.,0,0,1.12,0,Yes,Yes,Yes,Yes,Yes,No,Yes,No,Yes,0,0,1.009,0,No,Yes,Yes,Yes,No,Yes,Yes,Yes,Yes,,,,,,,,,,,,,,,,,,,,,,,,,,,,,,,,,,,,,,,,,,,,,,,,,,,,,,,,,,,,,,,,,,,,,,,0,0,1.006,0,,,,,Yes,Yes,No,Yes,Yes,Yes,Yes,No,Yes,,,,,,,,,,,,,,,,,,,,,,,,,,,,,,,,,,,,,,,,,,,,,,,,,,,,,,,,,,,To notice things about the image for one second.,If there was a color of the object.,Blue,5,,52,Female
P0028,134,TRUE,anonymous,EN,I consent.,0,0,1.014,0,No,Yes,Yes,Yes,Yes,Yes,Yes,Yes,Yes,0,0,1.007,0,Yes,Yes,Yes,No,Yes,Yes,Yes,Yes,Yes,,,,,0.312,0.312,1.014,1,,,,,,,,,,,,,Yes,Yes,No,Yes,Yes,Yes,No,Yes,Yes,,,,,,,,,,,,,,,,,,,,,,,,,,,,,,,,,,,,,,,,,,,,,,,,,,,,,,,,,,,,,,,,,,,,,,,,,,,,,,,,,,,,,,,,,,,,,,,,,,,,,,,,,,,,,,,,,,,,,"look at a picture for 1 second, answer questions about what was/wasn't in the photo (that I noticed)",did you notice the height of the person,blue,5,,38,Non-binary / third gender
P0029,151,TRUE,anonymous,EN,I consent.,0,0,1.016,0,No,Yes,Yes,Yes,Yes,Yes,Yes,Yes,No,0,0,1.121,0,Yes,Yes,Yes,Yes,Yes,Yes,Yes,Yes,No,,,,,,,,,,,,,,,,,,,,,,,,,,,,,,,,,,,,,,,,,,,,,,,,,,,,,,,,,,,,,,,,,,,,,,,,,,,,,,,,,,,,,,,,,,,,,,,,,,,,0,0,1.022,0,,,,,Yes,Yes,No,No,Yes,Yes,Yes,Yes,Yes,,,,,,,,,,,,,,,,,,,,,,,,,,,,,,i saw an imagine for a second then had to say what i did or didn't recall about it.,Did i notice what the man was lighting the candle with.,blue,5,,29,Male
P0030,185,TRUE,anonymous,EN,I consent.,0,0,1.114,0,No,Yes,Yes,Yes,Yes,Yes,Yes,Yes,Yes,0,0,1.108,0,Yes,Yes,Yes,Yes,Yes,Yes,Yes,Yes,Yes,,,,,,,,,,,,,,,,,,,,,,,,,,,,,,,,,,,,,,,,,,,,,,,,,,,,,,,,,,,,,,,,,,,,,,,,,,,,,,,,,,,,,,,,,,,,,,,,,,,,,,,,,,,,,,,,,,,,,0,0,1.007,0,,,,,,,,,,,,,,,,,Yes,Yes,No,Yes,Yes,Yes,Yes,Yes,Yes,Briefly view images and answer questions about things noticed in the image,Was the object indoors/outdoors?,Blue,5,,29,Male
P0031,379,TRUE,anonymous,EN,I consent.,0,0,1.109,0,No,Yes,Yes,Yes,Yes,Yes,Yes,Yes,Yes,0,0,1.006,0,Yes,Yes,Yes,Yes,No,Yes,Yes,Yes,No,,,,,,,,,,,,,,,,,,,,,,,,,,,,,,,,,,,,,,,,,,,,,,,,,,,,,,,,,,,,,,,,,,,,,,,,,,,,,,,,,,,,,,,,,,,,,,,,,,,,,,,,,,,,,,,,,,,,,,,,,,,,,,,,,0,0,1.106,0,,,,,Yes,Yes,Yes,Yes,Yes,Yes,No,Yes,Yes,To look at a picture for one second and answer questions about if you noticed different things or not.,Did you notice if the person was wearing socks or not?,Blue,5,No,44,Female
P0032,177,TRUE,anonymous,EN,I consent.,0,0,1.113,0,No,Yes,Yes,Yes,Yes,No,Yes,Yes,No,0,0,1.109,0,Yes,Yes,Yes,Yes,Yes,No,Yes,Yes,Yes,,,,,,,,,,,,,,,,,,,,,,,,,,,,,,,,,,,,,,,,,,,,,,,,,,,,,,,,,,,,,,,,,,,,,,,,,,,,,,,,,,,,,,,,,,,,,,,,,,,,,,,,0,0,1.112,0,No,Yes,Yes,Yes,Yes,No,Yes,Yes,Yes,,,,,,,,,,,,,,,,,,,,,,,,,,,,,,TO answer questions about details in a picture shown for 1 second,Did you notice what the object was sitting on,blue,5,,48,Female
P0033,399,TRUE,anonymous,EN,I consent.,0,0,1.008,0,No,Yes,Yes,Yes,Yes,No,Yes,Yes,Yes,0,0,1.018,0,Yes,Yes,Yes,Yes,Yes,Yes,Yes,Yes,Yes,,,,,,,,,,,,,,,,,,,,,,,,,,,,,,,,,,,,,,,,,,,,,,,,,,,,,,,,,,,0,0,1.108,0,,,,,,,,,,,,,,,,,Yes,Yes,No,Yes,Yes,Yes,Yes,Yes,Yes,,,,,,,,,,,,,,,,,,,,,,,,,,,,,,,,,,,,,,,,,,,,,,,,,,,,,,,,,,,I was to notice as much about the picture as possible and describe what I saw after viewing for 1 second.,Did I notice the size of the object in the picture.,blue,5,,58,Female
P0034,264,TRUE,anonymous,EN,I consent.,0,0,1.02,0,Yes,Yes,Yes,Yes,Yes,Yes,Yes,Yes,Yes,0,0,1.017,0,Yes,Yes,Yes,Yes,Yes,Yes,Yes,Yes,Yes,,,,,,,,,,,,,,,,,0,0,1.125,0,Yes,Yes,Yes,Yes,Yes,Yes,Yes,Yes,Yes,,,,,,,,,,,,,,,,,,,,,,,,,,,,,,,,,,,,,,,,,,,,,,,,,,,,,,,,,,,,,,,,,,,,,,,,,,,,,,,,,,,,,,,,,,,,,,,,,,,,,,,,,,,,,,,,,,,,,To remember as much as I can for the pictures shown.,do i remember the color of the ball,blue,5,,50,Female
P0035,152,TRUE,anonymous,EN,I consent.,0,0,1.02,0,Yes,Yes,Yes,Yes,Yes,Yes,Yes,Yes,Yes,0,0,1.122,0,Yes,Yes,Yes,Yes,Yes,Yes,Yes,Yes,Yes,,,,,,,,,,,,,0,0,1.119,0,,,,,Yes,Yes,Yes,Yes,Yes,Yes,Yes,Yes,Yes,,,,,,,,,,,,,,,,,,,,,,,,,,,,,,,,,,,,,,,,,,,,,,,,,,,,,,,,,,,,,,,,,,,,,,,,,,,,,,,,,,,,,,,,,,,,,,,,,,,,,,,,,,,,,,,,,,,,,Observe an image for 1 second and answer questions regarding the details I remember.,Did you notice the height of the person?,Blue,5,,21,Prefer not to say
P0036,168,TRUE,anonymous,EN,I consent.,0,0,1.112,0,Yes,Yes,Yes,Yes,Yes,Yes,Yes,Yes,Yes,0,0,1.011,0,Yes,Yes,Yes,Yes,Yes,Yes,Yes,Yes,No,,,,,,,,,,,,,,,,,,,,,,,,,,,,,,,,,,,,,,,,,,,,,,,,,,,,,,,,,,,,,,,,,,,0,0,1.11,0,,,,,,,,,Yes,Yes,No,Yes,No,Yes,Yes,Yes,Yes,,,,,,,,,,,,,,,,,,,,,,,,,,,,,,,,,,,,,,,,,,,,,,,,,,,,,,,,,,,Look at pictures for 1 second and say if I noticed certain things,Did I notice what the object was sitting on,Blue,5,,28,Female
P0037,275,TRUE,anonymous,EN,I consent.,0,0,1.007,0,No,Yes,Yes,Yes,Yes,Yes,Yes,Yes,Yes,0,0,1.016,0,Yes,Yes,Yes,Yes,Yes,Yes,Yes,Yes,No,,,,,,,,,,,,,,,,,,,,,,,,,,,,,,0,0,1.006,0,,,,,,,,,,,,,,,,,Yes,Yes,Yes,Yes,No,Yes,Yes,Yes,No,,,,,,,,,,,,,,,,,,,,,,,,,,,,,,,,,,,,,,,,,,,,,,,,,,,,,,,,,,,,,,,,,,,,,,,,,,,,,,,,,,,,,,,,to remember things after looking at a picture for one second.,Did you notice what the item was sitting on,blue,5,,66,Male
P0038,185,TRUE,anonymous,EN,I consent.,0,0,1.117,0,No,Yes,No,Yes,Yes,No,Yes,Yes,No,0,0,1.016,0,Yes,Yes,Yes,Yes,Yes,No,Yes,Yes,No,,,,,,,,,,,,,,,,,,,,,,,,,,,,,,,,,,,,,,,,,,,,,,,,,,,,,,,,,,,,,,,,,,,,,,,,,,,,,,,,,,,,,,,,0,0,1.107,0,,,,,,,,,,,,,,,,,No,Yes,No,No,Yes,No,No,Yes,No,,,,,,,,,,,,,,,,,,,,,,,,,,,,,,To look at a picture for one second and recall certain details.,Did I notice the color of the candle,blue,5,,43,Female
P0039,202,TRUE,anonymous,EN,I consent.,0,0,1.006,0,Yes,Yes,Yes,Yes,Yes,Yes,Yes,Yes,Yes,0,0,1.108,0,Yes,Yes,Yes,Yes,No,No,Yes,Yes,Yes,,,,,,,,,,,,,,,,,,,,,,,,,,,,,,,,,,,,,,,,,,,,,,,,,,,,,,,,,,,,,,,,,,,,,,,,,,,,,,,,,,,,,,,,,,,,,,,,,,,,,,,,,,,,,,,,,,,,,,,,,,,,,,,,,,,,,0,0,1.005,0,Yes,No,Yes,Yes,Yes,No,Yes,Yes,Yes,I was asked if I could recall certain details in images I viewed for one second.,Did the person have socks?,blue,5,,56,Female
P0040,216,TRUE,anonymous,EN,I consent.,0,0,1.025,0,No,Yes,Yes,Yes,Yes,Yes,Yes,No,Yes,0,0,1.022,0,No,Yes,Yes,Yes,No,No,Yes,No,No,,,,,,,,,,,,,,,,,,,,,,,,,,,,,,,,,,,,,,0,0,1.016,0,,,,,,,,,Yes,Yes,No,Yes,Yes,Yes,Yes,Yes,No,,,,,,,,,,,,,,,,,,,,,,,,,,,,,,,,,,,,,,,,,,,,,,,,,,,,,,,,,,,,,,,,,,,,,,,,,,,,,,,,,,,,,,,,"I was shown pictures for one second, and was asked if I recalled certain details about them afterwards.",Do you recall the texture or pattern of the person's clothing?,Blue,5,,41,Male
P0041,213,TRUE,anonymous,EN,I consent.,0,0,1.012,0,Yes,Yes,Yes,Yes,Yes,Yes,Yes,Yes,Yes,0,0,1.113,0,Yes,Yes,Yes,Yes,No,Yes,Yes,Yes,No,,,,,,,,,,,,,,,,,,,,,,,,,,,,,,,,,,,,,,,,,,,,,,,,,,,,,,,,,,,,,,,0,0,1.011,0,,,,,,,,,,,,,Yes,Yes,No,No,Yes,Yes,Yes,Yes,Yes,,,,,,,,,,,,,,,,,,,,,,,,,,,,,,,,,,,,,,,,,,,,,,,,,,,,,,,,,,,I saw a picture for one second and had to answer as to what I noticed in the picture.,If I could tell the material of the person's clothing in the picture I viewed.,blue,5,,38,Female
P0042,164,TRUE,anonymous,EN,I consent.,0,0,1.007,0,No,Yes,Yes,Yes,Yes,Yes,Yes,Yes,Yes,0,0,1.111,0,Yes,Yes,Yes,Yes,No,Yes,Yes,Yes,Yes,,,,,,,,,0,0,1.008,0,,,,,,,,,Yes,Yes,Yes,Yes,No,No,No,Yes,Yes,,,,,,,,,,,,,,,,,,,,,,,,,,,,,,,,,,,,,,,,,,,,,,,,,,,,,,,,,,,,,,,,,,,,,,,,,,,,,,,,,,,,,,,,,,,,,,,,,,,,,,,,,,,,,,,,,,,,,"See a picture for one second, and then answer questions on if you noticed certain details.",Did you notice the gender of the person?,Blue,5,,23,Female
P0043,180,TRUE,anonymous,EN,I consent.,0,0,1.009,0,No,Yes,Yes,Yes,Yes,Yes,Yes,No,No,0,0,1.009,0,Yes,Yes,Yes,Yes,No,Yes,Yes,Yes,No,,,,,,,,,,,,,,,,,,,,,,,,,,,,,,,,,,,,,,,,,,,,,,,,,,,,,,,,,,,,,,,,,,,,,,,,,,,,,,,,,,,,,,,,,,,,,,,,,,,,,,,,,,,,,,,,,,,,,,,,,0,0,1.007,0,,,,,,,,,,,,,Yes,No,Yes,Yes,No,No,Yes,Yes,No,To recall if I noticed certain things about the pictures from seeing them for only one second. ,Did you notice the color/pattern of the object in the picture. ,blue,5,,26,Male
P0044,133,TRUE,anonymous,EN,I consent.,0,0,1.124,0,Yes,Yes,Yes,Yes,Yes,Yes,Yes,Yes,No,0,0,1.126,0,Yes,Yes,Yes,Yes,No,No,Yes,Yes,Yes,,,,,,,,,,,,,,,,,,,,,,,,,,,,,,,,,,0,0,1.124,0,,,,,,,,,,,,,Yes,Yes,Yes,Yes,Yes,Yes,No,Yes,No,,,,,,,,,,,,,,,,,,,,,,,,,,,,,,,,,,,,,,,,,,,,,,,,,,,,,,,,,,,,,,,,,,,,,,,,,,,,,,,,,,,,,,,,Look at an image and answer about details I noticed.,Did you notice which hand the person was handling the object with?,blue,5,,33,Female
P0045,230,TRUE,anonymous,EN,I consent.,0,0,1.009,0,Yes,Yes,Yes,Yes,Yes,No,Yes,Yes,No,0,0,1.015,0,Yes,Yes,Yes,Yes,No,No,Yes,Yes,No,,,,,,,,,,,,,,,,,,,,,,,,,,,,,,,,,,,,,,,,,,,,,,,,,,,,,,,,,,,,,,,,,,,,,,,,,,,,,,,,,,,,,,,,,,,,0,0,1.111,0,,,,,,,,,,,,,No,No,No,No,Yes,Yes,No,Yes,Yes,,,,,,,,,,,,,,,,,,,,,,,,,,,,,,looked at a picture for 1 second and then answered questions about it.,Did I notice if there was a person in the picture,blue,5,,62,Female
P0047,268,TRUE,anonymous,EN,I consent.,0,0,1.009,0,No,Yes,Yes,No,No,Yes,Yes,Yes,No,0,0,1.113,0,No,Yes,Yes,Yes,No,No,Yes,Yes,Yes,,,,,,,,,,,,,,,,,,,,,,,,,,,,,,,,,,,,,,,,,,,,,,,,,,,,,,,,,,,,,,,,,,,,,,,,,,,0,0,1.111,0,Yes,Yes,No,No,No,Yes,Yes,Yes,No,,,,,,,,,,,,,,,,,,,,,,,,,,,,,,,,,,,,,,,,,,,,,,,,,,,,,,,,,,,to say what we did or did not notice in the picture,the approximate age of the person in the picture   ,blue,5,,52,Male
P0048,140,TRUE,anonymous,EN,I consent.,0,0,1.007,0,No,Yes,Yes,Yes,Yes,Yes,Yes,Yes,Yes,0,0,1.107,0,Yes,Yes,Yes,Yes,Yes,Yes,Yes,Yes,Yes,0,0,1.006,0,,,,,,,,,,,,,,,,,Yes,Yes,No,Yes,Yes,Yes,Yes,Yes,No,,,,,,,,,,,,,,,,,,,,,,,,,,,,,,,,,,,,,,,,,,,,,,,,,,,,,,,,,,,,,,,,,,,,,,,,,,,,,,,,,,,,,,,,,,,,,,,,,,,,,,,,,,,,,,,,,,,,,"I was given a photo to view for one second. Then, I was asked a series of questions pertaining to whether I noticed certain details of the photo or not. ",Did I notice the height of the person in the photo.,blue,5,,41,Male
P0049,150,TRUE,anonymous,EN,I consent.,0,0,1.007,0,Yes,Yes,Yes,Yes,Yes,No,Yes,No,No,0,0,1.01,0,Yes,Yes,Yes,Yes,No,No,Yes,Yes,No,,,,,,,,,,,,,,,,,,,,,,,,,,,,,,,,,,,,,,,,,,,,,,,,,,,,,,,,,,,,,,,,,,,,,,,,,,,,,,,,,,,,,,,,,,,,,,,,,,,,,,,,,,,,,,,,,,,,,,,,,,,,,,,,,,,,,0,0,1.108,0,Yes,Yes,Yes,Yes,Yes,No,Yes,Yes,Yes,I looked at a picture and answered questions about the details ,Did you notice the size of the bench?,blue,5,,29,Female
P0050,145,TRUE,anonymous,EN,I consent.,0,0,1.037,0,Yes,Yes,Yes,Yes,Yes,Yes,Yes,Yes,No,0,0,1.008,0,Yes,Yes,Yes,Yes,No,Yes,Yes,Yes,No,,,,,,,,,,,,,,,,,,,,,,,,,,,,,,,,,,,,,,,,,,,,,,,,,,,,,,,,,,,,,,,0,0,1.14,0,,,,,,,,,,,,,Yes,Yes,No,Yes,Yes,Yes,Yes,Yes,No,,,,,,,,,,,,,,,,,,,,,,,,,,,,,,,,,,,,,,,,,,,,,,,,,,,,,,,,,,,View an image for one second and then confirm if I noticed certain details,Did you notice what the object was sitting on?,Blue,5,,27,Female
P0051,246,TRUE,anonymous,EN,I consent.,0,0,1.111,0,No,Yes,Yes,Yes,Yes,Yes,Yes,Yes,Yes,0,0,1.013,0,Yes,Yes,Yes,Yes,Yes,Yes,Yes,Yes,Yes,,,,,,,,,,,,,,,,,,,,,,,,,,,,,,,,,,,,,,,,,,,,,,,,,,,,,,,,,,,,,,,,,,,,,,,,,,,,,,,,,,,,,,,,,,,,,,,,0,0,1.006,0,,,,,,,,,Yes,No,No,No,Yes,Yes,Yes,Yes,Yes,,,,,,,,,,,,,,,,,,,,,,,,,,,,,,I had to look at the picture and then I was asked if I remembered details about it,Do you remember what hand was used to light the candle,blue,5,,59,Female
P0052,434,TRUE,anonymous,EN,I consent.,0,0,1.019,0,Yes,Yes,Yes,Yes,Yes,Yes,Yes,No,Yes,0,0,1.113,0,No,No,Yes,No,No,Yes,Yes,No,No,,,,,,,,,,,,,,,,,,,,,,,,,,,,,,,,,,,,,,,,,,,,,,,,,,,,,,,,,,,,,,,,,,,,,,,,,,,,,,,,,,,,,,,,,,,,,,,,0,0,1.112,0,,,,,,,,,No,No,No,No,Yes,No,No,Yes,No,,,,,,,,,,,,,,,,,,,,,,,,,,,,,,Observe a picture and report whether certain elements were noticed.,Did you notice the color of the candle.,blue,5,"The ""comprehension/attention check"" questions on this page violate Prolific policy and cannot be used to refuse payment, reject submissions, or ask participants to return submissions. Please give as much attention to following the platform rules as you expect us to give completing your study.",35,Male
P0053,197,TRUE,anonymous,EN,I consent.,0,0,1.016,0,No,Yes,Yes,Yes,Yes,Yes,Yes,Yes,No,0,0,1.115,0,Yes,Yes,Yes,Yes,Yes,No,Yes,Yes,No,,,,,,,,,,,,,0,0,1.015,0,,,,,Yes,Yes,Yes,Yes,No,Yes,No,Yes,Yes,,,,,,,,,,,,,,,,,,,,,,,,,,,,,,,,,,,,,,,,,,,,,,,,,,,,,,,,,,,,,,,,,,,,,,,,,,,,,,,,,,,,,,,,,,,,,,,,,,,,,,,,,,,,,,,,,,,,,The task involved looking at an image for one second and then answering yes or no questions about the image details.,Did you notice the gender of the person?,blue,5,,42,Female
P0054,218,TRUE,anonymous,EN,I consent.,0,0,1.005,0,No,Yes,Yes,Yes,Yes,Yes,Yes,Yes,Yes,0,0,1.105,0,Yes,Yes,Yes,Yes,Yes,Yes,Yes,Yes,Yes,,,,,,,,,,,,,,,,,,,,,,,,,,,,,,,,,,,,,,,,,,,,,,0,0,1.105,0,Yes,Yes,No,Yes,Yes,Yes,No,Yes,No,,,,,,,,,,,,,,,,,,,,,,,,,,,,,,,,,,,,,,,,,,,,,,,,,,,,,,,,,,,,,,,,,,,,,,,,,,,,,,,,,,,,,,,,My task was to remember objects that were shown in pictures,did i remember what fruit the person was buying,blue,5,,53,Male
P0055,141,TRUE,anonymous,EN,I consent.,0,0,1.012,0,No,Yes,Yes,No,Yes,Yes,Yes,No,Yes,0,0,1.11,0,No,Yes,Yes,Yes,No,Yes,Yes,Yes,Yes,,,,,,,,,,,,,,,,,,,,,,,,,,,,,,,,,,0,0,1.015,0,,,,,,,,,,,,,Yes,Yes,Yes,Yes,Yes,Yes,No,Yes,Yes,,,,,,,,,,,,,,,,,,,,,,,,,,,,,,,,,,,,,,,,,,,,,,,,,,,,,,,,,,,,,,,,,,,,,,,,,,,,,,,,,,,,,,,,Identify Details of an image in one second,Was the object stable?,Blue,5,,30,Male
P0056,163,TRUE,anonymous,EN,I consent.,0,0,1.01,0,No,Yes,Yes,Yes,Yes,No,Yes,Yes,Yes,0,0,1.015,0,Yes,Yes,Yes,Yes,Yes,Yes,Yes,Yes,Yes,,,,,,,,,,,,,,,,,,,,,,,,,,,,,,,,,,,,,,,,,,,,,,,,,,,,,,,,,,,,,,,,,,,,,,,,,,,0,0,1.009,0,Yes,Yes,No,Yes,Yes,Yes,Yes,Yes,Yes,,,,,,,,,,,,,,,,,,,,,,,,,,,,,,,,,,,,,,,,,,,,,,,,,,,,,,,,,,,Confirm with Yes / No responses on what image details are present after having seen it within a second.,Confirm if I can see the color of the object,Blue,5,,35,Male
P0058,125,TRUE,anonymous,EN,I consent.,0,0,1.011,0,No,Yes,Yes,Yes,Yes,No,Yes,No,Yes,0,0,1.013,0,Yes,Yes,Yes,Yes,Yes,Yes,Yes,Yes,Yes,,,,,0,0,1.01,0,,,,,,,,,,,,,Yes,Yes,Yes,Yes,Yes,Yes,Yes,Yes,Yes,,,,,,,,,,,,,,,,,,,,,,,,,,,,,,,,,,,,,,,,,,,,,,,,,,,,,,,,,,,,,,,,,,,,,,,,,,,,,,,,,,,,,,,,,,,,,,,,,,,,,,,,,,,,,,,,,,,,,noticing details from a 1 second photo,Did you see what color hair of the person was?,Blue,5,,23,Female
P0059,249,TRUE,anonymous,EN,I consent.,0,0,1.007,0,No,Yes,Yes,Yes,Yes,Yes,Yes,Yes,No,0,0,1.006,0,Yes,Yes,Yes,Yes,No,Yes,Yes,Yes,No,,,,,,,,,,,,,,,,,,,,,,,,,,,,,,,,,,,,,,,,,,,,,,,,,,,,,,,,,,,,,,,,,,,,,,,,,,,,,,,,,,,,,,,,,,,,,,,,,,,,,,,,,,,,,,,,,,,,,,,,,,,,,,,,,0,0,1.008,0,,,,,Yes,Yes,Yes,Yes,Yes,Yes,No,Yes,Yes,Analyzing a painting in 1 second and then answering questions in a yes or no format about the things I noticed.  ,Did you notice if there was a refrigerator or not? ,blue,5,I liked it!,23,Female
P0060,163,TRUE,anonymous,EN,I consent.,0,0,1.014,0,No,Yes,Yes,Yes,Yes,Yes,Yes,Yes,Yes,0,0,1.116,0,Yes,Yes,Yes,Yes,No,Yes,Yes,Yes,No,0,0,1.013,0,,,,,,,,,,,,,,,,,Yes,Yes,No,Yes,No,Yes,No,Yes,Yes,,,,,,,,,,,,,,,,,,,,,,,,,,,,,,,,,,,,,,,,,,,,,,,,,,,,,,,,,,,,,,,,,,,,,,,,,,,,,,,,,,,,,,,,,,,,,,,,,,,,,,,,,,,,,,,,,,,,,I had to see a picture for a second and answer a few yes/no questions.,One question I was asked was if I noticed the height of the person.,Blue,5,,27,Female
P0061,189,TRUE,anonymous,EN,I consent.,0,0,1.009,0,No,Yes,Yes,Yes,Yes,Yes,Yes,Yes,Yes,0,0,1.108,0,Yes,Yes,Yes,Yes,Yes,Yes,Yes,Yes,No,,,,,,,,,,,,,,,,,,,,,,,,,,,,,,,,,,,,,,,,,,,,,,,,,,,,,,,,,,,,,,,,,,,,,,,,,,,,,,,,,,,,,,,,,,,,,,,,,,,,,,,,,,,,,,,,,,,,,,,,,,,,,0,0,1.01,0,,,,,,,,,No,No,Yes,Yes,Yes,Yes,Yes,Yes,No,To see how much absorb for looking at a picture for only a second.,Did I see a beach?,blue,5,,56,Female
P0062,355,TRUE,anonymous,EN,I consent.,0,0,1.007,0,Yes,Yes,Yes,Yes,Yes,Yes,Yes,No,No,0,0,1.008,0,Yes,Yes,No,Yes,No,Yes,Yes,No,No,,,,,,,,,,,,,,,,,,,,,,,,,,,,,,,,,,,,,,,,,,0,0,1.108,0,,,,,Yes,Yes,Yes,Yes,No,No,Yes,No,No,,,,,,,,,,,,,,,,,,,,,,,,,,,,,,,,,,,,,,,,,,,,,,,,,,,,,,,,,,,,,,,,,,,,,,,,,,,,,,,,,,,,,,,,answer questions about the photo that flashed for a second,Did you notice a refrigerator in the background,blue,5,,33,Female
P0063,175,TRUE,anonymous,EN,I consent.,0,0,1.011,0,No,Yes,Yes,Yes,Yes,Yes,Yes,Yes,Yes,0,0,1.013,0,Yes,Yes,Yes,Yes,Yes,Yes,Yes,Yes,Yes,,,,,,,,,,,,,,,,,,,,,,,,,,,,,,,,,,,,,,,,,,,,,,,,,,,,,,,,,,,,,,,,,,,0,0,1.015,0,,,,,,,,,Yes,Yes,No,Yes,Yes,Yes,Yes,Yes,Yes,,,,,,,,,,,,,,,,,,,,,,,,,,,,,,,,,,,,,,,,,,,,,,,,,,,,,,,,,,,observe an image an specify whether or not i noticed certain things.,Did i  notice what type of animal it was ,blue,5,,43,Female
P0064,211,TRUE,anonymous,EN,I consent.,0,0,1.106,0,No,Yes,Yes,Yes,Yes,Yes,Yes,Yes,Yes,0,0,1.006,0,Yes,Yes,Yes,Yes,Yes,Yes,Yes,Yes,No,,,,,,,,,,,,,,,,,0,0,1.007,0,Yes,Yes,No,Yes,Yes,Yes,No,Yes,Yes,,,,,,,,,,,,,,,,,,,,,,,,,,,,,,,,,,,,,,,,,,,,,,,,,,,,,,,,,,,,,,,,,,,,,,,,,,,,,,,,,,,,,,,,,,,,,,,,,,,,,,,,,,,,,,,,,,,,,To view a picture for 1 second and answer yes or no questions about what we noticed in the picture.,Did you notice the size of the table?,blue,5,,40,Female
P0065,103,TRUE,anonymous,EN,I consent.,0,0,1.107,0,No,Yes,Yes,Yes,Yes,Yes,Yes,Yes,Yes,0,0,1.109,0,Yes,Yes,Yes,Yes,Yes,No,Yes,Yes,Yes,,,,,,,,,,,,,,,,,,,,,,,,,,,,,,,,,,,,,,0,0,1.007,0,,,,,,,,,No,Yes,No,Yes,No,Yes,Yes,Yes,No,,,,,,,,,,,,,,,,,,,,,,,,,,,,,,,,,,,,,,,,,,,,,,,,,,,,,,,,,,,,,,,,,,,,,,,,,,,,,,,,,,,,,,,,Look at a photo quickly and remember details,Was there a person in the photo?,blue,5,,31,Female
P0066,217,TRUE,anonymous,EN,I consent.,0,0,1.106,0,No,Yes,Yes,Yes,Yes,Yes,Yes,Yes,Yes,0,0,1.005,0,Yes,Yes,Yes,Yes,No,Yes,Yes,Yes,Yes,,,,,,,,,,,,,,,,,,,,,,,,,,,,,,,,,,,,,,,,,,,,,,,,,,,,,,,,,,,,,,,,,,,,,,,,,,,,,,,,,,,,,,,,,,,,,,,,,,,,0,0,1.006,0,,,,,No,Yes,Yes,No,Yes,Yes,Yes,No,No,,,,,,,,,,,,,,,,,,,,,,,,,,,,,,You asked yes/no questions about photos shown for 1 second,did you notice the person's physique.,blue,5,,54,Male
P0067,814,TRUE,anonymous,EN,I consent.,0,0,1.118,0,No,Yes,Yes,Yes,Yes,Yes,Yes,No,Yes,0,0,1.01,0,Yes,Yes,Yes,Yes,No,No,Yes,Yes,Yes,,,,,,,,,,,,,,,,,,,,,,,,,,,,,,,,,,,,,,,,,,,,,,0,0,1.016,0,Yes,Yes,No,Yes,Yes,No,No,No,No,,,,,,,,,,,,,,,,,,,,,,,,,,,,,,,,,,,,,,,,,,,,,,,,,,,,,,,,,,,,,,,,,,,,,,,,,,,,,,,,,,,,,,,,Describe what I saw in the picture.,Was the object stable?,Blue,5,,39,Female
P0068,270,TRUE,anonymous,EN,I consent.,0,0,1.009,0,No,Yes,Yes,No,Yes,Yes,Yes,Yes,Yes,0,0,1.011,0,Yes,Yes,Yes,Yes,Yes,No,Yes,Yes,No,,,,,,,,,,,,,,,,,,,,,,,,,,,,,,,,,,,,,,,,,,,,,,,,,,,,,,,,,,,,,,,,,,,,,,,,,,,,,,,,,,,,,,,,,,,,0,0,1.007,0,,,,,,,,,,,,,Yes,Yes,No,No,Yes,Yes,No,Yes,Yes,,,,,,,,,,,,,,,,,,,,,,,,,,,,,,To look at a picture for 1 sec and then recall the things that I remembered from the 1 second snapshot ,Do I remember if the object was inside or outside.,blue,5,,45,Female
P0069,161,TRUE,anonymous,EN,I consent.,0,0,1.011,0,Yes,Yes,Yes,Yes,Yes,Yes,Yes,Yes,No,0,0,1.01,0,No,Yes,No,Yes,Yes,Yes,Yes,Yes,Yes,,,,,,,,,,,,,,,,,,,,,,,,,,,,,,,,,,,,,,,,,,,,,,,,,,,,,,,,,,,,,,,,,,,,,,,0,0,1.116,0,,,,,Yes,Yes,No,Yes,Yes,Yes,Yes,Yes,No,,,,,,,,,,,,,,,,,,,,,,,,,,,,,,,,,,,,,,,,,,,,,,,,,,,,,,,,,,,What details are most notable to us ,Did you notice what surface the object was setting on ?,blue,5,,41,Male
P0070,225,TRUE,anonymous,EN,I consent.,0,0,1.006,0,Yes,Yes,Yes,Yes,Yes,Yes,Yes,Yes,Yes,0,0,1.006,0,Yes,Yes,Yes,Yes,Yes,Yes,Yes,Yes,Yes,,,,,,,,,,,,,,,,,,,,,,,,,,,,,,,,,,,,,,,,,,,,,,,,,,,,,,,,,,,0,0,1.008,0,,,,,,,,,,,,,,,,,Yes,Yes,No,Yes,No,Yes,Yes,Yes,No,,,,,,,,,,,,,,,,,,,,,,,,,,,,,,,,,,,,,,,,,,,,,,,,,,,,,,,,,,,To view an image for 1 second and then report what I was able to notice about the image during that time.,Did you notice the spacing of the cage/mesh?,Blue,5,,30,Male
P0071,177,TRUE,anonymous,EN,I consent.,0,0,1.122,0,No,Yes,No,No,Yes,No,Yes,No,Yes,0,0,1.113,0,Yes,Yes,Yes,Yes,No,Yes,Yes,No,Yes,,,,,,,,,,,,,,,,,,,,,,,,,,,,,,,,,,,,,,,,,,,,,,,,,,,,,,,,,,,,,,,,,,,,,,,,,,,,,,,,,,,,,,,,,,,,,,,,,,,,,,,,,,,,,,,,,,,,,0,0,1.005,0,,,,,,,,,,,,,,,,,Yes,Yes,Yes,Yes,Yes,Yes,Yes,Yes,Yes,i was asked to descibre pictures,what color was the object,blue,5,,19,Male
P0072,295,TRUE,anonymous,EN,I consent.,0,0,1.006,0,Yes,Yes,Yes,Yes,Yes,Yes,Yes,Yes,Yes,0,0,1.106,0,Yes,Yes,Yes,Yes,No,Yes,Yes,Yes,No,,,,,,,,,,,,,,,,,,,,,,,,,,,,,,,,,,,,,,,,,,,,,,,,,,,,,,,,,,,,,,,,,,,,,,,,,,,,,,,,,,,,,,,,0,0,1.106,0,,,,,,,,,,,,,,,,,Yes,Yes,Yes,No,Yes,Yes,Yes,Yes,Yes,,,,,,,,,,,,,,,,,,,,,,,,,,,,,,Look at a picture and answer questions about it.,Did you notice the size of the candle.,blue,5,no issues,60,Male
P0073,309,TRUE,anonymous,EN,I consent.,0,0,1.009,0,Yes,Yes,Yes,Yes,Yes,Yes,Yes,Yes,Yes,0,0,1.012,0,Yes,Yes,Yes,Yes,Yes,Yes,Yes,Yes,Yes,,,,,,,,,,,,,,,,,,,,,,,,,,,,,,,,,,,,,,,,,,,,,,,,,,,,,,,,,,,,,,,,,,,,,,,,,,,,,,,,,,,,,,,,,,,,,,,,,,,,,,,,,,,,,,,,,,,,,,,,,0,0,1.111,0,,,,,,,,,,,,,Yes,Yes,Yes,Yes,Yes,Yes,No,Yes,Yes,being showed pictures for one second and seeing if you can recall the picture,do i remember the color,blue,5,,46,Female
P0074,172,TRUE,anonymous,EN,I consent.,0,0,1.111,0,No,Yes,Yes,Yes,Yes,Yes,Yes,Yes,Yes,0,0,1.119,0,Yes,Yes,Yes,Yes,Yes,No,Yes,Yes,No,,,,,,,,,,,,,,,,,,,,,,,,,,,,,,0,0,1.112,0,,,,,,,,,,,,,,,,,Yes,No,No,No,Yes,Yes,Yes,Yes,Yes,,,,,,,,,,,,,,,,,,,,,,,,,,,,,,,,,,,,,,,,,,,,,,,,,,,,,,,,,,,,,,,,,,,,,,,,,,,,,,,,,,,,,,,,Look at a picture briefly and answer yes/no questions about what you noticed in the picture,Did you notice the person's build/physique?,blue,5,,36,Female
P0075,159,TRUE,anonymous,EN,I consent.,0.298,0.298,1.013,1,No,Yes,Yes,Yes,Yes,No,Yes,Yes,No,0.345,0.345,1.012,1,Yes,Yes,No,Yes,No,No,Yes,Yes,Yes,,,,,,,,,0.508,0.508,1.01,1,,,,,,,,,Yes,Yes,Yes,No,No,No,No,Yes,Yes,,,,,,,,,,,,,,,,,,,,,,,,,,,,,,,,,,,,,,,,,,,,,,,,,,,,,,,,,,,,,,,,,,,,,,,,,,,,,,,,,,,,,,,,,,,,,,,,,,,,,,,,,,,,,,,,,,,,,answer questions about a picture,did you notice if it was indoor or outdoor?,blue,5,,42,Female
P0076,248,TRUE,anonymous,EN,I consent.,0,0,1.107,0,No,Yes,Yes,Yes,Yes,Yes,Yes,Yes,Yes,0,0,1.016,0,Yes,Yes,Yes,Yes,No,No,Yes,Yes,Yes,,,,,,,,,0,0,1.02,0,,,,,,,,,Yes,Yes,No,No,Yes,Yes,Yes,Yes,Yes,,,,,,,,,,,,,,,,,,,,,,,,,,,,,,,,,,,,,,,,,,,,,,,,,,,,,,,,,,,,,,,,,,,,,,,,,,,,,,,,,,,,,,,,,,,,,,,,,,,,,,,,,,,,,,,,,,,,,remebering details in image flashed for 1 second.,Do you remember the color of the object?,blue,5,no,44,Male
P0077,203,TRUE,anonymous,EN,I consent.,0,0,1.007,0,Yes,Yes,Yes,Yes,Yes,No,Yes,No,Yes,0,0,1.006,0,Yes,Yes,No,Yes,Yes,Yes,Yes,Yes,Yes,,,,,,,,,,,,,,,,,,,,,,,,,,,,,,,,,,,,,,,,,,,,,,,,,,,,,,,,,,,,,,,,,,,,,,,,,,,,,,,,,,,,,,,,,,,,,,,,,,,,,,,,,,,,,,,,,,,,,0,0,1.008,0,,,,,,,,,,,,,,,,,No,No,Yes,Yes,Yes,No,Yes,Yes,No,"view an image for 1 second, and then answer questions about the image.",if i noticed the build of the person,blue,5,no,38,Female
P0078,179,TRUE,anonymous,EN,I consent.,0,0,1.014,0,No,Yes,Yes,Yes,Yes,Yes,Yes,No,Yes,0,0,1.007,0,Yes,Yes,Yes,Yes,No,No,Yes,Yes,No,,,,,,,,,,,,,,,,,,,,,,,,,,,,,,,,,,,,,,,,,,,,,,,,,,,,,,,,,,,,,,,,,,,,,,,0,0,1.009,0,,,,,Yes,Yes,No,Yes,Yes,Yes,Yes,Yes,No,,,,,,,,,,,,,,,,,,,,,,,,,,,,,,,,,,,,,,,,,,,,,,,,,,,,,,,,,,,To answer whether I noticed certain things.,Did I notice which type of animal.,Blue,5,no,45,Male
P0079,284,TRUE,anonymous,EN,I consent.,0,0,1.109,0,Yes,Yes,Yes,Yes,Yes,Yes,Yes,Yes,Yes,0,0,1.109,0,Yes,Yes,Yes,Yes,Yes,Yes,Yes,Yes,No,,,,,,,,,,,,,,,,,,,,,,,,,,,,,,,,,,,,,,,,,,,,,,,,,,,,,,,,,,,,,,,,,,,,,,,,,,,,,,,,,,,,,,,,,,,,0,0,1.011,0,,,,,,,,,,,,,Yes,Yes,No,No,Yes,No,Yes,Yes,Yes,,,,,,,,,,,,,,,,,,,,,,,,,,,,,,Look at the a picture for one second and answer whether you noticed certain details,Did you notice the age of the person lighting the candle,Blue,5,,28,Male
P0080,124,TRUE,anonymous,EN,I consent.,0,0,1.006,0,No,Yes,Yes,Yes,Yes,Yes,Yes,Yes,Yes,0,0,1.008,0,Yes,Yes,Yes,Yes,No,Yes,Yes,No,No,,,,,,,,,,,,,,,,,,,,,,,,,,,,,,,,,,,,,,,,,,,,,,,,,,,,,,,,,,,,,,,,,,,,,,,,,,,,,,,,,,,,,,,,,,,,,,,,,,,,,,,,,,,,,,,,,,,,,,,,,0,0,1.109,0,,,,,,,,,,,,,No,No,Yes,Yes,Yes,No,Yes,Yes,No,see what I notice from a picture after seeing it for one secnod,Did you notice the color of the object?,blue,5,,31,Female
P0081,175,TRUE,anonymous,EN,I consent.,0,0,1.014,0,No,Yes,Yes,Yes,Yes,No,Yes,No,Yes,0,0,1.007,0,Yes,Yes,Yes,Yes,No,Yes,Yes,Yes,Yes,,,,,,,,,,,,,,,,,,,,,,,,,,,,,,,,,,0,0,1.006,0,,,,,,,,,,,,,Yes,Yes,No,Yes,No,Yes,No,No,No,,,,,,,,,,,,,,,,,,,,,,,,,,,,,,,,,,,,,,,,,,,,,,,,,,,,,,,,,,,,,,,,,,,,,,,,,,,,,,,,,,,,,,,,It was to answer questions about what I saw in a picture - only seeing it for a second.,Did you notice the color of the object in the picture.,blue,5,,45,Male
P0082,210,TRUE,anonymous,EN,I consent.,0,0,1.137,0,No,Yes,Yes,Yes,Yes,Yes,Yes,No,No,0,0,1.126,0,Yes,Yes,Yes,Yes,No,Yes,Yes,Yes,No,,,,,,,,,,,,,,,,,,,,,,,,,,,,,,,,,,,,,,,,,,,,,,,,,,,,,,,,,,,,,,,,,,,0,0,1.13,0,,,,,,,,,Yes,No,No,No,Yes,Yes,Yes,Yes,Yes,,,,,,,,,,,,,,,,,,,,,,,,,,,,,,,,,,,,,,,,,,,,,,,,,,,,,,,,,,,Answered yes or no of whether I noticed certain details of an image after only viewing it for 1 second.,The size of the animal in the cage.,Blue,5,,30,Male
P0083,199,TRUE,anonymous,EN,I consent.,0,0,1.006,0,No,Yes,Yes,Yes,Yes,No,Yes,No,Yes,0,0,1.006,0,Yes,Yes,Yes,Yes,No,No,Yes,Yes,No,,,,,,,,,,,,,,,,,0,0,1.006,0,Yes,Yes,Yes,Yes,Yes,No,No,Yes,Yes,,,,,,,,,,,,,,,,,,,,,,,,,,,,,,,,,,,,,,,,,,,,,,,,,,,,,,,,,,,,,,,,,,,,,,,,,,,,,,,,,,,,,,,,,,,,,,,,,,,,,,,,,,,,,,,,,,,,,To answer yes or no to questions referring to a photo I briefly viewed,Did you notice if there was a person in the photo?,Blue,5,,26,Female
P0084,199,TRUE,anonymous,EN,I consent.,0,0,1.011,0,No,Yes,Yes,Yes,Yes,Yes,Yes,No,Yes,0,0,1.121,0,No,Yes,Yes,Yes,No,No,Yes,No,No,,,,,,,,,,,,,,,,,,,,,,,,,,,,,,,,,,,,,,,,,,,,,,,,,,,,,,,,,,,,,,,,,,,,,,,,,,,,,,,,,,,,,,,,,,,,,,,,,,,,,,,,0,0,1.011,0,Yes,No,Yes,Yes,Yes,No,Yes,Yes,Yes,,,,,,,,,,,,,,,,,,,,,,,,,,,,,,Noticing details in pictures,if we noticed a person or not in the image,ble,5,,56,Female
P0085,120,TRUE,anonymous,EN,I consent.,0,0,1.107,0,Yes,Yes,Yes,Yes,Yes,No,Yes,No,Yes,0,0,1.11,0,Yes,Yes,Yes,Yes,Yes,Yes,Yes,Yes,No,,,,,,,,,,,,,,,,,,,,,,,,,,,,,,,,,,,,,,,,,,,,,,,,,,,,,,,,,,,,,,,0,0,1.112,0,,,,,,,,,,,,,Yes,Yes,No,No,No,Yes,Yes,Yes,No,,,,,,,,,,,,,,,,,,,,,,,,,,,,,,,,,,,,,,,,,,,,,,,,,,,,,,,,,,,noticing details in pictures,Did you notice if the object was indoor/outdoor?,blue,5,,21,Female
P0086,135,TRUE,anonymous,EN,I consent.,0,0,1.007,0,No,Yes,Yes,Yes,Yes,Yes,Yes,Yes,Yes,0,0,1.007,0,No,Yes,Yes,Yes,No,No,Yes,Yes,No,,,,,,,,,,,,,,,,,,,,,,,,,,,,,,,,,,,,,,,,,,,,,,,,,,,,,,,,,,,,,,,,,,,,,,,,,,,,,,,,,,,,,,,,,,,,,,,,,,,,,,,,,,,,,,,,,,,,,,,,,,,,,,,,,0,0,1.006,0,,,,,No,Yes,Yes,Yes,Yes,Yes,Yes,Yes,Yes,Look at an image for one second and report what I noticed about it,Did you notice if the person was wearing socks?,Blue,5,,30,Female
P0087,848,TRUE,anonymous,EN,I consent.,0.483,0.483,1.024,1,Yes,Yes,Yes,Yes,Yes,Yes,Yes,Yes,Yes,0,0,1.117,0,Yes,Yes,Yes,Yes,Yes,No,Yes,Yes,No,,,,,,,,,,,,,,,,,,,,,,,,,,,,,,,,,,,,,,,,,,0,0,1.023,0,,,,,Yes,Yes,Yes,Yes,No,Yes,Yes,Yes,Yes,,,,,,,,,,,,,,,,,,,,,,,,,,,,,,,,,,,,,,,,,,,,,,,,,,,,,,,,,,,,,,,,,,,,,,,,,,,,,,,,,,,,,,,,I was briefly shown an image then asked yes or no questions as to weather I noticed certain details pertained within the image. ,Did you notice the direction of the light. ,Blue,5,,37,Female
P0088,190,TRUE,anonymous,EN,I consent.,0,0,1.008,0,No,Yes,Yes,Yes,Yes,Yes,Yes,Yes,No,0,0,1.109,0,Yes,Yes,Yes,Yes,No,No,Yes,Yes,Yes,,,,,0,0,1.006,0,,,,,,,,,,,,,Yes,Yes,Yes,No,No,No,No,Yes,Yes,,,,,,,,,,,,,,,,,,,,,,,,,,,,,,,,,,,,,,,,,,,,,,,,,,,,,,,,,,,,,,,,,,,,,,,,,,,,,,,,,,,,,,,,,,,,,,,,,,,,,,,,,,,,,,,,,,,,,My task was to look at an image for 1 second and try to take in as many details as I am able to.,I was asked about if i remembered certain details from looking at an image for 1 second. Questions like did you notice the color of the object?,Blue,5,,23,Male
P0089,192,TRUE,anonymous,EN,I consent.,0,0,1.011,0,No,Yes,Yes,Yes,Yes,Yes,Yes,Yes,No,0,0,1.008,0,Yes,Yes,Yes,Yes,No,Yes,Yes,Yes,Yes,,,,,,,,,,,,,,,,,,,,,,,,,,,,,,,,,,,,,,0,0,1.009,0,,,,,,,,,Yes,Yes,Yes,Yes,Yes,Yes,No,Yes,No,,,,,,,,,,,,,,,,,,,,,,,,,,,,,,,,,,,,,,,,,,,,,,,,,,,,,,,,,,,,,,,,,,,,,,,,,,,,,,,,,,,,,,,,Look at a picture then answer questions ,Did you notice what type of fruit was in the picture.,Blue,5,,34,Male
P0090,215,TRUE,anonymous,EN,I consent.,0,0,1.019,0,Yes,Yes,Yes,Yes,Yes,Yes,Yes,Yes,No,0,0,1.125,0,Yes,Yes,Yes,Yes,Yes,Yes,Yes,Yes,Yes,,,,,,,,,,,,,,,,,,,,,,,,,,,,,,,,,,,,,,,,,,,,,,,,,,,,,,,,,,,,,,,,,,,,,,,,,,,,,,,,,,,,,,,,0,0,1.016,0,,,,,,,,,,,,,,,,,Yes,Yes,Yes,Yes,Yes,Yes,No,Yes,Yes,,,,,,,,,,,,,,,,,,,,,,,,,,,,,,there were two images shown for only one second not counting the practice ones and I was asked several questions on the object and the area around them.,what color was the object,blue,5,none,25,Male
P0091,117,TRUE,anonymous,EN,I consent.,0,0,1.109,0,No,Yes,Yes,Yes,Yes,No,Yes,Yes,Yes,0,0,1.008,0,Yes,Yes,No,Yes,Yes,Yes,Yes,Yes,Yes,,,,,,,,,,,,,0,0,1.006,0,,,,,Yes,Yes,Yes,Yes,Yes,Yes,Yes,Yes,Yes,,,,,,,,,,,,,,,,,,,,,,,,,,,,,,,,,,,,,,,,,,,,,,,,,,,,,,,,,,,,,,,,,,,,,,,,,,,,,,,,,,,,,,,,,,,,,,,,,,,,,,,,,,,,,,,,,,,,,I had to describe what I remembered seeing from a picture I was shown for a second.,Did you notice the trajectory of the ball?,blue,5,,22,Female
P0092,121,TRUE,anonymous,EN,I consent.,0,0,1.007,0,No,Yes,Yes,Yes,Yes,Yes,Yes,Yes,No,0,0,1.007,0,Yes,Yes,No,Yes,No,No,Yes,Yes,No,,,,,,,,,,,,,,,,,,,,,,,,,,,,,,,,,,,,,,,,,,,,,,0,0,1.111,0,Yes,Yes,Yes,No,No,No,Yes,Yes,No,,,,,,,,,,,,,,,,,,,,,,,,,,,,,,,,,,,,,,,,,,,,,,,,,,,,,,,,,,,,,,,,,,,,,,,,,,,,,,,,,,,,,,,,To say if we saw certain details or not,how did the person hold the bag,blue,5,,30,Male
P0093,186,TRUE,anonymous,EN,I consent.,0,0,1.012,0,No,Yes,Yes,Yes,Yes,Yes,Yes,Yes,No,0,0,1.01,0,Yes,Yes,Yes,Yes,No,No,Yes,Yes,Yes,,,,,,,,,,,,,,,,,,,,,,,,,,,,,,0,0,1.109,0,,,,,,,,,,,,,,,,,No,No,No,Yes,No,No,Yes,Yes,No,,,,,,,,,,,,,,,,,,,,,,,,,,,,,,,,,,,,,,,,,,,,,,,,,,,,,,,,,,,,,,,,,,,,,,,,,,,,,,,,,,,,,,,,Recall details of a picture,Was the object stable?,Blue,5,,,
P0094,190,TRUE,anonymous,EN,I consent.,0,0,1.011,0,No,Yes,Yes,Yes,No,No,Yes,Yes,No,0,0,1.007,0,Yes,Yes,Yes,Yes,No,No,Yes,Yes,Yes,,,,,,,,,,,,,,,,,,,,,,,,,,,,,,,,,,,,,,,,,,,,,,,,,,,,,,,,,,,,,,,,,,,,,,,,,,,,,,,,,,,,,,,,,,,,,,,,0,0,1.007,0,,,,,,,,,No,No,No,No,Yes,No,Yes,Yes,No,,,,,,,,,,,,,,,,,,,,,,,,,,,,,,To look at a picture for 1 second and record what we noticed.,Did I notice the person's age.,Blue,5,,33,Male
P0095,193,TRUE,anonymous,EN,I consent.,0,0,1.007,0,Yes,Yes,Yes,Yes,No,Yes,Yes,Yes,Yes,0,0,1.015,0,Yes,No,Yes,Yes,No,No,Yes,Yes,No,,,,,,,,,,,,,,,,,,,,,,,,,,,,,,,,,,,,,,,,,,,,,,,,,,,,,,,,,,,0,0,1.008,0,,,,,,,,,,,,,,,,,Yes,Yes,Yes,No,Yes,Yes,Yes,Yes,Yes,,,,,,,,,,,,,,,,,,,,,,,,,,,,,,,,,,,,,,,,,,,,,,,,,,,,,,,,,,,answer questions related to a picture I have been shown for 1 second,was there a refrigerator in the picture,blue,5,,66,Female
P0096,299,TRUE,anonymous,EN,I consent.,0,0,1.006,0,No,Yes,Yes,Yes,Yes,No,Yes,Yes,No,0,0,1.006,0,Yes,Yes,Yes,Yes,No,Yes,Yes,Yes,Yes,,,,,,,,,,,,,,,,,,,,,,,,,,,,,,,,,,,,,,,,,,,,,,,,,,,,,,,,,,,,,,,,,,,,,,,,,,,,,,,,,,,,,,,,,,,,,,,,,,,,,,,,,,,,,,,,,,,,,,,,,,,,,0,0,1.006,0,,,,,,,,,No,No,Yes,Yes,No,No,No,Yes,No,I was shown an image for one second and then asked a few questions about what details I did or did not notice about the picture during that second.,Did you notice which of the person's shoes (one or both) was taken off in the picture?,Blue,5,Everything in this study seemed to go smoothly. Thank you.,28,Male
P0097,355,TRUE,anonymous,EN,I consent.,0,0,1.111,0,No,Yes,Yes,Yes,Yes,Yes,Yes,Yes,Yes,0,0,1.114,0,No,Yes,Yes,No,No,No,Yes,Yes,Yes,,,,,,,,,,,,,,,,,,,,,,,,,,,,,,,,,,,,,,,,,,,,,,,,,,,,,,,,,,,,,,,,,,,,,,,,,,,,,,,,,,,,,,,,,,,,,,,,,,,,,,,,,,,,,,,,,,,,,,,,,,,,,,,,,,,,,0,0,1.109,0,No,No,Yes,Yes,Yes,No,No,No,Yes,to tell what was in each picture,what was the color of the object,blue,5,good one,54,Male
P0098,197,TRUE,anonymous,EN,I consent.,0,0,1.007,0,Yes,Yes,Yes,Yes,No,Yes,Yes,Yes,Yes,0,0,1.016,0,Yes,Yes,Yes,Yes,No,No,Yes,Yes,Yes,,,,,0,0,1.12,0,,,,,,,,,,,,,No,Yes,Yes,Yes,Yes,Yes,No,Yes,Yes,,,,,,,,,,,,,,,,,,,,,,,,,,,,,,,,,,,,,,,,,,,,,,,,,,,,,,,,,,,,,,,,,,,,,,,,,,,,,,,,,,,,,,,,,,,,,,,,,,,,,,,,,,,,,,,,,,,,,If I remembered details  of a picture I was shown for 1 second,direction object was moving,blue,5,,40,Male
P0099,192,TRUE,anonymous,EN,I consent.,0,0,1.11,0,Yes,Yes,Yes,Yes,Yes,No,Yes,No,Yes,0,0,1.107,0,Yes,Yes,No,Yes,No,Yes,Yes,Yes,Yes,,,,,,,,,,,,,,,,,,,,,,,,,,,,,,,,,,,,,,,,,,,,,,,,,,,,,,,,,,,,,,,,,,,,,,,,,,,,,,,,,,,,,,,,,,,,,,,,,,,,0,0,1.007,0,,,,,Yes,Yes,Yes,Yes,Yes,No,Yes,Yes,Yes,,,,,,,,,,,,,,,,,,,,,,,,,,,,,,You are show a picture for one seconds and are ask questions on it with what you saw.,Did you see the refrigerator in the background.,Blue,5,,25,Male
P0100,207,TRUE,anonymous,EN,I consent.,0,0,1.115,0,Yes,Yes,Yes,Yes,Yes,Yes,Yes,Yes,Yes,0,0,1.017,0,No,Yes,Yes,Yes,Yes,No,Yes,Yes,Yes,,,,,,,,,,,,,0,0,1.006,0,,,,,Yes,Yes,Yes,Yes,Yes,Yes,Yes,Yes,Yes,,,,,,,,,,,,,,,,,,,,,,,,,,,,,,,,,,,,,,,,,,,,,,,,,,,,,,,,,,,,,,,,,,,,,,,,,,,,,,,,,,,,,,,,,,,,,,,,,,,,,,,,,,,,,,,,,,,,,Looking at an image for one second then saying if you noticed certain aspects of the image,Did you notice the hair color of the person in the image?,Blue,5,No thank you,28,Female
P0101,259,TRUE,anonymous,EN,I consent.,0,0,1.008,0,Yes,Yes,Yes,Yes,Yes,Yes,Yes,Yes,No,0,0,1.005,0,Yes,Yes,Yes,Yes,No,Yes,Yes,Yes,Yes,,,,,,,,,,,,,,,,,,,,,,,,,,,,,,,,,,,,,,,,,,,,,,,,,,,,,,,,,,,,,,,,,,,,,,,,,,,,,,,,,,,,,,,,,,,,,,,,,,,,,,,,,,,,,,,,,,,,,,,,,,,,,,,,,,,,,0,0,1.007,0,Yes,No,Yes,Yes,Yes,No,No,Yes,No,View an image for 1 second and then answer questions about whether or not I noticed certain details about the image.,Did I notice the pattern of the clothes the person was wearing,blue,5,,30,Non-binary / third gender
P0102,183,TRUE,anonymous,EN,I consent.,0,0,1.11,0,Yes,Yes,Yes,Yes,Yes,No,Yes,Yes,No,0,0,1.008,0,Yes,Yes,No,Yes,No,Yes,Yes,Yes,No,,,,,,,,,,,,,,,,,,,,,,,,,,,,,,,,,,,,,,,,,,,,,,,,,,,,,,,,,,,,,,,,,,,,,,,0,0,1.011,0,,,,,Yes,Yes,No,Yes,Yes,Yes,Yes,No,No,,,,,,,,,,,,,,,,,,,,,,,,,,,,,,,,,,,,,,,,,,,,,,,,,,,,,,,,,,,View an image for one second and then answer questions to see if I noticed any details.,Did you notice the color/shape of the object.,Blue,5,,22,Female
P0103,210,TRUE,anonymous,EN,I consent.,0,0,1.01,0,Yes,Yes,Yes,Yes,Yes,Yes,Yes,Yes,Yes,0,0,1.121,0,Yes,Yes,Yes,Yes,Yes,Yes,Yes,Yes,Yes,0,0,1.007,0,,,,,,,,,,,,,,,,,Yes,Yes,Yes,Yes,Yes,Yes,Yes,Yes,Yes,,,,,,,,,,,,,,,,,,,,,,,,,,,,,,,,,,,,,,,,,,,,,,,,,,,,,,,,,,,,,,,,,,,,,,,,,,,,,,,,,,,,,,,,,,,,,,,,,,,,,,,,,,,,,,,,,,,,,To notice things about an image,Did you notice the color of the object?,Blue,5,,21,Male
P0104,207,TRUE,anonymous,EN,I consent.,0,0,1.011,0,Yes,Yes,Yes,Yes,Yes,Yes,Yes,Yes,No,0,0,1.01,0,Yes,Yes,Yes,Yes,Yes,Yes,Yes,Yes,No,,,,,,,,,,,,,,,,,,,,,,,,,,,,,,,,,,,,,,,,,,0,0,1.014,0,,,,,Yes,Yes,No,Yes,No,No,Yes,Yes,No,,,,,,,,,,,,,,,,,,,,,,,,,,,,,,,,,,,,,,,,,,,,,,,,,,,,,,,,,,,,,,,,,,,,,,,,,,,,,,,,,,,,,,,,see a picture for 1 second then answer question about the picture,did you notice the hand the person was using,blue,5,,39,Male
P0105,98,TRUE,anonymous,EN,I consent.,0,0,1.009,0,Yes,Yes,Yes,Yes,Yes,Yes,Yes,Yes,Yes,0,0,1.108,0,Yes,Yes,Yes,Yes,Yes,Yes,Yes,Yes,Yes,,,,,,,,,,,,,,,,,,,,,,,,,,,,,,,,,,,,,,,,,,,,,,0,0,1.005,0,Yes,Yes,Yes,Yes,Yes,Yes,Yes,Yes,Yes,,,,,,,,,,,,,,,,,,,,,,,,,,,,,,,,,,,,,,,,,,,,,,,,,,,,,,,,,,,,,,,,,,,,,,,,,,,,,,,,,,,,,,,,Respond whether or not I noticed details in the study,Did you notice the color of the object?,blue,5,,23,Male
P0106,251,TRUE,anonymous,EN,I consent.,0,0,1.012,0,No,Yes,Yes,Yes,Yes,Yes,Yes,Yes,Yes,0,0,1.01,0,No,Yes,Yes,Yes,Yes,No,Yes,Yes,Yes,,,,,,,,,,,,,,,,,,,,,,,,,,,,,,,,,,0,0,1.006,0,,,,,,,,,,,,,Yes,Yes,Yes,Yes,Yes,Yes,No,Yes,Yes,,,,,,,,,,,,,,,,,,,,,,,,,,,,,,,,,,,,,,,,,,,,,,,,,,,,,,,,,,,,,,,,,,,,,,,,,,,,,,,,,,,,,,,,To view a image for 1 second and notice the details.,Did you notice the color/pattern of the object?,Blue,5,Thank you for allowing me to participate.,25,Male
P0107,178,TRUE,anonymous,EN,I consent.,0,0,1.019,0,No,Yes,Yes,Yes,No,Yes,Yes,No,No,0,0,1.017,0,Yes,Yes,No,Yes,Yes,Yes,Yes,Yes,No,,,,,,,,,,,,,,,,,,,,,,,,,,,,,,,,,,,,,,,,,,,,,,,,,,,,,,,,,,,,,,,,,,,,,,,,,,,,,,,,,,,,,,,,,,,,,,,,,,,,,,,,,,,,,,,,,,,,,,,,,,,,,0,0,1.127,0,,,,,,,,,No,No,No,Yes,Yes,No,Yes,Yes,Yes,Answer yes or no questions about a picture that was displayed for one second,Which shoe did the subject have off?,blue,5,,35,Male
P0108,133,TRUE,anonymous,EN,I consent.,0,0,1.108,0,No,Yes,Yes,Yes,Yes,Yes,Yes,Yes,Yes,0,0,1.108,0,Yes,Yes,Yes,Yes,No,No,Yes,Yes,Yes,,,,,,,,,,,,,,,,,,,,,,,,,,,,,,,,,,,,,,,,,,,,,,,,,,,,,,,,,,,,,,,,,,,0,0,1.106,0,,,,,,,,,Yes,Yes,No,No,Yes,Yes,Yes,Yes,Yes,,,,,,,,,,,,,,,,,,,,,,,,,,,,,,,,,,,,,,,,,,,,,,,,,,,,,,,,,,,to report if I noticed details in a picture,If I noticed the position of the person relative to the animal,blue,5,,41,Female
P0109,171,TRUE,anonymous,EN,I consent.,0,0,1.007,0,No,Yes,Yes,Yes,Yes,Yes,Yes,Yes,Yes,0,0,1.007,0,No,Yes,Yes,Yes,No,No,Yes,No,Yes,0,0,1.016,0,,,,,,,,,,,,,,,,,Yes,Yes,No,Yes,No,No,Yes,Yes,Yes,,,,,,,,,,,,,,,,,,,,,,,,,,,,,,,,,,,,,,,,,,,,,,,,,,,,,,,,,,,,,,,,,,,,,,,,,,,,,,,,,,,,,,,,,,,,,,,,,,,,,,,,,,,,,,,,,,,,,Looked at a picture for 1 second and then marked yes or no about details noticed or not.,Did you notice the hair color of the person?,blue,5,,37,Female
P0110,302,TRUE,anonymous,EN,I consent.,0,0,1.011,0,Yes,Yes,Yes,Yes,No,No,Yes,Yes,No,0,0,1.01,0,No,Yes,Yes,Yes,Yes,Yes,Yes,No,No,,,,,,,,,,,,,,,,,,,,,,,,,,,,,,,,,,,,,,,,,,,,,,,,,,,,,,,,,,,,,,,0,0,1.109,0,,,,,,,,,,,,,Yes,Yes,No,Yes,Yes,Yes,Yes,Yes,No,,,,,,,,,,,,,,,,,,,,,,,,,,,,,,,,,,,,,,,,,,,,,,,,,,,,,,,,,,,determine the objects in a picture shown for only a moment,Did you notice which hand the person was using?  ,Blue,5,,66,Male
P0111,371,TRUE,anonymous,EN,I consent.,0,0,1.106,0,No,Yes,Yes,Yes,Yes,No,Yes,No,Yes,0,0,1.012,0,Yes,Yes,No,Yes,Yes,No,Yes,Yes,Yes,,,,,,,,,,,,,,,,,,,,,,,,,,,,,,,,,,,,,,,,,,,,,,,,,,,,,,,,,,,,,,,,,,,,,,,,,,,,,,,,,,,,,,,,,,,,,,,,,,,,0,0,1.018,0,,,,,Yes,Yes,No,No,Yes,Yes,No,Yes,No,,,,,,,,,,,,,,,,,,,,,,,,,,,,,,I looked at a picture briefly and then it disappeared and I was asked questions about it.,Did you notice which hand the person was lighting the candle with?,blue,5,,71,Female
P0112,240,TRUE,anonymous,EN,I consent.,0,0,1.126,0,No,Yes,Yes,Yes,Yes,Yes,Yes,Yes,No,0,0,1.119,0,Yes,Yes,No,Yes,No,Yes,Yes,Yes,Yes,,,,,,,,,,,,,,,,,,,,,,,,,,,,,,,,,,,,,,,,,,,,,,,,,,,,,,,,,,,,,,,,,,,,,,,,,,,,,,,,,,,,,,,,,,,,,,,,,,,,,,,,,,,,,,,,,,,,,,,,,,,,,,,,,0,0,1.119,0,,,,,Yes,Yes,Yes,Yes,Yes,Yes,Yes,Yes,Yes,how well I was paying attention,Did you notice if the person was wearing socks or not,blue,5,,26,Female
P0113,173,TRUE,anonymous,EN,I consent.,0,0,1.121,0,No,Yes,Yes,Yes,Yes,Yes,Yes,Yes,No,0,0,1.007,0,Yes,Yes,Yes,Yes,No,Yes,Yes,Yes,No,,,,,,,,,,,,,,,,,,,,,,,,,,,,,,,,,,,,,,,,,,,,,,,,,,,,,,,,,,,,,,,,,,,,,,,,,,,,,,,,,,,,,,,,,,,,,,,,,,,,,,,,,,,,,,,,,,,,,0,0,1.007,0,,,,,,,,,,,,,,,,,Yes,No,Yes,Yes,Yes,No,Yes,Yes,Yes,see an image briefly then answer yes/no questions about it,did you notice the size of the bench,blue,5,,30,Male
P0114,151,TRUE,anonymous,EN,I consent.,0,0,1.112,0,No,Yes,Yes,Yes,Yes,No,Yes,No,No,0,0,1.108,0,No,Yes,Yes,Yes,Yes,No,Yes,Yes,Yes,,,,,,,,,,,,,,,,,,,,,,,,,,,,,,0,0,1.006,0,,,,,,,,,,,,,,,,,Yes,No,Yes,No,No,No,No,Yes,No,,,,,,,,,,,,,,,,,,,,,,,,,,,,,,,,,,,,,,,,,,,,,,,,,,,,,,,,,,,,,,,,,,,,,,,,,,,,,,,,,,,,,,,,To see see what you noticed in the images,IF we notice the background,blue,5,,33,Female
P0115,252,TRUE,anonymous,EN,I consent.,0,0,1.008,0,No,Yes,Yes,Yes,Yes,Yes,Yes,No,No,0,0,1.007,0,Yes,Yes,Yes,Yes,No,No,Yes,Yes,Yes,,,,,,,,,,,,,,,,,,,,,,,,,,,,,,,,,,,,,,,,,,,,,,,,,,,,,,,,,,,,,,,,,,,,,,,,,,,,,,,,,,,,,,,,,,,,,,,,0,0,1.011,0,,,,,,,,,No,Yes,No,No,Yes,Yes,Yes,Yes,No,,,,,,,,,,,,,,,,,,,,,,,,,,,,,,My task was to see an image for 1 second and then answer some questions about what I remembered of that image.,Do you recall if there was a refrigerator in the in the image?,blue,5,,35,Male
P0116,192,TRUE,anonymous,EN,I consent.,0,0,1.007,0,No,Yes,Yes,Yes,Yes,Yes,Yes,Yes,Yes,0,0,1.014,0,Yes,Yes,Yes,Yes,Yes,No,Yes,Yes,No,,,,,,,,,0,0,1.113,0,,,,,,,,,Yes,Yes,No,No,No,No,No,Yes,Yes,,,,,,,,,,,,,,,,,,,,,,,,,,,,,,,,,,,,,,,,,,,,,,,,,,,,,,,,,,,,,,,,,,,,,,,,,,,,,,,,,,,,,,,,,,,,,,,,,,,,,,,,,,,,,,,,,,,,,I saw a picture for 1 second and answered questions about what I noticed,Whether I noticed the height of the person,blue,5,Interesting!,56,Female
P0117,214,TRUE,anonymous,EN,I consent.,0,0,1.117,0,No,Yes,Yes,Yes,Yes,Yes,Yes,No,Yes,0,0,1.111,0,Yes,Yes,Yes,Yes,No,No,Yes,Yes,Yes,,,,,,,,,,,,,,,,,,,,,,,,,,,,,,,,,,,,,,,,,,,,,,,,,,,,,,,,,,,,,,,,,,,,,,,,,,,,,,,,,,,,,,,,,,,,,,,,0,0,1.007,0,,,,,,,,,Yes,Yes,No,No,Yes,No,No,Yes,Yes,,,,,,,,,,,,,,,,,,,,,,,,,,,,,,answer questions about an image you saw for 1 second,did you notice the color/pattern of the object,blue,5,,23,Male
P0118,176,TRUE,anonymous,EN,I consent.,0,0,1.027,0,No,Yes,Yes,Yes,Yes,Yes,Yes,Yes,Yes,0,0,1.028,0,Yes,Yes,Yes,Yes,No,Yes,Yes,Yes,Yes,,,,,,,,,,,,,,,,,,,,,,,,,,,,,,,,,,,,,,,,,,,,,,,,,,,,,,,,,,,,,,,,,,,,,,,,,,,,,,,,,,,,,,,,,,,,0,0,1.024,0,,,,,,,,,,,,,No,Yes,No,Yes,Yes,Yes,Yes,Yes,Yes,,,,,,,,,,,,,,,,,,,,,,,,,,,,,,To view images for one second and then recall details about those images,If I remembered whether a person was in a picture,Blue,5,,33,Female
P0119,198,TRUE,anonymous,EN,I consent.,0,0,1.019,0,Yes,Yes,Yes,No,Yes,No,Yes,No,Yes,0,0,1.016,0,Yes,Yes,Yes,Yes,No,Yes,Yes,Yes,Yes,,,,,,,,,,,,,,,,,,,,,,,,,,,,,,,,,,,,,,,,,,,,,,,,,,,,,,,,,,,,,,,,,,,,,,,,,,,,,,,,,,,,,,,,0,0,1.019,0,,,,,,,,,,,,,,,,,Yes,No,No,No,Yes,No,Yes,Yes,Yes,,,,,,,,,,,,,,,,,,,,,,,,,,,,,,To see an object for 1 second and describe the details I noticed.,Did you notice if the object was stable?,Blue,5,,22,Male
P0120,165,TRUE,anonymous,EN,I consent.,0,0,1.01,0,No,Yes,Yes,Yes,Yes,Yes,Yes,Yes,No,0,0,1.107,0,Yes,Yes,Yes,Yes,No,No,Yes,Yes,No,,,,,,,,,,,,,,,,,,,,,,,,,,,,,,,,,,,,,,,,,,,,,,,,,,,,,,,,,,,,,,,,,,,,,,,,,,,,,,,,,,,,,,,,,,,,,,,,,,,,,,,,,,,,,,,,,,,,,,,,,0,0,1.006,0,,,,,,,,,,,,,No,No,No,Yes,Yes,Yes,Yes,No,Yes,View an image for 1 second and then answer questions about what I noticed in the image.,Did you notice whether the object was indoors or outdoors?,Blue,5,,42,Female
P0121,459,TRUE,anonymous,EN,I consent.,0,0,1.008,0,No,Yes,Yes,Yes,Yes,Yes,Yes,No,Yes,0,0,1.006,0,No,Yes,Yes,Yes,Yes,No,Yes,Yes,Yes,,,,,,,,,,,,,,,,,,,,,,,,,,,,,,,,,,,,,,,,,,,,,,,,,,,,,,,,,,,,,,,,,,,,,,,,,,,0,0,1.006,0,Yes,Yes,No,Yes,No,Yes,Yes,Yes,Yes,,,,,,,,,,,,,,,,,,,,,,,,,,,,,,,,,,,,,,,,,,,,,,,,,,,,,,,,,,,"My task was to look at an image for one (1) second and then answer questions about what I saw, or did't see, in the image.","What hand did the girl use to hold the ""treat"" in.",blue,5,"Very interesting, and you can begin to doubt what you observed  if you overthink the image.  Not as easy as I thought it might be.  ",77,Female
P0122,259,TRUE,anonymous,EN,I consent.,0,0,1.014,0,Yes,Yes,Yes,Yes,Yes,Yes,Yes,Yes,Yes,0,0,1.024,0,Yes,Yes,Yes,Yes,Yes,Yes,Yes,Yes,Yes,,,,,,,,,,,,,,,,,,,,,,,,,,,,,,,,,,,,,,,,,,,,,,,,,,,,,,,,,,,0,0,1.012,0,,,,,,,,,,,,,,,,,No,Yes,No,Yes,Yes,Yes,Yes,Yes,Yes,,,,,,,,,,,,,,,,,,,,,,,,,,,,,,,,,,,,,,,,,,,,,,,,,,,,,,,,,,,see image for 1 second then answer questions about the details.,what kind of animal,blue,5,,59,Male
P0123,180,TRUE,anonymous,EN,I consent.,0,0,1.006,0,No,Yes,Yes,Yes,Yes,No,Yes,No,No,0,0,1.106,0,Yes,Yes,Yes,Yes,No,No,Yes,Yes,No,,,,,,,,,,,,,,,,,0,0,1.112,0,Yes,Yes,No,No,No,No,No,Yes,Yes,,,,,,,,,,,,,,,,,,,,,,,,,,,,,,,,,,,,,,,,,,,,,,,,,,,,,,,,,,,,,,,,,,,,,,,,,,,,,,,,,,,,,,,,,,,,,,,,,,,,,,,,,,,,,,,,,,,,,To assess the details of an image shown for only 1 second,Did you notice a refrigerator? ,Blue,5,,27,Female
P0124,252,TRUE,anonymous,EN,I consent.,0,0,1.008,0,No,Yes,Yes,Yes,Yes,Yes,Yes,Yes,Yes,0,0,1.009,0,Yes,Yes,Yes,Yes,Yes,Yes,Yes,Yes,Yes,,,,,,,,,,,,,,,,,,,,,,,,,,,,,,,,,,,,,,0,0,1.105,0,,,,,,,,,Yes,Yes,No,Yes,No,Yes,Yes,Yes,Yes,,,,,,,,,,,,,,,,,,,,,,,,,,,,,,,,,,,,,,,,,,,,,,,,,,,,,,,,,,,,,,,,,,,,,,,,,,,,,,,,,,,,,,,,To see what I could notice about a photo in 1 second.,The size of the bag that the lady was putting the fruit in.,blue,5,,69,Female
P0125,195,TRUE,anonymous,EN,I consent.,0,0,1.008,0,No,Yes,Yes,Yes,Yes,Yes,Yes,Yes,No,0,0,1.107,0,No,Yes,Yes,Yes,No,Yes,Yes,Yes,No,,,,,0,0,1.007,0,,,,,,,,,,,,,Yes,Yes,Yes,No,No,No,No,Yes,Yes,,,,,,,,,,,,,,,,,,,,,,,,,,,,,,,,,,,,,,,,,,,,,,,,,,,,,,,,,,,,,,,,,,,,,,,,,,,,,,,,,,,,,,,,,,,,,,,,,,,,,,,,,,,,,,,,,,,,,to look at a picture for one minute then answer questions about it,did you notice the shape of the table,blue,5,,49,Female
P0126,288,TRUE,anonymous,EN,I consent.,0,0,1.011,0,No,Yes,Yes,Yes,Yes,No,Yes,Yes,No,0,0,1.007,0,Yes,Yes,Yes,Yes,Yes,Yes,Yes,No,No,,,,,,,,,,,,,,,,,,,,,,,,,,,,,,,,,,,,,,,,,,,,,,0,0,1.11,0,Yes,Yes,Yes,No,No,Yes,No,No,Yes,,,,,,,,,,,,,,,,,,,,,,,,,,,,,,,,,,,,,,,,,,,,,,,,,,,,,,,,,,,,,,,,,,,,,,,,,,,,,,,,,,,,,,,,what I noticed from a brief image ,"""Did you notice the pattern/color on the object?""",blue,5,,27,Male
P0127,161,TRUE,anonymous,EN,I consent.,0,0,1.11,0,No,Yes,Yes,Yes,Yes,Yes,Yes,No,Yes,0,0,1.008,0,No,Yes,Yes,Yes,No,No,Yes,Yes,No,,,,,,,,,,,,,,,,,,,,,,,,,,,,,,,,,,,,,,,,,,,,,,,,,,,,,,,,,,,,,,,0,0,1.009,0,,,,,,,,,,,,,Yes,Yes,No,No,No,Yes,Yes,No,No,,,,,,,,,,,,,,,,,,,,,,,,,,,,,,,,,,,,,,,,,,,,,,,,,,,,,,,,,,,View image for 1 second and rate if you recalled seeing certain things in that image.,Do you remember the color of the object?,Blue,5,,22,Female
P0128,126,TRUE,anonymous,EN,I consent.,0,0,1.112,0,Yes,Yes,Yes,Yes,Yes,Yes,Yes,Yes,Yes,0,0,1.11,0,Yes,Yes,Yes,Yes,Yes,Yes,Yes,Yes,Yes,,,,,,,,,,,,,,,,,,,,,,,,,,,,,,,,,,,,,,,,,,,,,,,,,,,,,,,,,,,,,,,,,,,,,,,0,0,1.113,0,,,,,Yes,Yes,Yes,Yes,Yes,Yes,Yes,Yes,Yes,,,,,,,,,,,,,,,,,,,,,,,,,,,,,,,,,,,,,,,,,,,,,,,,,,,,,,,,,,,To view an image for 1 second and remember the details in the picture,Did you notice the color of the object? Did you notice the age of the man? Did you notice which hand was feeding the animal?,Blue,5,,36,Male
P0129,230,TRUE,anonymous,EN,I consent.,0,0,1.015,0,No,No,Yes,No,Yes,No,Yes,No,Yes,0,0,1.011,0,No,Yes,Yes,Yes,Yes,No,Yes,Yes,No,,,,,,,,,,,,,,,,,,,,,,,,,,,,,,,,,,,,,,,,,,,,,,,,,,,,,,,,,,,,,,,,,,,,,,,,,,,,,,,,,,,,,,,,0,0,1.113,0,,,,,,,,,,,,,,,,,No,Yes,No,No,Yes,Yes,No,Yes,Yes,,,,,,,,,,,,,,,,,,,,,,,,,,,,,,Identifying what I saw in a picture after viewing it for one second.,Did you notice the age of the man?,blue,5,,45,Female
P0130,223,TRUE,anonymous,EN,I consent.,0,0,1.14,0,Yes,Yes,Yes,Yes,No,Yes,Yes,Yes,Yes,0,0,1.131,0,No,Yes,Yes,Yes,No,No,Yes,Yes,No,,,,,,,,,,,,,,,,,,,,,,,,,,,,,,,,,,,,,,,,,,,,,,,,,,,,,,,,,,,,,,,,,,,,,,,,,,,,,,,,,,,,,,,,,,,,,,,,,,,,,,,,,,,,,,,,,,,,,,,,,,,,,,,,,0,0,1.03,0,,,,,No,No,Yes,Yes,Yes,Yes,Yes,Yes,Yes,"I was shown a picture for 1 second, then asked questions about what details I noticed or missed about the picture.",Did you notice whether the man was wearing socks?,blue,5,,30,Female
P0131,213,TRUE,anonymous,EN,I consent.,0.81,0.81,1.01,1,No,Yes,Yes,Yes,Yes,Yes,Yes,Yes,Yes,0,0,1.009,0,Yes,Yes,Yes,Yes,Yes,Yes,Yes,Yes,No,,,,,,,,,,,,,,,,,,,,,,,,,,,,,,,,,,,,,,,,,,,,,,,,,,,,,,,,,,,,,,,,,,,,,,,,,,,,,,,,,,,,,,,,,,,,0,0,1.112,0,,,,,,,,,,,,,Yes,Yes,Yes,Yes,Yes,Yes,Yes,Yes,Yes,,,,,,,,,,,,,,,,,,,,,,,,,,,,,,Looking at photos for 1 second and answering question about what we saw.,If I noticed the red ball was inside or outside.,blue,5,,46,Female
P0132,169,TRUE,anonymous,EN,I consent.,0,0,1.116,0,No,Yes,Yes,Yes,Yes,Yes,Yes,Yes,No,0,0,1.01,0,Yes,Yes,Yes,Yes,No,Yes,Yes,Yes,No,,,,,,,,,,,,,0,0,1.007,0,,,,,Yes,Yes,Yes,Yes,No,No,No,Yes,Yes,,,,,,,,,,,,,,,,,,,,,,,,,,,,,,,,,,,,,,,,,,,,,,,,,,,,,,,,,,,,,,,,,,,,,,,,,,,,,,,,,,,,,,,,,,,,,,,,,,,,,,,,,,,,,,,,,,,,,My task was to look at a picture for one second and answer questions about whether I noticed certain details.,Did you notice the person's hair color?,blue,5,,31,Male
P0133,297,TRUE,anonymous,EN,I consent.,0,0,1.11,0,Yes,Yes,Yes,Yes,Yes,Yes,Yes,Yes,No,0,0,1.111,0,Yes,Yes,Yes,Yes,No,No,Yes,Yes,Yes,,,,,,,,,,,,,,,,,,,,,,,,,,,,,,,,,,,,,,,,,,,,,,,,,,,,,,,,,,,,,,,,,,,,,,,,,,,,,,,,,,,,,,,,,,,,,,,,,,,,,,,,0,0,1.11,0,Yes,Yes,No,No,Yes,No,Yes,Yes,Yes,,,,,,,,,,,,,,,,,,,,,,,,,,,,,,To notice as much as possible in a one-second scene.,Did you notice the color of the candle?,blue,5,,70,Female
P0134,225,TRUE,anonymous,EN,I consent.,0,0,1.113,0,No,Yes,Yes,Yes,Yes,Yes,Yes,Yes,Yes,0,0,1.011,0,No,Yes,Yes,Yes,No,No,Yes,Yes,No,,,,,,,,,,,,,,,,,,,,,,,,,,,,,,,,,,,,,,,,,,,,,,,,,,,,,,,,,,,,,,,,,,,,,,,0,0,1.117,0,,,,,Yes,Yes,No,Yes,Yes,Yes,No,Yes,Yes,,,,,,,,,,,,,,,,,,,,,,,,,,,,,,,,,,,,,,,,,,,,,,,,,,,,,,,,,,,I was shown images for a second then asked if I remembered certain details.,Did you notice the animal in the picture?,Blue,5,,27,Female
P0135,204,TRUE,anonymous,EN,I consent.,0,0,1.019,0,No,Yes,Yes,Yes,Yes,Yes,Yes,Yes,Yes,0,0,1.122,0,Yes,Yes,Yes,Yes,Yes,No,Yes,Yes,Yes,,,,,,,,,,,,,0,0,1.12,0,,,,,Yes,Yes,No,Yes,Yes,No,Yes,Yes,Yes,,,,,,,,,,,,,,,,,,,,,,,,,,,,,,,,,,,,,,,,,,,,,,,,,,,,,,,,,,,,,,,,,,,,,,,,,,,,,,,,,,,,,,,,,,,,,,,,,,,,,,,,,,,,,,,,,,,,,Look at a picture for one second and click on what you remembered about it,Did you notice the size of the ball,Blue,5,No,39,Male
P0136,85,TRUE,anonymous,EN,I consent.,0,0,1.008,0,No,No,Yes,Yes,No,No,No,Yes,No,0,0,1.008,0,Yes,Yes,Yes,No,Yes,Yes,No,Yes,Yes,,,,,,,,,,,,,,,,,,,,,,,,,,,,,,,,,,0,0,0.881,0,,,,,,,,,,,,,Yes,Yes,Yes,No,Yes,No,No,Yes,Yes,,,,,,,,,,,,,,,,,,,,,,,,,,,,,,,,,,,,,,,,,,,,,,,,,,,,,,,,,,,,,,,,,,,,,,,,,,,,,,,,,,,,,,,,To identify images ,What position item was ,Blue,5,,,
P0137,414,TRUE,anonymous,EN,I consent.,0,0,1.111,0,No,No,Yes,Yes,Yes,No,Yes,No,Yes,0,0,1.105,0,Yes,Yes,No,Yes,Yes,Yes,Yes,Yes,Yes,,,,,,,,,,,,,,,,,,,,,,,,,,,,,,,,,,,,,,,,,,,,,,,,,,,,,,,,,,,,,,,,,,,,,,,,,,,,,,,,,,,,,,,,,,,,,,,,,,,,,,,,,,,,,,,,,,,,,0,0,1.007,0,,,,,,,,,,,,,,,,,Yes,Yes,Yes,Yes,Yes,Yes,No,Yes,Yes,Guessing what is in the image quickly,Do you remember what size was the object?,Blue,5,,25,Male
P0138,165,TRUE,anonymous,EN,I consent.,0,0,1.029,0,No,Yes,Yes,Yes,No,Yes,Yes,Yes,Yes,0,0,1.012,0,Yes,Yes,Yes,Yes,Yes,Yes,Yes,Yes,Yes,,,,,,,,,,,,,,,,,,,,,,,,,,,,,,,,,,0,0,1.119,0,,,,,,,,,,,,,Yes,Yes,Yes,Yes,Yes,Yes,Yes,Yes,Yes,,,,,,,,,,,,,,,,,,,,,,,,,,,,,,,,,,,,,,,,,,,,,,,,,,,,,,,,,,,,,,,,,,,,,,,,,,,,,,,,,,,,,,,,View an image for a second and answer questions about the details. ,Did you notice what the object was sitting on?,Blue,5,,27,Female
P0139,231,TRUE,anonymous,EN,I consent.,0,0,1.115,0,Yes,Yes,Yes,Yes,Yes,Yes,Yes,No,Yes,0,0,1.01,0,Yes,Yes,Yes,No,Yes,Yes,Yes,Yes,Yes,,,,,,,,,,,,,,,,,,,,,,,,,,,,,,,,,,,,,,,,,,,,,,,,,,,,,,,,,,,,,,,,,,,,,,,,,,,,,,,,,,,,,,,,,,,,,,,,,,,,,,,,,,,,,,,,,,,,,,,,,0,0,1.12,0,,,,,,,,,,,,,No,No,Yes,Yes,Yes,Yes,Yes,Yes,Yes,to look at the image and recall everythign,did you notice if the object was moving,blue,5,,42,Female
P0140,256,TRUE,anonymous,EN,I consent.,0,0,1.111,0,No,Yes,Yes,Yes,Yes,Yes,Yes,Yes,Yes,0,0,1.01,0,Yes,Yes,Yes,Yes,No,No,Yes,Yes,Yes,,,,,,,,,,,,,,,,,,,,,,,,,,,,,,,,,,,,,,0,0,1.007,0,,,,,,,,,Yes,Yes,No,Yes,Yes,No,Yes,Yes,Yes,,,,,,,,,,,,,,,,,,,,,,,,,,,,,,,,,,,,,,,,,,,,,,,,,,,,,,,,,,,,,,,,,,,,,,,,,,,,,,,,,,,,,,,,remembering pics,did you notice the fruit,blue,5,,56,Female
P0141,184,TRUE,anonymous,EN,I consent.,0,0,1.112,0,No,Yes,Yes,Yes,Yes,Yes,Yes,Yes,Yes,0,0,1.112,0,Yes,Yes,Yes,Yes,No,Yes,Yes,Yes,Yes,,,,,,,,,0,0,1.006,0,,,,,,,,,Yes,No,Yes,Yes,Yes,Yes,Yes,Yes,Yes,,,,,,,,,,,,,,,,,,,,,,,,,,,,,,,,,,,,,,,,,,,,,,,,,,,,,,,,,,,,,,,,,,,,,,,,,,,,,,,,,,,,,,,,,,,,,,,,,,,,,,,,,,,,,,,,,,,,,My task was to look at an image for one second and then answer questions about whether I noticed certain details.,Did I notice the height of the person in the image?,Blue,5,,27,Male
P0142,395,TRUE,anonymous,EN,I consent.,0,0,1.012,0,No,Yes,Yes,Yes,Yes,Yes,Yes,Yes,No,0,0,1.014,0,Yes,Yes,Yes,Yes,Yes,No,Yes,Yes,Yes,,,,,,,,,,,,,,,,,,,,,,,,,,,,,,,,,,,,,,,,,,,,,,,,,,,,,,,,,,,,,,,,,,,,,,,,,,,0,0,1.315,0,Yes,Yes,Yes,No,Yes,Yes,Yes,Yes,Yes,,,,,,,,,,,,,,,,,,,,,,,,,,,,,,,,,,,,,,,,,,,,,,,,,,,,,,,,,,,look an image for 1 second and to see if you noticed any details about the image,Did you know the kind of animal?,blue,5,,25,Male
P0143,341,TRUE,anonymous,EN,I consent.,0,0,1.116,0,Yes,Yes,Yes,Yes,Yes,Yes,Yes,Yes,Yes,0,0,1.117,0,Yes,Yes,Yes,Yes,Yes,No,Yes,Yes,No,,,,,,,,,,,,,,,,,,,,,,,,,,,,,,,,,,,,,,,,,,,,,,,,,,,,,,,,,,,,,,,,,,,,,,,,,,,,,,,,,,,,,,,,,,,,,,,,,,,,,,,,,,,,,,,,,,,,,,,,,,,,,0,0,1.011,0,,,,,,,,,Yes,No,Yes,Yes,Yes,Yes,Yes,Yes,Yes,look briefly at a picture and provide feedback on what I saw,Did I notice the color of the bench,blue,5,,71,Female
P0144,164,TRUE,anonymous,EN,I consent.,0,0,1.108,0,No,Yes,Yes,Yes,Yes,Yes,Yes,No,Yes,0,0,1.006,0,Yes,Yes,Yes,Yes,Yes,Yes,Yes,Yes,Yes,,,,,,,,,,,,,,,,,,,,,,,,,,,,,,,,,,,,,,,,,,0,0,1.007,0,,,,,Yes,Yes,No,Yes,Yes,Yes,Yes,Yes,Yes,,,,,,,,,,,,,,,,,,,,,,,,,,,,,,,,,,,,,,,,,,,,,,,,,,,,,,,,,,,,,,,,,,,,,,,,,,,,,,,,,,,,,,,,To look at an image for one second and answer questions about what we noticed,Did you notice the color or pattern of the person's clothing,blue,5,,36,Female
P0145,235,TRUE,anonymous,EN,I consent.,0,0,1.137,0,No,Yes,Yes,Yes,Yes,Yes,Yes,Yes,No,0,0,1.027,0,Yes,Yes,Yes,Yes,No,Yes,Yes,Yes,Yes,0,0,1.112,0,,,,,,,,,,,,,,,,,Yes,Yes,No,No,No,No,No,Yes,Yes,,,,,,,,,,,,,,,,,,,,,,,,,,,,,,,,,,,,,,,,,,,,,,,,,,,,,,,,,,,,,,,,,,,,,,,,,,,,,,,,,,,,,,,,,,,,,,,,,,,,,,,,,,,,,,,,,,,,,paying attention to detail,Did you notice the gender of the person,blue,5,,54,Female
P0146,177,TRUE,anonymous,EN,I consent.,0,0,1.119,0,No,Yes,Yes,Yes,Yes,Yes,Yes,Yes,No,0,0,1.018,0,Yes,Yes,Yes,Yes,Yes,No,Yes,Yes,Yes,0,0,1.116,0,,,,,,,,,,,,,,,,,No,Yes,Yes,No,Yes,Yes,Yes,Yes,Yes,,,,,,,,,,,,,,,,,,,,,,,,,,,,,,,,,,,,,,,,,,,,,,,,,,,,,,,,,,,,,,,,,,,,,,,,,,,,,,,,,,,,,,,,,,,,,,,,,,,,,,,,,,,,,,,,,,,,,Look at a picture for one second and answer questions about it.,Did you notice the size of the table?,Blue,5,"Have a nice day,",40,Male
P0147,160,TRUE,anonymous,EN,I consent.,0,0,1.013,0,No,Yes,Yes,Yes,Yes,Yes,Yes,Yes,Yes,0,0,1.015,0,Yes,Yes,Yes,Yes,No,No,Yes,Yes,Yes,,,,,,,,,,,,,,,,,,,,,,,,,,,,,,,,,,,,,,,,,,,,,,,,,,,,,,,,,,,,,,,,,,,,,,,,,,,,,,,,,,,,,,,,,,,,,,,,,,,,,,,,0,0,1.112,0,No,No,Yes,Yes,Yes,No,Yes,Yes,No,,,,,,,,,,,,,,,,,,,,,,,,,,,,,,I looked a picture for 1 second and answered questions about it. ,Did you notice the man's apparent age?,Blue,5,,43,Female
P0148,239,TRUE,anonymous,EN,I consent.,0,0,1.011,0,No,Yes,Yes,Yes,Yes,No,Yes,No,Yes,0,0,1.01,0,No,Yes,No,Yes,No,Yes,Yes,Yes,Yes,,,,,,,,,,,,,,,,,,,,,,,,,,,,,,,,,,,,,,,,,,,,,,,,,,,,,,,,,,,,,,,,,,,,,,,,,,,,,,,,,,,,,,,,,,,,,,,,0,0,1.028,0,,,,,,,,,No,No,No,No,Yes,Yes,No,Yes,Yes,,,,,,,,,,,,,,,,,,,,,,,,,,,,,,View a picture and recall details about it,Did you notice the physique of the person lighting the candle?,blue,5,,39,Female
P0149,216,TRUE,anonymous,EN,I consent.,0,0,1.116,0,Yes,Yes,Yes,Yes,Yes,Yes,Yes,Yes,Yes,0,0,1.016,0,Yes,Yes,Yes,Yes,Yes,Yes,Yes,Yes,Yes,,,,,,,,,,,,,,,,,,,,,,,,,,,,,,,,,,,,,,,,,,,,,,,,,,,,,,,,,,,,,,,,,,,,,,,,,,,,,,,,,,,,,,,,,,,,,,,,,,,,0,0,1.113,0,,,,,Yes,Yes,No,No,No,No,Yes,Yes,No,,,,,,,,,,,,,,,,,,,,,,,,,,,,,,To look at an image for 1 second and then answer if I noticed things about it.,Did you notice the size of the candle?,blue,5,,22,Female
P0150,178,TRUE,anonymous,EN,I consent.,0,0,1.11,0,Yes,Yes,Yes,No,Yes,No,Yes,No,No,0,0,1.009,0,No,Yes,Yes,Yes,No,No,Yes,Yes,No,,,,,,,,,,,,,,,,,,,,,,,,,,,,,,,,,,,,,,,,,,,,,,,,,,,,,,,,,,,,,,,,,,,,,,,,,,,,,,,,,,,,,,,,,,,,,,,,,,,,,,,,,,,,,,,,,,,,,,,,,,,,,,,,,,,,,0.678,0.678,1.109,1,Yes,Yes,Yes,Yes,No,Yes,Yes,Yes,Yes,look at a picture for 1 second and say if I noticed a detail about it,Did you notice what the object was sitting on?,blue,5,,30,Female
P0151,360,TRUE,anonymous,EN,I consent.,0,0,1.007,0,Yes,Yes,Yes,Yes,Yes,Yes,Yes,Yes,Yes,0,0,1.107,0,Yes,Yes,Yes,Yes,Yes,Yes,Yes,Yes,Yes,,,,,,,,,,,,,,,,,,,,,,,,,,,,,,0,0,1.109,0,,,,,,,,,,,,,,,,,Yes,Yes,Yes,Yes,Yes,Yes,Yes,Yes,Yes,,,,,,,,,,,,,,,,,,,,,,,,,,,,,,,,,,,,,,,,,,,,,,,,,,,,,,,,,,,,,,,,,,,,,,,,,,,,,,,,,,,,,,,,Did I notice something in the picture that was present for 1 second,Was the person left or right handed,Blue,5,,30,Prefer not to say
P0152,212,TRUE,anonymous,EN,I consent.,0,0,1.107,0,Yes,Yes,Yes,Yes,Yes,Yes,Yes,Yes,Yes,0,0,1.116,0,Yes,Yes,Yes,Yes,No,Yes,Yes,Yes,Yes,,,,,,,,,,,,,,,,,0,0,1.006,0,Yes,Yes,No,No,No,No,Yes,Yes,Yes,,,,,,,,,,,,,,,,,,,,,,,,,,,,,,,,,,,,,,,,,,,,,,,,,,,,,,,,,,,,,,,,,,,,,,,,,,,,,,,,,,,,,,,,,,,,,,,,,,,,,,,,,,,,,,,,,,,,,Look at an image for 1 sec and see what we remember,did you see what direction the ball was going in,blue,5,,52,Male
P0153,159,TRUE,anonymous,EN,I consent.,0,0,1.022,0,Yes,Yes,Yes,Yes,Yes,Yes,Yes,Yes,Yes,0,0,1.131,0,Yes,Yes,Yes,Yes,Yes,Yes,Yes,Yes,Yes,,,,,,,,,,,,,,,,,,,,,,,,,,,,,,,,,,,,,,0,0,1.014,0,,,,,,,,,Yes,Yes,Yes,Yes,Yes,Yes,Yes,Yes,Yes,,,,,,,,,,,,,,,,,,,,,,,,,,,,,,,,,,,,,,,,,,,,,,,,,,,,,,,,,,,,,,,,,,,,,,,,,,,,,,,,,,,,,,,,Look at a picture for 1 second and answer yes/no if I noticed various things about it,Did you notice which hand was holding the fruit,blue,5,no,39,Female
P0154,136,TRUE,anonymous,EN,I consent.,0,0,1.114,0,Yes,Yes,Yes,Yes,Yes,Yes,Yes,No,Yes,0,0,1.105,0,Yes,Yes,Yes,Yes,No,No,Yes,Yes,No,,,,,,,,,,,,,,,,,0,0,1.013,0,Yes,Yes,Yes,No,No,No,No,Yes,Yes,,,,,,,,,,,,,,,,,,,,,,,,,,,,,,,,,,,,,,,,,,,,,,,,,,,,,,,,,,,,,,,,,,,,,,,,,,,,,,,,,,,,,,,,,,,,,,,,,,,,,,,,,,,,,,,,,,,,,Answer questions after being briefly shown an image.  ,Were you able to notice the color of the object in the photo?,blue,5,,32,Male
P0155,180,TRUE,anonymous,EN,I consent.,0,0,1.008,0,Yes,Yes,Yes,Yes,Yes,Yes,Yes,Yes,No,0,0,1.009,0,Yes,Yes,Yes,Yes,No,Yes,Yes,Yes,No,,,,,,,,,,,,,,,,,,,,,,,,,,,,,,,,,,,,,,,,,,,,,,,,,,,,,,,,,,,,,,,,,,,,,,,,,,,,,,,,,,,,,,,,,,,,,,,,,,,,,,,,,,,,,,,,,,,,,,,,,,,,,,,,,0,0,1.006,0,,,,,Yes,No,No,Yes,No,Yes,Yes,Yes,No,look at a picture for one second then answer questions about the details you can recall,Did I notice what shoe was on or off his foot,blue,5,,43,Male
P0156,190,TRUE,anonymous,EN,I consent.,0,0,1.113,0,No,Yes,Yes,Yes,Yes,Yes,Yes,Yes,No,0,0,1.013,0,Yes,Yes,Yes,Yes,No,No,Yes,Yes,Yes,,,,,,,,,,,,,,,,,,,,,,,,,,,,,,,,,,,,,,,,,,,,,,,,,,,,,,,,,,,,,,,,,,,,,,,,,,,,,,,,,,,,,,,,,,,,,,,,,,,,,,,,,,,,,,,,,,,,,,,,,0,0,1.009,0,,,,,,,,,,,,,No,Yes,No,Yes,Yes,No,Yes,Yes,No,Noticing objects in a picture,Was the womans shoe left or right,blue,5,,66,Male
P0157,279,TRUE,anonymous,EN,I consent.,0,0,1.02,0,Yes,Yes,Yes,Yes,Yes,Yes,Yes,Yes,No,0,0,1.021,0,Yes,Yes,Yes,Yes,Yes,No,Yes,Yes,Yes,,,,,,,,,,,,,,,,,,,,,,,,,,,,,,,,,,,,,,,,,,,,,,,,,,,,,,,,,,,,,,,,,,,0,0,1.021,0,,,,,,,,,Yes,Yes,Yes,No,Yes,Yes,No,Yes,Yes,,,,,,,,,,,,,,,,,,,,,,,,,,,,,,,,,,,,,,,,,,,,,,,,,,,,,,,,,,,I was asked to carefully watch an image and answer yes or no whether or not I identified certain features ,Did you notice the type of animal?,blue,5,All was well ,41,Male
P0158,367,TRUE,anonymous,EN,I consent.,0,0,1.019,0,Yes,Yes,Yes,Yes,Yes,Yes,Yes,Yes,Yes,0,0,1.117,0,Yes,Yes,Yes,Yes,Yes,Yes,Yes,Yes,Yes,,,,,,,,,,,,,,,,,,,,,,,,,,,,,,,,,,,,,,,,,,,,,,,,,,,,,,,,,,,,,,,,,,,0,0,1.023,0,,,,,,,,,Yes,Yes,Yes,Yes,Yes,Yes,Yes,Yes,Yes,,,,,,,,,,,,,,,,,,,,,,,,,,,,,,,,,,,,,,,,,,,,,,,,,,,,,,,,,,,Did you notice the details,youre boticed specific details of the image,blue,5,none,27,Male
P0159,446,TRUE,anonymous,EN,I consent.,0,0,1.019,0,Yes,No,Yes,Yes,Yes,No,Yes,No,No,0,0,1.108,0,Yes,Yes,Yes,Yes,Yes,Yes,Yes,Yes,Yes,,,,,,,,,,,,,,,,,,,,,,,,,,,,,,,,,,,,,,,,,,,,,,,,,,,,,,,,,,,0,0,1.006,0,,,,,,,,,,,,,,,,,No,No,No,Yes,Yes,Yes,Yes,Yes,Yes,,,,,,,,,,,,,,,,,,,,,,,,,,,,,,,,,,,,,,,,,,,,,,,,,,,,,,,,,,,I looked at a photo and answered some questions.,did I notice the person's physique,blue,5,,70,Male
P0160,253,TRUE,anonymous,EN,I consent.,0,0,1.015,0,Yes,Yes,Yes,Yes,Yes,Yes,Yes,Yes,Yes,0,0,1.008,0,Yes,Yes,Yes,Yes,Yes,Yes,Yes,Yes,Yes,,,,,,,,,,,,,,,,,,,,,,,,,,,,,,,,,,,,,,,,,,,,,,,,,,,,,,,,,,,,,,,,,,,,,,,,,,,,,,,,,,,,,,,,,,,,,,,,,,,,,,,,,,,,,,,,,,,,,,,,,,,,,,,,,,,,,0,0,1.019,0,Yes,No,Yes,Yes,Yes,No,Yes,Yes,Yes,"I was asked to view a picture for one second, and then I was asked yes/no questions regarding details I could recall about the image.",I was asked if I could recall the size of the bench in the image.,Blue,5,,36,Male
P0162,148,TRUE,anonymous,EN,I consent.,0,0,1.007,0,No,Yes,Yes,Yes,Yes,Yes,Yes,Yes,Yes,0,0,1.12,0,Yes,Yes,Yes,Yes,No,No,Yes,Yes,Yes,,,,,,,,,,,,,,,,,,,,,,,,,,,,,,,,,,,,,,,,,,,,,,,,,,,,,,,,,,,,,,,0,0,1.008,0,,,,,,,,,,,,,Yes,Yes,No,No,Yes,Yes,Yes,Yes,No,,,,,,,,,,,,,,,,,,,,,,,,,,,,,,,,,,,,,,,,,,,,,,,,,,,,,,,,,,,I was supposed to look at a picture for 1 second and see if I noticed certain details.,I was asked if I noticed the position of the person relative to the animals in an image.,Blue,5,,33,Male
P0163,248,TRUE,anonymous,EN,I consent.,0,0,1.008,0,Yes,Yes,Yes,Yes,Yes,Yes,Yes,Yes,Yes,0.955,0.955,1.107,1,Yes,Yes,Yes,Yes,Yes,Yes,Yes,Yes,Yes,,,,,,,,,,,,,,,,,,,,,,,,,,,,,,,,,,,,,,,,,,,,,,,,,,,,,,,,,,,,,,,,,,,,,,,,,,,,,,,,,,,,,,,,0.673,0.673,1.107,1,,,,,,,,,,,,,,,,,Yes,Yes,Yes,No,Yes,Yes,No,Yes,Yes,,,,,,,,,,,,,,,,,,,,,,,,,,,,,,the task was to view an image for one second and recall what you seen,do you remember the color of the candle?,blue,5,no,29,Female
P0164,226,TRUE,anonymous,EN,I consent.,0,0,1.013,0,Yes,Yes,Yes,Yes,Yes,Yes,Yes,Yes,Yes,0,0,1.006,0,Yes,Yes,Yes,Yes,Yes,Yes,Yes,Yes,Yes,,,,,,,,,,,,,,,,,,,,,,,,,,,,,,,,,,,,,,,,,,,,,,,,,,,,,,,,,,,,,,,,,,,,,,,,,,,,,,,,,,,,,,,,,,,,0,0,1.116,0,,,,,,,,,,,,,Yes,Yes,Yes,Yes,Yes,Yes,Yes,Yes,Yes,,,,,,,,,,,,,,,,,,,,,,,,,,,,,,viewing details of an object in a picture,did you notice the color of the object,blue,5,great study,71,Male
P0165,633,TRUE,anonymous,EN,I consent.,0,0,1.01,0,No,Yes,Yes,Yes,Yes,Yes,Yes,No,No,0,0,1.108,0,No,Yes,Yes,Yes,No,No,Yes,Yes,Yes,,,,,,,,,,,,,,,,,,,,,,,,,,,,,,,,,,,,,,,,,,,,,,,,,,,,,,,,,,,,,,,,,,,,,,,,,,,0,0,1.111,0,Yes,Yes,No,No,Yes,Yes,No,Yes,No,,,,,,,,,,,,,,,,,,,,,,,,,,,,,,,,,,,,,,,,,,,,,,,,,,,,,,,,,,,"I was to view pictures that would only appear for one second. Afterwards, I answered a series of question about the picture.",Did I notice what the object in the picture was sitting on?,blue,5,,54,Female
P0166,325,TRUE,anonymous,EN,I consent.,0,0,1.02,0,No,Yes,Yes,Yes,Yes,Yes,Yes,Yes,Yes,0,0,1.117,0,Yes,Yes,Yes,Yes,Yes,Yes,Yes,Yes,Yes,,,,,,,,,,,,,,,,,,,,,,,,,,,,,,,,,,,,,,,,,,,,,,,,,,,,,,,,,,,,,,,,,,,,,,,,,,,,,,,,,,,,,,,,,,,,,,,,,,,,0,0,1.019,0,,,,,Yes,No,No,No,Yes,Yes,Yes,Yes,Yes,,,,,,,,,,,,,,,,,,,,,,,,,,,,,,Indicate what detail you could remember after seeing display for 1 second,What was the color of the candle holder,blue,5,,47,Female
P0167,229,TRUE,anonymous,EN,I consent.,0,0,1.112,0,Yes,Yes,Yes,Yes,Yes,No,Yes,Yes,Yes,0,0,1.012,0,Yes,Yes,Yes,Yes,Yes,Yes,Yes,Yes,No,,,,,,,,,0,0,1.108,0,,,,,,,,,Yes,Yes,No,No,Yes,Yes,No,Yes,Yes,,,,,,,,,,,,,,,,,,,,,,,,,,,,,,,,,,,,,,,,,,,,,,,,,,,,,,,,,,,,,,,,,,,,,,,,,,,,,,,,,,,,,,,,,,,,,,,,,,,,,,,,,,,,,,,,,,,,,Look at a photo for 1 second and then answer questions about what I remember seeing in the photo.,Did I notice the direction of light source?,blue,5,,26,Female
P0168,125,TRUE,anonymous,EN,I consent.,0,0,1.008,0,No,Yes,Yes,Yes,Yes,Yes,Yes,Yes,No,0,0,1.008,0,Yes,Yes,Yes,Yes,Yes,No,Yes,Yes,Yes,,,,,,,,,,,,,,,,,,,,,,,,,,,,,,,,,,,,,,,,,,,,,,,,,,,,,,,,,,,0,0,1.008,0,,,,,,,,,,,,,,,,,Yes,Yes,No,No,No,Yes,Yes,Yes,Yes,,,,,,,,,,,,,,,,,,,,,,,,,,,,,,,,,,,,,,,,,,,,,,,,,,,,,,,,,,,seeing 1 picture for 1 second and asked yes/no questions about details,'did you notice whether or not there was a refrigerator',blue,5,,26,Female
P0169,184,TRUE,anonymous,EN,I consent.,0,0,1.011,0,No,Yes,Yes,Yes,No,Yes,Yes,Yes,Yes,0,0,1.013,0,Yes,Yes,Yes,Yes,No,No,Yes,Yes,Yes,,,,,,,,,,,,,,,,,,,,,,,,,,,,,,,,,,,,,,,,,,,,,,,,,,,,,,,,,,,,,,,,,,,,,,,,,,,,,,,,,,,,,,,,,,,,,,,,,,,,,,,,0,0,1.116,0,No,No,Yes,Yes,No,No,Yes,Yes,Yes,,,,,,,,,,,,,,,,,,,,,,,,,,,,,,To answer yes/no questions about a picture that we saw for exactly one second.,Did you notice what hand the person used to light the candle?,blue,5,,46,Female
P0170,310,TRUE,anonymous,EN,I consent.,0,0,1.008,0,No,Yes,Yes,Yes,Yes,No,Yes,No,Yes,0,0,1.107,0,Yes,Yes,Yes,Yes,Yes,Yes,Yes,Yes,No,,,,,,,,,,,,,,,,,,,,,,,,,,,,,,,,,,,,,,,,,,,,,,,,,,,,,,,,,,,,,,,,,,,,,,,,,,,,,,,,,,,,,,,,,,,,,,,,,,,,,,,,,,,,,,,,,,,,,0,0,1.007,0,,,,,,,,,,,,,,,,,Yes,Yes,No,Yes,Yes,No,Yes,Yes,Yes,To view an image for one second and answer a series of yes or no questions.,Whether or not I noticed the age of the person in the image.,blue,5,,33,Female
P0171,146,TRUE,anonymous,EN,I consent.,0,0,1.113,0,No,Yes,Yes,Yes,Yes,Yes,Yes,No,Yes,0,0,1.011,0,Yes,Yes,Yes,Yes,Yes,No,Yes,Yes,No,0,0,1.007,0,,,,,,,,,,,,,,,,,No,Yes,No,Yes,No,Yes,Yes,Yes,Yes,,,,,,,,,,,,,,,,,,,,,,,,,,,,,,,,,,,,,,,,,,,,,,,,,,,,,,,,,,,,,,,,,,,,,,,,,,,,,,,,,,,,,,,,,,,,,,,,,,,,,,,,,,,,,,,,,,,,,"Pay attention to the picture for 1 second, then answer questions about it. ",Did you notice the color of the ball?,Blue,5,,30,Female
P0172,94,TRUE,anonymous,EN,I consent.,0,0,1.112,0,No,Yes,Yes,Yes,Yes,Yes,Yes,Yes,No,0,0,1.009,0,Yes,Yes,Yes,Yes,No,Yes,Yes,Yes,Yes,,,,,,,,,,,,,,,,,,,,,,,,,,,,,,,,,,,,,,,,,,,,,,,,,,,,,,,,,,,,,,,,,,,,,,,,,,,,,,,,,,,,,,,,,,,,0,0,1.01,0,,,,,,,,,,,,,Yes,Yes,No,No,Yes,No,Yes,Yes,Yes,,,,,,,,,,,,,,,,,,,,,,,,,,,,,,View photos and answer questions,Did you notice the shape of the object,Blue,5,,31,Male
P0173,217,TRUE,anonymous,EN,I consent.,0,0,1.012,0,Yes,Yes,Yes,Yes,No,Yes,No,No,No,0,0,1.01,0,Yes,No,Yes,Yes,Yes,No,Yes,Yes,Yes,,,,,,,,,,,,,,,,,,,,,,,,,,,,,,,,,,,,,,,,,,,,,,,,,,,,,,,,,,,,,,,,,,,,,,,,,,,,,,,,,,,,,,,,,,,,,,,,,,,,,,,,,,,,,,,,,,,,,,,,,,,,,0,0,1.009,0,,,,,,,,,Yes,Yes,No,Yes,Yes,Yes,Yes,Yes,No,Answering questions about a image ,Questions about a image ,Blue,5,,33,Male
P0174,225,TRUE,anonymous,EN,I consent.,0,0,1.037,0,Yes,Yes,Yes,Yes,Yes,Yes,Yes,Yes,Yes,0,0,1.025,0,Yes,Yes,Yes,Yes,No,Yes,Yes,Yes,Yes,,,,,,,,,,,,,,,,,,,,,,,,,,,,,,,,,,,,,,,,,,,,,,,,,,,,,,,,,,,,,,,,,,,,,,,,,,,,,,,,,,,,,,,,,,,,,,,,,,,,,,,,,,,,,,,,,,,,,,,,,,,,,,,,,,,,,0,0,1.034,0,No,No,Yes,Yes,No,Yes,Yes,Yes,Yes,To look at an image and remember as much about it as possible,Do you remember the size of the bench the person was sitting on?,blue,5,,43,Female
P0175,354,TRUE,anonymous,EN,I consent.,0,0,1.113,0,Yes,Yes,Yes,Yes,Yes,Yes,Yes,Yes,No,0,0,1.016,0,Yes,Yes,Yes,Yes,No,Yes,Yes,Yes,Yes,,,,,,,,,,,,,,,,,,,,,,,,,,,,,,,,,,,,,,,,,,,,,,,,,,,,,,,,,,,,,,,,,,,,,,,,,,,0,0,1.012,0,Yes,Yes,No,Yes,No,Yes,Yes,Yes,Yes,,,,,,,,,,,,,,,,,,,,,,,,,,,,,,,,,,,,,,,,,,,,,,,,,,,,,,,,,,,View a image for 1 second and answer yes or no questions about the details of the image I saw.,Did I notice if the person was using her right or left hand to feed the animal.,blue,5,,38,Female
P0176,354,TRUE,anonymous,EN,I consent.,0,0,1.014,0,No,Yes,Yes,Yes,Yes,Yes,Yes,Yes,Yes,0,0,1.014,0,Yes,Yes,Yes,Yes,No,No,Yes,Yes,Yes,,,,,0,0,1.017,0,,,,,,,,,,,,,Yes,Yes,Yes,No,No,No,No,Yes,Yes,,,,,,,,,,,,,,,,,,,,,,,,,,,,,,,,,,,,,,,,,,,,,,,,,,,,,,,,,,,,,,,,,,,,,,,,,,,,,,,,,,,,,,,,,,,,,,,,,,,,,,,,,,,,,,,,,,,,,Viewing a picture for 1 minute and seeing what details you remembered.,What size the ball was.,Blue,5,,52,Female
P0177,235,TRUE,anonymous,EN,I consent.,0,0,1.108,0,Yes,Yes,Yes,Yes,Yes,No,Yes,Yes,Yes,0,0,1.007,0,Yes,Yes,Yes,Yes,Yes,Yes,Yes,Yes,Yes,,,,,,,,,,,,,,,,,,,,,,,,,,,,,,,,,,,,,,,,,,,,,,,,,,,,,,,,,,,,,,,,,,,,,,,0,0,1.007,0,,,,,Yes,Yes,No,Yes,Yes,Yes,Yes,Yes,Yes,,,,,,,,,,,,,,,,,,,,,,,,,,,,,,,,,,,,,,,,,,,,,,,,,,,,,,,,,,,To see if I noticed different aspects of an image.,Did you notice if there was a human in the image or not?,Blue,5,,29,Male
P0178,562,TRUE,anonymous,EN,I consent.,0,0,1.01,0,No,Yes,Yes,No,Yes,Yes,Yes,Yes,Yes,0,0,1.011,0,Yes,Yes,Yes,Yes,Yes,No,Yes,Yes,No,,,,,,,,,,,,,,,,,,,,,,,,,,,,,,,,,,,,,,,,,,0,0,1.009,0,,,,,Yes,Yes,Yes,Yes,Yes,Yes,Yes,Yes,No,,,,,,,,,,,,,,,,,,,,,,,,,,,,,,,,,,,,,,,,,,,,,,,,,,,,,,,,,,,,,,,,,,,,,,,,,,,,,,,,,,,,,,,,To answer Questions (yes or no) regarding shown picture,with what hand person was holding the subject (an apple)?,blue,5,interesting,77,Female
P0179,127,TRUE,anonymous,EN,I consent.,0,0,1.016,0,No,Yes,Yes,Yes,Yes,Yes,Yes,Yes,Yes,0,0,1.01,0,Yes,Yes,Yes,Yes,Yes,Yes,Yes,Yes,Yes,,,,,,,,,,,,,,,,,,,,,,,,,,,,,,,,,,,,,,,,,,,,,,,,,,,,,,,,,,,,,,,,,,,0,0,1.008,0,,,,,,,,,Yes,Yes,No,Yes,Yes,Yes,Yes,Yes,Yes,,,,,,,,,,,,,,,,,,,,,,,,,,,,,,,,,,,,,,,,,,,,,,,,,,,,,,,,,,,I looked at photos for 1 second each and had to answer yes/no questions about the details in the photos,"""Did you notice the size of the object?""",Blue,5,,23,Female
P0180,317,TRUE,anonymous,EN,I consent.,0,0,1.112,0,No,Yes,Yes,Yes,Yes,Yes,Yes,Yes,No,0,0,1.01,0,Yes,Yes,Yes,Yes,No,Yes,Yes,Yes,Yes,,,,,,,,,,,,,,,,,,,,,,,,,,,,,,,,,,,,,,0,0,1.113,0,,,,,,,,,Yes,Yes,Yes,Yes,Yes,Yes,Yes,Yes,Yes,,,,,,,,,,,,,,,,,,,,,,,,,,,,,,,,,,,,,,,,,,,,,,,,,,,,,,,,,,,,,,,,,,,,,,,,,,,,,,,,,,,,,,,,I was to recall details about the image I was shown for one second ,Do I remember the size of the fruit she was holding or do I remember the size of the bag ,blue,5,,32,Female
P0181,228,TRUE,anonymous,EN,I consent.,0,0,1.009,0,Yes,Yes,Yes,Yes,Yes,Yes,Yes,No,Yes,0,0,1.107,0,Yes,Yes,Yes,Yes,Yes,No,Yes,Yes,Yes,,,,,,,,,,,,,,,,,,,,,,,,,,,,,,,,,,,,,,,,,,,,,,,,,,,,,,,,,,,,,,,,,,,,,,,,,,,,,,,,,,,,,,,,,,,,,,,,,,,,,,,,,,,,,,,,,,,,,,,,,,,,,0,0,1.107,0,,,,,,,,,Yes,No,No,Yes,No,No,Yes,Yes,No,View an image for 1 second then answer questions about details in that image.,Did you notice the size of the bench?,blue,5,,46,Male
P0182,177,TRUE,anonymous,EN,I consent.,0,0,1.021,0,No,Yes,Yes,Yes,Yes,Yes,Yes,No,No,0,0,1.025,0,Yes,Yes,Yes,Yes,Yes,No,Yes,Yes,Yes,,,,,,,,,,,,,,,,,,,,,,,,,,,,,,,,,,,,,,,,,,,,,,,,,,,,,,,,,,,,,,,,,,,,,,,,,,,,,,,,,,,,,,,,,,,,,,,,0,0,1.121,0,,,,,,,,,Yes,Yes,No,No,Yes,Yes,Yes,Yes,Yes,,,,,,,,,,,,,,,,,,,,,,,,,,,,,,I had to look at an image for 1 second and answer questions about what i remembered,Did you notice the build of the person lighting the candle,blue,5,,38,Female
P0183,206,TRUE,anonymous,EN,I consent.,0,0,1.008,0,No,Yes,Yes,Yes,Yes,Yes,Yes,No,Yes,0,0,1.015,0,Yes,Yes,Yes,Yes,No,No,Yes,No,No,,,,,,,,,,,,,,,,,,,,,,,,,,,,,,,,,,,,,,,,,,,,,,,,,,,,,,,,,,,,,,,,,,,,,,,,,,,,,,,,,,,,,,,,0,0,1.01,0,,,,,,,,,,,,,,,,,Yes,Yes,No,No,Yes,Yes,No,Yes,No,,,,,,,,,,,,,,,,,,,,,,,,,,,,,,Saw a picture for one second and then answered questions about the details in the picture.,Did you notice what the person was lighting the candle with?,blue,5,,41,Female
P0184,391,TRUE,anonymous,EN,I consent.,0,0,1.108,0,No,Yes,Yes,Yes,Yes,Yes,Yes,Yes,Yes,0,0,1.009,0,Yes,Yes,Yes,Yes,Yes,No,Yes,Yes,Yes,,,,,,,,,,,,,,,,,,,,,,,,,,,,,,,,,,,,,,,,,,,,,,0,0,1.109,0,Yes,Yes,Yes,Yes,Yes,Yes,Yes,Yes,Yes,,,,,,,,,,,,,,,,,,,,,,,,,,,,,,,,,,,,,,,,,,,,,,,,,,,,,,,,,,,,,,,,,,,,,,,,,,,,,,,,,,,,,,,,pay attention to details in an image that flashed for 1 second,Did you notice what type of fruit?,blue,5,,59,Female
P0185,187,TRUE,anonymous,EN,I consent.,0,0,1.009,0,Yes,Yes,Yes,Yes,Yes,Yes,Yes,Yes,Yes,0,0,1.008,0,Yes,Yes,Yes,Yes,No,Yes,Yes,Yes,Yes,,,,,,,,,0,0,1.007,0,,,,,,,,,Yes,Yes,Yes,Yes,Yes,Yes,Yes,Yes,Yes,,,,,,,,,,,,,,,,,,,,,,,,,,,,,,,,,,,,,,,,,,,,,,,,,,,,,,,,,,,,,,,,,,,,,,,,,,,,,,,,,,,,,,,,,,,,,,,,,,,,,,,,,,,,,,,,,,,,,"To look at an image for 1 second and try to memorize it, then recall specific details about it. ",If I remember the direction the ball was going (front to back or left to right),blue,5,,27,Female
P0186,220,TRUE,anonymous,EN,I consent.,0,0,1.008,0,No,Yes,Yes,Yes,Yes,Yes,Yes,No,No,0,0,1.006,0,Yes,Yes,Yes,Yes,No,Yes,Yes,Yes,Yes,,,,,,,,,,,,,,,,,,,,,,,,,,,,,,,,,,0,0,1.117,0,,,,,,,,,,,,,Yes,Yes,Yes,No,No,No,Yes,Yes,Yes,,,,,,,,,,,,,,,,,,,,,,,,,,,,,,,,,,,,,,,,,,,,,,,,,,,,,,,,,,,,,,,,,,,,,,,,,,,,,,,,,,,,,,,,notice details of an image viewed for 1 second,did you notice how the bag was held,blue,5,,42,Male
P0187,185,TRUE,anonymous,EN,I consent.,0,0,1.118,0,No,Yes,Yes,Yes,Yes,Yes,Yes,Yes,Yes,0,0,1.023,0,Yes,Yes,Yes,Yes,Yes,Yes,Yes,Yes,Yes,,,,,,,,,,,,,,,,,,,,,,,,,,,,,,,,,,,,,,,,,,,,,,,,,,,,,,,,,,,,,,,,,,,,,,,,,,,0,0,1.128,0,Yes,Yes,Yes,Yes,Yes,Yes,No,Yes,Yes,,,,,,,,,,,,,,,,,,,,,,,,,,,,,,,,,,,,,,,,,,,,,,,,,,,,,,,,,,,I had to decide yes or no whether I observed certain characteristics of the image shown ,Did you notice the location of the person relative to the animal?,blue,5,Good study worth undertaking ,29,Male
P0188,204,TRUE,anonymous,EN,I consent.,0,0,1.011,0,No,Yes,Yes,Yes,Yes,Yes,Yes,Yes,No,0,0,1.112,0,Yes,Yes,Yes,Yes,Yes,No,Yes,Yes,Yes,,,,,,,,,,,,,,,,,,,,,,,,,,,,,,,,,,,,,,,,,,,,,,,,,,,,,,,,,,,,,,,,,,,,,,,,,,,,,,,,,,,,,,,,,,,,,,,,,,,,,,,,,,,,,,,,,,,,,0,0,1.106,0,,,,,,,,,,,,,,,,,Yes,Yes,Yes,Yes,Yes,No,Yes,Yes,No,look at a picture for 1 second and then recall it., was the object in motion or not,blue,5,,34,Male
P0189,268,TRUE,anonymous,EN,I consent.,0,0,1.115,0,Yes,Yes,Yes,Yes,Yes,Yes,Yes,Yes,Yes,0,0,1.019,0,Yes,Yes,Yes,Yes,Yes,Yes,Yes,Yes,Yes,,,,,0,0,1.015,0,,,,,,,,,,,,,Yes,Yes,Yes,Yes,Yes,Yes,Yes,Yes,Yes,,,,,,,,,,,,,,,,,,,,,,,,,,,,,,,,,,,,,,,,,,,,,,,,,,,,,,,,,,,,,,,,,,,,,,,,,,,,,,,,,,,,,,,,,,,,,,,,,,,,,,,,,,,,,,,,,,,,,To look at a picture for one second and state whether I noticed certain things about those pictures.,Did I notice the color of the ball?,Blue,5,,64,Female
P0190,223,TRUE,anonymous,EN,I consent.,0,0,1.019,0,No,Yes,Yes,Yes,Yes,Yes,Yes,Yes,No,0,0,1.123,0,Yes,Yes,Yes,Yes,No,Yes,Yes,No,Yes,,,,,,,,,,,,,,,,,,,,,,,,,,,,,,,,,,,,,,,,,,,,,,,,,,,,,,,,,,,,,,,,,,,,,,,,,,,,,,,,,,,,,,,,,,,,,,,,,,,,,,,,,,,,,,,,,,,,,,,,,0,0,1.021,0,,,,,,,,,,,,,Yes,No,No,Yes,No,No,Yes,Yes,No,Looking at a picture for 1 second and answering whether I noticed certain things about the picture.,If I noticed the color of something in the picture.,blue,5,,48,Female
P0191,284,TRUE,anonymous,EN,I consent.,0,0,1.108,0,No,Yes,Yes,Yes,Yes,Yes,Yes,Yes,Yes,0,0,1.006,0,No,No,Yes,Yes,No,No,Yes,Yes,No,,,,,,,,,,,,,0,0,1.006,0,,,,,Yes,Yes,No,No,No,No,No,Yes,Yes,,,,,,,,,,,,,,,,,,,,,,,,,,,,,,,,,,,,,,,,,,,,,,,,,,,,,,,,,,,,,,,,,,,,,,,,,,,,,,,,,,,,,,,,,,,,,,,,,,,,,,,,,,,,,,,,,,,,,Recount if I noticed various details in the picture,Did I notice the color of the object?,blue,5,,77,Male
P0192,256,TRUE,anonymous,EN,I consent.,0,0,1.021,0,No,Yes,Yes,Yes,Yes,Yes,Yes,Yes,No,0,0,1.01,0,No,Yes,Yes,Yes,No,No,Yes,Yes,Yes,,,,,,,,,,,,,,,,,,,,,,,,,,,,,,0,0,1.006,0,,,,,,,,,,,,,,,,,Yes,Yes,Yes,Yes,Yes,Yes,Yes,Yes,Yes,,,,,,,,,,,,,,,,,,,,,,,,,,,,,,,,,,,,,,,,,,,,,,,,,,,,,,,,,,,,,,,,,,,,,,,,,,,,,,,,,,,,,,,,"look at a picture for a second, then recall what I saw",what type of fruit was he handling,blue,5,,67,Female
P0193,262,TRUE,anonymous,EN,I consent.,0,0,1.108,0,Yes,Yes,Yes,Yes,Yes,Yes,Yes,Yes,No,0,0,1.006,0,No,Yes,Yes,No,Yes,Yes,Yes,Yes,Yes,,,,,,,,,,,,,,,,,,,,,,,,,,,,,,0,0,1.005,0,,,,,,,,,,,,,,,,,Yes,Yes,Yes,Yes,Yes,Yes,Yes,Yes,Yes,,,,,,,,,,,,,,,,,,,,,,,,,,,,,,,,,,,,,,,,,,,,,,,,,,,,,,,,,,,,,,,,,,,,,,,,,,,,,,,,,,,,,,,,I was shown a picture for 1 second and then answer if i noticed certain things about it.,Did I notice the apparent age of the person?,blue,5,,24,Female
P0194,267,TRUE,anonymous,EN,I consent.,0,0,1.016,0,No,Yes,Yes,Yes,Yes,Yes,Yes,Yes,Yes,0,0,1.014,0,Yes,Yes,Yes,Yes,Yes,No,Yes,Yes,No,,,,,,,,,,,,,,,,,,,,,,,,,,,,,,,,,,,,,,,,,,,,,,,,,,,,,,,,,,,,,,,,,,,,,,,,,,,,,,,,,,,,,,,,,,,,,,,,,,,,0,0,1.006,0,,,,,Yes,Yes,Yes,No,No,Yes,Yes,No,Yes,,,,,,,,,,,,,,,,,,,,,,,,,,,,,,To see a picture for one second and then remember details about the picture,If I observed the color of the candle,blue,5,,32,Female
P0195,250,TRUE,anonymous,EN,I consent.,0,0,1.006,0,No,Yes,Yes,Yes,Yes,Yes,Yes,Yes,Yes,0,0,1.007,0,Yes,Yes,Yes,Yes,Yes,No,Yes,Yes,Yes,,,,,,,,,,,,,,,,,,,,,,,,,,,,,,,,,,,,,,,,,,,,,,,,,,,,,,,,,,,,,,,,,,,,,,,,,,,0,0,1.007,0,Yes,Yes,No,Yes,Yes,Yes,Yes,Yes,No,,,,,,,,,,,,,,,,,,,,,,,,,,,,,,,,,,,,,,,,,,,,,,,,,,,,,,,,,,,Look at an image for one second and answer some questions about it,Did you notice the treat the person was giving to the animal?,blue,5,no,62,Female
P0196,241,TRUE,anonymous,EN,I consent.,0,0,1.007,0,Yes,Yes,Yes,Yes,Yes,No,Yes,Yes,Yes,0,0,1.106,0,Yes,Yes,Yes,Yes,Yes,Yes,Yes,Yes,Yes,,,,,,,,,,,,,,,,,,,,,,,,,,,,,,,,,,,,,,,,,,,,,,,,,,,,,,,,,,,,,,,,,,,,,,,,,,,,,,,,,,,,,,,,,,,,,,,,,,,,,,,,,,,,,,,,,,,,,,,,,,,,,,,,,0,0,1.012,0,,,,,Yes,Yes,No,Yes,No,Yes,Yes,Yes,Yes,viewed images very briefly and asked to recall details,the physique of the person taking off shoes,blue,5,none,49,Male
P0197,236,TRUE,anonymous,EN,I consent.,0,0,1.122,0,Yes,Yes,Yes,Yes,Yes,No,Yes,Yes,Yes,0,0,1.018,0,Yes,Yes,Yes,Yes,Yes,No,Yes,Yes,Yes,,,,,,,,,,,,,,,,,0,0,1.118,0,Yes,Yes,Yes,Yes,No,Yes,Yes,Yes,Yes,,,,,,,,,,,,,,,,,,,,,,,,,,,,,,,,,,,,,,,,,,,,,,,,,,,,,,,,,,,,,,,,,,,,,,,,,,,,,,,,,,,,,,,,,,,,,,,,,,,,,,,,,,,,,,,,,,,,,looking at pictures and tell from memory,did i see the size of the object,blue,5,,36,Female
P0198,215,TRUE,anonymous,EN,I consent.,0,0,1.009,0,Yes,Yes,Yes,Yes,Yes,No,Yes,Yes,Yes,1.035,1.035,1.109,1,Yes,Yes,Yes,Yes,No,Yes,Yes,No,No,,,,,,,,,,,,,,,,,,,,,,,,,,,,,,,,,,,,,,,,,,0,0,1.009,0,,,,,Yes,Yes,Yes,Yes,Yes,Yes,No,No,Yes,,,,,,,,,,,,,,,,,,,,,,,,,,,,,,,,,,,,,,,,,,,,,,,,,,,,,,,,,,,,,,,,,,,,,,,,,,,,,,,,,,,,,,,,to answer questions about the picture i saw for one second,did you notice how they were carrying the bag? shoulder/ in hand?,blue,5,,25,Female
P0199,141,TRUE,anonymous,EN,I consent.,0,0,1.121,0,No,Yes,Yes,Yes,Yes,Yes,Yes,Yes,No,0,0,1.118,0,No,Yes,Yes,Yes,Yes,No,Yes,No,Yes,,,,,,,,,,,,,0,0,1.117,0,,,,,Yes,Yes,No,Yes,No,No,No,Yes,Yes,,,,,,,,,,,,,,,,,,,,,,,,,,,,,,,,,,,,,,,,,,,,,,,,,,,,,,,,,,,,,,,,,,,,,,,,,,,,,,,,,,,,,,,,,,,,,,,,,,,,,,,,,,,,,,,,,,,,,Answer questions about details in an image shown for one second.,Did you notice the color of the table,blue,5,,24,Male
P0200,235,TRUE,anonymous,EN,I consent.,0,0,1.112,0,No,Yes,Yes,Yes,Yes,No,Yes,No,Yes,0,0,1.006,0,No,Yes,Yes,Yes,Yes,Yes,Yes,No,Yes,,,,,,,,,,,,,,,,,,,,,,,,,,,,,,,,,,,,,,,,,,,,,,,,,,,,,,,,,,,,,,,0,0,1.01,0,,,,,,,,,,,,,Yes,Yes,No,Yes,No,No,Yes,No,No,,,,,,,,,,,,,,,,,,,,,,,,,,,,,,,,,,,,,,,,,,,,,,,,,,,,,,,,,,,I was to look at an image shown for one second and see if i notice any specific details from the image,did I notice the size of the animal,Blue,5,All good!,22,Non-binary / third gender
P0201,186,TRUE,anonymous,EN,I consent.,0,0,1.007,0,No,Yes,Yes,Yes,Yes,Yes,Yes,No,Yes,0,0,1.006,0,Yes,Yes,Yes,Yes,No,Yes,Yes,Yes,No,,,,,,,,,,,,,,,,,,,,,,,,,,,,,,,,,,,,,,,,,,,,,,,,,,,,,,,,,,,,,,,,,,,,,,,,,,,,,,,,,,,,,,,,,,,,,,,,,,,,,,,,,,,,,,,,,,,,,,,,,,,,,,,,,,,,,0,0,1.005,0,Yes,Yes,Yes,Yes,Yes,Yes,No,Yes,Yes,To see a quick image and then answer whether or not we noticed specific things about the image in the short period of time. ,Did I noticed if the person had socks on? Did I notice the size of the bench? ,blue,5,,28,Female
P0202,141,TRUE,anonymous,EN,I consent.,0,0,1.013,0,No,Yes,Yes,Yes,Yes,No,Yes,Yes,No,0,0,1.12,0,Yes,Yes,Yes,Yes,No,Yes,Yes,Yes,No,,,,,,,,,,,,,0,0,1.117,0,,,,,Yes,Yes,Yes,Yes,Yes,Yes,No,Yes,Yes,,,,,,,,,,,,,,,,,,,,,,,,,,,,,,,,,,,,,,,,,,,,,,,,,,,,,,,,,,,,,,,,,,,,,,,,,,,,,,,,,,,,,,,,,,,,,,,,,,,,,,,,,,,,,,,,,,,,,I had to say whether or not I noticed certain details of a picture,was the object stationary?,blue,5,The pay should be a bit higher,30,Male
P0203,263,TRUE,anonymous,EN,I consent.,0,0,1.005,0,No,Yes,Yes,No,Yes,No,Yes,No,Yes,0,0,1.109,0,Yes,Yes,No,Yes,Yes,No,Yes,Yes,Yes,,,,,,,,,,,,,,,,,,,,,,,,,,,,,,,,,,,,,,,,,,,,,,,,,,,,,,,,,,,0,0,1.006,0,,,,,,,,,,,,,,,,,Yes,Yes,No,Yes,Yes,Yes,Yes,Yes,No,,,,,,,,,,,,,,,,,,,,,,,,,,,,,,,,,,,,,,,,,,,,,,,,,,,,,,,,,,,Report what I was aware of in the span of time i saw the pic,did you see what the object was sitting on,blue,5,,33,Male
P0204,160,TRUE,anonymous,EN,I consent.,0,0,1.017,0,No,Yes,Yes,Yes,Yes,Yes,Yes,No,Yes,0,0,1.014,0,Yes,Yes,Yes,Yes,Yes,No,Yes,Yes,Yes,,,,,,,,,,,,,,,,,,,,,,,,,,,,,,,,,,,,,,,,,,,,,,,,,,,,,,,,,,,,,,,,,,,,,,,,,,,,,,,,,,,,,,,,,,,,,,,,,,,,,,,,0,0,1.018,0,Yes,No,Yes,Yes,Yes,No,Yes,Yes,Yes,,,,,,,,,,,,,,,,,,,,,,,,,,,,,,To remember details of an image shown very quickly,did you notice the color of the candle?,blue,5,,29,Female
P0205,148,TRUE,anonymous,EN,I consent.,0,0,1.005,0,Yes,Yes,Yes,Yes,Yes,Yes,Yes,Yes,No,0,0,1.862,0,Yes,Yes,Yes,Yes,No,Yes,Yes,Yes,Yes,,,,,,,,,,,,,,,,,,,,,,,,,,,,,,,,,,,,,,,,,,,,,,,,,,,,,,,,,,,,,,,,,,,,,,,,,,,,,,,,,,,,,,,,,,,,,,,,,,,,,,,,,,,,,,,,,,,,,0,0,1.224,0,,,,,,,,,,,,,,,,,Yes,Yes,Yes,Yes,Yes,Yes,Yes,Yes,Yes,look at 3 pictures 1 second each and verify key details,did you notice the color/pattern of the object?,blue,5,,25,Male
P0206,215,TRUE,anonymous,EN,I consent.,0,0,1.011,0,No,Yes,Yes,Yes,Yes,Yes,Yes,Yes,No,0,0,1.114,0,Yes,Yes,Yes,Yes,No,No,Yes,Yes,Yes,,,,,,,,,,,,,,,,,,,,,,,,,,,,,,,,,,,,,,,,,,,,,,,,,,,,,,,,,,,,,,,,,,,,,,,,,,,,,,,,,,,,,,,,,,,,,,,,,,,,,,,,0,0,1.015,0,Yes,Yes,Yes,Yes,Yes,No,Yes,Yes,Yes,,,,,,,,,,,,,,,,,,,,,,,,,,,,,,Briefly look at an image and then answer questions about it,Did you notice the color of the object,Blue,5,,29,Male
P0207,157,TRUE,anonymous,EN,I consent.,0,0,1.009,0,Yes,Yes,Yes,Yes,Yes,Yes,Yes,Yes,No,0,0,1.111,0,Yes,Yes,Yes,Yes,Yes,Yes,Yes,Yes,No,,,,,,,,,,,,,,,,,,,,,,,,,,,,,,,,,,,,,,,,,,0,0,1.009,0,,,,,Yes,Yes,Yes,Yes,Yes,Yes,Yes,Yes,No,,,,,,,,,,,,,,,,,,,,,,,,,,,,,,,,,,,,,,,,,,,,,,,,,,,,,,,,,,,,,,,,,,,,,,,,,,,,,,,,,,,,,,,,See if I noticed details in a photo,Did I notice the size of the object in the photo,Blue,5,,24,Male
P0208,189,TRUE,anonymous,EN,I consent.,0,0,1.01,0,No,Yes,Yes,Yes,Yes,Yes,Yes,Yes,Yes,0.999,0.999,1.108,1,Yes,Yes,Yes,Yes,Yes,Yes,Yes,Yes,No,,,,,,,,,,,,,,,,,,,,,,,,,,,,,,,,,,,,,,,,,,,,,,,,,,,,,,,,,,,0,0,1.007,0,,,,,,,,,,,,,,,,,Yes,Yes,No,Yes,No,Yes,Yes,Yes,Yes,,,,,,,,,,,,,,,,,,,,,,,,,,,,,,,,,,,,,,,,,,,,,,,,,,,,,,,,,,,To view an image for 1 second and answer a series of questions relating to whether or not I noticed details in the image.,DId you notice the person's apparent age.,Blue,5,,28,Female
P0209,175,TRUE,anonymous,EN,I consent.,0,0,1.119,0,Yes,Yes,Yes,Yes,Yes,Yes,Yes,Yes,No,0,0,1.112,0,Yes,Yes,Yes,Yes,Yes,Yes,Yes,Yes,Yes,,,,,,,,,,,,,,,,,,,,,,,,,,,,,,,,,,,,,,,,,,,,,,,,,,,,,,,,,,,,,,,,,,,,,,,0,0,1.013,0,,,,,Yes,Yes,No,Yes,Yes,Yes,Yes,Yes,Yes,,,,,,,,,,,,,,,,,,,,,,,,,,,,,,,,,,,,,,,,,,,,,,,,,,,,,,,,,,,To answer how well I could remember images I could only see for one second.,Can you remember what the background was like in the image?,Blue,5,,28,Male
P0210,161,TRUE,anonymous,EN,I consent.,0,0,1.108,0,No,Yes,Yes,Yes,Yes,Yes,Yes,No,Yes,0,0,1.107,0,Yes,Yes,Yes,Yes,Yes,Yes,Yes,Yes,Yes,,,,,,,,,,,,,,,,,,,,,,,,,,,,,,,,,,,,,,,,,,,,,,,,,,,,,,,,,,,,,,,,,,,,,,,,,,,,,,,,,,,,,,,,,,,,,,,,,,,,,,,,,,,,,,,,,,,,,,,,,0,0,1.108,0,,,,,,,,,,,,,Yes,Yes,Yes,Yes,Yes,Yes,Yes,Yes,No,describe an image,did you notice if the woman was wearing socks,blue,5,,28,Male
P0211,241,TRUE,anonymous,EN,I consent.,0,0,1.107,0,Yes,Yes,Yes,No,No,No,Yes,No,Yes,0,0,1.007,0,No,Yes,Yes,Yes,Yes,No,Yes,Yes,Yes,,,,,,,,,,,,,,,,,,,,,,,,,,,,,,,,,,,,,,0,0,1.008,0,,,,,,,,,Yes,Yes,Yes,Yes,No,Yes,Yes,Yes,No,,,,,,,,,,,,,,,,,,,,,,,,,,,,,,,,,,,,,,,,,,,,,,,,,,,,,,,,,,,,,,,,,,,,,,,,,,,,,,,,,,,,,,,,To answer questions about a photo I was shown for one second and then to answer demographic questions.,Did you notice which hand held the fruit?,blue,5,no,66,Male
P0212,207,TRUE,anonymous,EN,I consent.,0,0,1.115,0,No,Yes,Yes,Yes,Yes,Yes,Yes,Yes,No,0,0,1.007,0,No,Yes,Yes,Yes,Yes,Yes,Yes,Yes,Yes,,,,,,,,,,,,,,,,,,,,,,,,,,,,,,,,,,,,,,,,,,,,,,0,0,1.014,0,Yes,Yes,No,No,No,No,Yes,Yes,Yes,,,,,,,,,,,,,,,,,,,,,,,,,,,,,,,,,,,,,,,,,,,,,,,,,,,,,,,,,,,,,,,,,,,,,,,,,,,,,,,,,,,,,,,,"I was shown an image for 1 second, then asked whether or not I noticed various aspects of the image.",Did you notice which hand the person was holding the fruit in?,blue,5,,35,Male
P0213,687,TRUE,anonymous,EN,I consent.,0,0,1.012,0,Yes,Yes,Yes,Yes,Yes,Yes,Yes,No,No,0,0,1.115,0,Yes,Yes,Yes,Yes,No,No,Yes,Yes,Yes,,,,,,,,,,,,,,,,,,,,,,,,,,,,,,,,,,,,,,,,,,,,,,,,,,,,,,,,,,,,,,,,,,,,,,,,,,,,,,,,,,,,,,,,,,,,0,0,1.115,0,,,,,,,,,,,,,Yes,No,No,No,Yes,Yes,Yes,Yes,Yes,,,,,,,,,,,,,,,,,,,,,,,,,,,,,,To indicate details I noticed or did not notice,Did you notice which hand the person used to light the candle,blue,5,,54,Male
P0214,169,TRUE,anonymous,EN,I consent.,0,0,1.008,0,No,Yes,Yes,Yes,Yes,No,Yes,No,No,0,0,1.006,0,Yes,Yes,Yes,Yes,No,No,Yes,Yes,No,,,,,,,,,,,,,,,,,,,,,,,,,,,,,,,,,,,,,,,,,,,,,,,,,,,,,,,,,,,,,,,,,,,0,0,1.006,0,,,,,,,,,Yes,Yes,No,No,Yes,Yes,No,Yes,Yes,,,,,,,,,,,,,,,,,,,,,,,,,,,,,,,,,,,,,,,,,,,,,,,,,,,,,,,,,,,I was shown a picture for 1 second and tried to recall details.,did you notice the color and pattern of the object?,blue,5,,31,Male
P0215,226,TRUE,anonymous,EN,I consent.,0,0,1.114,0,Yes,Yes,Yes,Yes,Yes,No,Yes,No,Yes,0,0,1.009,0,No,Yes,No,Yes,Yes,Yes,Yes,Yes,Yes,0,0,1.012,0,,,,,,,,,,,,,,,,,Yes,Yes,Yes,No,No,Yes,No,Yes,Yes,,,,,,,,,,,,,,,,,,,,,,,,,,,,,,,,,,,,,,,,,,,,,,,,,,,,,,,,,,,,,,,,,,,,,,,,,,,,,,,,,,,,,,,,,,,,,,,,,,,,,,,,,,,,,,,,,,,,,To look at a picture for 1 second and answer questions ,Did you notice a person or not,blue,5,,43,Female
P0216,199,TRUE,anonymous,EN,I consent.,0,0,1.006,0,No,Yes,Yes,Yes,Yes,Yes,Yes,Yes,Yes,0,0,1.014,0,Yes,Yes,Yes,Yes,Yes,Yes,Yes,Yes,Yes,,,,,,,,,,,,,,,,,,,,,,,,,,,,,,,,,,,,,,,,,,,,,,,,,,,,,,,,,,,,,,,0,0,1.12,0,,,,,,,,,,,,,Yes,Yes,Yes,No,Yes,Yes,Yes,No,Yes,,,,,,,,,,,,,,,,,,,,,,,,,,,,,,,,,,,,,,,,,,,,,,,,,,,,,,,,,,,Answering yes or no questions about an image seen for 1 second.,Did you notice which hand was used to give the treat?,blue,5,,28,Female
P0217,217,TRUE,anonymous,EN,I consent.,0,0,1.017,0,No,Yes,Yes,Yes,Yes,Yes,Yes,Yes,Yes,0,0,1.009,0,Yes,Yes,Yes,Yes,No,Yes,Yes,Yes,Yes,,,,,,,,,,,,,,,,,,,,,,,,,,,,,,,,,,,,,,,,,,,,,,,,,,,,,,,,,,,,,,,,,,,,,,,,,,,,,,,,,,,,,,,,,,,,,,,,,,,,,,,,0,0,1.113,0,Yes,Yes,Yes,Yes,Yes,Yes,Yes,Yes,Yes,,,,,,,,,,,,,,,,,,,,,,,,,,,,,,Notice the details in the images that screened for one second,Did you notice the size of the object?,Blue,5,,32,Female
P0218,464,TRUE,anonymous,EN,I consent.,0,0,1.014,0,No,Yes,Yes,Yes,Yes,No,Yes,No,Yes,0,0,1.01,0,Yes,Yes,Yes,Yes,No,Yes,Yes,Yes,No,,,,,0,0,1.014,0,,,,,,,,,,,,,Yes,Yes,No,Yes,No,No,No,Yes,Yes,,,,,,,,,,,,,,,,,,,,,,,,,,,,,,,,,,,,,,,,,,,,,,,,,,,,,,,,,,,,,,,,,,,,,,,,,,,,,,,,,,,,,,,,,,,,,,,,,,,,,,,,,,,,,,,,,,,,,I was asked to watch an image for 1 second and answer some questions about it,Did you notice the gender of the person?,blue,5,,47,Male
P0219,211,TRUE,anonymous,EN,I consent.,0,0,1.013,0,No,Yes,Yes,No,Yes,No,Yes,No,Yes,0,0,1.112,0,No,Yes,Yes,Yes,No,No,Yes,Yes,No,,,,,,,,,,,,,,,,,,,,,,,,,,,,,,,,,,,,,,,,,,,,,,,,,,,,,,,,,,,,,,,,,,,,,,,,,,,0,0,1.008,0,Yes,Yes,No,No,Yes,Yes,Yes,Yes,No,,,,,,,,,,,,,,,,,,,,,,,,,,,,,,,,,,,,,,,,,,,,,,,,,,,,,,,,,,,how many details I noticed from a picture after viewing it for one second,did I notice the color of an object,blue,5,,60,Male
P0220,271,TRUE,anonymous,EN,I consent.,0,0,1.009,0,No,Yes,Yes,Yes,Yes,Yes,Yes,Yes,Yes,0,0,1.008,0,Yes,Yes,Yes,Yes,Yes,No,Yes,Yes,Yes,,,,,,,,,,,,,,,,,,,,,,,,,,,,,,,,,,,,,,,,,,,,,,,,,,,,,,,,,,,,,,,,,,,,,,,,,,,,,,,,,,,,,,,,,,,,,,,,,,,,,,,,,,,,,,,,,,,,,,,,,,,,,0,0,1.008,0,,,,,,,,,No,No,Yes,Yes,Yes,No,No,Yes,Yes,Describe the details after seeing a picture for 1 second,What was the blue box during on,Blue,5,,28,Male
P0221,136,TRUE,anonymous,EN,I consent.,0,0,1.011,0,No,Yes,Yes,Yes,No,No,Yes,No,Yes,0,0,1.008,0,No,Yes,Yes,Yes,No,Yes,Yes,Yes,No,0,0,1.006,0,,,,,,,,,,,,,,,,,Yes,Yes,No,No,Yes,Yes,Yes,Yes,No,,,,,,,,,,,,,,,,,,,,,,,,,,,,,,,,,,,,,,,,,,,,,,,,,,,,,,,,,,,,,,,,,,,,,,,,,,,,,,,,,,,,,,,,,,,,,,,,,,,,,,,,,,,,,,,,,,,,,My task was to view an image for 1 second and then recall details.,Did you notice the color of the object?,Blue,5,,37,Male
P0222,155,TRUE,anonymous,EN,I consent.,0,0,1.121,0,Yes,Yes,Yes,Yes,Yes,Yes,Yes,Yes,Yes,0,0,1.024,0,Yes,Yes,Yes,Yes,Yes,Yes,Yes,Yes,No,,,,,,,,,,,,,,,,,,,,,,,,,,,,,,,,,,,,,,,,,,,,,,,,,,,,,,,,,,,,,,,,,,,,,,,,,,,,,,,,,,,,,,,,,,,,,,,,,,,,,,,,,,,,,,,,,,,,,,,,,,,,,,,,,,,,,0,0,1.011,0,Yes,Yes,Yes,Yes,No,No,No,Yes,Yes,to view a image and try to remeber the details.,did you notice the person's physique,blue,5,,32,Male
P0223,172,TRUE,anonymous,EN,I consent.,0,0,1.116,0,No,Yes,Yes,Yes,Yes,Yes,Yes,Yes,No,0,0,1.114,0,Yes,Yes,Yes,Yes,Yes,Yes,Yes,Yes,No,,,,,,,,,,,,,,,,,,,,,,,,,,,,,,,,,,,,,,,,,,,,,,,,,,,,,,,,,,,0,0,1.01,0,,,,,,,,,,,,,,,,,Yes,Yes,No,No,Yes,Yes,Yes,Yes,Yes,,,,,,,,,,,,,,,,,,,,,,,,,,,,,,,,,,,,,,,,,,,,,,,,,,,,,,,,,,,I was to look at a picture and see if I noticed the details.,Did you notice the spacing of the cage/mesh?,Blue,5,,21,Male
P0225,166,TRUE,anonymous,EN,I consent.,0,0,1.123,0,No,Yes,Yes,Yes,No,No,Yes,No,Yes,0,0,1.006,0,Yes,Yes,No,Yes,Yes,Yes,Yes,Yes,No,,,,,,,,,,,,,,,,,,,,,,,,,,,,,,,,,,,,,,,,,,,,,,,,,,,,,,,,,,,,,,,,,,,,,,,,,,,,,,,,,,,,,,,,,,,,,,,,0,0,1.107,0,,,,,,,,,No,No,No,No,Yes,No,Yes,Yes,Yes,,,,,,,,,,,,,,,,,,,,,,,,,,,,,,A picture will show for 1 second and then I had to answer yes or no questions ,Did you notice if there were clouds?,Blue,5,,,
P0226,151,TRUE,anonymous,EN,I consent.,0,0,1.109,0,No,Yes,Yes,Yes,Yes,Yes,Yes,Yes,Yes,0,0,1.011,0,Yes,Yes,No,Yes,No,Yes,Yes,Yes,No,,,,,,,,,,,,,,,,,,,,,,,,,,,,,,,,,,,,,,,,,,,,,,,,,,,,,,,,,,,,,,,,,,,,,,,,,,,,,,,,,,,,,,,,,,,,,,,,,,,,,,,,,,,,,,,,,,,,,,,,,0,0,1.115,0,,,,,,,,,,,,,No,No,No,Yes,No,Yes,Yes,No,No,Looking at an image for 1 second and then answer some questions about it,What color the bench was,I don't recall,5,,27,Female
P0227,128,TRUE,anonymous,EN,I consent.,0,0,1.008,0,Yes,No,Yes,No,Yes,Yes,Yes,Yes,No,0,0,1.107,0,Yes,Yes,No,Yes,Yes,Yes,Yes,Yes,Yes,,,,,,,,,,,,,,,,,,,,,,,,,,,,,,,,,,,,,,,,,,,,,,,,,,,,,,,,,,,,,,,,,,,,,,,,,,,,,,,,,,,,,,,,,,,,0,0,1.108,0,,,,,,,,,,,,,Yes,Yes,Yes,Yes,Yes,Yes,No,Yes,Yes,,,,,,,,,,,,,,,,,,,,,,,,,,,,,,To evaluate pictures,What was the object sitting on,Blue,5,,39,Male
P0228,244,TRUE,anonymous,EN,I consent.,0,0,1.006,0,Yes,Yes,Yes,Yes,Yes,Yes,Yes,Yes,No,0,0,1.014,0,Yes,Yes,Yes,Yes,Yes,Yes,Yes,Yes,Yes,,,,,,,,,,,,,,,,,,,,,,,,,,,,,,,,,,,,,,,,,,,,,,,,,,,,,,,,,,,,,,,,,,,,,,,,,,,,,,,,,,,,,,,,0,0,1.009,0,,,,,,,,,,,,,,,,,Yes,Yes,Yes,Yes,Yes,Yes,Yes,Yes,Yes,,,,,,,,,,,,,,,,,,,,,,,,,,,,,,I had to look at a photo quickly before it disappears and answer questions about if I remember certain details of the photo.,Did you notice if the item is outdoors or indoors?,Blue,5,,32,Male
P0229,151,TRUE,anonymous,EN,I consent.,0,0,1.009,0,Yes,Yes,Yes,Yes,Yes,No,Yes,Yes,Yes,0,0,1.013,0,Yes,Yes,No,Yes,Yes,Yes,Yes,Yes,Yes,,,,,0,0,1.014,0,,,,,,,,,,,,,Yes,Yes,Yes,Yes,Yes,Yes,Yes,Yes,Yes,,,,,,,,,,,,,,,,,,,,,,,,,,,,,,,,,,,,,,,,,,,,,,,,,,,,,,,,,,,,,,,,,,,,,,,,,,,,,,,,,,,,,,,,,,,,,,,,,,,,,,,,,,,,,,,,,,,,,I had to answer questions about what I noticed in a picture after viewing for 1 second,Did you notice the shape of the table?,blue,5,,32,Female
P0230,336,TRUE,anonymous,EN,I consent.,0,0,1.107,0,No,Yes,Yes,Yes,Yes,Yes,Yes,Yes,Yes,0,0,1.011,0,Yes,Yes,Yes,Yes,Yes,No,Yes,Yes,Yes,,,,,,,,,,,,,,,,,0,0,1.012,0,No,Yes,No,No,No,No,No,Yes,Yes,,,,,,,,,,,,,,,,,,,,,,,,,,,,,,,,,,,,,,,,,,,,,,,,,,,,,,,,,,,,,,,,,,,,,,,,,,,,,,,,,,,,,,,,,,,,,,,,,,,,,,,,,,,,,,,,,,,,,To see how much I was able to remember about a picture that I saw for one second.,What color was the ball.,blue,5,,65,Male
P0231,148,TRUE,anonymous,EN,I consent.,0,0,1.007,0,Yes,Yes,Yes,Yes,Yes,No,Yes,Yes,Yes,0,0,1.007,0,Yes,Yes,Yes,Yes,Yes,Yes,Yes,Yes,Yes,,,,,,,,,,,,,,,,,0,0,1.006,0,Yes,Yes,Yes,Yes,Yes,No,Yes,Yes,Yes,,,,,,,,,,,,,,,,,,,,,,,,,,,,,,,,,,,,,,,,,,,,,,,,,,,,,,,,,,,,,,,,,,,,,,,,,,,,,,,,,,,,,,,,,,,,,,,,,,,,,,,,,,,,,,,,,,,,,i watched an image for 1 second and answered questions,if i noticed whether or not there were people,blue,5,,31,Male
P0232,277,TRUE,anonymous,EN,I consent.,0,0,1.016,0,No,Yes,Yes,Yes,No,No,Yes,No,Yes,0,0,1.006,0,Yes,Yes,Yes,Yes,No,Yes,Yes,Yes,No,,,,,,,,,,,,,,,,,,,,,,,,,,,,,,,,,,0,0,1.015,0,,,,,,,,,,,,,Yes,Yes,No,Yes,Yes,No,Yes,Yes,Yes,,,,,,,,,,,,,,,,,,,,,,,,,,,,,,,,,,,,,,,,,,,,,,,,,,,,,,,,,,,,,,,,,,,,,,,,,,,,,,,,,,,,,,,,essentially view an image in a few seconds and respond to questions afterwards pretaining to what I remembered of the image,was there a refrigerator in the image,blue,5,none,56,Male
P0233,312,TRUE,anonymous,EN,I consent.,0,0,1.009,0,No,Yes,Yes,Yes,Yes,Yes,Yes,Yes,No,0.751,0.751,1.007,1,Yes,Yes,Yes,Yes,No,Yes,Yes,Yes,Yes,,,,,,,,,,,,,,,,,,,,,,,,,,,,,,,,,,,,,,,,,,,,,,0.683,0.683,1.108,1,Yes,Yes,No,Yes,Yes,Yes,No,No,No,,,,,,,,,,,,,,,,,,,,,,,,,,,,,,,,,,,,,,,,,,,,,,,,,,,,,,,,,,,,,,,,,,,,,,,,,,,,,,,,,,,,,,,,I viewed an image for 1 second and then answered yes or no questions about what I noticed in the photo.,Did you notice the background of the image?,blue,5,No comments.,35,Female
P0234,175,TRUE,anonymous,EN,I consent.,0,0,1.12,0,No,Yes,Yes,Yes,Yes,No,Yes,No,Yes,0,0,1.117,0,Yes,Yes,Yes,Yes,No,No,Yes,No,No,,,,,,,,,,,,,,,,,,,,,,,,,,,,,,0,0,1.106,0,,,,,,,,,,,,,,,,,Yes,Yes,No,Yes,No,Yes,No,Yes,Yes,,,,,,,,,,,,,,,,,,,,,,,,,,,,,,,,,,,,,,,,,,,,,,,,,,,,,,,,,,,,,,,,,,,,,,,,,,,,,,,,,,,,,,,,We were shown an image for one second and asked if we noticed certain details.,Did we notice if there was a person in the image?,blue,5,,42,Female
P0235,117,TRUE,anonymous,EN,I consent.,0,0,1.009,0,No,Yes,Yes,Yes,Yes,No,Yes,Yes,Yes,0,0,1.007,0,Yes,Yes,No,Yes,Yes,No,Yes,Yes,Yes,,,,,,,,,,,,,,,,,,,,,,,,,,,,,,,,,,,,,,,,,,,,,,,,,,,,,,,,,,,,,,,,,,,0,0,1.008,0,,,,,,,,,Yes,Yes,Yes,No,No,Yes,Yes,Yes,Yes,,,,,,,,,,,,,,,,,,,,,,,,,,,,,,,,,,,,,,,,,,,,,,,,,,,,,,,,,,,viewing the details in a picture,type of animal,blue,5,,33,Female
P0236,302,TRUE,anonymous,EN,I consent.,0,0,1.01,0,Yes,Yes,Yes,Yes,Yes,Yes,Yes,Yes,Yes,0,0,1.108,0,Yes,Yes,Yes,Yes,Yes,Yes,Yes,Yes,Yes,,,,,,,,,0,0,1.01,0,,,,,,,,,Yes,Yes,Yes,Yes,Yes,Yes,Yes,Yes,Yes,,,,,,,,,,,,,,,,,,,,,,,,,,,,,,,,,,,,,,,,,,,,,,,,,,,,,,,,,,,,,,,,,,,,,,,,,,,,,,,,,,,,,,,,,,,,,,,,,,,,,,,,,,,,,,,,,,,,,observing a picture for 1 second and trying to remember what I saw,did you notice the gender of the person,blue,5,,36,Male
P0237,267,TRUE,anonymous,EN,I consent.,0,0,1.007,0,No,Yes,Yes,Yes,Yes,Yes,Yes,Yes,Yes,0,0,1.006,0,Yes,Yes,No,Yes,Yes,No,Yes,Yes,Yes,,,,,,,,,,,,,,,,,,,,,,,,,,,,,,,,,,,,,,,,,,,,,,,,,,,,,,,,,,,,,,,,,,,,,,,,,,,,,,,,,,,,,,,,,,,,,,,,,,,,,,,,,,,,,,,,,,,,,,,,,,,,,0,0,1.106,0,,,,,,,,,Yes,No,Yes,Yes,Yes,No,Yes,Yes,Yes,to look at a 1 second picture and notice details,did i notice the build of the person,usually blue,5,,73,Female
P0238,874,TRUE,anonymous,EN,I consent.,0,0,1.011,0,No,Yes,Yes,Yes,Yes,Yes,Yes,No,Yes,0,0,1.118,0,No,Yes,No,Yes,Yes,No,Yes,Yes,Yes,,,,,,,,,,,,,,,,,,,,,,,,,,,,,,,,,,,,,,,,,,,,,,0,0,1.115,0,Yes,Yes,Yes,No,Yes,Yes,Yes,No,Yes,,,,,,,,,,,,,,,,,,,,,,,,,,,,,,,,,,,,,,,,,,,,,,,,,,,,,,,,,,,,,,,,,,,,,,,,,,,,,,,,,,,,,,,,asking weather you noticed  detail shown in image,Do you noticed the size of a fruit,blue,5,Enjoyable!,59,Female
P0239,298,TRUE,anonymous,EN,I consent.,0.644,0.644,1.117,1,No,Yes,Yes,Yes,No,Yes,Yes,Yes,Yes,0.405,0.405,1.118,1,Yes,Yes,No,Yes,No,Yes,Yes,Yes,No,,,,,,,,,,,,,,,,,,,,,,,,,,,,,,,,,,,,,,,,,,,,,,,,,,,,,,,,,,,,,,,0.703,0.703,1.123,1,,,,,,,,,,,,,Yes,Yes,No,No,No,Yes,Yes,Yes,No,,,,,,,,,,,,,,,,,,,,,,,,,,,,,,,,,,,,,,,,,,,,,,,,,,,,,,,,,,,I saw an image for a couple of seconds and then was asked questions if I noticed the details.,Did you notice a refrigerator? ,blue,5,,25,Female
P0240,137,TRUE,anonymous,EN,I consent.,0,0,1.107,0,No,Yes,Yes,Yes,Yes,Yes,Yes,Yes,Yes,0,0,1.009,0,Yes,Yes,Yes,Yes,Yes,Yes,Yes,No,No,,,,,,,,,0,0,1.11,0,,,,,,,,,Yes,Yes,Yes,Yes,No,No,No,Yes,Yes,,,,,,,,,,,,,,,,,,,,,,,,,,,,,,,,,,,,,,,,,,,,,,,,,,,,,,,,,,,,,,,,,,,,,,,,,,,,,,,,,,,,,,,,,,,,,,,,,,,,,,,,,,,,,,,,,,,,,VIEW IMAGES AND RECALL WHAT WE REMEMBERED,What color was the persons hair,blue,5,,36,Female
P0241,164,TRUE,anonymous,EN,I consent.,0,0,1.02,0,No,Yes,Yes,Yes,Yes,Yes,Yes,Yes,Yes,0,0,1.02,0,Yes,Yes,Yes,Yes,Yes,Yes,Yes,Yes,Yes,,,,,,,,,,,,,,,,,,,,,,,,,,,,,,0,0,1.12,0,,,,,,,,,,,,,,,,,Yes,Yes,No,Yes,Yes,Yes,Yes,Yes,Yes,,,,,,,,,,,,,,,,,,,,,,,,,,,,,,,,,,,,,,,,,,,,,,,,,,,,,,,,,,,,,,,,,,,,,,,,,,,,,,,,,,,,,,,,To look at an image for one second and then answer questions about it.,If I noticed what type of fruit was being handled.,Blue,5,,37,Male
P0242,140,TRUE,anonymous,EN,I consent.,0,0,1.112,0,No,Yes,Yes,Yes,Yes,No,Yes,Yes,Yes,0,0,1.008,0,Yes,Yes,Yes,Yes,Yes,Yes,Yes,Yes,Yes,,,,,,,,,,,,,,,,,,,,,,,,,,,,,,,,,,,,,,,,,,,,,,,,,,,,,,,,,,,0,0,1.008,0,,,,,,,,,,,,,,,,,Yes,Yes,Yes,Yes,No,Yes,Yes,Yes,Yes,,,,,,,,,,,,,,,,,,,,,,,,,,,,,,,,,,,,,,,,,,,,,,,,,,,,,,,,,,,I was asked to look at images,What was the color of the object,blue,5,good survey,30,Male
P0243,218,TRUE,anonymous,EN,I consent.,0.773,0.773,1.007,1,No,Yes,Yes,Yes,Yes,No,Yes,No,Yes,0.573,0.573,1.113,1,Yes,Yes,No,Yes,Yes,No,Yes,No,Yes,,,,,,,,,,,,,,,,,,,,,,,,,,,,,,,,,,,,,,,,,,,,,,,,,,,,,,,,,,,,,,,,,,,,,,,,,,,,,,,,,,,,,,,,,,,,,,,,,,,,0.864,0.864,1.006,1,,,,,No,Yes,No,No,Yes,Yes,Yes,Yes,Yes,,,,,,,,,,,,,,,,,,,,,,,,,,,,,,To describe if I noticed certain details in an image or not after viewing it for 1 second,Did you notice the color of the candle?,Blue,5,,24,Female
P0244,242,TRUE,anonymous,EN,I consent.,0,0,1.009,0,Yes,Yes,Yes,Yes,Yes,Yes,Yes,Yes,Yes,0,0,1.108,0,Yes,Yes,Yes,Yes,Yes,Yes,Yes,Yes,Yes,,,,,,,,,,,,,,,,,,,,,,,,,,,,,,,,,,,,,,,,,,0,0,1.111,0,,,,,Yes,Yes,Yes,Yes,Yes,Yes,Yes,Yes,Yes,,,,,,,,,,,,,,,,,,,,,,,,,,,,,,,,,,,,,,,,,,,,,,,,,,,,,,,,,,,,,,,,,,,,,,,,,,,,,,,,,,,,,,,,Take a brief look at a picture and answering if I saw certain things ,Did you notice the physique of a person?,blue,5,,28,Female
P0245,186,TRUE,anonymous,EN,I consent.,0,0,1.013,0,No,Yes,Yes,Yes,Yes,Yes,Yes,Yes,Yes,0,0,1.11,0,Yes,Yes,Yes,Yes,No,Yes,Yes,Yes,Yes,,,,,,,,,,,,,,,,,,,,,,,,,,,,,,,,,,,,,,,,,,,,,,,,,,,,,,,,,,,,,,,,,,,,,,,,,,,,,,,,,,,,,,,,,,,,,,,,,,,,0,0,1.108,0,,,,,Yes,Yes,Yes,No,Yes,Yes,Yes,Yes,Yes,,,,,,,,,,,,,,,,,,,,,,,,,,,,,,Look at an image for 1 second and answer questions on  what i observed,If I  payed attention to what  hand was holding a candle and which was lighting it,Blue,5,,36,Female
P0246,346,TRUE,anonymous,EN,I consent.,0,0,1.121,0,No,Yes,Yes,Yes,Yes,No,Yes,Yes,Yes,0,0,1.107,0,Yes,Yes,Yes,Yes,Yes,No,Yes,Yes,No,,,,,,,,,,,,,,,,,,,,,,,,,,,,,,,,,,,,,,,,,,,,,,,,,,,,,,,,,,,,,,,,,,,,,,,,,,,,,,,,,,,,,,,,,,,,,,,,0,0,1.114,0,,,,,,,,,Yes,Yes,No,No,Yes,Yes,Yes,Yes,Yes,,,,,,,,,,,,,,,,,,,,,,,,,,,,,,I looked at an image for 1 second and then answered questions about what I saw. ,Did I notice the material of the candle holder?,blue,5,,47,Female
P0247,222,TRUE,anonymous,EN,I consent.,0,0,1.113,0,Yes,Yes,Yes,No,Yes,No,Yes,Yes,Yes,0,0,1.111,0,Yes,Yes,No,Yes,Yes,Yes,Yes,Yes,No,,,,,,,,,,,,,,,,,,,,,,,,,,,,,,,,,,,,,,,,,,,,,,,,,,,,,,,,,,,,,,,,,,,,,,,,,,,,,,,,,,,,,,,,,,,,,,,,,,,,,,,,,,,,,,,,,,,,,,,,,,,,,,,,,0,0,1.016,0,,,,,Yes,Yes,No,Yes,No,No,Yes,Yes,Yes,Look at a photo and recall what you can remember about it by answering questions.,Do you recall what color the object was?,Blue,5,,33,Female
P0248,229,TRUE,anonymous,EN,I consent.,0,0,1.106,0,No,Yes,Yes,Yes,Yes,Yes,Yes,Yes,Yes,0,0,1.112,0,Yes,Yes,Yes,Yes,Yes,Yes,Yes,Yes,Yes,,,,,,,,,,,,,,,,,,,,,,,,,,,,,,,,,,0,0,1.116,0,,,,,,,,,,,,,Yes,Yes,Yes,Yes,No,Yes,Yes,Yes,Yes,,,,,,,,,,,,,,,,,,,,,,,,,,,,,,,,,,,,,,,,,,,,,,,,,,,,,,,,,,,,,,,,,,,,,,,,,,,,,,,,,,,,,,,,Review an image for 1 second then answer whether or not specific details were observed.,Did you notice whether or not there was a person in the image?,blue,5,,55,Male
P0249,183,TRUE,anonymous,EN,I consent.,0,0,1.111,0,No,Yes,Yes,Yes,Yes,Yes,Yes,Yes,Yes,0,0,1.115,0,Yes,Yes,Yes,Yes,No,Yes,Yes,Yes,Yes,,,,,,,,,,,,,,,,,,,,,,,,,,,,,,,,,,,,,,,,,,,,,,,,,,,,,,,,,,,,,,,,,,,,,,,0,0,1.107,0,,,,,Yes,Yes,No,No,Yes,Yes,Yes,No,No,,,,,,,,,,,,,,,,,,,,,,,,,,,,,,,,,,,,,,,,,,,,,,,,,,,,,,,,,,,I was to look at a picture for one second and answer questions about what I saw in the picture.,Did I notice which hand the person had the treat in?,Blue,5,,33,Female
P0250,193,TRUE,anonymous,EN,I consent.,0,0,1.011,0,Yes,Yes,Yes,Yes,Yes,Yes,Yes,Yes,No,0,0,1.009,0,Yes,Yes,Yes,Yes,Yes,No,Yes,Yes,No,,,,,,,,,,,,,,,,,,,,,,,,,,,,,,,,,,,,,,,,,,,,,,,,,,,,,,,,,,,,,,,,,,,,,,,,,,,,,,,,,,,,,,,,,,,,,,,,,,,,,,,,,,,,,,,,,,,,,0,0,1.108,0,,,,,,,,,,,,,,,,,Yes,Yes,Yes,Yes,Yes,Yes,Yes,Yes,Yes,see a picture for 1 second and recall details,was there a cloud in the sky,blue,5,,60,Female
P0251,146,TRUE,anonymous,EN,I consent.,0,0,1.108,0,No,Yes,Yes,Yes,Yes,Yes,Yes,No,Yes,0,0,1.008,0,Yes,Yes,Yes,Yes,No,Yes,Yes,Yes,No,,,,,,,,,,,,,,,,,,,,,,,,,,,,,,,,,,,,,,,,,,,,,,,,,,,,,,,,,,,,,,,,,,,,,,,,,,,,,,,,,,,,,,,,0,0,1.007,0,,,,,,,,,,,,,,,,,Yes,Yes,No,No,No,Yes,Yes,Yes,Yes,,,,,,,,,,,,,,,,,,,,,,,,,,,,,,To look at a picture for one second and then state which details I remembered,Did you notice the direction of the light source,Blue,5,,30,Female
P0252,226,TRUE,anonymous,EN,I consent.,0,0,1.126,0,Yes,Yes,Yes,Yes,Yes,Yes,Yes,No,Yes,0,0,1.126,0,Yes,Yes,Yes,Yes,No,Yes,Yes,Yes,No,,,,,,,,,,,,,,,,,,,,,,,,,,,,,,,,,,,,,,,,,,,,,,,,,,,,,,,,,,,,,,,,,,,,,,,,,,,,,,,,,,,,,,,,,,,,,,,,,,,,0,0,1.01,0,,,,,No,Yes,No,No,Yes,Yes,Yes,Yes,No,,,,,,,,,,,,,,,,,,,,,,,,,,,,,,I had 1 second to look at an image and answer questions about it.,What shape was the candle holder?,blue,5,no,57,Female
P0253,241,TRUE,anonymous,EN,I consent.,0,0,1.13,0,No,Yes,Yes,Yes,Yes,Yes,Yes,Yes,Yes,0,0,1.028,0,Yes,Yes,Yes,Yes,Yes,No,Yes,Yes,No,,,,,,,,,,,,,,,,,,,,,,,,,,,,,,,,,,,,,,,,,,,,,,,,,,,,,,,,,,,,,,,,,,,,,,,,,,,,,,,,,,,,,,,,,,,,,,,,,,,,,,,,,,,,,,,,,,,,,,,,,,,,,0,0,1.129,0,,,,,,,,,Yes,Yes,No,Yes,Yes,No,Yes,Yes,Yes,Look at a picture for 1 second and then answer questions about the picture.,Did you notice the age of the person.,blue,5,,67,Female
P0254,211,TRUE,anonymous,EN,I consent.,0,0,1.009,0,Yes,Yes,Yes,Yes,Yes,Yes,Yes,No,Yes,0,0,1.008,0,Yes,Yes,No,Yes,Yes,No,Yes,Yes,Yes,,,,,,,,,0,0,1.108,0,,,,,,,,,Yes,Yes,Yes,Yes,No,Yes,No,Yes,Yes,,,,,,,,,,,,,,,,,,,,,,,,,,,,,,,,,,,,,,,,,,,,,,,,,,,,,,,,,,,,,,,,,,,,,,,,,,,,,,,,,,,,,,,,,,,,,,,,,,,,,,,,,,,,,,,,,,,,,to look at photos and answer questions about what I remember seeing ,did you notice the color of the persons hair? ,blue,5,,23,Female
P0256,174,TRUE,anonymous,EN,I consent.,0,0,1.11,0,Yes,Yes,Yes,Yes,Yes,Yes,Yes,Yes,Yes,0,0,1.114,0,Yes,Yes,Yes,Yes,Yes,Yes,Yes,Yes,Yes,,,,,,,,,,,,,,,,,,,,,,,,,,,,,,,,,,,,,,,,,,,,,,0,0,1.113,0,Yes,Yes,Yes,No,Yes,Yes,Yes,Yes,Yes,,,,,,,,,,,,,,,,,,,,,,,,,,,,,,,,,,,,,,,,,,,,,,,,,,,,,,,,,,,,,,,,,,,,,,,,,,,,,,,,,,,,,,,,to observe the picture ,do i remember which hand the person was using,blue,5,,38,Female
P0257,166,TRUE,anonymous,EN,I consent.,0,0,1.113,0,Yes,Yes,Yes,Yes,Yes,Yes,Yes,Yes,Yes,0,0,1.008,0,No,Yes,Yes,Yes,No,Yes,Yes,Yes,No,,,,,,,,,,,,,,,,,,,,,,,,,,,,,,,,,,,,,,,,,,,,,,,,,,,,,,,,,,,,,,,,,,,,,,,,,,,,,,,,,,,,,,,,,,,,,,,,0,0,1.011,0,,,,,,,,,No,Yes,No,No,Yes,Yes,Yes,Yes,Yes,,,,,,,,,,,,,,,,,,,,,,,,,,,,,,Trying to see if I noticed details in a photo that I only saw for 1 second.,Did you notice the shape of the candle holder,blue,5,,49,Female
P0258,277,TRUE,anonymous,EN,I consent.,0,0,1.114,0,Yes,Yes,Yes,Yes,Yes,Yes,Yes,Yes,Yes,0,0,1.013,0,Yes,Yes,Yes,Yes,No,Yes,Yes,Yes,Yes,,,,,,,,,,,,,,,,,,,,,,,,,,,,,,,,,,,,,,,,,,,,,,,,,,,,,,,,,,,,,,,,,,,,,,,,,,,,,,,,,,,,,,,,,,,,,,,,,,,,,,,,0,0,1.107,0,Yes,Yes,Yes,Yes,Yes,Yes,Yes,Yes,Yes,,,,,,,,,,,,,,,,,,,,,,,,,,,,,,to notice certain things in the pictures.,Did you notice if the object was indoor/outdoor,blue,5,,39,Male
P0259,335,TRUE,anonymous,EN,I consent.,0,0,1.12,0,No,Yes,Yes,Yes,Yes,Yes,Yes,Yes,Yes,0,0,1.12,0,Yes,Yes,Yes,Yes,Yes,No,Yes,Yes,Yes,,,,,,,,,,,,,,,,,,,,,,,,,,,,,,,,,,,,,,,,,,,,,,,,,,,,,,,,,,,,,,,,,,,,,,,0,0,1.01,0,,,,,Yes,Yes,Yes,Yes,Yes,Yes,Yes,Yes,Yes,,,,,,,,,,,,,,,,,,,,,,,,,,,,,,,,,,,,,,,,,,,,,,,,,,,,,,,,,,,To see if I can identify what was actually in the picture,If I knew what animal it was,blue,5,,58,Female
P0260,108,TRUE,anonymous,EN,I consent.,0,0,1.106,0,Yes,Yes,Yes,Yes,Yes,No,Yes,No,Yes,0,0,1.012,0,Yes,Yes,Yes,Yes,Yes,Yes,Yes,Yes,Yes,,,,,,,,,,,,,,,,,,,,,,,,,,,,,,,,,,,,,,,,,,,,,,,,,,,,,,,,,,,,,,,,,,,,,,,,,,,,,,,,,,,,,,,,,,,,0,0,1.009,0,,,,,,,,,,,,,Yes,Yes,Yes,Yes,Yes,Yes,Yes,Yes,Yes,,,,,,,,,,,,,,,,,,,,,,,,,,,,,,to remember what was displayed in the photo,to remember what was in the image,blue,5,,29,Male
P0261,192,TRUE,anonymous,EN,I consent.,0,0,1.013,0,No,Yes,Yes,Yes,Yes,Yes,Yes,No,Yes,0,0,1.008,0,Yes,Yes,No,Yes,No,No,Yes,Yes,No,,,,,,,,,,,,,,,,,,,,,,,,,,,,,,,,,,,,,,,,,,,,,,,,,,,,,,,,,,,,,,,,,,,,,,,,,,,,,,,,,,,,,,,,,,,,,,,,,,,,,,,,,,,,,,,,,,,,,,,,,,,,,,,,,0,0,1.108,0,,,,,Yes,Yes,No,Yes,No,Yes,Yes,Yes,Yes,To look at the picture shown for 1 second and answer the questions as to what you noticed and did not notice,Did you notice the color and the pattern of the person's clothing?,Blue,5,,52,Female
P0262,238,TRUE,anonymous,EN,I consent.,0,0,1.011,0,No,Yes,Yes,Yes,Yes,Yes,Yes,Yes,No,0,0,1.11,0,Yes,Yes,Yes,Yes,Yes,Yes,Yes,Yes,Yes,,,,,,,,,,,,,,,,,,,,,,,,,,,,,,,,,,,,,,,,,,,,,,,,,,,,,,,,,,,,,,,,,,,,,,,,,,,,,,,,,,,,,,,,,,,,,,,,,,,,,,,,,,,,,,,,,,,,,,,,,,,,,,,,,,,,,0,0,1.107,0,Yes,No,Yes,Yes,Yes,No,No,Yes,Yes,"I was given 1 second to look at an image, then from there answer a series of yes or no questions based on my observations.",Do you know if it was indoors or outdoors?,Blue,5,,27,Male
P0263,289,TRUE,anonymous,EN,I consent.,0,0,1.012,0,Yes,Yes,Yes,Yes,Yes,Yes,Yes,Yes,No,0,0,1.012,0,Yes,Yes,Yes,Yes,Yes,Yes,Yes,Yes,Yes,,,,,,,,,,,,,,,,,0,0,1.015,0,No,Yes,No,Yes,No,No,Yes,Yes,Yes,,,,,,,,,,,,,,,,,,,,,,,,,,,,,,,,,,,,,,,,,,,,,,,,,,,,,,,,,,,,,,,,,,,,,,,,,,,,,,,,,,,,,,,,,,,,,,,,,,,,,,,,,,,,,,,,,,,,,Looking at an image for one second and then recalling whether I noticed certain details about it.,Do you recall the hair color of the person?,Blue,5,"All good, thank you for your time :)",31,Female
P0264,180,TRUE,anonymous,EN,I consent.,0,0,1.122,0,No,Yes,Yes,Yes,Yes,Yes,Yes,Yes,No,0,0,1.02,0,Yes,Yes,Yes,No,Yes,Yes,Yes,Yes,Yes,0,0,1.123,0,,,,,,,,,,,,,,,,,Yes,Yes,No,Yes,Yes,Yes,No,Yes,Yes,,,,,,,,,,,,,,,,,,,,,,,,,,,,,,,,,,,,,,,,,,,,,,,,,,,,,,,,,,,,,,,,,,,,,,,,,,,,,,,,,,,,,,,,,,,,,,,,,,,,,,,,,,,,,,,,,,,,,I had to look at a picture for 1 second and then answer questions about whether or not I noticed some things.,Did you notice the color of the person's hair?,blue,5,,37,Female
P0265,178,TRUE,anonymous,EN,I consent.,0,0,1.009,0,Yes,Yes,Yes,No,No,Yes,Yes,Yes,Yes,0,0,1.007,0,No,Yes,Yes,Yes,No,Yes,Yes,Yes,Yes,,,,,,,,,,,,,,,,,,,,,,,,,,,,,,,,,,,,,,,,,,,,,,,,,,,,,,,,,,,,,,,0,0,1.007,0,,,,,,,,,,,,,Yes,Yes,No,Yes,No,Yes,Yes,Yes,No,,,,,,,,,,,,,,,,,,,,,,,,,,,,,,,,,,,,,,,,,,,,,,,,,,,,,,,,,,,I had to indicate if I noticed certain things in a picture that was only shown to me for one second. ,Could you tell what the object was sitting on?,blue,5,,38,Female
P0266,271,TRUE,anonymous,EN,I consent.,0,0,1.007,0,Yes,Yes,Yes,Yes,Yes,Yes,Yes,Yes,Yes,0,0,1.114,0,No,Yes,Yes,Yes,No,Yes,Yes,Yes,No,,,,,0,0,1.107,0,,,,,,,,,,,,,Yes,Yes,Yes,Yes,Yes,Yes,Yes,Yes,Yes,,,,,,,,,,,,,,,,,,,,,,,,,,,,,,,,,,,,,,,,,,,,,,,,,,,,,,,,,,,,,,,,,,,,,,,,,,,,,,,,,,,,,,,,,,,,,,,,,,,,,,,,,,,,,,,,,,,,,To answer questions about if I noticed things in the 1 second pictures shown before.,Did you notice the color of the persons hair?,Blue,5,,34,Male
P0267,284,TRUE,anonymous,EN,I consent.,0,0,1.008,0,No,Yes,Yes,Yes,Yes,Yes,Yes,Yes,Yes,0,0,1.011,0,Yes,Yes,Yes,Yes,Yes,Yes,Yes,Yes,No,,,,,,,,,,,,,,,,,,,,,,,,,,,,,,,,,,,,,,,,,,,,,,,,,,,,,,,,,,,,,,,,,,,,,,,,,,,,,,,,,,,,,,,,,,,,,,,,,,,,,,,,,,,,,,,,,,,,,0,0,1.012,0,,,,,,,,,,,,,,,,,No,No,Yes,Yes,Yes,Yes,Yes,Yes,No,Answering questions about what I remembered from a picture.,Do you remember the color of the bench?,Blue,5,,52,Female
P0268,333,TRUE,anonymous,EN,I consent.,0,0,1.01,0,Yes,Yes,Yes,Yes,Yes,No,Yes,Yes,Yes,0,0,1.006,0,Yes,Yes,No,Yes,Yes,No,Yes,Yes,Yes,,,,,,,,,,,,,,,,,,,,,,,,,,,,,,,,,,,,,,0,0,1.01,0,,,,,,,,,Yes,Yes,Yes,Yes,Yes,Yes,Yes,Yes,Yes,,,,,,,,,,,,,,,,,,,,,,,,,,,,,,,,,,,,,,,,,,,,,,,,,,,,,,,,,,,,,,,,,,,,,,,,,,,,,,,,,,,,,,,,My task was to view a picture for one second and then answer yes/no questions about details I observed or did not see.,Which hand (left or right) was holding the fruit.,blue,5,no issues or problems....just wish could have 2 seconds rather than just 1 to take in the picture details,78,Female
P0269,234,TRUE,anonymous,EN,I consent.,0,0,1.112,0,No,Yes,Yes,Yes,Yes,Yes,Yes,Yes,No,0,0,1.115,0,Yes,Yes,Yes,No,No,No,Yes,Yes,No,,,,,,,,,,,,,,,,,,,,,,,,,,,,,,,,,,,,,,,,,,,,,,,,,,,,,,,,,,,,,,,,,,,,,,,,,,,,,,,,,,,,,,,,,,,,,,,,,,,,,,,,,,,,,,,,,,,,,,,,,0,0,1.109,0,,,,,,,,,,,,,No,No,No,Yes,No,No,Yes,Yes,No,"Look at a picture for one second, and then answer questions about if I noticed certain details.",Did you notice the person's approximate age?,Blue,5,,37,Female
P0270,379,TRUE,anonymous,EN,I consent.,0,0,1.014,0,Yes,Yes,Yes,Yes,Yes,Yes,Yes,No,Yes,0,0,1.011,0,Yes,Yes,Yes,Yes,Yes,Yes,Yes,Yes,No,,,,,,,,,,,,,,,,,,,,,,,,,,,,,,,,,,0,0,1.01,0,,,,,,,,,,,,,Yes,Yes,Yes,Yes,Yes,Yes,Yes,Yes,Yes,,,,,,,,,,,,,,,,,,,,,,,,,,,,,,,,,,,,,,,,,,,,,,,,,,,,,,,,,,,,,,,,,,,,,,,,,,,,,,,,,,,,,,,,Looking at an image for 1 minute before answering some questions.  ,Do you remember what hand did the person handled the fruit?,blue,5,,26,Male
P0272,269,TRUE,anonymous,EN,I consent.,0,0,1.011,0,Yes,Yes,Yes,Yes,Yes,Yes,Yes,Yes,Yes,0,0,1.119,0,Yes,Yes,Yes,Yes,Yes,No,Yes,Yes,Yes,,,,,,,,,,,,,,,,,,,,,,,,,,,,,,,,,,,,,,,,,,,,,,,,,,,,,,,,,,,,,,,,,,,,,,,,,,,0,0,1.014,0,Yes,Yes,No,No,Yes,Yes,Yes,Yes,Yes,,,,,,,,,,,,,,,,,,,,,,,,,,,,,,,,,,,,,,,,,,,,,,,,,,,,,,,,,,,To view a picture for 1 second and describe what or wasn't in the picture. ,Did I notice if there was a refrigerator in the picture.,Blue,5,,59,Female
P0273,213,TRUE,anonymous,EN,I consent.,0,0,1.009,0,No,Yes,Yes,Yes,Yes,Yes,Yes,No,No,0,0,1.108,0,Yes,Yes,Yes,Yes,Yes,Yes,Yes,No,No,,,,,,,,,,,,,,,,,,,,,,,,,,,,,,,,,,,,,,0,0,1.007,0,,,,,,,,,No,Yes,No,No,Yes,No,Yes,No,Yes,,,,,,,,,,,,,,,,,,,,,,,,,,,,,,,,,,,,,,,,,,,,,,,,,,,,,,,,,,,,,,,,,,,,,,,,,,,,,,,,,,,,,,,,To identify the picture and what objects and colors in the picture.,Did you notice what kind of fruit the lady was holding.,Blue,5,,52,Female
P0274,208,TRUE,anonymous,EN,I consent.,0,0,1.009,0,No,Yes,Yes,Yes,Yes,Yes,Yes,Yes,Yes,0,0,1.007,0,Yes,Yes,Yes,Yes,No,Yes,Yes,Yes,Yes,,,,,,,,,,,,,0,0,1.107,0,,,,,Yes,Yes,Yes,Yes,No,No,Yes,Yes,Yes,,,,,,,,,,,,,,,,,,,,,,,,,,,,,,,,,,,,,,,,,,,,,,,,,,,,,,,,,,,,,,,,,,,,,,,,,,,,,,,,,,,,,,,,,,,,,,,,,,,,,,,,,,,,,,,,,,,,,Look at an image for one second and answer yes or no as to whether you noticed various traits,Did you notice the hair color of the person?,Blue,5,,69,Male
P0275,163,TRUE,anonymous,EN,I consent.,0,0,1.008,0,No,Yes,Yes,Yes,Yes,Yes,Yes,Yes,Yes,0,0,1.011,0,Yes,Yes,Yes,Yes,Yes,No,Yes,Yes,Yes,,,,,,,,,,,,,,,,,,,,,,,,,,,,,,,,,,,,,,,,,,,,,,,,,,,,,,,,,,,,,,,,,,,,,,,,,,,,,,,,,,,,,,,,,,,,,,,,0,0,1.009,0,,,,,,,,,No,Yes,No,No,Yes,Yes,No,Yes,Yes,,,,,,,,,,,,,,,,,,,,,,,,,,,,,,1 second view of an image and indicate whether I noticed certain items in that brief second,Whether the object was stable or not,blue most of the time,5,,36,Male
P0276,264,TRUE,anonymous,EN,I consent.,0,0,1.111,0,No,Yes,Yes,Yes,Yes,Yes,Yes,Yes,Yes,0,0,1.012,0,Yes,Yes,Yes,Yes,No,Yes,Yes,Yes,Yes,,,,,,,,,,,,,,,,,,,,,,,,,,,,,,,,,,,,,,,,,,0,0,1.117,0,,,,,Yes,Yes,Yes,No,No,Yes,Yes,Yes,Yes,,,,,,,,,,,,,,,,,,,,,,,,,,,,,,,,,,,,,,,,,,,,,,,,,,,,,,,,,,,,,,,,,,,,,,,,,,,,,,,,,,,,,,,,Reflecting on what I saw in a photo after 1 second.,The color and size of the object.,blue,5,,57,Female
P0277,221,TRUE,anonymous,EN,I consent.,0,0,1.114,0,No,Yes,Yes,Yes,Yes,Yes,Yes,Yes,No,0,0,1.007,0,No,Yes,Yes,Yes,No,No,Yes,Yes,Yes,,,,,,,,,,,,,,,,,,,,,,,,,,,,,,,,,,,,,,,,,,,,,,,,,,,,,,,,,,,,,,,,,,,,,,,,,,,,,,,,,,,,,,,,,,,,,,,,,,,,,,,,,,,,,,,,,,,,,,,,,,,,,0,0,1.013,0,,,,,,,,,Yes,No,Yes,Yes,No,No,Yes,Yes,Yes,look briefly at a picture and then answer questions about what I saw,Did I notice the shoes the person was wearing?,blue,5,,46,Female
P0278,123,TRUE,anonymous,EN,I consent.,0,0,1.006,0,No,Yes,Yes,Yes,Yes,No,Yes,No,No,0,0,1.109,0,Yes,Yes,No,Yes,No,No,No,No,Yes,,,,,,,,,,,,,,,,,,,,,,,,,,,,,,,,,,,,,,,,,,,,,,,,,,,,,,,,,,,,,,,,,,,,,,,0,0,1.007,0,,,,,Yes,Yes,No,Yes,Yes,Yes,No,No,Yes,,,,,,,,,,,,,,,,,,,,,,,,,,,,,,,,,,,,,,,,,,,,,,,,,,,,,,,,,,,Looking at a picture briefly and describing things you were able to notice,Did you notice the color of the object,Blue,5,,22,Female
P0279,134,TRUE,anonymous,EN,I consent.,0,0,1.116,0,Yes,Yes,Yes,Yes,No,Yes,Yes,No,No,0,0,1.007,0,Yes,Yes,Yes,Yes,No,Yes,Yes,Yes,Yes,,,,,,,,,,,,,,,,,,,,,,,,,,,,,,,,,,,,,,,,,,,,,,,,,,,,,,,,,,,,,,,,,,,,,,,,,,,,,,,,,,,,,,,,,,,,,,,,,,,,,,,,0,0,1.007,0,Yes,No,No,Yes,Yes,Yes,Yes,Yes,No,,,,,,,,,,,,,,,,,,,,,,,,,,,,,,Look at a photo and then decide if different elements were included,Did you notice if there were people in the photo?,Blue,5,,34,Male
P0280,171,TRUE,anonymous,EN,I consent.,0,0,1.112,0,No,Yes,Yes,Yes,Yes,Yes,Yes,Yes,Yes,0,0,1.111,0,Yes,Yes,Yes,Yes,Yes,No,Yes,Yes,Yes,,,,,,,,,,,,,,,,,,,,,,,,,,,,,,,,,,,,,,0,0,1.112,0,,,,,,,,,No,Yes,Yes,No,No,No,Yes,Yes,No,,,,,,,,,,,,,,,,,,,,,,,,,,,,,,,,,,,,,,,,,,,,,,,,,,,,,,,,,,,,,,,,,,,,,,,,,,,,,,,,,,,,,,,,I viewed an image for 1 second and was asked yes or no questions about what I remembered.,Did I notice which hand the person handled the fruit with?,Blue,5,,36,Male
P0281,297,TRUE,anonymous,EN,I consent.,0,0,1.12,0,Yes,Yes,Yes,Yes,Yes,Yes,Yes,Yes,No,0,0,1.11,0,Yes,Yes,Yes,Yes,Yes,No,Yes,Yes,No,,,,,,,,,,,,,,,,,,,,,,,,,,,,,,,,,,,,,,,,,,0,0,1.01,0,,,,,Yes,Yes,Yes,Yes,No,Yes,Yes,Yes,Yes,,,,,,,,,,,,,,,,,,,,,,,,,,,,,,,,,,,,,,,,,,,,,,,,,,,,,,,,,,,,,,,,,,,,,,,,,,,,,,,,,,,,,,,,my task was to look at an image for only 1 second and then answer questions related to it to see how much I remembered.,Did you notice what hand the fruit was held in?,blue,5,,58,Female
P0282,107,TRUE,anonymous,EN,I consent.,0,0,1.016,0,Yes,Yes,Yes,Yes,Yes,Yes,Yes,Yes,No,0,0,1.023,0,Yes,Yes,Yes,Yes,Yes,Yes,Yes,Yes,Yes,,,,,,,,,,,,,,,,,,,,,,,,,,,,,,,,,,,,,,,,,,,,,,,,,,,,,,,,,,,,,,,,,,,,,,,,,,,,,,,,,,,,,,,,0,0,1.02,0,,,,,,,,,,,,,,,,,Yes,Yes,No,No,Yes,Yes,Yes,Yes,No,,,,,,,,,,,,,,,,,,,,,,,,,,,,,,indicating whether i noticed certain aspects of an image seen for a very short time,did i notice the color of the candle?,blue,5,,41,Female
P0283,242,TRUE,anonymous,EN,I consent.,0,0,1.009,0,No,Yes,Yes,Yes,Yes,Yes,Yes,Yes,Yes,0,0,1.008,0,Yes,Yes,Yes,Yes,Yes,Yes,Yes,Yes,No,,,,,,,,,,,,,,,,,,,,,,,,,,,,,,,,,,,,,,,,,,,,,,,,,,,,,,,,,,,0,0,1.108,0,,,,,,,,,,,,,,,,,Yes,Yes,No,No,No,Yes,Yes,Yes,No,,,,,,,,,,,,,,,,,,,,,,,,,,,,,,,,,,,,,,,,,,,,,,,,,,,,,,,,,,,I was shown a picture for one second and then I had to answer a series of questions about whether or not I noticed various details in the photo.,If I noticed the apparent age of the person in the photo.,Blue,5,,52,Male
P0284,226,TRUE,anonymous,EN,I consent.,0,0,1.123,0,No,Yes,Yes,Yes,Yes,Yes,Yes,Yes,Yes,0,0,1.013,0,Yes,Yes,Yes,Yes,No,No,Yes,Yes,Yes,,,,,,,,,,,,,,,,,,,,,,,,,,,,,,,,,,,,,,,,,,,,,,,,,,,,,,,,,,,,,,,,,,,,,,,,,,,,,,,,,,,,,,,,,,,,,,,,,,,,,,,,,,,,,,,,,,,,,0,0,1.111,0,,,,,,,,,,,,,,,,,No,Yes,Yes,Yes,Yes,Yes,No,No,No,look at an image for 1 second and answer questions about what I saw or didn't see,did I notice the color of the bench,blue,5,,45,Female
P0285,134,TRUE,anonymous,EN,I consent.,0,0,1.005,0,No,Yes,Yes,Yes,Yes,Yes,Yes,No,Yes,0,0,1.007,0,Yes,Yes,Yes,Yes,No,Yes,Yes,Yes,Yes,,,,,,,,,0,0,1.111,0,,,,,,,,,Yes,Yes,Yes,No,Yes,No,Yes,Yes,Yes,,,,,,,,,,,,,,,,,,,,,,,,,,,,,,,,,,,,,,,,,,,,,,,,,,,,,,,,,,,,,,,,,,,,,,,,,,,,,,,,,,,,,,,,,,,,,,,,,,,,,,,,,,,,,,,,,,,,,looked at an image and answered questions about which details i noticed,did you notice the color of the ball,blue,5,,29,Female
P0286,193,TRUE,anonymous,EN,I consent.,0,0,1.107,0,No,Yes,Yes,Yes,Yes,Yes,Yes,Yes,Yes,0,0,1.109,0,Yes,Yes,Yes,Yes,Yes,No,Yes,Yes,Yes,,,,,,,,,,,,,,,,,,,,,,,,,,,,,,,,,,,,,,,,,,,,,,,,,,,,,,,,,,,,,,,,,,,,,,,,,,,,,,,,,,,,,,,,,,,,,,,,,,,,,,,,,,,,,,,,,,,,,,,,,,,,,,,,,0,0,1.007,0,,,,,Yes,Yes,Yes,Yes,Yes,Yes,Yes,Yes,No,view a photo for 1 minute then answer yes/no questions about aspects of the image,DId you notice whether there was a refrigerator?,blue,5,,32,Female
P0287,318,TRUE,anonymous,EN,I consent.,0,0,1.008,0,Yes,Yes,Yes,Yes,Yes,Yes,Yes,Yes,Yes,0,0,1.107,0,Yes,Yes,Yes,Yes,No,Yes,Yes,Yes,No,,,,,,,,,,,,,,,,,,,,,,,,,,,,,,0,0,1.007,0,,,,,,,,,,,,,,,,,No,No,Yes,No,Yes,Yes,Yes,Yes,Yes,,,,,,,,,,,,,,,,,,,,,,,,,,,,,,,,,,,,,,,,,,,,,,,,,,,,,,,,,,,,,,,,,,,,,,,,,,,,,,,,,,,,,,,,memory of a picture shown for 1 sec,what was the object sitting on,blue,5,,53,Female
P0288,286,TRUE,anonymous,EN,I consent.,0,0,1.11,0,No,Yes,Yes,Yes,Yes,Yes,Yes,No,Yes,0,0,1.114,0,Yes,Yes,Yes,Yes,Yes,Yes,Yes,Yes,Yes,,,,,0,0,1.016,0,,,,,,,,,,,,,Yes,Yes,Yes,Yes,Yes,Yes,Yes,Yes,Yes,,,,,,,,,,,,,,,,,,,,,,,,,,,,,,,,,,,,,,,,,,,,,,,,,,,,,,,,,,,,,,,,,,,,,,,,,,,,,,,,,,,,,,,,,,,,,,,,,,,,,,,,,,,,,,,,,,,,,To state if we saw some details of a picure,If I saw the color of the object?,blue,5,,51,Female
P0289,281,TRUE,anonymous,EN,I consent.,0,0,1.107,0,No,Yes,Yes,Yes,Yes,No,Yes,No,Yes,0,0,1.11,0,Yes,Yes,No,Yes,Yes,No,Yes,Yes,Yes,,,,,,,,,,,,,,,,,,,,,,,,,,,,,,,,,,,,,,,,,,,,,,,,,,,,,,,,,,,,,,,,,,,,,,,,,,,,,,,,,,,,,,,,,,,,0,0,1.005,0,,,,,,,,,,,,,No,No,No,No,No,No,Yes,Yes,Yes,,,,,,,,,,,,,,,,,,,,,,,,,,,,,,to look at picture and talk about what i see,did you notice the color of the object,blue,5,,28,Female
P0290,204,TRUE,anonymous,EN,I consent.,0,0,1.013,0,No,Yes,Yes,Yes,Yes,Yes,Yes,No,No,0,0,1.109,0,Yes,Yes,Yes,Yes,No,No,Yes,Yes,Yes,,,,,,,,,,,,,,,,,,,,,,,,,,,,,,,,,,,,,,,,,,,,,,,,,,,,,,,,,,,,,,,,,,,,,,,,,,,,,,,,,,,,,,,,,,,,,,,,,,,,,,,,,,,,,,,,,,,,,,,,,0,0,1.007,0,,,,,,,,,,,,,Yes,No,No,Yes,Yes,No,Yes,Yes,Yes,Answer questions about an image seen for 1 second,Did you notice if the person was sitting or standing?,blue,5,,46,Female
P0291,324,TRUE,anonymous,EN,I consent.,0,0,1.12,0,No,Yes,Yes,Yes,Yes,Yes,Yes,Yes,Yes,0,0,1.006,0,Yes,Yes,Yes,Yes,Yes,No,Yes,Yes,Yes,,,,,,,,,,,,,,,,,0,0,1.114,0,Yes,Yes,No,No,No,No,No,Yes,Yes,,,,,,,,,,,,,,,,,,,,,,,,,,,,,,,,,,,,,,,,,,,,,,,,,,,,,,,,,,,,,,,,,,,,,,,,,,,,,,,,,,,,,,,,,,,,,,,,,,,,,,,,,,,,,,,,,,,,,To look at a picture for 1 second and answer questions about it.,Did you notice the color of hair.,blue,5,,60,Female
P0292,214,TRUE,anonymous,EN,I consent.,0,0,1.109,0,No,Yes,Yes,Yes,Yes,Yes,Yes,Yes,Yes,0,0,1.007,0,Yes,Yes,Yes,Yes,No,No,Yes,Yes,No,0,0,1.007,0,,,,,,,,,,,,,,,,,Yes,Yes,Yes,Yes,Yes,Yes,Yes,Yes,Yes,,,,,,,,,,,,,,,,,,,,,,,,,,,,,,,,,,,,,,,,,,,,,,,,,,,,,,,,,,,,,,,,,,,,,,,,,,,,,,,,,,,,,,,,,,,,,,,,,,,,,,,,,,,,,,,,,,,,,Look at an image for 1 second and then answer questions about what we recalled from the image,Did you notice the height of the person in the image,blue,5,,25,Female
P0293,155,TRUE,anonymous,EN,I consent.,0,0,1.01,0,Yes,Yes,Yes,Yes,Yes,Yes,Yes,Yes,Yes,0,0,1.116,0,Yes,Yes,Yes,Yes,Yes,Yes,Yes,Yes,Yes,,,,,,,,,,,,,,,,,,,,,,,,,,,,,,,,,,,,,,,,,,,,,,,,,,,,,,,,,,,,,,,0,0,1.11,0,,,,,,,,,,,,,Yes,Yes,No,Yes,Yes,Yes,Yes,Yes,No,,,,,,,,,,,,,,,,,,,,,,,,,,,,,,,,,,,,,,,,,,,,,,,,,,,,,,,,,,,looking at ai pictures,did i notice if there was a cloud,blue,5,,42,Male
P0294,224,TRUE,anonymous,EN,I consent.,0,0,1.023,0,No,Yes,Yes,Yes,Yes,Yes,Yes,Yes,No,0,0,1.028,0,Yes,Yes,Yes,Yes,No,No,Yes,Yes,Yes,,,,,,,,,,,,,,,,,,,,,,,,,,,,,,,,,,0,0,1.016,0,,,,,,,,,,,,,Yes,Yes,Yes,Yes,No,Yes,Yes,Yes,No,,,,,,,,,,,,,,,,,,,,,,,,,,,,,,,,,,,,,,,,,,,,,,,,,,,,,,,,,,,,,,,,,,,,,,,,,,,,,,,,,,,,,,,,Look at a pic for 1 second and answer questions about the details noticed.,Did you notice the texture of the object.,blue,5,,53,Male
P0295,211,TRUE,anonymous,EN,I consent.,0,0,1.022,0,Yes,Yes,Yes,Yes,No,Yes,Yes,Yes,Yes,0,0,1.123,0,Yes,Yes,Yes,Yes,Yes,Yes,Yes,Yes,No,,,,,,,,,,,,,,,,,,,,,,,,,,,,,,,,,,,,,,,,,,,,,,,,,,,,,,,,,,,,,,,,,,,0,0,1.125,0,,,,,,,,,Yes,Yes,No,Yes,Yes,Yes,Yes,Yes,Yes,,,,,,,,,,,,,,,,,,,,,,,,,,,,,,,,,,,,,,,,,,,,,,,,,,,,,,,,,,,look at object for 1 second and remember what you saw,was the image indoor or outsoor,blue,5,,71,Male
P0296,214,TRUE,anonymous,EN,I consent.,0,0,1.01,0,Yes,Yes,Yes,Yes,Yes,Yes,Yes,Yes,No,0,0,1.008,0,Yes,Yes,Yes,Yes,No,No,Yes,Yes,Yes,,,,,,,,,,,,,,,,,,,,,,,,,,,,,,,,,,,,,,,,,,,,,,,,,,,,,,,,,,,,,,,,,,,,,,,,,,,,,,,,,,,,,,,,,,,,,,,,,,,,,,,,,,,,,,,,,,,,,0,0,1.116,0,,,,,,,,,,,,,,,,,Yes,No,Yes,Yes,Yes,No,Yes,Yes,Yes,Study an image for one second and recall details in the image.,Did you notice whether the person on the bench was wearing socks?,Blue,5,,42,Male
P0297,232,TRUE,anonymous,EN,I consent.,0,0,1.106,0,Yes,Yes,Yes,Yes,Yes,Yes,Yes,Yes,Yes,0,0,1.006,0,Yes,Yes,Yes,Yes,No,Yes,Yes,Yes,Yes,,,,,,,,,,,,,,,,,,,,,,,,,,,,,,,,,,,,,,,,,,,,,,,,,,,,,,,,,,,,,,,,,,,,,,,,,,,,,,,,,,,,,,,,,,,,,,,,,,,,,,,,,,,,,,,,,,,,,,,,,,,,,,,,,,,,,1.006,1.006,1.105,1,Yes,Yes,Yes,Yes,Yes,No,Yes,Yes,No,Remembering images after seeing them for only a second,Did I notice which brand of shoe the woman had ,blue,5,,29,Female
P0298,197,TRUE,anonymous,EN,I consent.,0,0,1.107,0,Yes,Yes,No,No,Yes,Yes,Yes,Yes,No,0,0,1.007,0,Yes,Yes,Yes,Yes,Yes,Yes,Yes,Yes,Yes,,,,,,,,,,,,,,,,,,,,,,,,,,,,,,,,,,,,,,,,,,,,,,0,0,1.007,0,Yes,Yes,Yes,Yes,Yes,Yes,Yes,Yes,Yes,,,,,,,,,,,,,,,,,,,,,,,,,,,,,,,,,,,,,,,,,,,,,,,,,,,,,,,,,,,,,,,,,,,,,,,,,,,,,,,,,,,,,,,,I had to answer simple 'yes' or 'no' questions after viewing an (apparently AI-generated) picture,Did you notice if the object was indoors or not.,Blue,5,,39,Female
P0299,147,TRUE,anonymous,EN,I consent.,0,0,1.008,0,No,Yes,Yes,No,Yes,No,Yes,No,Yes,0,0,1.005,0,No,Yes,Yes,Yes,No,No,Yes,Yes,No,,,,,,,,,,,,,,,,,,,,,,,,,,,,,,,,,,,,,,,,,,,,,,,,,,,,,,,,,,,0,0,1.005,0,,,,,,,,,,,,,,,,,Yes,Yes,No,No,No,Yes,No,No,No,,,,,,,,,,,,,,,,,,,,,,,,,,,,,,,,,,,,,,,,,,,,,,,,,,,,,,,,,,,A picture will appear on screen for approximately 1 second. Answer questions regarding the details of the picture.,Did you notice which hand the person used to feed the animal?,blue,5,,18,Female
P0300,266,TRUE,anonymous,EN,I consent.,0,0,1.012,0,Yes,Yes,Yes,Yes,Yes,No,Yes,Yes,Yes,0,0,1.018,0,Yes,Yes,Yes,Yes,Yes,No,Yes,Yes,Yes,,,,,,,,,,,,,,,,,,,,,,,,,,,,,,,,,,,,,,,,,,,,,,,,,,,,,,,,,,,,,,,,,,,,,,,,,,,,,,,,,,,,,,,,0,0,1.016,0,,,,,,,,,,,,,,,,,Yes,Yes,Yes,No,Yes,No,Yes,Yes,Yes,,,,,,,,,,,,,,,,,,,,,,,,,,,,,,"I was asked to view an image for 1 second and notice the details of the picture, then answer questions about it.",Did you notice the color of the object?,Blue,5,,56,Female
P0301,192,TRUE,anonymous,EN,I consent.,0,0,1.021,0,No,Yes,Yes,Yes,Yes,Yes,Yes,Yes,Yes,0,0,1.006,0,Yes,Yes,Yes,Yes,No,Yes,Yes,Yes,Yes,,,,,,,,,,,,,0,0,1.021,0,,,,,Yes,Yes,Yes,Yes,No,No,No,Yes,Yes,,,,,,,,,,,,,,,,,,,,,,,,,,,,,,,,,,,,,,,,,,,,,,,,,,,,,,,,,,,,,,,,,,,,,,,,,,,,,,,,,,,,,,,,,,,,,,,,,,,,,,,,,,,,,,,,,,,,,I HAD TO LOOK AT AN IMAGE FOR 1 SECOND AND THEN ANSWER QUESTIONS ABOUT WHAT I REMEMBER,DID YOU NOTICE THE COLOR OF THE BALL,BLUE,5,,54,Female
P0302,989,TRUE,anonymous,EN,I consent.,0,0,1.125,0,Yes,Yes,Yes,Yes,Yes,Yes,Yes,Yes,Yes,0,0,1.024,0,Yes,Yes,Yes,Yes,Yes,Yes,Yes,Yes,Yes,,,,,,,,,,,,,,,,,,,,,,,,,,,,,,,,,,,,,,,,,,,,,,0,0,1.021,0,Yes,Yes,Yes,Yes,Yes,Yes,Yes,Yes,Yes,,,,,,,,,,,,,,,,,,,,,,,,,,,,,,,,,,,,,,,,,,,,,,,,,,,,,,,,,,,,,,,,,,,,,,,,,,,,,,,,,,,,,,,,"I was shown an image for 1 second, and I had to answer yes or no to whether I noticed details about the background, the colors, the sizes of objects, if there were people present, whether or not the photo's scene took place indoors or outdoors, etc.",Did I notice the physique/stature/build of the man in the photo at the grocery store?,Blue,5,,34,Female
P0303,360,TRUE,anonymous,EN,I consent.,0,0,1.008,0,No,Yes,Yes,Yes,Yes,Yes,Yes,Yes,Yes,0,0,1.013,0,No,Yes,Yes,Yes,No,No,Yes,Yes,Yes,,,,,,,,,,,,,,,,,,,,,,,,,,,,,,,,,,,,,,,,,,,,,,,,,,,,,,,,,,,,,,,,,,,,,,,,,,,0,0,1.109,0,Yes,Yes,No,No,No,Yes,Yes,Yes,No,,,,,,,,,,,,,,,,,,,,,,,,,,,,,,,,,,,,,,,,,,,,,,,,,,,,,,,,,,,I viewed an image for 1 second and answered questions about whether I noticed certain things in the image.,Did you notice the type of animal?,Blue,5,,36,Male
P0304,205,TRUE,anonymous,EN,I consent.,0,0,1.009,0,Yes,Yes,Yes,Yes,Yes,Yes,Yes,Yes,Yes,0,0,1.106,0,Yes,Yes,Yes,Yes,No,Yes,Yes,Yes,Yes,,,,,,,,,,,,,,,,,,,,,,,,,,,,,,,,,,0,0,1.108,0,,,,,,,,,,,,,Yes,Yes,Yes,Yes,Yes,Yes,Yes,Yes,Yes,,,,,,,,,,,,,,,,,,,,,,,,,,,,,,,,,,,,,,,,,,,,,,,,,,,,,,,,,,,,,,,,,,,,,,,,,,,,,,,,,,,,,,,,I had to view an image for 1 second and try to notice (and answer questions) about details.,Did I notice which hand handled the fruit?,Blue,5,none,59,Male
P0305,317,TRUE,anonymous,EN,I consent.,0,0,1.013,0,Yes,Yes,Yes,Yes,Yes,Yes,Yes,Yes,No,0,0,1.111,0,Yes,Yes,Yes,Yes,Yes,No,Yes,Yes,Yes,,,,,,,,,,,,,,,,,,,,,,,,,,,,,,,,,,,,,,,,,,,,,,,,,,,,,,,,,,,,,,,,,,,,,,,,,,,,,,,,,,,,,,,,,,,,,,,,,,,,,,,,,,,,,,,,,,,,,,,,,,,,,,,,,0,0,1.11,0,,,,,Yes,No,Yes,Yes,Yes,Yes,Yes,Yes,No,To look at a picture for 1 second and answer questions about what I saw.,Which show was off,Bkuw,5,,70,Male
P0306,589,TRUE,anonymous,EN,I consent.,0,0,1.108,0,No,No,Yes,No,Yes,Yes,Yes,No,Yes,0,0,1.108,0,Yes,Yes,No,Yes,No,No,Yes,Yes,Yes,,,,,,,,,,,,,0,0,1.006,0,,,,,Yes,Yes,Yes,Yes,No,Yes,No,Yes,Yes,,,,,,,,,,,,,,,,,,,,,,,,,,,,,,,,,,,,,,,,,,,,,,,,,,,,,,,,,,,,,,,,,,,,,,,,,,,,,,,,,,,,,,,,,,,,,,,,,,,,,,,,,,,,,,,,,,,,,see a picture for 1 second and answer questions about what you saw,did I notice the color of someones hair,blue,5,none,75,Female
P0307,193,TRUE,anonymous,EN,I consent.,0,0,1.116,0,No,No,Yes,Yes,Yes,Yes,Yes,Yes,Yes,0,0,1.117,0,Yes,No,Yes,Yes,Yes,Yes,Yes,Yes,Yes,,,,,,,,,,,,,,,,,,,,,,,,,,,,,,,,,,,,,,,,,,,,,,,,,,,,,,,,,,,,,,,,,,,,,,,,,,,,,,,,,,,,,,,,,,,,,,,,0,0,1.126,0,,,,,,,,,No,No,No,No,Yes,Yes,Yes,Yes,No,,,,,,,,,,,,,,,,,,,,,,,,,,,,,,I was asked to choose if I noticed things in a picture.,Did I notice if there was a person in the picture.,blue,5,,37,Male
P0308,217,TRUE,anonymous,EN,I consent.,0,0,1.015,0,No,Yes,Yes,Yes,Yes,Yes,Yes,Yes,No,0,0,1.113,0,Yes,Yes,Yes,Yes,No,Yes,Yes,Yes,Yes,,,,,,,,,,,,,,,,,,,,,,,,,,,,,,,,,,,,,,,,,,,,,,,,,,,,,,,,,,,,,,,,,,,,,,,,,,,,,,,,,,,,,,,,,,,,,,,,,,,,,,,,,,,,,,,,,,,,,,,,,,,,,,,,,,,,,0,0,1.106,0,No,No,Yes,Yes,No,Yes,No,Yes,No,I was asked to try my best to remember as many details as possible about a picture.,What color an object was.,blue,5,,29,Female
P0309,224,TRUE,anonymous,EN,I consent.,0,0,1.113,0,Yes,Yes,Yes,Yes,Yes,Yes,Yes,Yes,Yes,0,0,1.109,0,Yes,Yes,Yes,Yes,Yes,Yes,Yes,Yes,Yes,,,,,,,,,,,,,,,,,,,,,,,,,,,,,,,,,,,,,,,,,,,,,,,,,,,,,,,,,,,,,,,,,,,,,,,,,,,,,,,,,,,,,,,,,,,,,,,,,,,,,,,,,,,,,,,,,,,,,,,,,,,,,0,0,1.113,0,,,,,,,,,No,No,Yes,Yes,Yes,No,Yes,Yes,Yes,"An image appeared for one second, and the I answered questions about the details of the image.",Did you notice the build of the person in the photo?,blue,5,,32,Female
P0310,339,TRUE,anonymous,EN,I consent.,0,0,1.108,0,No,Yes,Yes,Yes,Yes,Yes,Yes,Yes,Yes,0,0,1.007,0,Yes,Yes,Yes,Yes,No,Yes,Yes,Yes,Yes,0,0,1.007,0,,,,,,,,,,,,,,,,,No,Yes,No,Yes,Yes,Yes,No,Yes,Yes,,,,,,,,,,,,,,,,,,,,,,,,,,,,,,,,,,,,,,,,,,,,,,,,,,,,,,,,,,,,,,,,,,,,,,,,,,,,,,,,,,,,,,,,,,,,,,,,,,,,,,,,,,,,,,,,,,,,,observe any details presented in an image that displays for 1 second.,Did you observe that the object was indoor/outdoor?,blue,5,,26,Male
P0311,227,TRUE,anonymous,EN,I consent.,0,0,1.125,0,No,Yes,Yes,Yes,Yes,Yes,Yes,Yes,Yes,0,0,1.017,0,Yes,Yes,Yes,Yes,No,No,Yes,Yes,Yes,,,,,,,,,,,,,,,,,,,,,,,,,,,,,,,,,,,,,,,,,,,,,,,,,,,,,,,,,,,,,,,,,,,,,,,,,,,,,,,,,,,,,,,,,,,,,,,,,,,,0,0,1.125,0,,,,,Yes,No,No,Yes,Yes,Yes,Yes,Yes,Yes,,,,,,,,,,,,,,,,,,,,,,,,,,,,,,"After being shown a picture for 1 sec, I answered questions about things I remembered from the picture.",Did you notice the material the object was made out of?,blue,5,,55,Female
P0312,255,TRUE,anonymous,EN,I consent.,0,0,1.008,0,No,Yes,Yes,No,No,No,Yes,Yes,Yes,0,0,1.008,0,Yes,Yes,Yes,Yes,Yes,Yes,Yes,Yes,Yes,,,,,,,,,,,,,,,,,0,0,1.007,0,Yes,Yes,Yes,No,No,No,Yes,Yes,Yes,,,,,,,,,,,,,,,,,,,,,,,,,,,,,,,,,,,,,,,,,,,,,,,,,,,,,,,,,,,,,,,,,,,,,,,,,,,,,,,,,,,,,,,,,,,,,,,,,,,,,,,,,,,,,,,,,,,,,What you focused on. ,Did you notice the fridge.,blue ,5,NO,23,Female
P0313,391,TRUE,anonymous,EN,I consent.,0,0,1.114,0,Yes,Yes,Yes,Yes,Yes,Yes,Yes,Yes,Yes,0,0,1.01,0,Yes,Yes,Yes,Yes,No,Yes,Yes,Yes,Yes,,,,,,,,,0,0,1.009,0,,,,,,,,,Yes,Yes,Yes,No,Yes,Yes,Yes,Yes,Yes,,,,,,,,,,,,,,,,,,,,,,,,,,,,,,,,,,,,,,,,,,,,,,,,,,,,,,,,,,,,,,,,,,,,,,,,,,,,,,,,,,,,,,,,,,,,,,,,,,,,,,,,,,,,,,,,,,,,,1 second to capture as many details as possible about a picture,color of hair?,blue,5,"interesting, thank you",67,Male
P0314,1257,TRUE,anonymous,EN,I consent.,0,0,1.01,0,No,No,Yes,Yes,Yes,Yes,Yes,Yes,Yes,0,0,1.011,0,Yes,Yes,Yes,Yes,No,Yes,Yes,Yes,Yes,,,,,,,,,,,,,,,,,,,,,,,,,,,,,,,,,,,,,,,,,,,,,,,,,,,,,,,,,,,,,,,,,,,,,,,,,,,0,0,1.009,0,Yes,Yes,No,No,Yes,Yes,Yes,Yes,No,,,,,,,,,,,,,,,,,,,,,,,,,,,,,,,,,,,,,,,,,,,,,,,,,,,,,,,,,,,i was shown a picture for 1 second then asked questions regarding what i was able to see in that short amount of time,did you notice the size of the object,blue,5,,22,Female
P0315,252,TRUE,anonymous,EN,I consent.,0,0,1.008,0,No,Yes,Yes,Yes,Yes,Yes,Yes,Yes,Yes,0,0,1.008,0,Yes,Yes,Yes,Yes,Yes,Yes,Yes,No,No,,,,,,,,,,,,,,,,,,,,,,,,,,,,,,,,,,,,,,,,,,,,,,,,,,,,,,,,,,,,,,,,,,,,,,,,,,,,,,,,,,,,,,,,,,,,,,,,,,,,,,,,0,0,1.113,0,Yes,No,Yes,Yes,Yes,No,Yes,Yes,Yes,,,,,,,,,,,,,,,,,,,,,,,,,,,,,,The task was to view an image for 1 second and then answer questions about whether or not I noticed certain details,Did you notice the background?,Blue,5,,25,Female
P0316,362,TRUE,anonymous,EN,I consent.,0,0,1.009,0,Yes,Yes,Yes,Yes,Yes,Yes,Yes,Yes,Yes,0,0,1.109,0,Yes,Yes,Yes,Yes,No,Yes,Yes,Yes,Yes,,,,,,,,,,,,,,,,,,,,,,,,,,,,,,,,,,,,,,,,,,,,,,,,,,,,,,,,,,,,,,,,,,,,,,,,,,,,,,,,,,,,,,,,,,,,,,,,,,,,,,,,,,,,,,,,,,,,,,,,,,,,,,,,,,,,,0,0,1.009,0,Yes,Yes,Yes,Yes,Yes,No,Yes,Yes,Yes,to answer questions about an image that I saw for only one second.,did I notice the size of the bench?,blue,5,,42,Male
P0317,337,TRUE,anonymous,EN,I consent.,0,0,1.051,0,No,Yes,Yes,Yes,Yes,Yes,Yes,Yes,Yes,0,0,1.035,0,Yes,Yes,Yes,Yes,Yes,Yes,Yes,Yes,Yes,,,,,0,0,1.024,0,,,,,,,,,,,,,Yes,Yes,Yes,No,Yes,Yes,No,Yes,Yes,,,,,,,,,,,,,,,,,,,,,,,,,,,,,,,,,,,,,,,,,,,,,,,,,,,,,,,,,,,,,,,,,,,,,,,,,,,,,,,,,,,,,,,,,,,,,,,,,,,,,,,,,,,,,,,,,,,,,I was shown an object for 1 second and I answered questions after about what I saw in the image.,I was asked whether I noticed the trajectory of a ball that was on a surface.,blue,5,,43,Female
P0318,482,TRUE,anonymous,EN,I consent.,0,0,1.114,0,No,Yes,No,Yes,Yes,Yes,Yes,No,Yes,0,0,1.008,0,Yes,Yes,Yes,Yes,No,Yes,Yes,Yes,No,,,,,,,,,,,,,,,,,,,,,,,,,,,,,,,,,,,,,,,,,,,,,,,,,,,,,,,,,,,,,,,0,0,1.114,0,,,,,,,,,,,,,Yes,Yes,No,Yes,No,Yes,Yes,Yes,No,,,,,,,,,,,,,,,,,,,,,,,,,,,,,,,,,,,,,,,,,,,,,,,,,,,,,,,,,,,to look at an image for 1 second and remember details.,What was the size of the animal?,blue,5,,60,Male
P0319,469,TRUE,anonymous,EN,I consent.,0,0,1.111,0,Yes,Yes,Yes,Yes,Yes,Yes,Yes,Yes,Yes,0,0,1.106,0,Yes,Yes,Yes,Yes,Yes,Yes,Yes,Yes,No,,,,,,,,,,,,,,,,,,,,,,,,,,,,,,,,,,,,,,,,,,,,,,,,,,,,,,,,,,,,,,,,,,,,,,,,,,,,,,,,,,,,,,,,0,0,1.005,0,,,,,,,,,,,,,,,,,Yes,Yes,No,No,Yes,Yes,Yes,Yes,Yes,,,,,,,,,,,,,,,,,,,,,,,,,,,,,,"was shown a picture for 1 second, i was asked questions about it","what was the man using to light the candle, a match or lighter",blue,5,thanks for the study ,72,Male
P0320,360,TRUE,anonymous,EN,I consent.,0,0,1.027,0,No,Yes,Yes,Yes,Yes,Yes,Yes,Yes,Yes,0,0,1.02,0,Yes,No,Yes,Yes,No,Yes,Yes,Yes,No,,,,,,,,,,,,,,,,,,,,,,,,,,,,,,,,,,,,,,,,,,,,,,,,,,,,,,,,,,,,,,,,,,,,,,,0,0,1.123,0,,,,,Yes,Yes,No,No,Yes,Yes,Yes,No,Yes,,,,,,,,,,,,,,,,,,,,,,,,,,,,,,,,,,,,,,,,,,,,,,,,,,,,,,,,,,,I was asked to look at a picture for 1 second and rememeber the details of the picture. I was then asked questions about the details of the picture. ,I was asked what hand the treat was in,blue,5,Thank You ,47,Male
P0321,634,TRUE,anonymous,EN,I consent.,0.552,0.552,1.115,1,Yes,Yes,No,Yes,Yes,No,Yes,No,Yes,1.009,1.009,1.108,1,No,Yes,No,Yes,Yes,No,Yes,Yes,Yes,,,,,,,,,,,,,,,,,,,,,,,,,,,,,,,,,,,,,,,,,,,,,,,,,,,,,,,,,,,,,,,,,,,,,,,,,,,,,,,,,,,,,,,,,,,,,,,,,,,,0.765,0.765,1.136,1,,,,,No,No,Yes,Yes,Yes,No,No,Yes,Yes,,,,,,,,,,,,,,,,,,,,,,,,,,,,,,I had to remember images.,Do I remember this image?,blue,5,,35,Female
P0322,515,TRUE,anonymous,EN,I consent.,0,0,1.114,0,No,No,No,No,No,No,Yes,No,Yes,0,0,1.016,0,No,No,No,No,No,Yes,Yes,No,No,,,,,,,,,,,,,,,,,,,,,,,,,,,,,,,,,,,,,,0.305,0.305,1.013,1,,,,,,,,,No,Yes,No,Yes,No,Yes,Yes,Yes,No,,,,,,,,,,,,,,,,,,,,,,,,,,,,,,,,,,,,,,,,,,,,,,,,,,,,,,,,,,,,,,,,,,,,,,,,,,,,,,,,,,,,,,,,Look at a photo for one second and ask questions about the photo,Did you notice the size of the fruit in her hand,blue,5,,65,Male
P0323,339,TRUE,anonymous,EN,I consent.,0,0,1.112,0,No,No,Yes,Yes,Yes,Yes,Yes,No,No,0,0,1.006,0,Yes,No,Yes,Yes,Yes,Yes,Yes,Yes,Yes,,,,,,,,,,,,,,,,,,,,,,,,,,,,,,,,,,,,,,,,,,,,,,,,,,,,,,,,,,,,,,,,,,,,,,,,,,,,,,,,,,,,,,,,,,,,,,,,,,,,,,,,,,,,,,,,,,,,,,,,,0,0,1.007,0,,,,,,,,,,,,,Yes,Yes,Yes,Yes,Yes,Yes,Yes,Yes,No,Looking a an image for 1 second then answering yes or no questions about the image.,Was the person in the image wearing socks,blue,5,,47,Female
P0324,344,TRUE,anonymous,EN,I consent.,0,0,1.01,0,Yes,Yes,Yes,Yes,Yes,Yes,Yes,Yes,No,0,0,1.008,0,Yes,Yes,Yes,Yes,No,No,Yes,Yes,Yes,,,,,,,,,,,,,,,,,,,,,,,,,,,,,,,,,,,,,,,,,,,,,,,,,,,,,,,,,,,,,,,,,,,,,,,,,,,0,0,1.009,0,Yes,Yes,No,No,No,Yes,Yes,Yes,Yes,,,,,,,,,,,,,,,,,,,,,,,,,,,,,,,,,,,,,,,,,,,,,,,,,,,,,,,,,,,Observe details in pictures.,Did i observe the color or pattern of clothing,Blue,5,,40,Female
P0326,395,TRUE,anonymous,EN,I consent.,0,0,1.006,0,No,Yes,Yes,Yes,Yes,Yes,Yes,Yes,No,0,0,1.006,0,Yes,Yes,Yes,Yes,No,No,Yes,Yes,Yes,,,,,,,,,,,,,,,,,,,,,,,,,,,,,,,,,,,,,,,,,,,,,,,,,,,,,,,,,,,,,,,,,,,,,,,,,,,,,,,,,,,,,,,,,,,,0,0,1.006,0,,,,,,,,,,,,,Yes,Yes,No,No,Yes,Yes,Yes,Yes,Yes,,,,,,,,,,,,,,,,,,,,,,,,,,,,,,To look at an image for 1 second and answer yes or no questions about what I noticed in the image.,Did I notice the color of the candle?,blue,5,"You should add an instruction for people to switch to full screen. Because I hadn't, I couldn't see all the first practice image.",67,Female
P0327,356,TRUE,anonymous,EN,I consent.,0.136,0.136,1.011,1,No,Yes,Yes,Yes,Yes,Yes,Yes,Yes,No,0,0,1.009,0,Yes,Yes,Yes,Yes,No,Yes,Yes,Yes,Yes,,,,,,,,,,,,,,,,,,,,,,,,,,,,,,,,,,,,,,,,,,,,,,,,,,,,,,,,,,,,,,,,,,,0.708,0.708,1.107,1,,,,,,,,,Yes,Yes,No,Yes,No,Yes,Yes,Yes,Yes,,,,,,,,,,,,,,,,,,,,,,,,,,,,,,,,,,,,,,,,,,,,,,,,,,,,,,,,,,,to view an image for a second and answer questions about it,Did you notice what the person was wearing,blue,5,,30,Male
P0328,350,TRUE,anonymous,EN,I consent.,0,0,1.011,0,Yes,Yes,Yes,Yes,Yes,Yes,Yes,Yes,Yes,0,0,1.007,0,No,Yes,Yes,Yes,Yes,Yes,Yes,Yes,Yes,,,,,,,,,,,,,0,0,1.01,0,,,,,No,Yes,No,Yes,Yes,Yes,Yes,Yes,Yes,,,,,,,,,,,,,,,,,,,,,,,,,,,,,,,,,,,,,,,,,,,,,,,,,,,,,,,,,,,,,,,,,,,,,,,,,,,,,,,,,,,,,,,,,,,,,,,,,,,,,,,,,,,,,,,,,,,,,I was shown an image for one second and then asked several questions about what I noticed,Did you notice the color of the object?,Blue,5,,23,Male
P0329,778,TRUE,anonymous,EN,I consent.,0,0,1.014,0,No,Yes,Yes,Yes,No,Yes,Yes,No,No,0,0,1.006,0,Yes,Yes,Yes,Yes,Yes,No,Yes,Yes,Yes,,,,,,,,,,,,,,,,,,,,,,,,,,,,,,,,,,,,,,,,,,0,0,1.013,0,,,,,Yes,Yes,No,Yes,Yes,Yes,Yes,Yes,No,,,,,,,,,,,,,,,,,,,,,,,,,,,,,,,,,,,,,,,,,,,,,,,,,,,,,,,,,,,,,,,,,,,,,,,,,,,,,,,,,,,,,,,,Look at images for one minute then answer a few questions when the image is no longer visible,Did I notice the pattern of the persons clothing,blue,5,"interesting, thank you",59,Female
P0330,511,TRUE,anonymous,EN,I consent.,0,0,1.01,0,No,Yes,Yes,Yes,Yes,Yes,Yes,Yes,No,0,0,1.007,0,Yes,Yes,Yes,Yes,No,Yes,Yes,Yes,No,,,,,0,0,1.011,0,,,,,,,,,,,,,Yes,Yes,No,Yes,No,Yes,No,Yes,Yes,,,,,,,,,,,,,,,,,,,,,,,,,,,,,,,,,,,,,,,,,,,,,,,,,,,,,,,,,,,,,,,,,,,,,,,,,,,,,,,,,,,,,,,,,,,,,,,,,,,,,,,,,,,,,,,,,,,,,I was expected to view an image for 1 second and answer questions on what I remember about the image,Do you Remember the gender of the person?,blue,5,,33,Female
P0331,466,TRUE,anonymous,EN,I consent.,0,0,1.019,0,Yes,Yes,Yes,Yes,Yes,Yes,Yes,Yes,No,0,0,1.019,0,No,Yes,Yes,Yes,No,No,Yes,Yes,No,,,,,,,,,,,,,,,,,,,,,,,,,,,,,,,,,,,,,,,,,,0,0,1.018,0,,,,,Yes,Yes,Yes,No,No,Yes,Yes,Yes,Yes,,,,,,,,,,,,,,,,,,,,,,,,,,,,,,,,,,,,,,,,,,,,,,,,,,,,,,,,,,,,,,,,,,,,,,,,,,,,,,,,,,,,,,,,To view a picture for 1 second and answer questions about detaols you remember in the picture,Do you remeber which hand was holding the apple?,blue,5,,48,Male
P0332,808,TRUE,anonymous,EN,I consent.,0,0,1.006,0,Yes,Yes,Yes,Yes,No,No,Yes,Yes,Yes,0,0,1.012,0,Yes,Yes,No,Yes,Yes,Yes,Yes,Yes,Yes,,,,,,,,,,,,,,,,,,,,,,,,,,,,,,,,,,,,,,,,,,,,,,,,,,,,,,,,,,,,,,,,,,,,,,,,,,,,,,,,,,,,,,,,0,0,1.006,0,,,,,,,,,,,,,,,,,Yes,Yes,Yes,Yes,Yes,Yes,Yes,Yes,Yes,,,,,,,,,,,,,,,,,,,,,,,,,,,,,,"My task was to look at a picture for on second. Then answer questions about the picture. What I saw in the picture, or not in details of the picturee  ",Was the setting indoor or outdoor ?,blue,5,Cool study. You should tell participants to set the screen to full. I had to be cause the first picture I saw half the page,41,Male
P0334,590,TRUE,anonymous,EN,I consent.,0,0,1.123,0,Yes,Yes,Yes,Yes,Yes,Yes,Yes,Yes,Yes,0,0,1.016,0,Yes,Yes,Yes,Yes,Yes,Yes,Yes,Yes,No,,,,,,,,,,,,,,,,,,,,,,,,,,,,,,,,,,0,0,1.005,0,,,,,,,,,,,,,Yes,Yes,Yes,Yes,Yes,Yes,Yes,Yes,Yes,,,,,,,,,,,,,,,,,,,,,,,,,,,,,,,,,,,,,,,,,,,,,,,,,,,,,,,,,,,,,,,,,,,,,,,,,,,,,,,,,,,,,,,,answer yes or no questions about image details,if I could see the shape of the object,blue,5,,34,Female
P0335,622,TRUE,anonymous,EN,I consent.,0,0,1.012,0,Yes,Yes,Yes,Yes,Yes,No,Yes,Yes,Yes,0,0,1.112,0,Yes,Yes,Yes,Yes,Yes,No,Yes,Yes,Yes,,,,,,,,,,,,,,,,,,,,,,,,,,,,,,,,,,,,,,,,,,,,,,,,,,,,,,,,,,,,,,,,,,,,,,,,,,,,,,,,,,,,,,,,,,,,,,,,,,,,,,,,,,,,,,,,,,,,,,,,,,,,,,,,,0,0,1.011,0,,,,,Yes,Yes,Yes,Yes,Yes,Yes,Yes,Yes,Yes,It was noticing details,I there was light soucre in the background.,blue,5,no comments,33,Female
P0336,880,TRUE,anonymous,EN,I consent.,0,0,1.009,0,Yes,Yes,Yes,Yes,Yes,Yes,Yes,Yes,Yes,0,0,1.007,0,Yes,Yes,Yes,Yes,No,Yes,Yes,Yes,Yes,,,,,,,,,,,,,,,,,,,,,,,,,,,,,,,,,,,,,,,,,,,,,,,,,,,,,,,,,,,,,,,,,,,,,,,,,,,,,,,,,,,,,,,,,,,,,,,,0,0,1.008,0,,,,,,,,,Yes,Yes,No,Yes,Yes,Yes,Yes,Yes,Yes,,,,,,,,,,,,,,,,,,,,,,,,,,,,,,Notice of details in the 1 second images,Did i notice the background of the 1st image (ball on the beach),blue,5,"It was fun, yet stressful for the 1 second time images were shown.",60,Male
P0337,452,TRUE,anonymous,EN,I consent.,0,0,1.02,0,Yes,Yes,Yes,Yes,Yes,No,Yes,No,Yes,0,0,1.009,0,Yes,Yes,Yes,Yes,No,Yes,Yes,Yes,Yes,,,,,,,,,,,,,,,,,,,,,,,,,,,,,,,,,,,,,,,,,,,,,,0,0,1.007,0,Yes,Yes,Yes,Yes,Yes,Yes,Yes,Yes,Yes,,,,,,,,,,,,,,,,,,,,,,,,,,,,,,,,,,,,,,,,,,,,,,,,,,,,,,,,,,,,,,,,,,,,,,,,,,,,,,,,,,,,,,,,I had to answer if I noticed things within the second of viewing the AI generated photo.,"""Could you tell the build of the person""",Blue,5,All smooth.,28,Male
P0338,1442,TRUE,anonymous,EN,I consent.,0,0,1.007,0,Yes,Yes,Yes,Yes,Yes,Yes,Yes,No,Yes,0,0,1.007,0,No,Yes,Yes,No,No,No,Yes,Yes,No,,,,,,,,,,,,,,,,,,,,,,,,,,,,,,,,,,,,,,,,,,,,,,,,,,,,,,,,,,,,,,,,,,,,,,,,,,,,,,,,,,,,,,,,,,,,,,,,,,,,,,,,0,0,1.01,0,Yes,No,Yes,Yes,Yes,Yes,Yes,Yes,Yes,,,,,,,,,,,,,,,,,,,,,,,,,,,,,,Look at an image for 1 second then answer questions about if I noticed certain things about the image,Did you notice the pattern and material of the clothing? ,blue,5,,32,Female
P0339,139,TRUE,anonymous,EN,I consent.,0,0,1.01,0,No,Yes,Yes,Yes,Yes,Yes,Yes,Yes,Yes,0,0,1.009,0,Yes,Yes,Yes,Yes,No,No,Yes,Yes,No,0,0,1.01,0,,,,,,,,,,,,,,,,,Yes,Yes,No,Yes,Yes,Yes,Yes,Yes,No,,,,,,,,,,,,,,,,,,,,,,,,,,,,,,,,,,,,,,,,,,,,,,,,,,,,,,,,,,,,,,,,,,,,,,,,,,,,,,,,,,,,,,,,,,,,,,,,,,,,,,,,,,,,,,,,,,,,,Look at a picture for 1s and the answer yes/no questions about what I noticed. ,Did you notice the person's gender?,Blue,5,,22,Female
P0340,370,TRUE,anonymous,EN,I consent.,0,0,1.111,0,No,Yes,Yes,Yes,Yes,Yes,Yes,Yes,No,0,0,1.108,0,Yes,Yes,Yes,Yes,Yes,No,Yes,Yes,No,,,,,,,,,,,,,,,,,,,,,,,,,,,,,,,,,,,,,,,,,,,,,,,,,,,,,,,,,,,,,,,,,,,,,,,,,,,,,,,,,,,,,,,,,,,,0,0,1.011,0,,,,,,,,,,,,,Yes,No,No,No,Yes,Yes,Yes,Yes,No,,,,,,,,,,,,,,,,,,,,,,,,,,,,,,Answering yes/no questions about an image we saw for 1 second,Did you notice if the item was stable or not,Blue,5,,31,Female
P0341,295,TRUE,anonymous,EN,I consent.,0,0,1.111,0,Yes,Yes,Yes,No,Yes,No,Yes,Yes,Yes,0,0,1.107,0,Yes,Yes,Yes,Yes,Yes,No,Yes,Yes,Yes,,,,,,,,,,,,,,,,,,,,,,,,,,,,,,,,,,,,,,,,,,,,,,,,,,,,,,,,,,,,,,,,,,,,,,,0,0,1.021,0,,,,,Yes,Yes,Yes,No,Yes,Yes,Yes,Yes,Yes,,,,,,,,,,,,,,,,,,,,,,,,,,,,,,,,,,,,,,,,,,,,,,,,,,,,,,,,,,,My task was to state yesorno as to whether I saw specific  details.,Did you notice the build ofthe man in the last picture.,blue,5,I enjoyed it. Good luck with your study! ,56,Female
P0342,169,TRUE,anonymous,EN,I consent.,0,0,1.006,0,No,Yes,Yes,Yes,Yes,Yes,Yes,Yes,Yes,0,0,1.007,0,Yes,Yes,Yes,Yes,Yes,Yes,Yes,Yes,Yes,,,,,,,,,,,,,,,,,,,,,,,,,,,,,,0,0,1.106,0,,,,,,,,,,,,,,,,,Yes,Yes,Yes,Yes,No,Yes,Yes,Yes,Yes,,,,,,,,,,,,,,,,,,,,,,,,,,,,,,,,,,,,,,,,,,,,,,,,,,,,,,,,,,,,,,,,,,,,,,,,,,,,,,,,,,,,,,,,seeing a photo and answering questions about it,Did you notice the apparent age of the person in the picture,blue,5,,29,Non-binary / third gender
P0343,244,TRUE,anonymous,EN,I consent.,0,0,1.01,0,No,Yes,Yes,Yes,Yes,Yes,Yes,No,Yes,0,0,1.111,0,Yes,Yes,Yes,Yes,No,Yes,Yes,Yes,Yes,,,,,,,,,,,,,,,,,0,0,1.009,0,Yes,Yes,No,Yes,Yes,Yes,No,Yes,Yes,,,,,,,,,,,,,,,,,,,,,,,,,,,,,,,,,,,,,,,,,,,,,,,,,,,,,,,,,,,,,,,,,,,,,,,,,,,,,,,,,,,,,,,,,,,,,,,,,,,,,,,,,,,,,,,,,,,,,Remembering details of an image,Do you remember the color of the ball?,Blue,5,none,38,Female
P0344,208,TRUE,anonymous,EN,I consent.,0,0,1.116,0,No,Yes,Yes,Yes,Yes,Yes,Yes,No,No,0,0,1.115,0,Yes,Yes,Yes,Yes,Yes,Yes,Yes,Yes,No,,,,,,,,,0,0,1.115,0,,,,,,,,,Yes,Yes,Yes,No,No,No,Yes,Yes,Yes,,,,,,,,,,,,,,,,,,,,,,,,,,,,,,,,,,,,,,,,,,,,,,,,,,,,,,,,,,,,,,,,,,,,,,,,,,,,,,,,,,,,,,,,,,,,,,,,,,,,,,,,,,,,,,,,,,,,,review an image for 1 second and answer questions about what you did/didn't see,Did you notice a refrigerator?,Blue,5,,44,Female
P0345,601,TRUE,anonymous,EN,I consent.,0,0,1.112,0,No,Yes,Yes,Yes,Yes,Yes,Yes,Yes,Yes,0,0,1.113,0,Yes,Yes,Yes,Yes,Yes,No,Yes,Yes,No,,,,,,,,,,,,,,,,,,,,,,,,,,,,,,,,,,,,,,,,,,,,,,,,,,,,,,,,,,,,,,,,,,,,,,,,,,,,,,,,,,,,,,,,,,,,,,,,,,,,,,,,,,,,,,,,,,,,,,,,,,,,,0,0,1.007,0,,,,,,,,,No,No,No,Yes,No,No,Yes,Yes,No,look at a picture  for 1 second and then answer questions about what you noticed ,did you notice the size of the bench ,"blue? I mean it's not really but that's the way we perceive it but only sometimes. Sometimes it's black or midnight blue, at night, Sometimes it's gray, sometimes it's varied, especially at sunrise and sunset",5,that color of the sky question doesn't actually have only one answer so it's a bad question to ask ,55,Female
P0346,166,TRUE,anonymous,EN,I consent.,0,0,1.107,0,No,Yes,Yes,Yes,Yes,No,Yes,Yes,No,0,0,1.008,0,Yes,Yes,No,Yes,Yes,Yes,Yes,Yes,Yes,,,,,,,,,,,,,,,,,,,,,,,,,,,,,,,,,,,,,,0,0,1.108,0,,,,,,,,,Yes,Yes,Yes,Yes,Yes,Yes,Yes,Yes,Yes,,,,,,,,,,,,,,,,,,,,,,,,,,,,,,,,,,,,,,,,,,,,,,,,,,,,,,,,,,,,,,,,,,,,,,,,,,,,,,,,,,,,,,,,To observe a picture and state if I saw certain attributes.,If I noticed the hand holding the object and what it was.,Blue,5,,24,Male
P0347,302,TRUE,anonymous,EN,I consent.,0,0,1.007,0,Yes,Yes,Yes,Yes,Yes,Yes,Yes,Yes,Yes,0,0,1.107,0,Yes,Yes,No,Yes,Yes,Yes,Yes,Yes,No,,,,,,,,,,,,,,,,,,,,,,,,,,,,,,,,,,,,,,,,,,,,,,,,,,,,,,,,,,,,,,,,,,,,,,,,,,,,,,,,,,,,,,,,,,,,,,,,,,,,0,0,1.007,0,,,,,No,Yes,Yes,Yes,Yes,No,Yes,No,No,,,,,,,,,,,,,,,,,,,,,,,,,,,,,,To try and memorize everything in the picture that's shown for 1 second,Did I notice if there was a person or not,blue,5,,33,Female
P0348,126,TRUE,anonymous,EN,I consent.,0,0,1.117,0,No,Yes,Yes,Yes,Yes,Yes,Yes,Yes,Yes,0,0,1.115,0,Yes,Yes,Yes,Yes,No,Yes,Yes,Yes,No,,,,,,,,,,,,,,,,,,,,,,,,,,,,,,,,,,,,,,,,,,,,,,,,,,,,,,,,,,,,,,,,,,,,,,,,,,,,,,,,,,,,,,,,,,,,,,,,,,,,,,,,,,,,,,,,,,,,,,,,,0,0,1.006,0,,,,,,,,,,,,,No,No,Yes,Yes,No,Yes,Yes,Yes,No,remember details from a photo,Was the person sitting or standing?,blue,5,,48,Male
P0349,303,TRUE,anonymous,EN,I consent.,0.792,0.792,1.141,1,No,Yes,Yes,Yes,Yes,No,Yes,Yes,Yes,0.45,0.45,1.129,1,Yes,Yes,Yes,Yes,No,No,Yes,Yes,No,,,,,,,,,,,,,,,,,,,,,,,,,,,,,,,,,,,,,,,,,,,,,,,,,,,,,,,,,,,,,,,,,,,,,,,,,,,,,,,,,,,,,,,,,,,,,,,,,,,,,,,,,,,,,,,,,,,,,,,,,,,,,,,,,,,,,0.51,0.51,1.018,1,No,No,Yes,Yes,Yes,Yes,No,Yes,Yes,To indicate whether I noticed any details about a picture that I saw for 1 second.,Did you notice if the person was sitting or standing,Blue,5,,58,Female
P0350,367,TRUE,anonymous,EN,I consent.,0,0,1.026,0,No,Yes,Yes,Yes,Yes,Yes,Yes,Yes,Yes,0,0,1.122,0,Yes,Yes,Yes,Yes,No,Yes,Yes,Yes,Yes,,,,,,,,,,,,,,,,,,,,,,,,,,,,,,,,,,,,,,,,,,,,,,,,,,,,,,,,,,,,,,,0,0,1.017,0,,,,,,,,,,,,,Yes,Yes,No,Yes,Yes,Yes,Yes,Yes,Yes,,,,,,,,,,,,,,,,,,,,,,,,,,,,,,,,,,,,,,,,,,,,,,,,,,,,,,,,,,,i had to rememder the detalis of a photo that was shown for 1 second ,do you rememdr the color/pattern of the object ,blue,5,,19,Non-binary / third gender
P0351,214,TRUE,anonymous,EN,I consent.,0,0,1.106,0,No,Yes,Yes,Yes,Yes,Yes,Yes,Yes,Yes,0,0,1.006,0,Yes,Yes,Yes,Yes,No,Yes,Yes,Yes,Yes,0,0,1.006,0,,,,,,,,,,,,,,,,,Yes,Yes,No,No,No,No,Yes,Yes,Yes,,,,,,,,,,,,,,,,,,,,,,,,,,,,,,,,,,,,,,,,,,,,,,,,,,,,,,,,,,,,,,,,,,,,,,,,,,,,,,,,,,,,,,,,,,,,,,,,,,,,,,,,,,,,,,,,,,,,,I was shown an image for 1 second and asked to recall if I remember certain details about the image.,Did you notice the gender of the person?,blue,5,,23,Non-binary / third gender
P0352,241,TRUE,anonymous,EN,I consent.,0,0,1.014,0,No,Yes,Yes,Yes,Yes,Yes,Yes,Yes,Yes,0,0,1.109,0,Yes,Yes,Yes,Yes,No,Yes,Yes,Yes,Yes,,,,,,,,,,,,,,,,,,,,,,,,,,,,,,,,,,,,,,,,,,,,,,,,,,,,,,,,,,,,,,,0,0,1.007,0,,,,,,,,,,,,,Yes,Yes,Yes,Yes,Yes,Yes,Yes,No,Yes,,,,,,,,,,,,,,,,,,,,,,,,,,,,,,,,,,,,,,,,,,,,,,,,,,,,,,,,,,,show a picture of an object and answer questions about it.,did i notice the pattern of the persons clothing,blue,5,,40,Male
P0353,167,TRUE,anonymous,EN,I consent.,0,0,1.117,0,No,Yes,Yes,Yes,Yes,Yes,Yes,Yes,Yes,0,0,1.015,0,Yes,Yes,Yes,Yes,No,Yes,Yes,Yes,No,,,,,,,,,,,,,,,,,,,,,,,,,,,,,,,,,,,,,,,,,,,,,,0,0,1.111,0,Yes,Yes,Yes,Yes,Yes,Yes,Yes,Yes,Yes,,,,,,,,,,,,,,,,,,,,,,,,,,,,,,,,,,,,,,,,,,,,,,,,,,,,,,,,,,,,,,,,,,,,,,,,,,,,,,,,,,,,,,,,Remember pictures I was shown for 1 second.,Do you remember the size of the apple.,blue,5,,30,Female
P0354,187,TRUE,anonymous,EN,I consent.,0,0,1.109,0,No,Yes,Yes,Yes,Yes,Yes,Yes,No,No,0,0,1.008,0,Yes,Yes,Yes,Yes,No,No,Yes,Yes,No,,,,,,,,,,,,,,,,,,,,,,,,,,,,,,,,,,,,,,,,,,,,,,,,,,,,,,,,,,,,,,,,,,,,,,,,,,,,,,,,,,,,,,,,,,,,0,0,1.011,0,,,,,,,,,,,,,Yes,No,No,No,No,Yes,Yes,Yes,No,,,,,,,,,,,,,,,,,,,,,,,,,,,,,,My task was to look at various images for one second and answer questions regarding the details that I was able to observe. ,Did you notice the size of the object? ,Blue ,5,,22,Female
P0355,245,TRUE,anonymous,EN,I consent.,0,0,1.107,0,No,Yes,No,Yes,Yes,Yes,Yes,Yes,No,0,0,1.006,0,Yes,Yes,Yes,Yes,Yes,Yes,Yes,Yes,Yes,,,,,,,,,,,,,,,,,,,,,,,,,,,,,,,,,,,,,,,,,,,,,,,,,,,,,,,,,,,,,,,,,,,,,,,,,,,,,,,,,,,,,,,,,,,,,,,,,,,,,,,,,,,,,,,,,,,,,,,,,0,0,1.109,0,,,,,,,,,,,,,Yes,No,Yes,Yes,No,No,Yes,Yes,No,What subjects in an image that people pay more attentions to,Do you know if the person was wearing socks?,Blue,5,,54,Male
P0356,918,TRUE,anonymous,EN,I consent.,0,0,1.005,0,Yes,Yes,Yes,Yes,Yes,Yes,Yes,Yes,Yes,0,0,1.106,0,No,Yes,Yes,Yes,No,Yes,Yes,Yes,Yes,,,,,,,,,,,,,0,0,1.005,0,,,,,Yes,Yes,Yes,Yes,Yes,Yes,No,Yes,Yes,,,,,,,,,,,,,,,,,,,,,,,,,,,,,,,,,,,,,,,,,,,,,,,,,,,,,,,,,,,,,,,,,,,,,,,,,,,,,,,,,,,,,,,,,,,,,,,,,,,,,,,,,,,,,,,,,,,,,Look at an image for one second and then answer questions,Did you notice the color of the table?,Blue,5,,21,Male
P0357,140,TRUE,anonymous,EN,I consent.,0,0,1.017,0,No,Yes,Yes,Yes,Yes,Yes,Yes,Yes,Yes,0,0,1.019,0,Yes,Yes,Yes,Yes,No,Yes,Yes,Yes,No,,,,,,,,,,,,,,,,,,,,,,,,,,,,,,0,0,1.119,0,,,,,,,,,,,,,,,,,Yes,Yes,No,No,Yes,Yes,Yes,Yes,No,,,,,,,,,,,,,,,,,,,,,,,,,,,,,,,,,,,,,,,,,,,,,,,,,,,,,,,,,,,,,,,,,,,,,,,,,,,,,,,,,,,,,,,,look at an image for one second and answer yes/no on what details i noticed,were the scale of items in the image correct?,blue,5,,39,Male
P0358,203,TRUE,anonymous,EN,I consent.,0,0,1.11,0,No,Yes,Yes,No,Yes,No,Yes,No,Yes,0,0,1.007,0,Yes,Yes,Yes,Yes,Yes,No,Yes,Yes,No,,,,,,,,,,,,,,,,,,,,,,,,,,,,,,,,,,,,,,,,,,,,,,,,,,,,,,,,,,,,,,,,,,,,,,,,,,,,,,,,,,,,,,,,,,,,,,,,,,,,0,0,1.107,0,,,,,Yes,Yes,Yes,No,Yes,Yes,Yes,Yes,Yes,,,,,,,,,,,,,,,,,,,,,,,,,,,,,,see an imagine quickly and remember details ,the age of the man lighting the candle,blue,5,,34,Male
P0359,314,TRUE,anonymous,EN,I consent.,0,0,1.011,0,No,Yes,Yes,Yes,Yes,Yes,Yes,Yes,No,0,0,1.11,0,Yes,Yes,No,Yes,Yes,Yes,Yes,Yes,Yes,,,,,,,,,,,,,,,,,,,,,,,,,,,,,,,,,,,,,,,,,,,,,,,,,,,,,,,,,,,,,,,,,,,,,,,0,0,1.111,0,,,,,Yes,Yes,Yes,Yes,Yes,Yes,Yes,Yes,Yes,,,,,,,,,,,,,,,,,,,,,,,,,,,,,,,,,,,,,,,,,,,,,,,,,,,,,,,,,,,To see a picture for a second and answer yes or no questions on what we were able to notice.,Whether we could see if the object was inside or outside.,blue,5,,29,Female
P0360,168,TRUE,anonymous,EN,I consent.,0,0,1.107,0,No,Yes,Yes,Yes,Yes,Yes,Yes,No,Yes,0,0,1.006,0,Yes,Yes,Yes,Yes,Yes,Yes,Yes,Yes,Yes,,,,,,,,,,,,,,,,,,,,,,,,,,,,,,,,,,,,,,0,0,1.106,0,,,,,,,,,Yes,Yes,Yes,Yes,Yes,No,Yes,Yes,Yes,,,,,,,,,,,,,,,,,,,,,,,,,,,,,,,,,,,,,,,,,,,,,,,,,,,,,,,,,,,,,,,,,,,,,,,,,,,,,,,,,,,,,,,,saying whether I noticed details in an image ,name of fruit,blue,5,,52,Female
P0361,204,TRUE,anonymous,EN,I consent.,0,0,1.012,0,Yes,Yes,Yes,Yes,Yes,Yes,Yes,No,Yes,0,0,1.012,0,Yes,Yes,Yes,Yes,Yes,No,Yes,Yes,Yes,,,,,,,,,,,,,,,,,,,,,,,,,,,,,,,,,,,,,,,,,,,,,,,,,,,,,,,,,,,,,,,,,,,,,,,,,,,,,,,,,,,,,,,,,,,,,,,,,,,,,,,,0,0,1.01,0,No,Yes,Yes,Yes,No,No,Yes,Yes,No,,,,,,,,,,,,,,,,,,,,,,,,,,,,,,I was shown images and asked what I remembered seeing in the images.,Do you remember if there was a refrigerator in the image?,Blue,5,none,44,Female
P0362,157,TRUE,anonymous,EN,I consent.,0,0,1.108,0,No,Yes,Yes,Yes,Yes,No,Yes,No,Yes,0,0,1.009,0,Yes,Yes,No,Yes,Yes,Yes,Yes,Yes,Yes,,,,,,,,,,,,,,,,,,,,,,,,,,,,,,,,,,,,,,,,,,,,,,,,,,,,,,,,,,,,,,,,,,,,,,,,,,,,,,,,,,,,,,,,,,,,,,,,,,,,,,,,,,,,,,,,,,,,,,,,,,,,,0,0,1.006,0,,,,,,,,,No,No,No,Yes,Yes,No,Yes,No,Yes,look at an image for 1 second and answer a series of question related to the image,Did you notice which shoe the person was putting on while on the bench?,blue,5,,21,Female
P0363,155,TRUE,anonymous,EN,I consent.,0,0,1.005,0,No,Yes,Yes,Yes,Yes,Yes,Yes,Yes,No,0,0,1.006,0,Yes,Yes,Yes,Yes,Yes,Yes,Yes,Yes,Yes,,,,,,,,,,,,,,,,,,,,,,,,,,,,,,,,,,,,,,,,,,,,,,,,,,,,,,,,,,,,,,,,,,,,,,,,,,,0,0,1.006,0,Yes,Yes,Yes,No,Yes,Yes,Yes,Yes,Yes,,,,,,,,,,,,,,,,,,,,,,,,,,,,,,,,,,,,,,,,,,,,,,,,,,,,,,,,,,,Whether or not I noticed details in a picture,Did you notice what the object was sitting on?,Blue,5,,22,Female
P0364,254,TRUE,anonymous,EN,I consent.,0,0,1.11,0,Yes,Yes,Yes,Yes,Yes,No,Yes,No,Yes,0,0,1.006,0,Yes,Yes,Yes,Yes,No,Yes,Yes,Yes,No,,,,,,,,,,,,,,,,,,,,,,,,,,,,,,,,,,,,,,,,,,0,0,1.107,0,,,,,Yes,Yes,No,Yes,Yes,No,Yes,Yes,Yes,,,,,,,,,,,,,,,,,,,,,,,,,,,,,,,,,,,,,,,,,,,,,,,,,,,,,,,,,,,,,,,,,,,,,,,,,,,,,,,,,,,,,,,,I looked at an image for 1 second and answered questions about things I noticed,Did you notice the person's build/physique?,Blue,5,,26,Female
P0365,192,TRUE,anonymous,EN,I consent.,0,0,1.014,0,No,Yes,Yes,Yes,Yes,Yes,Yes,Yes,Yes,0,0,1.008,0,Yes,Yes,Yes,Yes,No,Yes,Yes,Yes,Yes,,,,,,,,,,,,,,,,,0,0,1.113,0,Yes,Yes,Yes,No,No,No,Yes,Yes,Yes,,,,,,,,,,,,,,,,,,,,,,,,,,,,,,,,,,,,,,,,,,,,,,,,,,,,,,,,,,,,,,,,,,,,,,,,,,,,,,,,,,,,,,,,,,,,,,,,,,,,,,,,,,,,,,,,,,,,,"look at a picture for s second, trying to notice every detail about it, and then recall by answering questions",Did i notice the number of blue objects,blue,5,none,45,Female
P0366,321,TRUE,anonymous,EN,I consent.,0,0,1.124,0,Yes,Yes,Yes,Yes,Yes,Yes,Yes,Yes,Yes,0,0,1.02,0,Yes,Yes,Yes,Yes,Yes,Yes,Yes,Yes,Yes,,,,,0,0,1.118,0,,,,,,,,,,,,,Yes,Yes,Yes,Yes,Yes,Yes,No,Yes,Yes,,,,,,,,,,,,,,,,,,,,,,,,,,,,,,,,,,,,,,,,,,,,,,,,,,,,,,,,,,,,,,,,,,,,,,,,,,,,,,,,,,,,,,,,,,,,,,,,,,,,,,,,,,,,,,,,,,,,,Respond to yes/no questions about whether you noticed certain details in an image that was briefly shown for 1 second,Did you notice the gender of the person?,blue,5,,26,Female
P0367,195,TRUE,anonymous,EN,I consent.,0,0,1.113,0,No,Yes,Yes,Yes,Yes,No,Yes,Yes,Yes,0,0,1.109,0,Yes,Yes,No,Yes,Yes,No,Yes,Yes,Yes,,,,,,,,,,,,,,,,,,,,,,,,,,,,,,,,,,,,,,,,,,,,,,,,,,,,,,,,,,,,,,,,,,,,,,,,,,,,,,,,,,,,,,,,,,,,,,,,,,,,,,,,,,,,,,,,,,,,,,,,,,,,,,,,,0,0,1.108,0,,,,,No,No,Yes,Yes,Yes,Yes,No,Yes,Yes,i was given a few second to look at an image and then ask question about what i saw or could remember.,do you notice the color of the objects?,blue,5,,32,Female
P0368,297,TRUE,anonymous,EN,I consent.,0,0,1.115,0,Yes,Yes,Yes,Yes,Yes,Yes,Yes,Yes,Yes,0,0,1.106,0,Yes,Yes,Yes,Yes,Yes,Yes,Yes,Yes,Yes,,,,,,,,,,,,,,,,,,,,,,,,,,,,,,,,,,,,,,,,,,,,,,,,,,,,,,,,,,,0,0,1.111,0,,,,,,,,,,,,,,,,,Yes,Yes,Yes,Yes,Yes,Yes,Yes,Yes,No,,,,,,,,,,,,,,,,,,,,,,,,,,,,,,,,,,,,,,,,,,,,,,,,,,,,,,,,,,,"I was shown an image for one second, and then answered questions about what I noticed from the picture.",Did you notice what kind of animal was in the picture,Blue,5,,49,Male
P0369,110,TRUE,anonymous,EN,I consent.,0,0,1.107,0,No,Yes,Yes,Yes,Yes,No,Yes,No,No,0,0,1.108,0,Yes,Yes,No,Yes,No,Yes,Yes,Yes,No,,,,,,,,,,,,,,,,,,,,,,,,,,,,,,,,,,,,,,,,,,,,,,,,,,,,,,,,,,,,,,,,,,,0,0,1.011,0,,,,,,,,,Yes,Yes,No,Yes,Yes,No,No,No,No,,,,,,,,,,,,,,,,,,,,,,,,,,,,,,,,,,,,,,,,,,,,,,,,,,,,,,,,,,,My task was to look at a picture for one second and say yes or no to a bunch of questions about it.,I was asked if I noticed the size of the animal.,Blue,5,,21,Male
P0370,241,TRUE,anonymous,EN,I consent.,0,0,1.116,0,Yes,Yes,Yes,Yes,No,Yes,Yes,Yes,Yes,0,0,1.114,0,No,Yes,Yes,Yes,Yes,No,Yes,Yes,Yes,,,,,,,,,,,,,,,,,,,,,,,,,,,,,,,,,,0,0,1.017,0,,,,,,,,,,,,,Yes,Yes,Yes,Yes,No,Yes,Yes,Yes,No,,,,,,,,,,,,,,,,,,,,,,,,,,,,,,,,,,,,,,,,,,,,,,,,,,,,,,,,,,,,,,,,,,,,,,,,,,,,,,,,,,,,,,,,to look at an image for 1 second and answer qts,did you notice what fruit the man was holding,blue,5,,68,Female
P0371,152,TRUE,anonymous,EN,I consent.,0,0,1.018,0,No,Yes,Yes,Yes,No,No,Yes,Yes,Yes,0,0,1.017,0,Yes,Yes,No,Yes,No,No,Yes,Yes,No,,,,,,,,,,,,,,,,,,,,,,,,,,,,,,,,,,,,,,,,,,,,,,,,,,,,,,,,,,,,,,,,,,,,,,,0,0,1.015,0,,,,,Yes,Yes,No,Yes,Yes,Yes,No,Yes,Yes,,,,,,,,,,,,,,,,,,,,,,,,,,,,,,,,,,,,,,,,,,,,,,,,,,,,,,,,,,,Look at a picture really fast and then see if you noticed certain aspects of it.,Did you notice what the object was sitting on,blue,5,,36,Female
P0372,327,TRUE,anonymous,EN,I consent.,0,0,1.11,0,No,Yes,Yes,Yes,Yes,Yes,Yes,No,Yes,0,0,1.014,0,No,Yes,No,Yes,No,No,Yes,Yes,No,,,,,,,,,,,,,,,,,,,,,,,,,,,,,,,,,,,,,,,,,,,,,,,,,,,,,,,,,,,,,,,,,,,,,,,,,,,,,,,,,,,,,,,,,,,,,,,,0,0,1.107,0,,,,,,,,,No,Yes,No,No,Yes,No,Yes,Yes,No,,,,,,,,,,,,,,,,,,,,,,,,,,,,,,I looked at an image for one second and answered a series of yes/no questions about whether I noticed something,What was the material of the candle holder,blue,5,,38,Female
P0373,185,TRUE,anonymous,EN,I consent.,0,0,1.013,0,No,Yes,Yes,Yes,Yes,Yes,Yes,Yes,Yes,0,0,1.111,0,Yes,Yes,Yes,Yes,No,No,Yes,Yes,No,,,,,,,,,,,,,,,,,,,,,,,,,,,,,,,,,,,,,,,,,,,,,,,,,,,,,,,,,,,,,,,,,,,,,,,,,,,,,,,,,,,,,,,,,,,,,,,,,,,,,,,,,,,,,,,,,,,,,0,0,1.122,0,,,,,,,,,,,,,,,,,Yes,Yes,Yes,Yes,No,No,Yes,Yes,Yes,Look briefly at a picture and determine whether you noticed certain details or not.,Did you notice how large the bench was?,blue,5,,51,Female
P0374,218,TRUE,anonymous,EN,I consent.,0,0,1.109,0,No,Yes,Yes,Yes,Yes,No,Yes,No,No,0,0,1.016,0,Yes,Yes,Yes,Yes,Yes,Yes,Yes,Yes,Yes,,,,,,,,,,,,,,,,,,,,,,,,,,,,,,,,,,,,,,,,,,,,,,,,,,,,,,,,,,,,,,,,,,,,,,,,,,,,,,,,,,,,,,,,0,0,1.014,0,,,,,,,,,,,,,,,,,Yes,Yes,No,Yes,Yes,No,No,Yes,No,,,,,,,,,,,,,,,,,,,,,,,,,,,,,,"I was supposed to look at an image for approximately 1 second. After that time I was supposed to answer questions about said imagine, like the color of an item, what was happening in the backgound. ",if the object is inside or outside,blue,5,,37,Male
P0375,215,TRUE,anonymous,EN,I consent.,0,0,1.12,0,Yes,Yes,Yes,Yes,Yes,Yes,Yes,No,Yes,0,0,1.11,0,Yes,Yes,Yes,Yes,No,Yes,Yes,Yes,Yes,,,,,,,,,0,0,1.009,0,,,,,,,,,Yes,Yes,Yes,Yes,Yes,Yes,Yes,Yes,Yes,,,,,,,,,,,,,,,,,,,,,,,,,,,,,,,,,,,,,,,,,,,,,,,,,,,,,,,,,,,,,,,,,,,,,,,,,,,,,,,,,,,,,,,,,,,,,,,,,,,,,,,,,,,,,,,,,,,,,Answer if you notice certain things in the photos.,Did you recognize the color of the object?,blue,5,,30,Female
P0376,123,TRUE,anonymous,EN,I consent.,0,0,1.006,0,No,Yes,Yes,Yes,Yes,Yes,Yes,No,Yes,0,0,1.108,0,Yes,Yes,Yes,Yes,No,No,Yes,Yes,Yes,,,,,,,,,,,,,,,,,0,0,1.009,0,Yes,Yes,No,No,No,No,No,No,Yes,,,,,,,,,,,,,,,,,,,,,,,,,,,,,,,,,,,,,,,,,,,,,,,,,,,,,,,,,,,,,,,,,,,,,,,,,,,,,,,,,,,,,,,,,,,,,,,,,,,,,,,,,,,,,,,,,,,,,view and image for 1 second and answer yes/no questions about what I noticed,did I notice if there was a person in the image?,blue,5,,42,Male
P0377,133,TRUE,anonymous,EN,I consent.,0,0,1.012,0,No,Yes,Yes,Yes,Yes,Yes,Yes,No,Yes,0,0,1.009,0,Yes,Yes,Yes,Yes,Yes,No,Yes,Yes,Yes,,,,,,,,,,,,,,,,,,,,,,,,,,,,,,,,,,,,,,,,,,,,,,,,,,,,,,,,,,,,,,,,,,,,,,,,,,,,,,,,,,,,,,,,,,,,,,,,,,,,0,0,1.112,0,,,,,Yes,No,Yes,No,No,Yes,Yes,Yes,Yes,,,,,,,,,,,,,,,,,,,,,,,,,,,,,,to remember a picture I saw for a second,Do you remember the physique of the man holding candle ,blue,5,n/a interesting study,24,Male
P0378,172,TRUE,anonymous,EN,I consent.,0,0,1.123,0,No,Yes,Yes,Yes,Yes,Yes,Yes,Yes,No,0,0,1.011,0,Yes,Yes,Yes,Yes,No,No,Yes,Yes,Yes,,,,,,,,,,,,,,,,,,,,,,,,,,,,,,,,,,,,,,,,,,,,,,,,,,,,,,,,,,,,,,,,,,,,,,,,,,,,,,,,,,,,,,,,,,,,,,,,0,0,1.122,0,,,,,,,,,Yes,No,No,No,No,No,Yes,Yes,No,,,,,,,,,,,,,,,,,,,,,,,,,,,,,,recall details of a picture ,the pattern of the blue object,blue,5,,36,Female
P0379,179,TRUE,anonymous,EN,I consent.,0,0,1.007,0,Yes,Yes,Yes,No,Yes,Yes,Yes,Yes,Yes,0,0,1.113,0,Yes,Yes,Yes,Yes,Yes,Yes,Yes,Yes,Yes,,,,,,,,,,,,,,,,,,,,,,,,,,,,,,,,,,,,,,,,,,,,,,,,,,,,,,,,,,,,,,,,,,,,,,,,,,,,,,,,,,,,,,,,,,,,,,,,,,,,,,,,,,,,,,,,,,,,,0,0,1.005,0,,,,,,,,,,,,,,,,,Yes,No,No,Yes,Yes,No,Yes,Yes,Yes,To view an image for one second and then answer questions regarding whether I noticed certain things about the image ,Whether I noticed the build/physique of the person ,blue,5,All AI images? ,24,Female
P0380,289,TRUE,anonymous,EN,I consent.,0,0,1.443,0,Yes,Yes,Yes,Yes,No,Yes,Yes,Yes,Yes,0,0,1.011,0,No,Yes,Yes,Yes,No,Yes,Yes,Yes,Yes,,,,,,,,,,,,,,,,,,,,,,,,,,,,,,,,,,,,,,0,0,1.084,0,,,,,,,,,Yes,Yes,Yes,No,No,No,Yes,Yes,Yes,,,,,,,,,,,,,,,,,,,,,,,,,,,,,,,,,,,,,,,,,,,,,,,,,,,,,,,,,,,,,,,,,,,,,,,,,,,,,,,,,,,,,,,,View a picture for one second and then recall certain details from that picture.,Did I notice the size of the fruit in the person's hand,blue,5,,37,Male
P0381,153,TRUE,anonymous,EN,I consent.,0,0,1.013,0,Yes,Yes,Yes,Yes,Yes,Yes,Yes,Yes,No,0,0,1.008,0,Yes,Yes,Yes,Yes,No,Yes,Yes,Yes,No,,,,,,,,,,,,,,,,,,,,,,,,,,,,,,,,,,,,,,,,,,,,,,0,0,1.007,0,Yes,Yes,No,No,No,Yes,Yes,Yes,No,,,,,,,,,,,,,,,,,,,,,,,,,,,,,,,,,,,,,,,,,,,,,,,,,,,,,,,,,,,,,,,,,,,,,,,,,,,,,,,,,,,,,,,,To look at images and give details about them ,Did you notice what the object was sitting on?,blue,5,,31,Female
P0382,519,TRUE,anonymous,EN,I consent.,0,0,1.006,0,No,Yes,Yes,Yes,Yes,No,Yes,Yes,Yes,0,0,1.118,0,No,Yes,Yes,Yes,No,Yes,Yes,Yes,Yes,,,,,,,,,,,,,,,,,,,,,,,,,,,,,,,,,,,,,,,,,,,,,,,,,,,,,,,,,,,,,,,,,,,,,,,,,,,,,,,,,,,,,,,,,,,,,,,,,,,,,,,,,,,,,,,,,,,,,,,,,,,,,,,,,,,,,0,0,1.113,0,Yes,Yes,Yes,Yes,Yes,No,Yes,Yes,Yes,Look at image for 1 second. Answer questions about what you remember.,Did she have socks on?,Blue,5,,22,Female
P0383,207,TRUE,anonymous,EN,I consent.,0,0,1.011,0,Yes,Yes,Yes,Yes,Yes,Yes,Yes,Yes,No,0,0,1.108,0,No,Yes,Yes,Yes,Yes,Yes,Yes,Yes,Yes,,,,,,,,,,,,,,,,,,,,,,,,,,,,,,,,,,,,,,,,,,,,,,,,,,,,,,,,,,,0,0,1.115,0,,,,,,,,,,,,,,,,,Yes,Yes,Yes,Yes,No,Yes,Yes,Yes,Yes,,,,,,,,,,,,,,,,,,,,,,,,,,,,,,,,,,,,,,,,,,,,,,,,,,,,,,,,,,,I saw an image for one second and answered questions about it.,DO you remember the physical build / physic of the person in the image.,blue,5,,25,Female
P0384,152,TRUE,anonymous,EN,I consent.,0,0,1.112,0,No,Yes,Yes,Yes,Yes,Yes,Yes,Yes,No,0,0,1.111,0,Yes,Yes,Yes,Yes,Yes,No,Yes,Yes,Yes,,,,,,,,,,,,,,,,,,,,,,,,,,,,,,,,,,,,,,,,,,,,,,,,,,,,,,,,,,,,,,,,,,,,,,,,,,,,,,,,,,,,,,,,,,,,,,,,,,,,,,,,,,,,,,,,,,,,,,,,,0.826,0.826,1.114,1,,,,,,,,,,,,,Yes,Yes,Yes,Yes,Yes,Yes,Yes,Yes,No,assess photos,Did you notice the size of an object?,blue,5,,38,Female
P0385,267,TRUE,anonymous,EN,I consent.,0,0,1.116,0,Yes,Yes,Yes,Yes,Yes,Yes,Yes,Yes,Yes,0,0,1.113,0,Yes,Yes,Yes,Yes,Yes,Yes,Yes,Yes,Yes,,,,,,,,,,,,,,,,,,,,,,,,,,,,,,,,,,,,,,,,,,0,0,1.108,0,,,,,Yes,Yes,Yes,Yes,No,Yes,Yes,Yes,No,,,,,,,,,,,,,,,,,,,,,,,,,,,,,,,,,,,,,,,,,,,,,,,,,,,,,,,,,,,,,,,,,,,,,,,,,,,,,,,,,,,,,,,,Look at a picture and remember the details.,Did you notice the type of fruit?,blue,5,,48,Female
P0386,309,TRUE,anonymous,EN,I consent.,0,0,1.022,0,No,Yes,Yes,Yes,Yes,Yes,Yes,Yes,Yes,0,0,1.017,0,Yes,Yes,Yes,Yes,No,Yes,Yes,Yes,No,,,,,,,,,0,0,1.024,0,,,,,,,,,Yes,Yes,Yes,No,No,No,Yes,Yes,Yes,,,,,,,,,,,,,,,,,,,,,,,,,,,,,,,,,,,,,,,,,,,,,,,,,,,,,,,,,,,,,,,,,,,,,,,,,,,,,,,,,,,,,,,,,,,,,,,,,,,,,,,,,,,,,,,,,,,,,"Look at an object for one second, and then answer questions about what you recall.",Did you notice the direction the object was traveling?,blue,5,,53,Male
P0387,117,TRUE,anonymous,EN,I consent.,0,0,1.109,0,No,Yes,Yes,Yes,Yes,Yes,Yes,Yes,No,0,0,1.007,0,No,Yes,Yes,Yes,Yes,Yes,Yes,Yes,Yes,,,,,,,,,,,,,,,,,,,,,,,,,,,,,,,,,,,,,,,,,,,,,,,,,,,,,,,,,,,,,,,0,0,1.109,0,,,,,,,,,,,,,No,Yes,No,No,Yes,No,Yes,Yes,Yes,,,,,,,,,,,,,,,,,,,,,,,,,,,,,,,,,,,,,,,,,,,,,,,,,,,,,,,,,,,look at an image for a quick moment and answer questions about what i saw ,Did you notice the color of the object? ,blue ,5,none,37,Male
P0388,127,TRUE,anonymous,EN,I consent.,0,0,1.008,0,No,Yes,Yes,No,No,No,Yes,No,Yes,0,0,1.006,0,No,Yes,No,Yes,Yes,Yes,Yes,Yes,No,,,,,0,0,1.006,0,,,,,,,,,,,,,Yes,Yes,Yes,Yes,Yes,No,No,No,Yes,,,,,,,,,,,,,,,,,,,,,,,,,,,,,,,,,,,,,,,,,,,,,,,,,,,,,,,,,,,,,,,,,,,,,,,,,,,,,,,,,,,,,,,,,,,,,,,,,,,,,,,,,,,,,,,,,,,,,recall details of an image,did you notice the color of the ball,blue,5,,33,Male
P0389,271,TRUE,anonymous,EN,I consent.,0,0,1.008,0,Yes,Yes,Yes,Yes,Yes,Yes,Yes,Yes,Yes,0,0,1.005,0,No,No,No,No,No,No,No,No,No,0,0,1.006,0,,,,,,,,,,,,,,,,,Yes,Yes,Yes,No,No,Yes,Yes,Yes,Yes,,,,,,,,,,,,,,,,,,,,,,,,,,,,,,,,,,,,,,,,,,,,,,,,,,,,,,,,,,,,,,,,,,,,,,,,,,,,,,,,,,,,,,,,,,,,,,,,,,,,,,,,,,,,,,,,,,,,,look at a quick picture and answer questions about it ,if i noticed the height of someone,blue,5,,29,Female
P0390,143,TRUE,anonymous,EN,I consent.,0,0,1.11,0,No,Yes,Yes,Yes,Yes,No,Yes,Yes,No,0,0,1.116,0,Yes,Yes,Yes,Yes,Yes,Yes,Yes,Yes,Yes,,,,,,,,,,,,,,,,,,,,,,,,,,,,,,,,,,,,,,,,,,,,,,,,,,,,,,,,,,,,,,,,,,,,,,,,,,,,,,,,,,,,,,,,,,,,,,,,,,,,,,,,,,,,,,,,,,,,,,,,,,,,,0,0,1.115,0,,,,,,,,,Yes,No,Yes,Yes,Yes,No,Yes,Yes,No,I was to remember details about a photo that was briefly shown,Do you remember what type of shoe the person is putting on?,blue,5,"This is about AI and people's gestalt interpretations of its pictures, isn't it? Hehe",35,Female
P0391,444,TRUE,anonymous,EN,I consent.,0,0,1.012,0,Yes,Yes,Yes,Yes,Yes,Yes,Yes,Yes,Yes,0,0,1.013,0,Yes,Yes,Yes,Yes,No,No,Yes,No,Yes,,,,,,,,,,,,,,,,,,,,,,,,,,,,,,,,,,,,,,,,,,,,,,,,,,,,,,,,,,,,,,,,,,,,,,,,,,,,,,,,,,,,,,,,,,,,0,0,1.118,0,,,,,,,,,,,,,Yes,Yes,No,No,Yes,Yes,Yes,Yes,Yes,,,,,,,,,,,,,,,,,,,,,,,,,,,,,,To answer questions about what details I saw in the pictures I was shown for less than a second. ,Did  you notice the color blue in the object. ,Blue,5,,61,Female
P0392,332,TRUE,anonymous,EN,I consent.,0,0,1.007,0,No,Yes,Yes,Yes,Yes,Yes,Yes,Yes,Yes,0,0,1.106,0,Yes,Yes,Yes,Yes,Yes,Yes,Yes,Yes,Yes,,,,,,,,,,,,,,,,,,,,,,,,,,,,,,0,0,1.111,0,,,,,,,,,,,,,,,,,No,No,No,Yes,No,Yes,Yes,Yes,Yes,,,,,,,,,,,,,,,,,,,,,,,,,,,,,,,,,,,,,,,,,,,,,,,,,,,,,,,,,,,,,,,,,,,,,,,,,,,,,,,,,,,,,,,,see if i noticed details in a 1 second picture flash,did you notice what hand handled the fruit,blue,5,,26,Male
P0393,230,TRUE,anonymous,EN,I consent.,0,0,1.009,0,No,Yes,Yes,Yes,Yes,Yes,Yes,No,Yes,0,0,1.008,0,Yes,Yes,Yes,Yes,Yes,No,Yes,Yes,No,,,,,,,,,,,,,,,,,,,,,,,,,,,,,,,,,,,,,,,,,,,,,,,,,,,,,,,,,,,,,,,,,,,0,0,1.006,0,,,,,,,,,Yes,Yes,Yes,No,Yes,Yes,Yes,Yes,No,,,,,,,,,,,,,,,,,,,,,,,,,,,,,,,,,,,,,,,,,,,,,,,,,,,,,,,,,,,I had to look at a picture for one second then answer questions about details I did or didn't notice,Did I notice what kind of animal was in the picture?,blue,5,thanks!,38,Male
P0394,267,TRUE,anonymous,EN,I consent.,0,0,1.012,0,No,Yes,Yes,Yes,Yes,Yes,Yes,Yes,Yes,0,0,1.11,0,Yes,Yes,Yes,Yes,No,No,Yes,Yes,Yes,,,,,,,,,,,,,,,,,,,,,,,,,,,,,,,,,,,,,,,,,,,,,,,,,,,,,,,,,,,,,,,,,,,,,,,,,,,,,,,,,,,,,,,,,,,,,,,,,,,,,,,,,,,,,,,,,,,,,,,,,,,,,,,,,0,0,1.008,0,,,,,Yes,Yes,No,Yes,Yes,No,Yes,Yes,Yes,notice details of an image,Did you notice the person's build/physique?,blue,5,,36,Female
P0395,211,TRUE,anonymous,EN,I consent.,0,0,1.011,0,No,Yes,Yes,Yes,Yes,Yes,Yes,Yes,Yes,0,0,1.013,0,Yes,Yes,Yes,Yes,No,Yes,Yes,Yes,Yes,,,,,,,,,,,,,,,,,,,,,,,,,,,,,,,,,,,,,,,,,,,,,,,,,,,,,,,,,,,,,,,,,,,,,,,,,,,,,,,,,,,,,,,,0,0,1.119,0,,,,,,,,,,,,,,,,,Yes,Yes,No,No,Yes,Yes,Yes,Yes,Yes,,,,,,,,,,,,,,,,,,,,,,,,,,,,,,to view a photo for one second and then answer which details about it I recalled,Did I notice the color of the candle,blue,5,,38,Male
P0396,193,TRUE,anonymous,EN,I consent.,0,0,1.11,0,No,Yes,Yes,Yes,Yes,No,Yes,Yes,No,0,0,1.007,0,Yes,Yes,Yes,Yes,Yes,Yes,Yes,No,No,,,,,,,,,,,,,0,0,1.006,0,,,,,Yes,Yes,Yes,Yes,Yes,No,No,Yes,Yes,,,,,,,,,,,,,,,,,,,,,,,,,,,,,,,,,,,,,,,,,,,,,,,,,,,,,,,,,,,,,,,,,,,,,,,,,,,,,,,,,,,,,,,,,,,,,,,,,,,,,,,,,,,,,,,,,,,,,Look at a picture for 1-3 seconds and then answer questions about it,Was there a person in the picture?,Blue,5,,23,Female
P0397,194,TRUE,anonymous,EN,I consent.,0,0,1.006,0,No,Yes,Yes,Yes,Yes,No,Yes,Yes,No,0,0,1.005,0,Yes,Yes,No,Yes,No,Yes,Yes,Yes,Yes,,,,,,,,,,,,,,,,,,,,,,,,,,,,,,,,,,0,0,1.008,0,,,,,,,,,,,,,Yes,Yes,Yes,Yes,No,Yes,No,Yes,No,,,,,,,,,,,,,,,,,,,,,,,,,,,,,,,,,,,,,,,,,,,,,,,,,,,,,,,,,,,,,,,,,,,,,,,,,,,,,,,,,,,,,,,,See a picture for 1 second and then answer yes or no questions of if I noticed a certain detail about the picture,Did I notice the type of fruit in the picture?,Blue,5,,28,Male
P0398,306,TRUE,anonymous,EN,I consent.,0,0,1.113,0,No,Yes,Yes,Yes,Yes,Yes,Yes,No,No,0,0,1.007,0,Yes,Yes,Yes,Yes,Yes,No,Yes,Yes,No,,,,,,,,,,,,,,,,,,,,,,,,,,,,,,,,,,,,,,,,,,,,,,,,,,,,,,,,,,,,,,,,,,,,,,,,,,,0,0,1.007,0,No,No,No,No,No,Yes,Yes,Yes,Yes,,,,,,,,,,,,,,,,,,,,,,,,,,,,,,,,,,,,,,,,,,,,,,,,,,,,,,,,,,,noting details of photos,did I  notice color of the box,blue,5,,63,Male
P0399,206,TRUE,anonymous,EN,I consent.,0,0,1.008,0,Yes,Yes,Yes,Yes,Yes,Yes,Yes,Yes,No,0,0,1.108,0,Yes,Yes,Yes,Yes,Yes,Yes,Yes,Yes,Yes,,,,,,,,,,,,,,,,,,,,,,,,,,,,,,,,,,,,,,,,,,,,,,,,,,,,,,,,,,,,,,,,,,,,,,,,,,,,,,,,,,,,,,,,,,,,,,,,,,,,,,,,0,0,1.107,0,Yes,No,No,No,Yes,Yes,Yes,Yes,Yes,,,,,,,,,,,,,,,,,,,,,,,,,,,,,,How much detail you remember after 1 sec,The color/pattern of the object,blue,5,,27,Male
P0400,165,TRUE,anonymous,EN,I consent.,0,0,1.105,0,No,Yes,Yes,Yes,Yes,Yes,Yes,Yes,Yes,0,0,1.107,0,Yes,Yes,Yes,Yes,Yes,Yes,Yes,Yes,Yes,,,,,,,,,,,,,,,,,,,,,,,,,,,,,,,,,,,,,,,,,,0,0,1.006,0,,,,,Yes,Yes,No,Yes,Yes,Yes,Yes,Yes,No,,,,,,,,,,,,,,,,,,,,,,,,,,,,,,,,,,,,,,,,,,,,,,,,,,,,,,,,,,,,,,,,,,,,,,,,,,,,,,,,,,,,,,,,I was shown a picture and then asked some yes/no questions about its details.,Did you notice the size of the bag?,blue,5,,52,Male
P0401,169,TRUE,anonymous,EN,I consent.,0,0,1.011,0,No,Yes,Yes,Yes,Yes,Yes,Yes,No,Yes,0,0,1.114,0,No,Yes,Yes,Yes,Yes,Yes,Yes,Yes,No,,,,,,,,,,,,,,,,,,,,,,,,,,,,,,,,,,,,,,,,,,,,,,,,,,,,,,,,,,,,,,,,,,,,,,,,,,,,,,,,,,,,,,,,0,0,1.012,0,,,,,,,,,,,,,,,,,Yes,Yes,No,No,Yes,Yes,Yes,Yes,Yes,,,,,,,,,,,,,,,,,,,,,,,,,,,,,,I looked at a picture for 1 second and recalled details,Did you notice the person's apparent build/physique?,blue,5,Thanks!,70,Female
P0402,303,TRUE,anonymous,EN,I consent.,0,0,1.01,0,Yes,Yes,Yes,Yes,Yes,No,Yes,Yes,No,0,0,1.113,0,Yes,Yes,Yes,Yes,Yes,No,Yes,Yes,No,,,,,,,,,,,,,,,,,,,,,,,,,,,,,,,,,,,,,,,,,,,,,,,,,,,,,,,,,,,,,,,,,,,,,,,,,,,,,,,,,,,,,,,,,,,,,,,,,,,,,,,,,,,,,,,,,,,,,,,,,,,,,0,0,1.008,0,,,,,,,,,No,No,Yes,Yes,Yes,Yes,Yes,Yes,Yes,We were shown a picture for 1 second and asked several questions about things we noticed.,Did you notice the direction of the light source?,Blue,5,,35,Male
P0403,140,TRUE,anonymous,EN,I consent.,0,0,1.007,0,No,Yes,Yes,Yes,Yes,No,Yes,No,Yes,0,0,1.007,0,Yes,Yes,Yes,Yes,Yes,Yes,Yes,Yes,No,,,,,,,,,,,,,,,,,,,,,,,,,,,,,,,,,,,,,,,,,,,,,,,,,,,,,,,,,,,,,,,0,0,1.007,0,,,,,,,,,,,,,Yes,Yes,No,Yes,Yes,Yes,Yes,Yes,No,,,,,,,,,,,,,,,,,,,,,,,,,,,,,,,,,,,,,,,,,,,,,,,,,,,,,,,,,,,Answering questions about details in an image,did i notice any animals in the picture,blue,5,,22,Female
P0404,155,TRUE,anonymous,EN,I consent.,0,0,1.119,0,No,Yes,Yes,Yes,Yes,Yes,Yes,Yes,No,0,0,1.126,0,Yes,Yes,Yes,Yes,Yes,No,Yes,Yes,No,,,,,,,,,,,,,,,,,,,,,,,,,,,,,,,,,,,,,,,,,,,,,,0,0,1.123,0,Yes,Yes,Yes,Yes,No,Yes,Yes,No,No,,,,,,,,,,,,,,,,,,,,,,,,,,,,,,,,,,,,,,,,,,,,,,,,,,,,,,,,,,,,,,,,,,,,,,,,,,,,,,,,,,,,,,,,"Look at an image for one second, and then answer questions on what you did or did not notice in the image.",Did you notice how stable the object was,blue,5,,23,Non-binary / third gender
P0405,290,TRUE,anonymous,EN,I consent.,0,0,1.005,0,No,Yes,Yes,Yes,Yes,No,Yes,Yes,Yes,0,0,1.105,0,Yes,Yes,Yes,Yes,Yes,No,Yes,Yes,No,0,0,1.204,0,,,,,,,,,,,,,,,,,Yes,Yes,Yes,Yes,No,No,Yes,Yes,Yes,,,,,,,,,,,,,,,,,,,,,,,,,,,,,,,,,,,,,,,,,,,,,,,,,,,,,,,,,,,,,,,,,,,,,,,,,,,,,,,,,,,,,,,,,,,,,,,,,,,,,,,,,,,,,,,,,,,,,"I was shown an image for 1 second, then asked if I noticed certain details about it",Did you notice the color of the table,blue,5,,22,Non-binary / third gender
P0406,199,TRUE,anonymous,EN,I consent.,0,0,1.015,0,No,Yes,Yes,Yes,Yes,Yes,Yes,Yes,Yes,0,0,1.111,0,Yes,Yes,Yes,Yes,No,Yes,Yes,Yes,Yes,,,,,,,,,,,,,,,,,,,,,,,,,,,,,,,,,,,,,,,,,,,,,,,,,,,,,,,,,,,,,,,,,,,,,,,,,,,,,,,,,,,,,,,,,,,,,,,,0,0,1.012,0,,,,,,,,,Yes,No,No,No,Yes,No,Yes,Yes,Yes,,,,,,,,,,,,,,,,,,,,,,,,,,,,,,I had to look at an image for one second and then answer yes or no questions about what I noticed about the image.,Did I notice which hand the person was using to light the candle?,Blue,5,,23,Female
P0407,365,TRUE,anonymous,EN,I consent.,0,0,1.01,0,No,Yes,Yes,Yes,No,Yes,Yes,Yes,Yes,0,0,1.115,0,Yes,Yes,Yes,Yes,No,No,Yes,Yes,No,,,,,,,,,,,,,,,,,,,,,,,,,,,,,,,,,,,,,,,,,,,,,,,,,,,,,,,,,,,0,0,1.006,0,,,,,,,,,,,,,,,,,No,No,No,No,No,Yes,Yes,No,No,,,,,,,,,,,,,,,,,,,,,,,,,,,,,,,,,,,,,,,,,,,,,,,,,,,,,,,,,,,I had to view an image for one second and then see how much I recalled.,Did you notice the color of the object?,Blue,5,,55,Female
P0408,170,TRUE,anonymous,EN,I consent.,0.928,0.928,1.016,1,Yes,Yes,Yes,Yes,Yes,Yes,Yes,Yes,Yes,0.903,0.903,1.007,1,Yes,Yes,Yes,Yes,Yes,No,Yes,Yes,Yes,,,,,,,,,,,,,,,,,0,0,1.022,0,Yes,Yes,Yes,Yes,Yes,Yes,Yes,Yes,Yes,,,,,,,,,,,,,,,,,,,,,,,,,,,,,,,,,,,,,,,,,,,,,,,,,,,,,,,,,,,,,,,,,,,,,,,,,,,,,,,,,,,,,,,,,,,,,,,,,,,,,,,,,,,,,,,,,,,,,Looking at images and identifying objects,Did you notice a color pattern,blue,5,,42,Female
P0409,232,TRUE,anonymous,EN,I consent.,0,0,1.008,0,Yes,Yes,Yes,Yes,Yes,Yes,Yes,Yes,Yes,0.119,0.119,1.007,1,Yes,Yes,Yes,Yes,Yes,No,Yes,No,No,,,,,,,,,,,,,,,,,,,,,,,,,,,,,,,,,,,,,,,,,,,,,,,,,,,,,,,,,,,,,,,,,,,,,,,,,,,,,,,,,,,,,,,,,,,,,,,,,,,,,,,,,,,,,,,,,,,,,,,,,,,,,,,,,,,,,0,0,1.006,0,No,Yes,Yes,Yes,No,Yes,No,No,Yes,i was shown a picture for 1 second and asked to recall with yes or no questions certain things in the scene if i had or hadnt noticed them,if the person had socks on or not,blue,5,,36,Male
P0410,228,TRUE,anonymous,EN,I consent.,0,0,1.008,0,No,Yes,Yes,Yes,Yes,Yes,Yes,Yes,Yes,0,0,1.008,0,Yes,Yes,Yes,Yes,Yes,No,Yes,Yes,Yes,,,,,,,,,,,,,,,,,,,,,,,,,,,,,,,,,,,,,,0,0,1.109,0,,,,,,,,,Yes,Yes,Yes,Yes,No,No,Yes,Yes,Yes,,,,,,,,,,,,,,,,,,,,,,,,,,,,,,,,,,,,,,,,,,,,,,,,,,,,,,,,,,,,,,,,,,,,,,,,,,,,,,,,,,,,,,,,seeing a picture quickly and saying what I saw,did you see what color the fruit was?,blue,5,,34,Female
P0411,185,TRUE,anonymous,EN,I consent.,0,0,1.011,0,No,Yes,Yes,Yes,Yes,Yes,Yes,Yes,No,0,0,1.11,0,Yes,No,Yes,No,No,No,Yes,Yes,No,,,,,,,,,,,,,,,,,,,,,,,,,,,,,,,,,,,,,,,,,,,,,,,,,,,,,,,,,,,,,,,,,,,,,,,,,,,,,,,,,,,,,,,,,,,,0,0,1.11,0,,,,,,,,,,,,,Yes,Yes,Yes,Yes,Yes,Yes,Yes,Yes,Yes,,,,,,,,,,,,,,,,,,,,,,,,,,,,,,look at a picture and try to remember details about it,if i noticed the color of the candle,blue,5,,40,Female
P0412,181,TRUE,anonymous,EN,I consent.,0,0,1.12,0,No,Yes,Yes,Yes,Yes,Yes,Yes,Yes,Yes,0,0,1.014,0,Yes,Yes,Yes,Yes,No,Yes,Yes,Yes,Yes,,,,,,,,,,,,,,,,,,,,,,,,,,,,,,,,,,,,,,,,,,,,,,,,,,,,,,,,,,,,,,,,,,,,,,,,,,,,,,,,,,,,,,,,,,,,,,,,,,,,,,,,,,,,,,,,,,,,,,,,,0,0,1.113,0,,,,,,,,,,,,,No,No,No,Yes,Yes,Yes,Yes,Yes,Yes,to look at a picture for 1 second and answer yes or no on the main object and its surroundings ,did you notice the physique of the person,blue,5,,36,Male
P0413,181,TRUE,anonymous,EN,I consent.,0,0,1.008,0,Yes,Yes,Yes,Yes,Yes,No,Yes,No,No,0,0,1.009,0,Yes,Yes,No,Yes,Yes,No,Yes,Yes,No,,,,,,,,,,,,,,,,,,,,,,,,,,,,,,,,,,,,,,,,,,,,,,,,,,,,,,,,,,,,,,,,,,,0,0,1.007,0,,,,,,,,,Yes,Yes,No,Yes,Yes,Yes,Yes,Yes,Yes,,,,,,,,,,,,,,,,,,,,,,,,,,,,,,,,,,,,,,,,,,,,,,,,,,,,,,,,,,,taking to take account of the pic taken and notice what you saw in one second.,Did you notice what the object was sitting on?,blue,5,,40,Male
P0414,279,TRUE,anonymous,EN,I consent.,0,0,1.009,0,No,Yes,Yes,Yes,Yes,Yes,Yes,Yes,Yes,0,0,1.107,0,Yes,Yes,Yes,Yes,Yes,Yes,Yes,Yes,Yes,,,,,,,,,,,,,,,,,,,,,,,,,,,,,,,,,,,,,,,,,,,,,,,,,,,,,,,,,,,,,,,,,,,,,,,,,,,,,,,,,,,,,,,,,,,,,,,,,,,,,,,,0,0,1.122,0,Yes,Yes,Yes,Yes,Yes,Yes,Yes,Yes,Yes,,,,,,,,,,,,,,,,,,,,,,,,,,,,,,I saw an image and answered questions about it,Did you notice the color of the candle?,blue,5,,39,Female
P0415,159,TRUE,anonymous,EN,I consent.,0,0,1.106,0,No,Yes,Yes,Yes,Yes,Yes,Yes,Yes,Yes,0,0,1.006,0,Yes,Yes,Yes,Yes,Yes,Yes,Yes,Yes,Yes,,,,,,,,,0,0,1.007,0,,,,,,,,,Yes,Yes,Yes,Yes,Yes,Yes,No,Yes,Yes,,,,,,,,,,,,,,,,,,,,,,,,,,,,,,,,,,,,,,,,,,,,,,,,,,,,,,,,,,,,,,,,,,,,,,,,,,,,,,,,,,,,,,,,,,,,,,,,,,,,,,,,,,,,,,,,,,,,,"Given 1 second to take a look at a picture, try to recollect what you saw in the photo.",Did you notice the trajectory of the ball?,"Depends if there's clouds or not, so blue.",5,,25,Male
P0416,147,TRUE,anonymous,EN,I consent.,0,0,1.007,0,No,Yes,Yes,Yes,Yes,Yes,Yes,Yes,Yes,0,0,1.109,0,Yes,Yes,Yes,Yes,Yes,Yes,Yes,Yes,Yes,,,,,,,,,,,,,0,0,1.111,0,,,,,Yes,Yes,Yes,Yes,Yes,Yes,Yes,Yes,Yes,,,,,,,,,,,,,,,,,,,,,,,,,,,,,,,,,,,,,,,,,,,,,,,,,,,,,,,,,,,,,,,,,,,,,,,,,,,,,,,,,,,,,,,,,,,,,,,,,,,,,,,,,,,,,,,,,,,,,I was shown pictures for 1 second and asked what details I noticed in them.,DId you notice if there was a person in the picture.,blue,5,,32,Male
P0417,297,TRUE,anonymous,EN,I consent.,0,0,1.028,0,No,Yes,Yes,Yes,Yes,Yes,Yes,Yes,No,0,0,1.027,0,Yes,Yes,Yes,Yes,No,No,Yes,Yes,No,,,,,0,0,1.025,0,,,,,,,,,,,,,No,Yes,No,Yes,No,No,No,Yes,Yes,,,,,,,,,,,,,,,,,,,,,,,,,,,,,,,,,,,,,,,,,,,,,,,,,,,,,,,,,,,,,,,,,,,,,,,,,,,,,,,,,,,,,,,,,,,,,,,,,,,,,,,,,,,,,,,,,,,,,I saw an image for one second and then was asked questions about whether or not I noticed certain aspects of it.,I was asked if I noticed the hair color of the person in the image.,"It widely varies. I imagine the expected answer is blue, but it's often gray, red, orange, yellow, black, brown etc based on the angle of the sun and atmospheric conditions. The sky on other planets can be other colors as well. So there's no single way to describe the color of the sky.",5,,26,Male
P0418,215,TRUE,anonymous,EN,I consent.,0,0,1.107,0,No,Yes,Yes,Yes,Yes,Yes,Yes,Yes,Yes,0,0,1.012,0,Yes,Yes,Yes,Yes,No,Yes,Yes,No,Yes,,,,,,,,,,,,,,,,,,,,,,,,,,,,,,,,,,0,0,1.11,0,,,,,,,,,,,,,No,Yes,Yes,Yes,Yes,Yes,No,Yes,No,,,,,,,,,,,,,,,,,,,,,,,,,,,,,,,,,,,,,,,,,,,,,,,,,,,,,,,,,,,,,,,,,,,,,,,,,,,,,,,,,,,,,,,,notice things about a picture flashed for 1 second,did you notice the age of the person,blue,5,,47,Female
P0419,139,TRUE,anonymous,EN,I consent.,0,0,1.013,0,No,Yes,Yes,Yes,Yes,Yes,Yes,Yes,Yes,0,0,1.008,0,Yes,Yes,Yes,Yes,No,Yes,Yes,Yes,Yes,,,,,,,,,,,,,,,,,,,,,,,,,,,,,,,,,,,,,,,,,,,,,,,,,,,,,,,,,,,,,,,,,,,,,,,,,,,,,,,,,,,,,,,,,,,,,,,,,,,,,,,,,,,,,,,,,,,,,0.931,0.931,1.012,1,,,,,,,,,,,,,,,,,Yes,No,Yes,Yes,Yes,Yes,Yes,Yes,Yes,Look at an image for 1 second and answer questions about what details I remembered,Was the person sitting or standing?,blue,5,,21,Female
P0420,207,TRUE,anonymous,EN,I consent.,0,0,1.116,0,No,Yes,Yes,Yes,Yes,Yes,Yes,No,Yes,0,0,1.011,0,No,Yes,Yes,Yes,No,No,Yes,No,No,,,,,,,,,,,,,,,,,,,,,,,,,,,,,,0,0,1.018,0,,,,,,,,,,,,,,,,,Yes,No,Yes,No,No,Yes,Yes,Yes,No,,,,,,,,,,,,,,,,,,,,,,,,,,,,,,,,,,,,,,,,,,,,,,,,,,,,,,,,,,,,,,,,,,,,,,,,,,,,,,,,,,,,,,,,answer questions about details of an image that was shown,did you notice the color/patter of the shirt?,blue,5,,35,Female
P0421,212,TRUE,anonymous,EN,I consent.,0,0,1.115,0,No,Yes,Yes,Yes,No,Yes,Yes,Yes,Yes,0,0,1.006,0,No,Yes,Yes,Yes,No,No,Yes,Yes,No,,,,,,,,,,,,,,,,,,,,,,,,,,,,,,,,,,,,,,,,,,,,,,,,,,,,,,,,,,,,,,,,,,,,,,,,,,,,,,,,,,,,,,,,,,,,,,,,,,,,0,0,1.114,0,,,,,Yes,No,No,No,Yes,No,Yes,Yes,No,,,,,,,,,,,,,,,,,,,,,,,,,,,,,,View an image for one second and then answer questions about what was viewed.,Did you notice what the object was sitting on?,blue,5,,57,Female
P0422,319,TRUE,anonymous,EN,I consent.,0,0,1.115,0,Yes,Yes,No,No,No,Yes,Yes,No,No,0,0,1.007,0,Yes,Yes,Yes,Yes,No,Yes,Yes,Yes,No,,,,,,,,,,,,,,,,,,,,,,,,,,,,,,,,,,,,,,,,,,,,,,,,,,,,,,,,,,,,,,,,,,,,,,,,,,,,,,,,,,,,,,,,,,,,,,,,,,,,0,0,1.007,0,,,,,No,No,No,No,No,No,No,No,No,,,,,,,,,,,,,,,,,,,,,,,,,,,,,,answering questions about pictures,did you notice the color?,blue,5,,36,Male
P0423,362,TRUE,anonymous,EN,I consent.,0,0,1.118,0,Yes,Yes,Yes,Yes,Yes,Yes,Yes,Yes,Yes,0,0,1.017,0,Yes,Yes,Yes,Yes,No,Yes,Yes,Yes,Yes,,,,,,,,,,,,,,,,,,,,,,,,,,,,,,,,,,,,,,,,,,,,,,,,,,,,,,,,,,,,,,,,,,,,,,,,,,,,,,,,,,,,,,,,,,,,,,,,,,,,,,,,,,,,,,,,,,,,,,,,,,,,,,,,,0,0,1.009,0,,,,,Yes,Yes,Yes,Yes,No,Yes,Yes,Yes,No,"After viewing a picture for 1 second, indicate if I noticed certain features in the photo.",Do I know what shoe the person took off.,Blue,5,,70,Female
P0424,227,TRUE,anonymous,EN,I consent.,0,0,1.013,0,Yes,Yes,Yes,Yes,Yes,No,Yes,No,Yes,0,0,1.113,0,Yes,Yes,Yes,Yes,Yes,Yes,Yes,Yes,No,,,,,,,,,,,,,,,,,,,,,,,,,,,,,,,,,,,,,,,,,,,,,,,,,,,,,,,,,,,,,,,,,,,,,,,,,,,0,0,1.011,0,Yes,Yes,No,Yes,Yes,Yes,Yes,Yes,Yes,,,,,,,,,,,,,,,,,,,,,,,,,,,,,,,,,,,,,,,,,,,,,,,,,,,,,,,,,,,Observe objects in a picture within a second time frame,Did I notice the physique of the person handing the giraffe the treat,I did not notice the sky,5,,46,Male
P0425,308,TRUE,anonymous,EN,I consent.,0,0,1.108,0,No,Yes,Yes,Yes,Yes,Yes,Yes,Yes,Yes,0.905,0.905,1.006,1,Yes,Yes,Yes,Yes,Yes,Yes,Yes,Yes,Yes,,,,,,,,,,,,,,,,,,,,,,,,,,,,,,,,,,0.77,0.77,1.007,1,,,,,,,,,,,,,Yes,Yes,No,Yes,Yes,Yes,Yes,Yes,Yes,,,,,,,,,,,,,,,,,,,,,,,,,,,,,,,,,,,,,,,,,,,,,,,,,,,,,,,,,,,,,,,,,,,,,,,,,,,,,,,,,,,,,,,,to say if i noticed certain details,did you notice if the object was indoor or outdoor,blue,5,,35,Female
P0426,542,TRUE,anonymous,EN,I consent.,0,0,1.014,0,Yes,Yes,Yes,Yes,Yes,No,Yes,Yes,Yes,0,0,1.107,0,Yes,No,No,No,No,Yes,Yes,No,No,,,,,,,,,,,,,,,,,,,,,,,,,,,,,,,,,,,,,,,,,,,,,,,,,,,,,,,,,,,,,,,,,,,,,,,0,0,1.118,0,,,,,Yes,Yes,No,Yes,No,Yes,Yes,Yes,Yes,,,,,,,,,,,,,,,,,,,,,,,,,,,,,,,,,,,,,,,,,,,,,,,,,,,,,,,,,,,to view photo and remember as many details as possible,did you notice which hand was used to give the treat,blue,5,,77,Female
P0427,200,TRUE,anonymous,EN,I consent.,0,0,1.108,0,Yes,Yes,Yes,Yes,Yes,Yes,Yes,Yes,Yes,0,0,1.009,0,Yes,Yes,Yes,Yes,Yes,Yes,Yes,Yes,Yes,,,,,,,,,,,,,,,,,,,,,,,,,,,,,,,,,,,,,,,,,,,,,,,,,,,,,,,,,,,,,,,0,0,1.012,0,,,,,,,,,,,,,Yes,Yes,No,Yes,Yes,Yes,Yes,Yes,No,,,,,,,,,,,,,,,,,,,,,,,,,,,,,,,,,,,,,,,,,,,,,,,,,,,,,,,,,,,to notice as much detail in the 1 second of screen time the image was shown,did you notice the details of the clothes the person was wearing?,blue,5,,28,Male
P0428,178,TRUE,anonymous,EN,I consent.,0,0,1.108,0,No,Yes,Yes,Yes,Yes,Yes,Yes,Yes,Yes,0,0,1.006,0,Yes,Yes,Yes,Yes,Yes,Yes,Yes,Yes,No,0,0,1.01,0,,,,,,,,,,,,,,,,,Yes,Yes,No,Yes,Yes,Yes,Yes,Yes,Yes,,,,,,,,,,,,,,,,,,,,,,,,,,,,,,,,,,,,,,,,,,,,,,,,,,,,,,,,,,,,,,,,,,,,,,,,,,,,,,,,,,,,,,,,,,,,,,,,,,,,,,,,,,,,,,,,,,,,,To view a picture for 1 second and respond to any details you may have seen.,Did you notice the hair color of the person?,blue,5,,23,Male
P0429,192,TRUE,anonymous,EN,I consent.,0,0,1.013,0,No,Yes,Yes,No,No,Yes,Yes,Yes,No,0,0,1.015,0,Yes,Yes,Yes,Yes,Yes,Yes,Yes,Yes,Yes,,,,,,,,,,,,,,,,,,,,,,,,,,,,,,,,,,,,,,,,,,,,,,,,,,,,,,,,,,,,,,,,,,,,,,,,,,,,,,,,,,,,,,,,,,,,,,,,,,,,,,,,,,,,,,,,,,,,,,,,,,,,,0,0,1.007,0,,,,,,,,,Yes,Yes,No,Yes,Yes,No,Yes,Yes,Yes,"To see how much of an image we remember, as it only flashed for one second","In the most recent question, I was asked if I remember if person wore socks or not.",blue,5,,,
P0430,159,TRUE,anonymous,EN,I consent.,0,0,1.12,0,Yes,Yes,Yes,Yes,Yes,Yes,Yes,No,Yes,0,0,1.113,0,No,Yes,Yes,Yes,No,No,Yes,Yes,Yes,,,,,,,,,,,,,,,,,,,,,,,,,,,,,,,,,,,,,,0,0,1.11,0,,,,,,,,,Yes,Yes,No,No,No,No,Yes,Yes,No,,,,,,,,,,,,,,,,,,,,,,,,,,,,,,,,,,,,,,,,,,,,,,,,,,,,,,,,,,,,,,,,,,,,,,,,,,,,,,,,,,,,,,,,"see an image for 1 second, then answer questions about if we noticed something or not.",did I notice the fruit she was holding,blue,5,,33,Female
P0431,188,TRUE,anonymous,EN,I consent.,0,0,1.114,0,No,Yes,Yes,Yes,Yes,Yes,Yes,No,Yes,0,0,1.012,0,Yes,Yes,No,Yes,No,Yes,Yes,Yes,No,,,,,,,,,,,,,0,0,1.011,0,,,,,Yes,Yes,Yes,Yes,Yes,Yes,No,Yes,Yes,,,,,,,,,,,,,,,,,,,,,,,,,,,,,,,,,,,,,,,,,,,,,,,,,,,,,,,,,,,,,,,,,,,,,,,,,,,,,,,,,,,,,,,,,,,,,,,,,,,,,,,,,,,,,,,,,,,,,To remember details of a photo,Color of the persons hair,Blue,5,,31,Male
P0432,155,TRUE,anonymous,EN,I consent.,0,0,1.11,0,No,Yes,Yes,Yes,Yes,Yes,Yes,No,Yes,0,0,1.112,0,Yes,Yes,Yes,Yes,No,Yes,Yes,Yes,Yes,,,,,,,,,,,,,,,,,,,,,,,,,,,,,,,,,,,,,,,,,,,,,,,,,,,,,,,,,,,,,,,,,,,,,,,,,,,,,,,,,,,,,,,,,,,,,,,,,,,,,,,,,,,,,,,,,,,,,,,,,,,,,,,,,0,0,1.108,0,,,,,Yes,No,Yes,Yes,Yes,Yes,Yes,Yes,Yes,"Look at a picture for 1 second, then answer whether or not we could recall certain details about the picture.",Which shoe the person had off.,"Blue, generally speaking.",5,,41,Male
P0433,145,TRUE,anonymous,EN,I consent.,0,0,1.013,0,No,Yes,Yes,Yes,Yes,Yes,Yes,Yes,No,0,0,1.111,0,Yes,Yes,Yes,Yes,No,Yes,Yes,Yes,Yes,,,,,,,,,,,,,,,,,,,,,,,,,,,,,,,,,,,,,,,,,,,,,,,,,,,,,,,,,,,,,,,,,,,,,,,0,0,1.009,0,,,,,Yes,Yes,Yes,Yes,Yes,Yes,Yes,No,Yes,,,,,,,,,,,,,,,,,,,,,,,,,,,,,,,,,,,,,,,,,,,,,,,,,,,,,,,,,,,Quickly look at a photo and report whether or not you noticed certain things,Did you notice the location of the person relative to the animal,blue,5,,29,Male
P0435,195,TRUE,anonymous,EN,I consent.,0,0,1.123,0,No,Yes,Yes,Yes,Yes,No,Yes,No,No,0,0,1.023,0,Yes,Yes,Yes,Yes,No,Yes,Yes,Yes,Yes,,,,,,,,,,,,,,,,,,,,,,,,,,,,,,,,,,,,,,,,,,,,,,0,0,1.019,0,Yes,Yes,No,Yes,Yes,Yes,Yes,No,No,,,,,,,,,,,,,,,,,,,,,,,,,,,,,,,,,,,,,,,,,,,,,,,,,,,,,,,,,,,,,,,,,,,,,,,,,,,,,,,,,,,,,,,,answer yes/no questions about what I saw in an image,did you notice the size of the object,blue,5,,33,Male
P0436,179,TRUE,anonymous,EN,I consent.,0,0,1.007,0,Yes,Yes,Yes,Yes,Yes,Yes,Yes,No,Yes,0,0,1.007,0,Yes,Yes,Yes,Yes,No,No,Yes,No,No,,,,,,,,,,,,,,,,,,,,,,,,,,,,,,,,,,,,,,,,,,,,,,,,,,,,,,,,,,,,,,,,,,,,,,,,,,,,,,,,,,,,,,,,,,,,,,,,0,0,1.007,0,,,,,,,,,Yes,No,No,No,Yes,Yes,Yes,Yes,No,,,,,,,,,,,,,,,,,,,,,,,,,,,,,,I was asked to look at a picture for one second and answer questions about its details.,Did you notice whether she was using her right or left hand to light the candle?,blue,5,,22,Female
P0437,203,TRUE,anonymous,EN,I consent.,0,0,1.113,0,No,Yes,Yes,Yes,Yes,Yes,Yes,No,Yes,0.72,0.72,1.022,1,Yes,Yes,Yes,Yes,No,Yes,Yes,Yes,Yes,,,,,,,,,0.663,0.663,1.13,1,,,,,,,,,Yes,Yes,No,Yes,No,Yes,Yes,Yes,Yes,,,,,,,,,,,,,,,,,,,,,,,,,,,,,,,,,,,,,,,,,,,,,,,,,,,,,,,,,,,,,,,,,,,,,,,,,,,,,,,,,,,,,,,,,,,,,,,,,,,,,,,,,,,,,,,,,,,,,I was shown a picture for one second and asked to answer questions about what I saw/did not see in the picture.,Did you notice the gender of the person?,blue,5,"Is the color of the sky always blue?  What if there are clouds?  What if it is nighttime? Have a good day, researchers!",45,Male
P0438,154,TRUE,anonymous,EN,I consent.,0,0,1.217,0,No,Yes,Yes,Yes,Yes,Yes,Yes,Yes,Yes,0,0,1.025,0,Yes,Yes,Yes,Yes,Yes,Yes,Yes,Yes,Yes,,,,,,,,,,,,,,,,,,,,,,,,,,,,,,,,,,,,,,,,,,,,,,,,,,,,,,,,,,,,,,,,,,,,,,,,,,,,,,,,,,,,,,,,,,,,,,,,,,,,,,,,,,,,,,,,,,,,,0,0,1.021,0,,,,,,,,,,,,,,,,,Yes,Yes,Yes,Yes,Yes,No,Yes,Yes,Yes,"ook at a picture for 1 second, then answer questions about the picture's details",Did you notice the color of the object?,blue,5,,35,Male
P0439,301,TRUE,anonymous,EN,I consent.,0,0,1.109,0,No,Yes,Yes,Yes,Yes,Yes,Yes,Yes,No,0,0,1.113,0,Yes,Yes,Yes,Yes,Yes,Yes,Yes,Yes,Yes,,,,,,,,,,,,,,,,,,,,,,,,,,,,,,,,,,,,,,,,,,,,,,,,,,,,,,,,,,,,,,,,,,,,,,,,,,,0,0,1.121,0,Yes,Yes,Yes,No,Yes,Yes,No,Yes,Yes,,,,,,,,,,,,,,,,,,,,,,,,,,,,,,,,,,,,,,,,,,,,,,,,,,,,,,,,,,,I viewed some pictures and decided if I remembered the details.,Did you notice the size of the object?,blue,5,,42,Female
P0440,506,TRUE,anonymous,EN,I consent.,0,0,1.012,0,No,Yes,Yes,No,No,Yes,Yes,No,Yes,0,0,1.008,0,Yes,Yes,Yes,Yes,Yes,Yes,Yes,Yes,Yes,,,,,,,,,,,,,,,,,,,,,,,,,,,,,,,,,,,,,,,,,,0,0,1.106,0,,,,,Yes,Yes,Yes,Yes,No,Yes,Yes,Yes,No,,,,,,,,,,,,,,,,,,,,,,,,,,,,,,,,,,,,,,,,,,,,,,,,,,,,,,,,,,,,,,,,,,,,,,,,,,,,,,,,,,,,,,,,to guess certain things about images in 1 second,what color of the bag the woman was holding,blue,5,,23,Female
P0441,166,TRUE,anonymous,EN,I consent.,0,0,1.025,0,No,Yes,Yes,Yes,Yes,No,Yes,Yes,No,0,0,1.139,0,No,Yes,No,Yes,Yes,Yes,Yes,Yes,Yes,,,,,,,,,,,,,,,,,,,,,,,,,,,,,,,,,,,,,,,,,,,,,,,,,,,,,,,,,,,,,,,,,,,,,,,,,,,,,,,,,,,,,,,,,,,,0,0,1.131,0,,,,,,,,,,,,,Yes,Yes,Yes,No,Yes,Yes,Yes,Yes,Yes,,,,,,,,,,,,,,,,,,,,,,,,,,,,,,I viewed images and answered questions about what I noticed,Did you notice if there was a person in the image? ,blue,5,,23,Female
P0442,161,TRUE,anonymous,EN,I consent.,0,0,1.011,0,No,Yes,Yes,Yes,Yes,Yes,Yes,Yes,Yes,0,0,1.109,0,Yes,Yes,Yes,Yes,Yes,No,Yes,Yes,No,,,,,,,,,,,,,,,,,,,,,,,,,,,,,,,,,,,,,,,,,,,,,,,,,,,,,,,,,,,,,,,,,,,,,,,,,,,,,,,,,,,,,,,,,,,,,,,,,,,,,,,,,,,,,,,,,,,,,,,,,0,0,1.008,0,,,,,,,,,,,,,No,Yes,No,Yes,No,No,Yes,Yes,No,"My task in this study was to view a picture for 1 second, and then to answer questions about what details I remember seeing in the photo",Did you notice if the person in the photo was sitting or standing?,blue,5,,21,Female
P0443,199,TRUE,anonymous,EN,I consent.,0,0,1.01,0,No,Yes,Yes,Yes,Yes,No,Yes,Yes,Yes,0,0,1.007,0,Yes,Yes,Yes,Yes,No,No,Yes,Yes,Yes,,,,,,,,,,,,,,,,,,,,,,,,,,,,,,,,,,,,,,,,,,,,,,,,,,,,,,,,,,,,,,,,,,,,,,,,,,,,,,,,,,,,,,,,0,0,1.108,0,,,,,,,,,,,,,,,,,Yes,Yes,No,Yes,Yes,Yes,Yes,No,Yes,,,,,,,,,,,,,,,,,,,,,,,,,,,,,,picture viewing and questionnaire ,did you notice the age of the person lighting the candle?,blue,5,,35,Male
P0444,256,TRUE,anonymous,EN,I consent.,0,0,1.01,0,Yes,Yes,Yes,Yes,No,No,Yes,No,No,0,0,1.008,0,Yes,Yes,Yes,No,No,No,Yes,Yes,Yes,,,,,,,,,,,,,,,,,0,0,1.106,0,No,No,No,No,No,Yes,No,Yes,Yes,,,,,,,,,,,,,,,,,,,,,,,,,,,,,,,,,,,,,,,,,,,,,,,,,,,,,,,,,,,,,,,,,,,,,,,,,,,,,,,,,,,,,,,,,,,,,,,,,,,,,,,,,,,,,,,,,,,,,if I could remember things I saw in the picture,did you see the color of the guys hair,blue,5,,42,Female
P0445,139,TRUE,anonymous,EN,I consent.,0,0,1.011,0,No,Yes,Yes,Yes,Yes,Yes,Yes,Yes,No,0,0,1.109,0,Yes,Yes,Yes,Yes,Yes,Yes,Yes,Yes,Yes,,,,,,,,,,,,,,,,,,,,,,,,,,,,,,0.517,0.517,1.008,1,,,,,,,,,,,,,,,,,Yes,Yes,No,Yes,Yes,Yes,Yes,Yes,Yes,,,,,,,,,,,,,,,,,,,,,,,,,,,,,,,,,,,,,,,,,,,,,,,,,,,,,,,,,,,,,,,,,,,,,,,,,,,,,,,,,,,,,,,,look at an image for 1 second and answer questions about the image,did you notice how the person is handling the bag,blue,5,,28,Female
P0446,80,TRUE,anonymous,EN,I consent.,0.955,0.955,1.027,1,No,No,Yes,No,No,No,Yes,No,Yes,0.708,0.708,1.022,1,No,No,Yes,Yes,No,No,No,Yes,Yes,,,,,,,,,,,,,,,,,,,,,,,,,,,,,,,,,,,,,,,,,,,,,,0.732,0.732,1.021,1,Yes,No,No,Yes,No,No,Yes,Yes,No,,,,,,,,,,,,,,,,,,,,,,,,,,,,,,,,,,,,,,,,,,,,,,,,,,,,,,,,,,,,,,,,,,,,,,,,,,,,,,,,,,,,,,,,Noticing details,Did you notice number of blue things,Blue,5,,24,Male
P0447,167,TRUE,anonymous,EN,I consent.,0,0,1.011,0,Yes,Yes,Yes,Yes,Yes,No,Yes,Yes,Yes,0,0,1.012,0,Yes,Yes,No,Yes,Yes,No,Yes,Yes,Yes,,,,,,,,,,,,,,,,,,,,,,,,,,,,,,,,,,,,,,,,,,,,,,,,,,,,,,,,,,,,,,,,,,,,,,,,,,,,,,,,,,,,,,,,,,,,,,,,,,,,,,,,,,,,,,,,,,,,,,,,,,,,,,,,,,,,,0,0,1.014,0,Yes,Yes,No,Yes,Yes,Yes,Yes,Yes,No,To see how quickly I can notice details in an image.,Did I notice what type of shoes a person was wearing.,blue,5,,43,Female
P0448,262,TRUE,anonymous,EN,I consent.,0,0,1.106,0,No,Yes,Yes,Yes,Yes,Yes,Yes,Yes,No,0,0,1.116,0,Yes,Yes,Yes,Yes,Yes,No,Yes,Yes,Yes,,,,,,,,,,,,,,,,,,,,,,,,,,,,,,,,,,,,,,,,,,,,,,,,,,,,,,,,,,,,,,,,,,,,,,,,,,,,,,,,,,,,,,,,,,,,,,,,,,,,,,,,,,,,,,,,,,,,,,,,,,,,,,,,,,,,,0,0,1.006,0,Yes,Yes,Yes,Yes,Yes,No,Yes,Yes,Yes,To be shown a picture briefly second and recall the detailed of it.,"What were the colors, shapes, indoors or outdoors, light source, people seen.",blue,5,,37,Male
P0449,125,TRUE,anonymous,EN,I consent.,0,0,1.007,0,No,Yes,Yes,Yes,Yes,Yes,Yes,Yes,Yes,0,0,1.106,0,Yes,Yes,No,Yes,Yes,Yes,Yes,Yes,Yes,,,,,,,,,,,,,,,,,,,,,,,,,,,,,,0,0,1.008,0,,,,,,,,,,,,,,,,,No,No,No,No,No,Yes,Yes,Yes,Yes,,,,,,,,,,,,,,,,,,,,,,,,,,,,,,,,,,,,,,,,,,,,,,,,,,,,,,,,,,,,,,,,,,,,,,,,,,,,,,,,,,,,,,,,Yes or no questions about a photo you viewed for one second,Did you notice the color of the object?,Blue,5,,29,Female
P0450,182,TRUE,anonymous,EN,I consent.,0,0,1.009,0,Yes,Yes,Yes,Yes,Yes,No,Yes,No,No,0,0,1.007,0,Yes,Yes,Yes,Yes,Yes,No,Yes,Yes,No,,,,,,,,,,,,,,,,,,,,,,,,,,,,,,,,,,,,,,,,,,,,,,,,,,,,,,,,,,,,,,,,,,,0,0,1.108,0,,,,,,,,,Yes,Yes,No,Yes,No,Yes,Yes,Yes,Yes,,,,,,,,,,,,,,,,,,,,,,,,,,,,,,,,,,,,,,,,,,,,,,,,,,,,,,,,,,,Too learn about as much detail about an image short for a brief amount of time. ,If the object was moving or not.,Blue,5,,32,Male
P0451,155,TRUE,anonymous,EN,I consent.,0,0,1.008,0,No,Yes,Yes,Yes,Yes,Yes,Yes,Yes,Yes,0,0,1.11,0,Yes,Yes,Yes,Yes,Yes,Yes,Yes,Yes,Yes,,,,,,,,,,,,,,,,,,,,,,,,,,,,,,,,,,,,,,,,,,,,,,,,,,,,,,,,,,,,,,,,,,,,,,,,,,,,,,,,,,,,,,,,,,,,,,,,,,,,0,0,1.008,0,,,,,Yes,Yes,No,No,Yes,Yes,No,Yes,Yes,,,,,,,,,,,,,,,,,,,,,,,,,,,,,,"I was asked to look at a picture for one second, and answer questions about what I saw in the picture.",Did you notice the physique of the person in the picture?,Blue,5,,43,Female
P0452,160,TRUE,anonymous,EN,I consent.,0,0,1.109,0,No,Yes,No,No,Yes,Yes,Yes,Yes,No,0,0,1.012,0,Yes,Yes,Yes,Yes,Yes,Yes,Yes,Yes,Yes,0,0,1.012,0,,,,,,,,,,,,,,,,,Yes,Yes,Yes,No,Yes,Yes,Yes,Yes,No,,,,,,,,,,,,,,,,,,,,,,,,,,,,,,,,,,,,,,,,,,,,,,,,,,,,,,,,,,,,,,,,,,,,,,,,,,,,,,,,,,,,,,,,,,,,,,,,,,,,,,,,,,,,,,,,,,,,,To describe what I noticed about an image that I saw for one second,Did you notice if the object was in motion or not?,Blue,5,,22,Male
P0453,278,TRUE,anonymous,EN,I consent.,0,0,1.017,0,No,Yes,Yes,Yes,Yes,No,Yes,No,Yes,0,0,1.021,0,No,Yes,No,Yes,Yes,No,Yes,Yes,Yes,,,,,,,,,,,,,,,,,,,,,,,,,,,,,,,,,,,,,,,,,,,,,,,,,,,,,,,,,,,,,,,,,,,0,0,1.117,0,,,,,,,,,Yes,Yes,No,Yes,Yes,Yes,Yes,Yes,Yes,,,,,,,,,,,,,,,,,,,,,,,,,,,,,,,,,,,,,,,,,,,,,,,,,,,,,,,,,,,To look at a photo and remember as much as possible about what you saw. ,Was there a refrigerator in the room. ,Blue,5,,63,Female
P0454,200,TRUE,anonymous,EN,I consent.,0,0,1.01,0,Yes,Yes,Yes,Yes,Yes,Yes,Yes,Yes,Yes,0,0,1.11,0,Yes,Yes,Yes,Yes,Yes,Yes,Yes,Yes,Yes,,,,,,,,,,,,,,,,,,,,,,,,,,,,,,,,,,,,,,,,,,,,,,,,,,,,,,,,,,,,,,,,,,,,,,,,,,,,,,,,,,,,,,,,,,,,,,,,,,,,,,,,,,,,,,,,,,,,,,,,,,,,,0,0,1.109,0,,,,,,,,,Yes,No,Yes,Yes,Yes,Yes,Yes,Yes,Yes,My task was to remember certain details about a photo that appeared for only one second.,Whether I noticed the size of the bench the person was sitting on.,Blue,5,,40,Male
P0455,200,TRUE,anonymous,EN,I consent.,0,0,1.008,0,Yes,Yes,Yes,Yes,Yes,Yes,Yes,Yes,Yes,0,0,1.108,0,Yes,Yes,Yes,Yes,No,Yes,Yes,Yes,Yes,,,,,,,,,,,,,,,,,,,,,,,,,,,,,,,,,,,,,,,,,,,,,,,,,,,,,,,,,,,,,,,,,,,,,,,,,,,,,,,,,,,,,,,,,,,,,,,,,,,,,,,,,,,,,,,,,,,,,,,,,0,0,1.007,0,,,,,,,,,,,,,No,Yes,Yes,Yes,No,Yes,Yes,Yes,Yes,The task was to look at an image and check what I noticed in the image.,Did you notice the size of the bench?,Blue,5,,32,Male
P0456,162,TRUE,anonymous,EN,I consent.,0,0,1.107,0,No,Yes,Yes,Yes,Yes,Yes,Yes,Yes,Yes,0,0,1.007,0,Yes,Yes,Yes,Yes,No,Yes,Yes,Yes,Yes,,,,,,,,,,,,,,,,,,,,,,,,,,,,,,,,,,,,,,,,,,,,,,,,,,,,,,,,,,,,,,,,,,,,,,,,,,,,,,,,,,,,,,,,,,,,,,,,0,0,1.007,0,,,,,,,,,Yes,Yes,No,No,Yes,Yes,Yes,Yes,Yes,,,,,,,,,,,,,,,,,,,,,,,,,,,,,,view an image for one second and describe the details,did you notice how many blue objects were in the photo?,blue,5,,29,Male
P0457,512,TRUE,anonymous,EN,I consent.,0,0,1.008,0,No,Yes,Yes,Yes,Yes,Yes,Yes,Yes,No,0,0,1.108,0,No,Yes,Yes,Yes,Yes,No,Yes,Yes,Yes,,,,,,,,,,,,,,,,,,,,,,,,,,,,,,,,,,,,,,,,,,,,,,,,,,,,,,,,,,,,,,,,,,,,,,,,,,,,,,,,,,,,,,,,,,,,0,0,1.106,0,,,,,,,,,,,,,Yes,No,No,No,Yes,No,Yes,No,No,,,,,,,,,,,,,,,,,,,,,,,,,,,,,,look at a photo for one second and try and recall details,Did you notice the woman's apparent age?,Blue,5,,20,Male
P0458,403,TRUE,anonymous,EN,I consent.,0,0,1.111,0,No,Yes,Yes,Yes,Yes,No,Yes,No,No,0,0,1.109,0,Yes,Yes,Yes,Yes,Yes,Yes,Yes,Yes,Yes,,,,,0,0,1.007,0,,,,,,,,,,,,,Yes,Yes,Yes,Yes,Yes,Yes,Yes,Yes,Yes,,,,,,,,,,,,,,,,,,,,,,,,,,,,,,,,,,,,,,,,,,,,,,,,,,,,,,,,,,,,,,,,,,,,,,,,,,,,,,,,,,,,,,,,,,,,,,,,,,,,,,,,,,,,,,,,,,,,,Look at a picture for 1 second and then answer questions afterwards.,Did you notice the gender of the person?,blue,5,,33,Male
P0459,137,TRUE,anonymous,EN,I consent.,0,0,1.116,0,No,Yes,No,No,No,Yes,No,Yes,No,0,0,1.007,0,Yes,Yes,Yes,Yes,Yes,No,Yes,Yes,No,,,,,,,,,,,,,,,,,,,,,,,,,,,,,,,,,,,,,,,,,,,,,,,,,,,,,,,,,,,,,,,,,,,,,,,,,,,0,0,1.11,0,Yes,Yes,Yes,No,No,Yes,Yes,Yes,No,,,,,,,,,,,,,,,,,,,,,,,,,,,,,,,,,,,,,,,,,,,,,,,,,,,,,,,,,,,view an image and then indicate yes or not relative to what you saw.,did you notice her apparent age,blue,5,,29,Male
P0460,612,TRUE,anonymous,EN,I consent.,0,0,1.108,0,No,Yes,Yes,Yes,Yes,Yes,Yes,Yes,Yes,0,0,1.007,0,Yes,Yes,Yes,Yes,No,Yes,Yes,Yes,Yes,,,,,,,,,,,,,,,,,,,,,,,,,,,,,,,,,,,,,,,,,,,,,,,,,,,,,,,,,,,,,,,,,,,,,,,,,,,,,,,,,,,,,,,,,,,,,,,,,,,,,,,,0,0,1.008,0,Yes,Yes,No,No,No,No,Yes,Yes,Yes,,,,,,,,,,,,,,,,,,,,,,,,,,,,,,To notice and remember certain aspects of images,Did I notice if an object was in motion,Blue,5,,33,Male
P0461,232,TRUE,anonymous,EN,I consent.,0,0,1.007,0,Yes,Yes,Yes,Yes,Yes,Yes,Yes,Yes,Yes,0,0,1.108,0,Yes,Yes,Yes,Yes,No,Yes,Yes,Yes,No,,,,,,,,,,,,,,,,,,,,,,,,,,,,,,,,,,,,,,,,,,,,,,,,,,,,,,,,,,,,,,,,,,,,,,,0,0,1.108,0,,,,,Yes,Yes,No,Yes,Yes,Yes,Yes,Yes,Yes,,,,,,,,,,,,,,,,,,,,,,,,,,,,,,,,,,,,,,,,,,,,,,,,,,,,,,,,,,,I was shown an image for one second and then asked several Yes/No questions about what I noticed in the pictures,Did you notice the material the object was made out of?,blue,5,,30,Female
P0462,239,TRUE,anonymous,EN,I consent.,0,0,1.107,0,No,Yes,Yes,Yes,Yes,Yes,Yes,No,Yes,0,0,1.006,0,Yes,Yes,No,Yes,No,Yes,Yes,Yes,Yes,,,,,,,,,,,,,0,0,1.106,0,,,,,No,Yes,Yes,Yes,No,No,Yes,Yes,Yes,,,,,,,,,,,,,,,,,,,,,,,,,,,,,,,,,,,,,,,,,,,,,,,,,,,,,,,,,,,,,,,,,,,,,,,,,,,,,,,,,,,,,,,,,,,,,,,,,,,,,,,,,,,,,,,,,,,,,"To look ata picture, and then say whether or not I noticed a list of different things about it.","""Did you notice the direction of the ball?"" (this was on the actual image, not the test pictures)",blue,5,,39,Male
P0463,187,TRUE,anonymous,EN,I consent.,0,0,1.106,0,No,Yes,Yes,Yes,Yes,Yes,Yes,Yes,Yes,0,0,1.005,0,No,Yes,Yes,Yes,No,Yes,Yes,Yes,Yes,,,,,,,,,,,,,,,,,,,,,,,,,,,,,,,,,,,,,,,,,,0,0,1.007,0,,,,,Yes,Yes,Yes,No,No,Yes,Yes,Yes,Yes,,,,,,,,,,,,,,,,,,,,,,,,,,,,,,,,,,,,,,,,,,,,,,,,,,,,,,,,,,,,,,,,,,,,,,,,,,,,,,,,,,,,,,,,look at an image for 1 second and then answer questions about details of that image,did you notice the color/pattern in the image,blue,5,,52,Female
P0464,505,TRUE,anonymous,EN,I consent.,0,0,1.011,0,Yes,Yes,Yes,Yes,Yes,Yes,Yes,Yes,Yes,0,0,1.012,0,No,Yes,Yes,Yes,Yes,Yes,Yes,Yes,No,,,,,,,,,,,,,,,,,,,,,,,,,,,,,,,,,,,,,,0,0,1.007,0,,,,,,,,,Yes,Yes,Yes,No,Yes,Yes,Yes,Yes,Yes,,,,,,,,,,,,,,,,,,,,,,,,,,,,,,,,,,,,,,,,,,,,,,,,,,,,,,,,,,,,,,,,,,,,,,,,,,,,,,,,,,,,,,,,Observe an image and answer questions,Did you notice the person's build/physique,Blue,5,,49,Female
P0465,150,TRUE,anonymous,EN,I consent.,0,0,1.009,0,Yes,Yes,Yes,No,Yes,No,Yes,Yes,Yes,0,0,1.012,0,No,Yes,Yes,Yes,Yes,Yes,Yes,Yes,Yes,,,,,0,0,1.008,0,,,,,,,,,,,,,Yes,Yes,Yes,Yes,No,Yes,No,Yes,Yes,,,,,,,,,,,,,,,,,,,,,,,,,,,,,,,,,,,,,,,,,,,,,,,,,,,,,,,,,,,,,,,,,,,,,,,,,,,,,,,,,,,,,,,,,,,,,,,,,,,,,,,,,,,,,,,,,,,,,Stare at an image for one second and be asked yes or no questions about what I saw,Was there a person standing in the picture?,Blue,5,,20,Female
P0466,165,TRUE,anonymous,EN,I consent.,0,0,1.008,0,Yes,Yes,Yes,Yes,Yes,Yes,Yes,Yes,Yes,0,0,1.114,0,Yes,Yes,Yes,Yes,No,Yes,Yes,Yes,Yes,,,,,,,,,,,,,,,,,,,,,,,,,,,,,,,,,,0,0,1.015,0,,,,,,,,,,,,,Yes,Yes,Yes,Yes,Yes,Yes,Yes,Yes,Yes,,,,,,,,,,,,,,,,,,,,,,,,,,,,,,,,,,,,,,,,,,,,,,,,,,,,,,,,,,,,,,,,,,,,,,,,,,,,,,,,,,,,,,,,To look at an image for 1 second and see what we notice,Do you see the color of the object?,Blue,5,,24,Female
P0467,139,TRUE,anonymous,EN,I consent.,0,0,1.018,0,No,No,Yes,Yes,Yes,No,Yes,No,Yes,0,0,1.021,0,Yes,Yes,Yes,Yes,No,Yes,Yes,Yes,Yes,,,,,,,,,,,,,,,,,,,,,,,,,,,,,,,,,,,,,,,,,,,,,,,,,,,,,,,,,,,,,,,,,,,,,,,,,,,,,,,,,,,,,,,,,,,,,,,,,,,,,,,,,,,,,,,,,,,,,,,,,,,,,,,,,0,0,1.127,0,,,,,Yes,Yes,No,Yes,No,Yes,No,Yes,No,Remembering parts of images,was the object stable.,blue,5,,19,Male
P0468,432,TRUE,anonymous,EN,I consent.,0,0,1.012,0,Yes,Yes,Yes,Yes,Yes,Yes,Yes,Yes,Yes,0,0,1.011,0,Yes,Yes,Yes,Yes,No,No,Yes,Yes,Yes,,,,,,,,,,,,,,,,,,,,,,,,,,,,,,,,,,,,,,,,,,,,,,,,,,,,,,,,,,,,,,,,,,,,,,,,,,,,,,,,,,,,,,,,,,,,,,,,,,,,,,,,0,0,1.016,0,Yes,Yes,Yes,Yes,Yes,Yes,Yes,Yes,Yes,,,,,,,,,,,,,,,,,,,,,,,,,,,,,,To answer yes or no questions on if I noticed certain things after being shown a photo for 1 second.,Did you notice the age of the person lighting the candle?,Blue,5,,38,Male
P0469,250,TRUE,anonymous,EN,I consent.,0,0,1.008,0,No,Yes,Yes,Yes,Yes,Yes,Yes,Yes,Yes,0,0,1.007,0,Yes,Yes,Yes,Yes,Yes,Yes,Yes,Yes,No,,,,,,,,,,,,,,,,,,,,,,,,,,,,,,,,,,,,,,,,,,,,,,,,,,,,,,,,,,,,,,,0,0,1.007,0,,,,,,,,,,,,,Yes,Yes,No,Yes,Yes,Yes,Yes,Yes,Yes,,,,,,,,,,,,,,,,,,,,,,,,,,,,,,,,,,,,,,,,,,,,,,,,,,,,,,,,,,,Look at a photo for one second and answer questions about what I noticed.,The type of animal in the photo.,Blue,5,interesting!,53,Female
P0470,131,TRUE,anonymous,EN,I consent.,0,0,1.006,0,Yes,Yes,Yes,Yes,Yes,Yes,Yes,Yes,Yes,0,0,1.006,0,Yes,Yes,Yes,Yes,Yes,Yes,Yes,Yes,Yes,,,,,,,,,,,,,,,,,,,,,,,,,,,,,,,,,,,,,,,,,,,,,,,,,,,,,,,,,,,,,,,,,,,,,,,,,,,,,,,,,,,,,,,,,,,,0,0,1.106,0,,,,,,,,,,,,,Yes,Yes,No,No,Yes,Yes,Yes,Yes,Yes,,,,,,,,,,,,,,,,,,,,,,,,,,,,,,My task was to say yes or no if I noticed a detail about a photo that flashed for 1 second,Did I notice the build / physique of the person in the photo,Blue,5,,22,Male
P0471,289,TRUE,anonymous,EN,I consent.,0,0,1.114,0,Yes,Yes,Yes,Yes,Yes,Yes,Yes,Yes,Yes,0,0,1.111,0,Yes,Yes,Yes,Yes,No,Yes,Yes,Yes,Yes,,,,,,,,,,,,,,,,,,,,,,,,,,,,,,,,,,,,,,,,,,,,,,,,,,,,,,,,,,,,,,,,,,,,,,,,,,,,,,,,,,,,,,,,0,0,1.106,0,,,,,,,,,,,,,,,,,Yes,Yes,No,No,Yes,Yes,No,Yes,Yes,,,,,,,,,,,,,,,,,,,,,,,,,,,,,,I saw images for a short time and had to answer questions about what I saw in them,Did you notice the color of the object?,blue,5,,34,Female
P0472,194,TRUE,anonymous,EN,I consent.,0,0,1.009,0,No,Yes,Yes,Yes,Yes,Yes,Yes,Yes,Yes,0,0,1.01,0,Yes,Yes,Yes,Yes,No,Yes,Yes,Yes,Yes,,,,,,,,,,,,,,,,,,,,,,,,,,,,,,,,,,,,,,,,,,,,,,,,,,,,,,,,,,,0,0,1.007,0,,,,,,,,,,,,,,,,,Yes,Yes,No,No,Yes,Yes,Yes,Yes,No,,,,,,,,,,,,,,,,,,,,,,,,,,,,,,,,,,,,,,,,,,,,,,,,,,,,,,,,,,,answer whether you noticed details of a photo,did you notice if the object was stable,blue,5,,66,Female
P0473,166,TRUE,anonymous,EN,I consent.,0,0,1.014,0,No,Yes,Yes,Yes,Yes,Yes,Yes,Yes,No,0,0,1.006,0,Yes,Yes,Yes,Yes,No,Yes,Yes,Yes,Yes,,,,,,,,,,,,,,,,,,,,,,,,,,,,,,,,,,,,,,,,,,0,0,1.012,0,,,,,Yes,No,Yes,No,No,No,Yes,Yes,No,,,,,,,,,,,,,,,,,,,,,,,,,,,,,,,,,,,,,,,,,,,,,,,,,,,,,,,,,,,,,,,,,,,,,,,,,,,,,,,,,,,,,,,,To look at a picture that is only on screen for a brief second and to recall what you saw.,The build of the person in the photograph,Blue,5,,31,Female
P0474,478,TRUE,anonymous,EN,I consent.,0,0,1.01,0,No,Yes,Yes,No,Yes,Yes,Yes,Yes,No,0,0,1.112,0,Yes,Yes,No,No,No,Yes,Yes,Yes,Yes,,,,,,,,,0,0,1.009,0,,,,,,,,,Yes,Yes,No,No,No,No,No,No,Yes,,,,,,,,,,,,,,,,,,,,,,,,,,,,,,,,,,,,,,,,,,,,,,,,,,,,,,,,,,,,,,,,,,,,,,,,,,,,,,,,,,,,,,,,,,,,,,,,,,,,,,,,,,,,,,,,,,,,,I was told to view an image for one second and then answer questions about what I saw.,Did you notice the gender of the person?,Blue,5,,40,Male
P0475,1356,TRUE,anonymous,EN,I consent.,0,0,1.106,0,No,Yes,Yes,Yes,No,Yes,Yes,Yes,No,0,0,1.005,0,Yes,Yes,Yes,Yes,Yes,Yes,Yes,Yes,Yes,,,,,,,,,,,,,,,,,,,,,,,,,,,,,,0,0,1.006,0,,,,,,,,,,,,,,,,,Yes,Yes,Yes,No,No,Yes,Yes,Yes,Yes,,,,,,,,,,,,,,,,,,,,,,,,,,,,,,,,,,,,,,,,,,,,,,,,,,,,,,,,,,,,,,,,,,,,,,,,,,,,,,,,,,,,,,,,look at photo for 1 second then answer questions,"""did you notice the color of the bag he was holding?""",blue,5,,37,Male
P0476,201,TRUE,anonymous,EN,I consent.,0,0,1.107,0,Yes,Yes,Yes,Yes,Yes,No,Yes,No,Yes,0,0,1.008,0,Yes,Yes,Yes,Yes,Yes,Yes,Yes,Yes,Yes,,,,,,,,,,,,,,,,,,,,,,,,,,,,,,,,,,,,,,,,,,,,,,,,,,,,,,,,,,,,,,,,,,,,,,,,,,,,,,,,,,,,,,,,,,,,,,,,,,,,,,,,,,,,,,,,,,,,,,,,,,,,,,,,,0,0,1.008,0,,,,,Yes,Yes,Yes,Yes,Yes,Yes,Yes,Yes,Yes,I was shown a picture for one second and then I was asked whether I noticed various details in the pictures,"""Did you notice the material of the object?""",blue,5,,23,Female
P0477,115,TRUE,anonymous,EN,I consent.,0,0,1.111,0,No,Yes,Yes,Yes,Yes,Yes,Yes,Yes,Yes,0,0,1.11,0,Yes,Yes,Yes,Yes,No,Yes,Yes,Yes,No,,,,,,,,,,,,,,,,,,,,,,,,,,,,,,,,,,,,,,,,,,,,,,,,,,,,,,,,,,,,,,,,,,,,,,,,,,,,,,,,,,,,,,,,,,,,,,,,,,,,,,,,,,,,,,,,,,,,,,,,,,,,,0,0,1.007,0,,,,,,,,,Yes,No,Yes,Yes,Yes,No,Yes,Yes,Yes,I looked at a picture for one second and then answered questions about what I noticed. ,Did you notice what color the object was?,blue,5,,24,Female
P0478,327,TRUE,anonymous,EN,I consent.,0,0,1.009,0,Yes,Yes,Yes,Yes,Yes,Yes,Yes,Yes,Yes,0,0,1.111,0,Yes,Yes,Yes,Yes,Yes,Yes,Yes,Yes,Yes,,,,,,,,,,,,,,,,,0,0,1.005,0,Yes,Yes,Yes,Yes,Yes,Yes,Yes,Yes,Yes,,,,,,,,,,,,,,,,,,,,,,,,,,,,,,,,,,,,,,,,,,,,,,,,,,,,,,,,,,,,,,,,,,,,,,,,,,,,,,,,,,,,,,,,,,,,,,,,,,,,,,,,,,,,,,,,,,,,,"I was to take note of the different variables of the images scene, including objects, people, etc that were in the photo.",Did you see a blue object in the photo?,Blue,5,no,52,Female
P0479,149,TRUE,anonymous,EN,I consent.,0,0,1.008,0,No,Yes,Yes,Yes,Yes,Yes,Yes,Yes,No,0,0,1.01,0,No,Yes,Yes,Yes,Yes,No,Yes,Yes,No,,,,,,,,,,,,,,,,,0,0,1.111,0,Yes,Yes,Yes,No,No,No,No,No,Yes,,,,,,,,,,,,,,,,,,,,,,,,,,,,,,,,,,,,,,,,,,,,,,,,,,,,,,,,,,,,,,,,,,,,,,,,,,,,,,,,,,,,,,,,,,,,,,,,,,,,,,,,,,,,,,,,,,,,,remembering aspects of a picture shown for one second ,did you notice if there was a person or not,blue,5,,21,Female
P0480,240,TRUE,anonymous,EN,I consent.,0,0,1.01,0,No,Yes,Yes,Yes,Yes,Yes,Yes,No,Yes,0,0,1.111,0,Yes,Yes,Yes,Yes,No,Yes,Yes,Yes,No,,,,,,,,,,,,,,,,,,,,,,,,,,,,,,,,,,,,,,,,,,,,,,,,,,,,,,,,,,,,,,,,,,,,,,,,,,,,,,,,,,,,,,,,,,,,,,,,,,,,,,,,0,0,1.006,0,Yes,Yes,Yes,No,Yes,Yes,Yes,No,No,,,,,,,,,,,,,,,,,,,,,,,,,,,,,,I had to view an image for one second and answer what I remembered,Did you notice the persons apparent age,Blue,5,,41,Male
P0481,193,TRUE,anonymous,EN,I consent.,0,0,1.028,0,Yes,Yes,Yes,Yes,Yes,Yes,Yes,Yes,Yes,0,0,1.021,0,Yes,Yes,Yes,Yes,Yes,Yes,Yes,Yes,Yes,,,,,,,,,,,,,,,,,,,,,,,,,,,,,,,,,,,,,,,,,,,,,,,,,,,,,,,,,,,,,,,,,,,,,,,0,0,1.113,0,,,,,Yes,Yes,Yes,Yes,Yes,Yes,Yes,Yes,Yes,,,,,,,,,,,,,,,,,,,,,,,,,,,,,,,,,,,,,,,,,,,,,,,,,,,,,,,,,,,quickly look at a picture and answer questions on if I remember details,did you notice the shape/color of the object?,blue,5,,32,Male
P0482,130,TRUE,anonymous,EN,I consent.,0,0,1.108,0,Yes,Yes,Yes,Yes,Yes,Yes,Yes,No,No,0,0,1.007,0,Yes,Yes,Yes,Yes,Yes,Yes,Yes,Yes,Yes,,,,,,,,,,,,,,,,,,,,,,,,,,,,,,,,,,,,,,,,,,,,,,,,,,,,,,,,,,,0,0,1.009,0,,,,,,,,,,,,,,,,,Yes,Yes,No,Yes,Yes,Yes,Yes,Yes,No,,,,,,,,,,,,,,,,,,,,,,,,,,,,,,,,,,,,,,,,,,,,,,,,,,,,,,,,,,,I was shown a picture for 1 second and then asked whether or not I noticed certain details.,Did I notice the color/pattern on the person's clothing?,Blue,5,,27,Male
P0483,441,TRUE,anonymous,EN,I consent.,0,0,1.118,0,No,Yes,Yes,Yes,Yes,Yes,Yes,No,No,0,0,1.11,0,No,Yes,No,Yes,No,Yes,Yes,No,No,0,0,1.008,0,,,,,,,,,,,,,,,,,Yes,Yes,No,Yes,Yes,Yes,Yes,Yes,Yes,,,,,,,,,,,,,,,,,,,,,,,,,,,,,,,,,,,,,,,,,,,,,,,,,,,,,,,,,,,,,,,,,,,,,,,,,,,,,,,,,,,,,,,,,,,,,,,,,,,,,,,,,,,,,,,,,,,,,Examine details of the image for one second ,Did I notice the size of the refrigerator ,blue,5,,41,Female
P0484,142,TRUE,anonymous,EN,I consent.,0,0,1.02,0,Yes,Yes,Yes,Yes,No,Yes,Yes,Yes,Yes,0,0,1.025,0,Yes,Yes,Yes,Yes,Yes,No,Yes,Yes,No,,,,,,,,,,,,,,,,,,,,,,,,,,,,,,,,,,,,,,,,,,,,,,,,,,,,,,,,,,,0,0,1.027,0,,,,,,,,,,,,,,,,,Yes,Yes,No,No,Yes,Yes,Yes,Yes,Yes,,,,,,,,,,,,,,,,,,,,,,,,,,,,,,,,,,,,,,,,,,,,,,,,,,,,,,,,,,,To observe an image for 1 second and then respond to questions about what I noticed in the image.,Did you notice the stability of the object?,Blue,5,,29,Non-binary / third gender
P0485,147,TRUE,anonymous,EN,I consent.,0,0,1.012,0,No,Yes,Yes,Yes,Yes,Yes,Yes,Yes,Yes,0,0,1.105,0,Yes,Yes,Yes,Yes,No,Yes,Yes,Yes,No,,,,,,,,,,,,,,,,,,,,,,,,,,,,,,,,,,,,,,0,0,1.018,0,,,,,,,,,No,Yes,Yes,Yes,Yes,Yes,Yes,Yes,Yes,,,,,,,,,,,,,,,,,,,,,,,,,,,,,,,,,,,,,,,,,,,,,,,,,,,,,,,,,,,,,,,,,,,,,,,,,,,,,,,,,,,,,,,,To answer questions asking if I noticed some details in the image.,Did you notice the size of the object?,Blue,5,,22,Male
P0486,179,TRUE,anonymous,EN,I consent.,0,0,1.107,0,Yes,Yes,Yes,Yes,Yes,Yes,Yes,Yes,No,0,0,1.006,0,Yes,Yes,Yes,Yes,Yes,No,Yes,Yes,Yes,,,,,,,,,,,,,,,,,,,,,,,,,,,,,,,,,,,,,,,,,,,,,,,,,,,,,,,,,,,,,,,,,,,,,,,,,,,,,,,,,,,,,,,,,,,,,,,,,,,,,,,,,,,,,,,,,,,,,,,,,0,0,1.006,0,,,,,,,,,,,,,Yes,Yes,Yes,Yes,Yes,Yes,Yes,Yes,Yes,My ability to notice details in the photo,Did I notice the size of an object?,Blue,5,,58,Male
P0487,221,TRUE,anonymous,EN,I consent.,0,0,1.008,0,Yes,Yes,Yes,Yes,Yes,No,Yes,No,Yes,0,0,1.112,0,No,Yes,Yes,Yes,No,Yes,Yes,Yes,Yes,,,,,,,,,,,,,,,,,,,,,,,,,,,,,,,,,,,,,,,,,,,,,,,,,,,,,,,,,,,,,,,,,,,,,,,,,,,,,,,,,,,,,,,,,,,,,,,,,,,,0,0,1.007,0,,,,,Yes,Yes,No,No,Yes,Yes,Yes,Yes,Yes,,,,,,,,,,,,,,,,,,,,,,,,,,,,,,I looked at an image for one second and then reported whether I noticed certain things about the image.  ,What material was the candle holder made out of?,blue,5,No,41,Female
P0488,214,TRUE,anonymous,EN,I consent.,0,0,1.009,0,No,Yes,Yes,Yes,Yes,No,Yes,Yes,Yes,0,0,1.009,0,Yes,Yes,Yes,Yes,No,No,Yes,Yes,Yes,,,,,,,,,,,,,0,0,1.106,0,,,,,Yes,Yes,Yes,Yes,No,No,Yes,Yes,Yes,,,,,,,,,,,,,,,,,,,,,,,,,,,,,,,,,,,,,,,,,,,,,,,,,,,,,,,,,,,,,,,,,,,,,,,,,,,,,,,,,,,,,,,,,,,,,,,,,,,,,,,,,,,,,,,,,,,,,View a picture for 1 second then answer questions regarding it.,Did you notice the color of the person's hair?,blue,5,,61,Female
P0489,175,TRUE,anonymous,EN,I consent.,0,0,1.014,0,No,Yes,Yes,Yes,Yes,Yes,Yes,Yes,Yes,0,0,1.009,0,Yes,Yes,Yes,Yes,Yes,No,Yes,Yes,No,,,,,,,,,,,,,,,,,,,,,,,,,,,,,,,,,,,,,,,,,,,,,,0,0,1.11,0,Yes,Yes,No,Yes,Yes,Yes,Yes,Yes,No,,,,,,,,,,,,,,,,,,,,,,,,,,,,,,,,,,,,,,,,,,,,,,,,,,,,,,,,,,,,,,,,,,,,,,,,,,,,,,,,,,,,,,,,Study poctures for one second and answer yes or no questions,Did you notice the size of the bag?,Blue,5,,25,Female
P0490,110,TRUE,anonymous,EN,I consent.,0,0,1.014,0,Yes,Yes,Yes,Yes,Yes,Yes,Yes,Yes,Yes,0,0,1.007,0,Yes,Yes,Yes,Yes,Yes,Yes,Yes,Yes,Yes,,,,,,,,,,,,,,,,,,,,,,,,,,,,,,,,,,,,,,,,,,0,0,1.014,0,,,,,Yes,Yes,Yes,Yes,No,Yes,Yes,Yes,No,,,,,,,,,,,,,,,,,,,,,,,,,,,,,,,,,,,,,,,,,,,,,,,,,,,,,,,,,,,,,,,,,,,,,,,,,,,,,,,,,,,,,,,,what do you remember,do you remember the background ,blue,5,,47,Female
P0491,170,TRUE,anonymous,EN,I consent.,0,0,1.016,0,Yes,Yes,Yes,Yes,Yes,No,Yes,Yes,Yes,0,0,1.007,0,Yes,Yes,No,Yes,Yes,Yes,Yes,Yes,Yes,,,,,,,,,,,,,,,,,,,,,,,,,,,,,,,,,,,,,,,,,,,,,,,,,,,,,,,,,,,,,,,,,,,,,,,,,,,,,,,,,,,,,,,,,,,,,,,,,,,,,,,,,,,,,,,,,,,,,,,,,0,0,1.011,0,,,,,,,,,,,,,Yes,Yes,Yes,Yes,Yes,Yes,Yes,Yes,Yes,I was shown a picture then asked to recall details concerning the image,Did you notice if the person wore socks,blue,5,,31,Male
P0492,262,TRUE,anonymous,EN,I consent.,0,0,1.108,0,Yes,Yes,Yes,Yes,Yes,Yes,Yes,Yes,Yes,0,0,1.012,0,Yes,Yes,Yes,Yes,Yes,Yes,Yes,Yes,Yes,,,,,,,,,,,,,,,,,,,,,,,,,,,,,,,,,,,,,,,,,,,,,,,,,,,,,,,,,,,,,,,,,,,,,,,,,,,,,,,,,,,,,,,,,,,,,,,,0,0,1.009,0,,,,,,,,,Yes,Yes,Yes,No,Yes,Yes,Yes,Yes,Yes,,,,,,,,,,,,,,,,,,,,,,,,,,,,,,To see if people notice objects in a picture.,Did I notice the object in the picture.,blue,5,Thank you,61,Female
P0493,407,TRUE,anonymous,EN,I consent.,0,0,1.007,0,No,Yes,Yes,Yes,Yes,No,Yes,Yes,Yes,0,0,1.006,0,No,Yes,Yes,Yes,Yes,Yes,Yes,No,Yes,,,,,,,,,,,,,,,,,,,,,,,,,,,,,,,,,,,,,,,,,,,,,,,,,,,,,,,,,,,,,,,,,,,,,,,,,,,,,,,,,,,,,,,,,,,,,,,,,,,,,,,,,,,,,,,,,,,,,0,0,1.006,0,,,,,,,,,,,,,,,,,Yes,Yes,No,Yes,No,No,Yes,Yes,No,I was shown a photo for one second and was asked specific questions about whether I noticed specific things.,If I noticed the color of the bench,Bkue,5,I assumed there would be many photos. I also assumed many of the questions would be more specific than they were.,66,Male
P0494,167,TRUE,anonymous,EN,I consent.,0,0,1.013,0,Yes,Yes,Yes,Yes,Yes,No,Yes,No,Yes,0,0,1.017,0,Yes,Yes,Yes,Yes,Yes,Yes,Yes,Yes,Yes,,,,,,,,,,,,,,,,,,,,,,,,,,,,,,,,,,0,0,1.115,0,,,,,,,,,,,,,Yes,Yes,Yes,Yes,Yes,Yes,Yes,Yes,Yes,,,,,,,,,,,,,,,,,,,,,,,,,,,,,,,,,,,,,,,,,,,,,,,,,,,,,,,,,,,,,,,,,,,,,,,,,,,,,,,,,,,,,,,,I looked at a photo for about 1 second and then had to recall details,What was the build of the person?,blue,5,none,50,Female
P0495,147,TRUE,anonymous,EN,I consent.,0,0,1.109,0,No,Yes,Yes,Yes,Yes,No,Yes,Yes,Yes,0,0,1.109,0,Yes,Yes,Yes,Yes,No,Yes,Yes,Yes,No,,,,,,,,,0,0,1.009,0,,,,,,,,,Yes,Yes,Yes,Yes,Yes,Yes,Yes,Yes,Yes,,,,,,,,,,,,,,,,,,,,,,,,,,,,,,,,,,,,,,,,,,,,,,,,,,,,,,,,,,,,,,,,,,,,,,,,,,,,,,,,,,,,,,,,,,,,,,,,,,,,,,,,,,,,,,,,,,,,,Awareness of picture details after only a brief view.,Did you notice the color of the object,blue,5,,41,Male
P0496,369,TRUE,anonymous,EN,I consent.,0,0,1.005,0,No,Yes,Yes,Yes,Yes,Yes,Yes,Yes,No,0,0,1.012,0,Yes,Yes,Yes,Yes,No,Yes,Yes,Yes,Yes,,,,,,,,,,,,,,,,,,,,,,,,,,,,,,,,,,,,,,,,,,,,,,,,,,,,,,,,,,,,,,,,,,,,,,,,,,,,,,,,,,,,,,,,,,,,,,,,,,,,,,,,,,,,,,,,,,,,,,,,,,,,,,,,,,,,,0,0,1.115,0,Yes,Yes,Yes,Yes,No,Yes,Yes,No,Yes,Look at an image for 1 second and answer Yes or No to whether I noticed certain details.,Did I notice the color of the person's clothing,Blue,5,,25,Male
P0497,539,TRUE,anonymous,EN,I consent.,0,0,1.01,0,No,Yes,Yes,Yes,No,No,Yes,Yes,No,0,0,1.111,0,Yes,Yes,No,No,No,No,Yes,No,Yes,,,,,,,,,,,,,,,,,,,,,,,,,,,,,,,,,,,,,,,,,,,,,,,,,,,,,,,,,,,,,,,,,,,,,,,,,,,0,0,1.123,0,Yes,No,Yes,Yes,Yes,Yes,No,Yes,Yes,,,,,,,,,,,,,,,,,,,,,,,,,,,,,,,,,,,,,,,,,,,,,,,,,,,,,,,,,,,Indicate if you noticed a certain detail or not.,Did you notice whether the object was indoor or outdoor?,Blue,5,,52,Male
P0498,123,TRUE,anonymous,EN,I consent.,0,0,1.015,0,No,Yes,Yes,Yes,Yes,Yes,Yes,No,No,0,0,1.009,0,Yes,Yes,Yes,Yes,No,No,Yes,Yes,Yes,,,,,,,,,,,,,,,,,,,,,,,,,,,,,,,,,,,,,,,,,,,,,,,,,,,,,,,,,,,,,,,,,,,,,,,,,,,,,,,,,,,,,,,,,,,,,,,,,,,,,,,,,,,,,,,,,,,,,,,,,,,,,0,0,1.006,0,,,,,,,,,Yes,No,No,Yes,Yes,Yes,Yes,Yes,Yes,My task was to look at a photo for one second then answer questions about things I did and did not observe. ,if I noticed whether it was indoors or outdoors,blue,5,,44,Female
P0499,170,TRUE,anonymous,EN,I consent.,0,0,1.123,0,Yes,Yes,Yes,Yes,Yes,No,Yes,Yes,Yes,0,0,1.019,0,No,Yes,Yes,Yes,Yes,Yes,Yes,No,No,,,,,,,,,,,,,,,,,,,,,,,,,,,,,,,,,,,,,,,,,,,,,,,,,,,,,,,,,,,,,,,,,,,,,,,,,,,,,,,,,,,,,,,,,,,,,,,,,,,,,,,,0,0,1.122,0,No,No,No,No,Yes,Yes,Yes,Yes,Yes,,,,,,,,,,,,,,,,,,,,,,,,,,,,,,To share details of a picture that was seen for one second,Size of the candle,Blue,5,,54,Male
P0500,237,TRUE,anonymous,EN,I consent.,0,0,1.008,0,No,Yes,Yes,Yes,Yes,Yes,Yes,Yes,Yes,0,0,1.018,0,Yes,Yes,Yes,Yes,No,Yes,Yes,Yes,No,,,,,,,,,,,,,,,,,,,,,,,,,,,,,,,,,,,,,,,,,,,,,,,,,,,,,,,,,,,,,,,,,,,,,,,,,,,,,,,,,,,,,,,,0,0,1.114,0,,,,,,,,,,,,,,,,,Yes,Yes,No,Yes,No,Yes,Yes,Yes,Yes,,,,,,,,,,,,,,,,,,,,,,,,,,,,,,"I was to look at a picture for one second, and then answer questions about the contents of the picture. ",Was there a refrigerator in the picture?,blue,5,,34,Male
P0501,196,TRUE,anonymous,EN,I consent.,0,0,1.015,0,Yes,Yes,Yes,Yes,Yes,Yes,Yes,Yes,Yes,0,0,1.108,0,Yes,Yes,Yes,Yes,Yes,No,Yes,Yes,Yes,,,,,,,,,,,,,,,,,,,,,,,,,,,,,,,,,,,,,,,,,,,,,,,,,,,,,,,,,,,,,,,,,,,,,,,,,,,,,,,,,,,,,,,,,,,,,,,,,,,,,,,,,,,,,,,,,,,,,0,0,1.006,0,,,,,,,,,,,,,,,,,Yes,No,Yes,Yes,Yes,No,No,No,No,look at image for 1 second say state yes or no if we saw what question described.,did you notice the size of the bench,blue,5,,41,Female
P0502,143,TRUE,anonymous,EN,I consent.,0,0,1.021,0,Yes,Yes,Yes,Yes,Yes,No,Yes,Yes,Yes,0,0,1.119,0,Yes,Yes,No,Yes,Yes,Yes,Yes,Yes,No,,,,,0,0,1.02,0,,,,,,,,,,,,,Yes,Yes,Yes,Yes,Yes,Yes,Yes,Yes,Yes,,,,,,,,,,,,,,,,,,,,,,,,,,,,,,,,,,,,,,,,,,,,,,,,,,,,,,,,,,,,,,,,,,,,,,,,,,,,,,,,,,,,,,,,,,,,,,,,,,,,,,,,,,,,,,,,,,,,,I looked at a picture briefly and answered questions about what I remembered in the picture.,Did you notice the color of the ball?,blue,5,,60,Male
P0503,163,TRUE,anonymous,EN,I consent.,0,0,1.113,0,Yes,Yes,Yes,Yes,Yes,Yes,Yes,Yes,No,0,0,1.007,0,Yes,No,Yes,Yes,Yes,No,Yes,Yes,No,,,,,,,,,,,,,,,,,,,,,,,,,,,,,,,,,,0,0,1.01,0,,,,,,,,,,,,,Yes,Yes,Yes,Yes,No,Yes,No,No,No,,,,,,,,,,,,,,,,,,,,,,,,,,,,,,,,,,,,,,,,,,,,,,,,,,,,,,,,,,,,,,,,,,,,,,,,,,,,,,,,,,,,,,,,look at an image for 1 second (recommended in full screen mode) and then answered questions on if i noticed certain characteristics from the image (yes/no),Did you notice the peron's apparent age?,blue,5,,28,Female
P0504,246,TRUE,anonymous,EN,I consent.,0,0,1.018,0,Yes,Yes,Yes,Yes,Yes,Yes,Yes,Yes,No,0,0,1.019,0,Yes,Yes,Yes,Yes,Yes,Yes,Yes,Yes,Yes,,,,,,,,,,,,,,,,,,,,,,,,,,,,,,,,,,,,,,,,,,,,,,,,,,,,,,,,,,,,,,,,,,,0,0,1.016,0,,,,,,,,,Yes,Yes,No,Yes,No,Yes,Yes,Yes,Yes,,,,,,,,,,,,,,,,,,,,,,,,,,,,,,,,,,,,,,,,,,,,,,,,,,,,,,,,,,,I looked at an image for one second and had to answer questions about if I noticed certain things within the picture.,One question was if I knew which hand the person used to feed the giraffe.,Blue,5,,28,Female
P0505,263,TRUE,anonymous,EN,I consent.,0,0,1.025,0,No,Yes,Yes,Yes,Yes,Yes,Yes,Yes,No,0,0,1.123,0,Yes,Yes,Yes,Yes,No,Yes,Yes,Yes,Yes,,,,,,,,,,,,,,,,,,,,,,,,,,,,,,0,0,1.125,0,,,,,,,,,,,,,,,,,Yes,No,Yes,No,No,No,Yes,No,No,,,,,,,,,,,,,,,,,,,,,,,,,,,,,,,,,,,,,,,,,,,,,,,,,,,,,,,,,,,,,,,,,,,,,,,,,,,,,,,,,,,,,,,,I got one second to look at a picture and then answer questions about what I noticed in the picture. ,Did you notice the size of the fruit? ,Blue,5,,65,Female
P0506,188,TRUE,anonymous,EN,I consent.,0,0,1.013,0,Yes,Yes,Yes,Yes,Yes,No,Yes,Yes,Yes,0,0,1.11,0,Yes,Yes,Yes,Yes,Yes,Yes,Yes,Yes,Yes,,,,,,,,,,,,,,,,,,,,,,,,,,,,,,,,,,,,,,,,,,,,,,,,,,,,,,,,,,,,,,,,,,,,,,,,,,,,,,,,,,,,,,,,,,,,,,,,0,0,1.107,0,,,,,,,,,Yes,Yes,Yes,No,Yes,Yes,Yes,Yes,Yes,,,,,,,,,,,,,,,,,,,,,,,,,,,,,,To notice things in an image,did you notice the womens age.,blue,5,,24,Male
P0507,179,TRUE,anonymous,EN,I consent.,0,0,1.009,0,Yes,Yes,Yes,Yes,Yes,Yes,Yes,Yes,Yes,0,0,1.108,0,Yes,Yes,Yes,Yes,Yes,No,Yes,Yes,Yes,,,,,,,,,,,,,,,,,,,,,,,,,,,,,,,,,,,,,,,,,,,,,,,,,,,,,,,,,,,,,,,,,,,0,0,1.013,0,,,,,,,,,Yes,Yes,No,Yes,Yes,Yes,Yes,Yes,Yes,,,,,,,,,,,,,,,,,,,,,,,,,,,,,,,,,,,,,,,,,,,,,,,,,,,,,,,,,,,Noticing details in an image. ,Did you know the direction of light source?,Blue,5,,38,Male
P0508,288,TRUE,anonymous,EN,I consent.,0,0,1.022,0,Yes,Yes,Yes,Yes,Yes,No,Yes,Yes,No,0,0,1.024,0,No,Yes,No,Yes,No,No,Yes,Yes,Yes,,,,,,,,,,,,,,,,,,,,,,,,,,,,,,,,,,,,,,,,,,,,,,,,,,,,,,,,,,,,,,,0,0,1.126,0,,,,,,,,,,,,,Yes,Yes,No,Yes,Yes,Yes,Yes,Yes,Yes,,,,,,,,,,,,,,,,,,,,,,,,,,,,,,,,,,,,,,,,,,,,,,,,,,,,,,,,,,,View an image for a single second then answer questions about what I noticed,did I notice the cage wire spacing,Blue,5,all good,56,Female
P0509,286,TRUE,anonymous,EN,I consent.,0,0,1.126,0,No,Yes,Yes,Yes,Yes,Yes,Yes,Yes,Yes,0,0,1.025,0,Yes,Yes,Yes,Yes,Yes,Yes,Yes,Yes,No,,,,,,,,,0,0,1.126,0,,,,,,,,,Yes,Yes,Yes,Yes,No,Yes,Yes,Yes,Yes,,,,,,,,,,,,,,,,,,,,,,,,,,,,,,,,,,,,,,,,,,,,,,,,,,,,,,,,,,,,,,,,,,,,,,,,,,,,,,,,,,,,,,,,,,,,,,,,,,,,,,,,,,,,,,,,,,,,,"We were shown a image for one second and asked to remember as much details as we could. After the 1 second was up, we were asked to click yes or no on the questions given that asked us if we noticed this or that.",Did you notice the size of the table?,Blue,5,Great study and everything worked perfect!,31,Male
P0510,277,TRUE,anonymous,EN,I consent.,0,0,1.017,0,No,Yes,Yes,Yes,Yes,Yes,Yes,Yes,Yes,0,0,1.008,0,Yes,Yes,Yes,Yes,Yes,Yes,Yes,Yes,Yes,,,,,,,,,,,,,,,,,,,,,,,,,,,,,,,,,,,,,,,,,,,,,,,,,,,,,,,,,,,,,,,,,,,,,,,,,,,,,,,,,,,,,,,,,,,,,,,,,,,,0,0,1.008,0,,,,,Yes,Yes,No,No,Yes,No,Yes,Yes,Yes,,,,,,,,,,,,,,,,,,,,,,,,,,,,,,To report which details I noticed in images shown for 1 second by answering yes or no.,Did I notice if the object was indoors or outdoors?,blue,5,,37,Female
P0511,239,TRUE,anonymous,EN,I consent.,0.92,0.943,1.01,2,No,Yes,Yes,Yes,No,No,Yes,Yes,No,0,0,1.013,0,No,Yes,No,Yes,No,Yes,Yes,Yes,Yes,,,,,,,,,,,,,,,,,,,,,,,,,,,,,,,,,,,,,,,,,,,,,,,,,,,,,,,,,,,,,,,,,,,,,,,,,,,0,0,1.007,0,Yes,Yes,No,No,No,Yes,Yes,Yes,No,,,,,,,,,,,,,,,,,,,,,,,,,,,,,,,,,,,,,,,,,,,,,,,,,,,,,,,,,,,Look at the image and answer questions based on the image.,I was asked if I knew the figure of the person in the image.,Blue,5,,32,Male
P0512,202,TRUE,anonymous,EN,I consent.,0,0,1.015,0,Yes,Yes,Yes,Yes,Yes,Yes,Yes,Yes,Yes,0,0,1.016,0,Yes,Yes,Yes,Yes,No,Yes,Yes,Yes,Yes,,,,,,,,,,,,,,,,,,,,,,,,,,,,,,,,,,,,,,,,,,,,,,,,,,,,,,,,,,,,,,,,,,,,,,,,,,,,,,,,,,,,,,,,,,,,,,,,,,,,,,,,,,,,,,,,,,,,,0,0,1.114,0,,,,,,,,,,,,,,,,,Yes,No,Yes,Yes,Yes,Yes,Yes,Yes,No,To look at pictures for 1 second and answer questions regarding it.,The shape/color of an object.,Blue,5,,54,Female
P0513,142,TRUE,anonymous,EN,I consent.,0,0,1.009,0,No,Yes,Yes,Yes,Yes,Yes,Yes,Yes,No,0,0,1.111,0,Yes,Yes,Yes,Yes,Yes,No,Yes,Yes,Yes,,,,,,,,,,,,,,,,,,,,,,,,,,,,,,,,,,,,,,,,,,,,,,,,,,,,,,,,,,,,,,,,,,,,,,,,,,,,,,,,,,,,,,,,,,,,,,,,,,,,,,,,,,,,,,,,,,,,,,,,,,,,,,,,,0,0,1.011,0,,,,,Yes,No,No,Yes,Yes,Yes,Yes,Yes,No,Look at a picture for one second and try to remember as many details as possible.,Which shoe was removed from the man?,Blue,5,,35,Female
P0514,426,TRUE,anonymous,EN,I consent.,0,0,1.008,0,Yes,Yes,Yes,Yes,Yes,No,Yes,No,Yes,0,0,1.109,0,Yes,Yes,Yes,Yes,Yes,No,Yes,Yes,Yes,,,,,,,,,,,,,,,,,,,,,,,,,,,,,,,,,,,,,,,,,,,,,,,,,,,,,,,,,,,,,,,,,,,,,,,,,,,,,,,,,,,,,,,,,,,,0,0,1.115,0,,,,,,,,,,,,,Yes,No,Yes,No,No,Yes,Yes,Yes,Yes,,,,,,,,,,,,,,,,,,,,,,,,,,,,,,To look at a picture for 1 second and answer whether I noticed certain details/features,Whether I noticed which hand the person was lighting the candle with,Blue,5,,26,Female
P0515,233,TRUE,anonymous,EN,I consent.,0,0,1.016,0,No,Yes,Yes,Yes,Yes,No,Yes,No,Yes,0,0,1.006,0,Yes,Yes,Yes,Yes,No,Yes,Yes,Yes,Yes,,,,,,,,,,,,,,,,,,,,,,,,,,,,,,,,,,,,,,,,,,,,,,,,,,,,,,,,,,,,,,,,,,,,,,,0,0,1.114,0,,,,,Yes,Yes,No,Yes,Yes,Yes,Yes,No,Yes,,,,,,,,,,,,,,,,,,,,,,,,,,,,,,,,,,,,,,,,,,,,,,,,,,,,,,,,,,,Look at an image for a second and then answer questions regarding various details in the image.,Did you notice the spacing of the mesh/cage?,Blue,5,,27,Male
P0516,203,TRUE,anonymous,EN,I consent.,0,0,1.12,0,No,Yes,Yes,Yes,No,No,Yes,Yes,Yes,0,0,1.021,0,Yes,Yes,No,Yes,Yes,Yes,Yes,Yes,Yes,,,,,,,,,,,,,,,,,,,,,,,,,,,,,,,,,,,,,,,,,,,,,,,,,,,,,,,,,,,,,,,0,0,1.121,0,,,,,,,,,,,,,No,Yes,No,No,Yes,Yes,Yes,Yes,Yes,,,,,,,,,,,,,,,,,,,,,,,,,,,,,,,,,,,,,,,,,,,,,,,,,,,,,,,,,,,View a picture for 1 second and answer questions whether or not you noticed certain details.,Did you notice which hand (left/right) was used to feed to animal?,blue,5,,31,Male
P0517,195,TRUE,anonymous,EN,I consent.,0,0,1.009,0,Yes,Yes,Yes,Yes,Yes,No,Yes,No,Yes,0,0,1.11,0,Yes,Yes,Yes,Yes,Yes,Yes,Yes,Yes,Yes,,,,,,,,,,,,,,,,,,,,,,,,,,,,,,,,,,,,,,0,0,1.112,0,,,,,,,,,Yes,Yes,Yes,Yes,Yes,No,Yes,Yes,Yes,,,,,,,,,,,,,,,,,,,,,,,,,,,,,,,,,,,,,,,,,,,,,,,,,,,,,,,,,,,,,,,,,,,,,,,,,,,,,,,,,,,,,,,,To see what details I could recall from an image I saw for only 1 second.,Did I notice the material the object was made out of.,blue,5,,37,Female
P0518,224,TRUE,anonymous,EN,I consent.,0,0,1.021,0,No,Yes,Yes,Yes,Yes,Yes,Yes,Yes,No,0,0,1.014,0,Yes,Yes,Yes,Yes,No,No,Yes,No,No,,,,,,,,,,,,,0,0,1.015,0,,,,,Yes,Yes,Yes,Yes,Yes,No,No,Yes,Yes,,,,,,,,,,,,,,,,,,,,,,,,,,,,,,,,,,,,,,,,,,,,,,,,,,,,,,,,,,,,,,,,,,,,,,,,,,,,,,,,,,,,,,,,,,,,,,,,,,,,,,,,,,,,,,,,,,,,,answer questions about a picture I saw for one second,do you notice the color of the ball,Blue,5,,46,Male
P0519,253,TRUE,anonymous,EN,I consent.,0,0,1.025,0,No,Yes,Yes,Yes,Yes,No,Yes,Yes,Yes,0,0,1.025,0,Yes,Yes,No,Yes,Yes,No,Yes,Yes,Yes,,,,,,,,,,,,,,,,,,,,,,,,,,,,,,,,,,,,,,,,,,,,,,0,0,1.022,0,Yes,Yes,Yes,No,No,Yes,No,No,No,,,,,,,,,,,,,,,,,,,,,,,,,,,,,,,,,,,,,,,,,,,,,,,,,,,,,,,,,,,,,,,,,,,,,,,,,,,,,,,,,,,,,,,,Describe what I saw in the image ,Whether I remember if there was an object or not,blue,5,,43,Male
P0520,212,TRUE,anonymous,EN,I consent.,0,0,1.115,0,No,Yes,Yes,Yes,Yes,Yes,Yes,No,No,0,0,1.016,0,No,Yes,Yes,Yes,No,No,Yes,Yes,Yes,0,0,1.016,0,,,,,,,,,,,,,,,,,Yes,Yes,No,No,No,No,Yes,Yes,Yes,,,,,,,,,,,,,,,,,,,,,,,,,,,,,,,,,,,,,,,,,,,,,,,,,,,,,,,,,,,,,,,,,,,,,,,,,,,,,,,,,,,,,,,,,,,,,,,,,,,,,,,,,,,,,,,,,,,,,Look at a photo briefly and see what details I remember,Do I remember the color of the persons hair,blue,5,,42,Female
P0522,207,TRUE,anonymous,EN,I consent.,0,0,1.118,0,No,Yes,Yes,Yes,Yes,No,Yes,Yes,Yes,0,0,1.024,0,Yes,Yes,Yes,Yes,Yes,Yes,Yes,Yes,No,,,,,,,,,,,,,,,,,,,,,,,,,,,,,,,,,,,,,,,,,,,,,,,,,,,,,,,,,,,,,,,,,,,,,,,,,,,,,,,,,,,,,,,,0,0,1.02,0,,,,,,,,,,,,,,,,,Yes,Yes,No,No,No,No,Yes,Yes,Yes,,,,,,,,,,,,,,,,,,,,,,,,,,,,,,"look at an image for 1 second, and answer questions about what I noticed.",Did you notice the man's physique.,blue,5,,39,Male
P0523,405,TRUE,anonymous,EN,I consent.,0,0,1.013,0,Yes,Yes,Yes,No,Yes,No,Yes,No,Yes,0,0,1.023,0,No,Yes,No,Yes,Yes,No,Yes,Yes,Yes,,,,,,,,,,,,,,,,,0,0,1.012,0,Yes,Yes,No,Yes,Yes,Yes,No,Yes,Yes,,,,,,,,,,,,,,,,,,,,,,,,,,,,,,,,,,,,,,,,,,,,,,,,,,,,,,,,,,,,,,,,,,,,,,,,,,,,,,,,,,,,,,,,,,,,,,,,,,,,,,,,,,,,,,,,,,,,,Ability to recallw what was shown within a second,Do you notice the size of the table,blue,5,,39,Male
P0524,194,TRUE,anonymous,EN,I consent.,0,0,1.007,0,Yes,Yes,Yes,Yes,Yes,Yes,Yes,Yes,Yes,0,0,1.108,0,Yes,Yes,Yes,Yes,Yes,Yes,Yes,Yes,Yes,,,,,,,,,,,,,,,,,,,,,,,,,,,,,,,,,,,,,,,,,,,,,,,,,,,,,,,,,,,,,,,0,0,1.108,0,,,,,,,,,,,,,Yes,Yes,Yes,Yes,No,Yes,Yes,Yes,No,,,,,,,,,,,,,,,,,,,,,,,,,,,,,,,,,,,,,,,,,,,,,,,,,,,,,,,,,,,to view an image for 1 second and then answer questions about it,did I remember what hand the lady fed the animal with,blue,5,,35,Male
P0525,222,TRUE,anonymous,EN,I consent.,0,0,1.008,0,No,Yes,Yes,Yes,Yes,Yes,Yes,No,Yes,0,0,1.008,0,Yes,Yes,Yes,Yes,Yes,Yes,Yes,Yes,No,,,,,,,,,,,,,,,,,,,,,,,,,,,,,,,,,,,,,,,,,,,,,,,,,,,,,,,,,,,,,,,,,,,,,,,,,,,,,,,,,,,,,,,,,,,,,,,,,,,,,,,,,,,,,,,,,,,,,0,0,1.007,0,,,,,,,,,,,,,,,,,Yes,Yes,No,Yes,Yes,No,Yes,Yes,No,View a picture for 1 second then answer questions about details that I may have noticed,Did you notice the color of the bench? ,blue,5,,52,Female
P0526,225,TRUE,anonymous,EN,I consent.,0,0,1.017,0,No,Yes,Yes,Yes,Yes,Yes,Yes,Yes,Yes,0,0,1.02,0,Yes,Yes,Yes,Yes,No,No,Yes,Yes,Yes,,,,,0,0,1.023,0,,,,,,,,,,,,,Yes,Yes,Yes,No,No,No,Yes,Yes,Yes,,,,,,,,,,,,,,,,,,,,,,,,,,,,,,,,,,,,,,,,,,,,,,,,,,,,,,,,,,,,,,,,,,,,,,,,,,,,,,,,,,,,,,,,,,,,,,,,,,,,,,,,,,,,,,,,,,,,,View a picture for one minute and try to recall details after,Did I notice the color of the table?,Blue,5,,45,Male
P0527,189,TRUE,anonymous,EN,I consent.,0,0,1.108,0,No,Yes,Yes,Yes,Yes,Yes,Yes,Yes,Yes,0,0,1.007,0,Yes,Yes,Yes,Yes,Yes,Yes,Yes,Yes,Yes,,,,,,,,,,,,,,,,,,,,,,,,,,,,,,,,,,,,,,,,,,,,,,,,,,,,,,,,,,,,,,,,,,,,,,,,,,,,,,,,,,,,,,,,,,,,0,0,1.108,0,,,,,,,,,,,,,Yes,Yes,No,No,Yes,Yes,Yes,Yes,Yes,,,,,,,,,,,,,,,,,,,,,,,,,,,,,,"In this study, I was shown an image for one second, and needed to observe details of the image to answers questions about it. ",Did you notice where the light source was coming from?,Blue,5,Thanks for a great study!,27,Female
P0528,133,TRUE,anonymous,EN,I consent.,0,0,1.114,0,No,Yes,Yes,Yes,Yes,Yes,Yes,Yes,Yes,0,0,1.114,0,Yes,Yes,Yes,Yes,Yes,No,Yes,Yes,Yes,,,,,,,,,,,,,,,,,,,,,,,,,,,,,,,,,,,,,,,,,,,,,,,,,,,,,,,,,,,,,,,,,,,,,,,,,,,,,,,,,,,,,,,,,,,,,,,,,,,,,,,,,,,,,,,,,,,,,,,,,0,0,1.116,0,,,,,,,,,,,,,No,No,No,Yes,Yes,No,Yes,Yes,Yes,I had to look at a picture for one second and describe it,Was the person taking off their left or right shoe,blue,5,,37,Female
P0529,144,TRUE,anonymous,EN,I consent.,0,0,1.007,0,No,Yes,Yes,Yes,Yes,Yes,Yes,Yes,No,0,0,1.009,0,Yes,Yes,Yes,Yes,Yes,Yes,Yes,Yes,Yes,,,,,,,,,,,,,,,,,,,,,,,,,,,,,,,,,,0,0,1.012,0,,,,,,,,,,,,,Yes,Yes,Yes,Yes,Yes,Yes,Yes,Yes,No,,,,,,,,,,,,,,,,,,,,,,,,,,,,,,,,,,,,,,,,,,,,,,,,,,,,,,,,,,,,,,,,,,,,,,,,,,,,,,,,,,,,,,,,answer questions about a photo,what kind of fruit was there,blue,5,,49,Male
P0530,248,TRUE,anonymous,EN,I consent.,0,0,1.012,0,No,Yes,Yes,Yes,Yes,No,Yes,Yes,Yes,0,0,1.007,0,Yes,Yes,No,Yes,No,No,Yes,Yes,Yes,,,,,,,,,,,,,,,,,,,,,,,,,,,,,,,,,,,,,,,,,,,,,,,,,,,,,,,,,,,,,,,,,,,,,,,0,0,1.01,0,,,,,Yes,Yes,No,No,No,Yes,Yes,No,Yes,,,,,,,,,,,,,,,,,,,,,,,,,,,,,,,,,,,,,,,,,,,,,,,,,,,,,,,,,,,"I was asked to look at an image for one second, then answer questions about what I did/didn't see in the image.",Did you notice the size of the animal?,Blue,5,,26,Female
P0531,127,TRUE,anonymous,EN,I consent.,0,0,1.108,0,Yes,Yes,Yes,Yes,Yes,Yes,Yes,Yes,No,0,0,1.109,0,No,Yes,Yes,Yes,Yes,No,Yes,Yes,No,,,,,,,,,,,,,,,,,,,,,,,,,,,,,,,,,,,,,,,,,,,,,,,,,,,,,,,,,,,,,,,,,,,,,,,,,,,,,,,,,,,,,,,,,,,,,,,,,,,,,,,,,,,,,,,,,,,,,,,,,,,,,,,,,0,0,1.114,0,,,,,Yes,Yes,Yes,Yes,Yes,Yes,Yes,Yes,Yes,view image for 1 sec and answer whether I noticed certain details,Did I notice whether a picture was indoors or outdoors,blue,5,,,
P0532,126,TRUE,anonymous,EN,I consent.,0,0,1.007,0,Yes,No,Yes,Yes,Yes,No,Yes,No,Yes,0,0,1.012,0,No,Yes,No,Yes,Yes,Yes,Yes,Yes,Yes,,,,,,,,,,,,,,,,,,,,,,,,,,,,,,,,,,,,,,,,,,0,0,1.006,0,,,,,Yes,Yes,Yes,Yes,Yes,Yes,Yes,Yes,Yes,,,,,,,,,,,,,,,,,,,,,,,,,,,,,,,,,,,,,,,,,,,,,,,,,,,,,,,,,,,,,,,,,,,,,,,,,,,,,,,,,,,,,,,,Look at a photo for 1 second and recall details,Did you recall the pattern in the clothes the person was wearing,blue,5,,27,Male
P0533,219,TRUE,anonymous,EN,I consent.,0,0,1.019,0,No,Yes,Yes,Yes,Yes,Yes,Yes,Yes,No,0,0,1.122,0,Yes,Yes,No,Yes,No,No,Yes,No,No,,,,,,,,,,,,,,,,,,,,,,,,,,,,,,,,,,,,,,,,,,,,,,,,,,,,,,,,,,,,,,,,,,,,,,,,,,,0,0,1.12,0,Yes,Yes,No,No,Yes,Yes,Yes,Yes,Yes,,,,,,,,,,,,,,,,,,,,,,,,,,,,,,,,,,,,,,,,,,,,,,,,,,,,,,,,,,,"Briefly view an image, then answer yes/no in regards to whether or not you noticed certain elements of the image",Did you notice the color/texture of the person's clothes,blue,5,,29,Male
P0534,402,TRUE,anonymous,EN,I consent.,0,0,1.013,0,Yes,Yes,Yes,Yes,Yes,No,Yes,Yes,Yes,0,0,1.12,0,Yes,Yes,Yes,Yes,Yes,Yes,Yes,Yes,No,,,,,,,,,,,,,,,,,,,,,,,,,,,,,,,,,,,,,,,,,,,,,,,,,,,,,,,,,,,,,,,,,,,,,,,,,,,,,,,,,,,,,,,,,,,,,,,,,,,,,,,,,,,,,,,,,,,,,,,,,,,,,,,,,,,,,0,0,1.011,0,Yes,No,Yes,Yes,No,No,Yes,Yes,Yes,"Briefly described, my task was to describe what details I remembered from being shown an image for 1 second.",Did you remember if the object was stable or moving?,Blue,5,"Everything in the study went great, thank you.",24,Female
P0535,137,TRUE,anonymous,EN,I consent.,0,0,1.018,0,Yes,Yes,Yes,Yes,Yes,Yes,Yes,No,No,0,0,1.018,0,Yes,Yes,Yes,Yes,Yes,No,Yes,Yes,No,,,,,,,,,,,,,,,,,,,,,,,,,,,,,,,,,,,,,,,,,,,,,,,,,,,,,,,,,,,0,0,1.018,0,,,,,,,,,,,,,,,,,Yes,Yes,Yes,No,No,Yes,Yes,Yes,No,,,,,,,,,,,,,,,,,,,,,,,,,,,,,,,,,,,,,,,,,,,,,,,,,,,,,,,,,,,What somebody notices differs from each other,What was the material of the object,blue,5,,23,Non-binary / third gender
P0536,210,TRUE,anonymous,EN,I consent.,0,0,1.111,0,Yes,Yes,Yes,Yes,Yes,Yes,Yes,Yes,Yes,0,0,1.113,0,Yes,Yes,Yes,Yes,No,No,Yes,Yes,Yes,,,,,,,,,,,,,,,,,,,,,,,,,,,,,,,,,,,,,,0,0,1.014,0,,,,,,,,,Yes,Yes,No,Yes,Yes,No,Yes,Yes,No,,,,,,,,,,,,,,,,,,,,,,,,,,,,,,,,,,,,,,,,,,,,,,,,,,,,,,,,,,,,,,,,,,,,,,,,,,,,,,,,,,,,,,,,View an image for one second and then answer questions about what I saw.,Did I notice the color of the bag the item was being put in.,Blue,5,,37,Male
P0537,798,TRUE,anonymous,EN,I consent.,0,0,1.117,0,No,Yes,Yes,Yes,Yes,No,Yes,Yes,Yes,0,0,1.006,0,No,Yes,No,Yes,No,No,Yes,Yes,Yes,,,,,,,,,,,,,,,,,,,,,,,,,,,,,,0,0,1.009,0,,,,,,,,,,,,,,,,,Yes,No,Yes,No,Yes,Yes,No,Yes,Yes,,,,,,,,,,,,,,,,,,,,,,,,,,,,,,,,,,,,,,,,,,,,,,,,,,,,,,,,,,,,,,,,,,,,,,,,,,,,,,,,,,,,,,,,Indicate if you noticed a detail or not.,Did you notice the size of the object?,Blue,5,,52,Female
P0538,138,TRUE,anonymous,EN,I consent.,0,0,1.006,0,No,Yes,Yes,Yes,Yes,Yes,Yes,Yes,No,0.855,0.855,1.106,1,Yes,Yes,Yes,Yes,No,No,Yes,Yes,Yes,0,0,1.106,0,,,,,,,,,,,,,,,,,No,Yes,No,No,No,No,Yes,Yes,Yes,,,,,,,,,,,,,,,,,,,,,,,,,,,,,,,,,,,,,,,,,,,,,,,,,,,,,,,,,,,,,,,,,,,,,,,,,,,,,,,,,,,,,,,,,,,,,,,,,,,,,,,,,,,,,,,,,,,,,Look at a picture for a second and try to recall details,Do you remember what the object was sitting on?  ,Blue,5,,23,Female
P0539,248,TRUE,anonymous,EN,I consent.,0,0,1.006,0,No,Yes,Yes,Yes,Yes,No,Yes,No,No,0,0,1.11,0,No,Yes,Yes,Yes,Yes,No,Yes,Yes,Yes,,,,,,,,,,,,,,,,,,,,,,,,,,,,,,,,,,,,,,,,,,,,,,,,,,,,,,,,,,,,,,,,,,,,,,,,,,,,,,,,,,,,,,,,,,,,,,,,,,,,,,,,,,,,,,,,,,,,,,,,,,,,,0,0,1.112,0,,,,,,,,,Yes,Yes,Yes,Yes,Yes,No,Yes,Yes,No,To see a picture for 1 second and answer questions about what I remembered about it,Did you notice the size of the bench?,Blue,5,,19,Male
P0540,193,TRUE,anonymous,EN,I consent.,0,0,1.108,0,Yes,Yes,Yes,No,Yes,No,Yes,Yes,No,0,0,1.113,0,Yes,Yes,Yes,Yes,No,No,Yes,Yes,Yes,,,,,,,,,,,,,,,,,,,,,,,,,,,,,,,,,,,,,,,,,,,,,,0,0,1.108,0,Yes,Yes,Yes,Yes,No,Yes,Yes,Yes,No,,,,,,,,,,,,,,,,,,,,,,,,,,,,,,,,,,,,,,,,,,,,,,,,,,,,,,,,,,,,,,,,,,,,,,,,,,,,,,,,,,,,,,,,"To observe a picture of a man putting an apple in his bag, and say what I did/didn't notice about it",Did you notice the way the man was holding the bag,blue,5,,30,Male
P0541,212,TRUE,anonymous,EN,I consent.,0,0,1.008,0,No,Yes,Yes,Yes,Yes,Yes,Yes,Yes,Yes,0,0,1.111,0,Yes,Yes,Yes,Yes,Yes,Yes,Yes,Yes,No,,,,,,,,,,,,,,,,,,,,,,,,,,,,,,,,,,,,,,,,,,,,,,,,,,,,,,,,,,,,,,,,,,,,,,,,,,,,,,,,,,,,,,,,,,,,,,,,,,,,,,,,,,,,,,,,,,,,,,,,,,,,,,,,,,,,,0,0,1.012,0,Yes,Yes,Yes,Yes,Yes,No,Yes,Yes,Yes,I was asked to notice details of a picture. ,Did you notice if the object had a pattern. ,blue,5,,36,Female
P0542,412,TRUE,anonymous,EN,I consent.,0,0,1.116,0,Yes,Yes,Yes,Yes,Yes,Yes,Yes,Yes,Yes,0,0,1.117,0,No,Yes,Yes,Yes,Yes,Yes,Yes,Yes,No,,,,,,,,,,,,,0,0,1.113,0,,,,,No,Yes,No,No,Yes,Yes,No,Yes,Yes,,,,,,,,,,,,,,,,,,,,,,,,,,,,,,,,,,,,,,,,,,,,,,,,,,,,,,,,,,,,,,,,,,,,,,,,,,,,,,,,,,,,,,,,,,,,,,,,,,,,,,,,,,,,,,,,,,,,,look at images and pay attention to them,did you notice the color of the ball,blue,5,,26,Female
P0543,113,TRUE,anonymous,EN,I consent.,0,0,1.006,0,No,Yes,Yes,Yes,Yes,Yes,Yes,Yes,No,0,0,1.106,0,Yes,Yes,Yes,Yes,Yes,Yes,Yes,Yes,Yes,,,,,,,,,,,,,,,,,,,,,,,,,,,,,,,,,,,,,,0,0,1.005,0,,,,,,,,,Yes,Yes,Yes,Yes,Yes,No,Yes,Yes,No,,,,,,,,,,,,,,,,,,,,,,,,,,,,,,,,,,,,,,,,,,,,,,,,,,,,,,,,,,,,,,,,,,,,,,,,,,,,,,,,,,,,,,,,Look at a picture for a second and remember details ,Do you remember the build of the person?,blue,5,,39,Male
P0544,267,TRUE,anonymous,EN,I consent.,0,0,1.127,0,No,Yes,Yes,Yes,Yes,Yes,Yes,Yes,Yes,0,0,1.128,0,Yes,Yes,Yes,Yes,Yes,Yes,Yes,Yes,Yes,,,,,,,,,,,,,,,,,,,,,,,,,,,,,,,,,,,,,,,,,,,,,,,,,,,,,,,,,,,,,,,,,,,,,,,,,,,,,,,,,,,,,,,,,,,,,,,,,,,,,,,,,,,,,,,,,,,,,,,,,,,,,,,,,,,,,0,0,1.016,0,Yes,Yes,Yes,Yes,Yes,Yes,Yes,Yes,Yes,the task was to look at the picture for 1 second and then answer questions on if i noticed something in the picture or not,did you notice the type of shoe the person was wearing,blue,5,,32,Female
P0545,281,TRUE,anonymous,EN,I consent.,0,0,1.022,0,Yes,Yes,Yes,Yes,Yes,Yes,Yes,Yes,No,0,0,1.02,0,Yes,Yes,Yes,Yes,No,No,Yes,Yes,Yes,,,,,,,,,,,,,,,,,,,,,,,,,,,,,,,,,,,,,,,,,,,,,,,,,,,,,,,,,,,,,,,,,,,,,,,,,,,,,,,,,,,,,,,,0.919,0.919,1.017,1,,,,,,,,,,,,,,,,,Yes,Yes,No,No,Yes,Yes,Yes,Yes,No,,,,,,,,,,,,,,,,,,,,,,,,,,,,,,The task was to look at a photo and then answer questions about what I noticed in the photo.,Did I notice the build of the person?,blue,5,,52,Non-binary / third gender
P0546,133,TRUE,anonymous,EN,I consent.,0,0,1.114,0,No,Yes,Yes,Yes,Yes,Yes,Yes,Yes,Yes,0,0,1.009,0,Yes,Yes,Yes,Yes,Yes,Yes,Yes,Yes,Yes,,,,,0,0,1.01,0,,,,,,,,,,,,,Yes,Yes,Yes,Yes,Yes,No,No,Yes,Yes,,,,,,,,,,,,,,,,,,,,,,,,,,,,,,,,,,,,,,,,,,,,,,,,,,,,,,,,,,,,,,,,,,,,,,,,,,,,,,,,,,,,,,,,,,,,,,,,,,,,,,,,,,,,,,,,,,,,,Seeing images for a second and recalling if I noticed specific things about the images.,if I noticed the size of the table.,blue,5,,33,Female
P0547,160,TRUE,anonymous,EN,I consent.,0,0,1.107,0,Yes,Yes,Yes,Yes,Yes,No,Yes,Yes,Yes,0,0,1.117,0,Yes,Yes,No,Yes,Yes,No,Yes,Yes,No,,,,,,,,,,,,,,,,,,,,,,,,,,,,,,,,,,,,,,,,,,,,,,,,,,,,,,,,,,,0,0,1.121,0,,,,,,,,,,,,,,,,,Yes,Yes,No,Yes,Yes,Yes,No,Yes,Yes,,,,,,,,,,,,,,,,,,,,,,,,,,,,,,,,,,,,,,,,,,,,,,,,,,,,,,,,,,,Briefly see an image and recall if noticed certain details,Do you recall the build of the person?,blue,5,,26,Female
P0548,164,TRUE,anonymous,EN,I consent.,0,0,1.112,0,No,Yes,Yes,Yes,Yes,Yes,Yes,Yes,Yes,0,0,1.106,0,Yes,Yes,Yes,Yes,Yes,No,Yes,Yes,Yes,0,0,1.006,0,,,,,,,,,,,,,,,,,Yes,Yes,Yes,Yes,Yes,Yes,Yes,Yes,Yes,,,,,,,,,,,,,,,,,,,,,,,,,,,,,,,,,,,,,,,,,,,,,,,,,,,,,,,,,,,,,,,,,,,,,,,,,,,,,,,,,,,,,,,,,,,,,,,,,,,,,,,,,,,,,,,,,,,,,To answer whether I notice aspects of a picture. ,Did you notice the height of the person?,Blue,5,,26,Female
P0549,218,TRUE,anonymous,EN,I consent.,0,0,1.112,0,No,Yes,Yes,Yes,Yes,Yes,Yes,Yes,Yes,0,0,1.114,0,Yes,Yes,Yes,Yes,Yes,Yes,Yes,Yes,Yes,,,,,,,,,,,,,,,,,,,,,,,,,,,,,,,,,,,,,,,,,,,,,,,,,,,,,,,,,,,,,,,,,,,,,,,,,,,,,,,,,,,,,,,,0,0,1.115,0,,,,,,,,,,,,,,,,,Yes,Yes,Yes,No,No,No,Yes,Yes,Yes,,,,,,,,,,,,,,,,,,,,,,,,,,,,,,Look at an image for one second and then answer questions about it such as what details you noticed,Did you notice whether the object was in motion or not?,Blue,5,,32,Male
P0550,459,TRUE,anonymous,EN,I consent.,0,0,1.03,0,Yes,Yes,Yes,Yes,Yes,Yes,Yes,Yes,Yes,0,0,1.128,0,Yes,Yes,Yes,Yes,No,Yes,Yes,Yes,Yes,,,,,,,,,,,,,,,,,,,,,,,,,,,,,,,,,,,,,,,,,,,,,,,,,,,,,,,,,,,,,,,,,,,,,,,,,,,,,,,,,,,,,,,,,,,,,,,,,,,,,,,,0,0,1.021,0,No,No,Yes,No,No,No,Yes,Yes,Yes,,,,,,,,,,,,,,,,,,,,,,,,,,,,,,To see how much I noticed from the image in a second.,Did I notice the shape of the object that was being shown?,blue,5,,42,Male
P0551,157,TRUE,anonymous,EN,I consent.,0,0,1.113,0,No,Yes,Yes,Yes,Yes,Yes,Yes,Yes,No,0,0,1.116,0,Yes,Yes,Yes,No,No,No,Yes,Yes,Yes,,,,,,,,,,,,,,,,,,,,,,,,,,,,,,,,,,,,,,,,,,,,,,,,,,,,,,,,,,,,,,,,,,,,,,,,,,,,,,,,,,,,,,,,,,,,,,,,,,,,0,0,1.011,0,,,,,Yes,Yes,No,No,Yes,Yes,Yes,Yes,Yes,,,,,,,,,,,,,,,,,,,,,,,,,,,,,,To look at a picture for one second and then try to remember certain details about it,do i remember what color the candle was,blue,5,,34,Male
P0552,194,TRUE,anonymous,EN,I consent.,0,0,1.114,0,Yes,Yes,Yes,Yes,Yes,Yes,Yes,No,No,0,0,1.114,0,No,Yes,Yes,Yes,No,Yes,Yes,Yes,Yes,,,,,,,,,,,,,,,,,,,,,,,,,,,,,,,,,,,,,,,,,,,,,,,,,,,,,,,,,,,,,,,,,,,0,0,1.014,0,,,,,,,,,Yes,Yes,No,No,No,Yes,Yes,Yes,Yes,,,,,,,,,,,,,,,,,,,,,,,,,,,,,,,,,,,,,,,,,,,,,,,,,,,,,,,,,,,I was asked to observe an image for 1 second and then I had to answer questions regarding things I noticed about it. ,I was asked if I noticed the color pattern of an object I was shown for one second. ,blue,5,,44,Male
P0553,384,TRUE,anonymous,EN,I consent.,0,0,1.009,0,No,Yes,Yes,Yes,Yes,No,Yes,Yes,Yes,0,0,1.007,0,Yes,Yes,No,Yes,No,Yes,Yes,Yes,Yes,,,,,,,,,0,0,1.008,0,,,,,,,,,Yes,Yes,Yes,Yes,No,Yes,No,Yes,Yes,,,,,,,,,,,,,,,,,,,,,,,,,,,,,,,,,,,,,,,,,,,,,,,,,,,,,,,,,,,,,,,,,,,,,,,,,,,,,,,,,,,,,,,,,,,,,,,,,,,,,,,,,,,,,,,,,,,,,Look at images and answer questions based on what you remember.,Did you notice a person in the image? ,Blue ,5,,57,Female
P0554,183,TRUE,anonymous,EN,I consent.,0,0,1.008,0,No,Yes,Yes,Yes,Yes,Yes,Yes,No,Yes,0,0,1.007,0,Yes,Yes,Yes,Yes,Yes,No,Yes,Yes,Yes,,,,,,,,,,,,,0,0,1.107,0,,,,,Yes,Yes,Yes,No,Yes,Yes,Yes,Yes,Yes,,,,,,,,,,,,,,,,,,,,,,,,,,,,,,,,,,,,,,,,,,,,,,,,,,,,,,,,,,,,,,,,,,,,,,,,,,,,,,,,,,,,,,,,,,,,,,,,,,,,,,,,,,,,,,,,,,,,,I was to answer questions based on if I remembered certain pieces of an image that only showed for one second.,Did you notice the trajectory of the object?,blue,5,,22,Female
P0555,134,TRUE,anonymous,EN,I consent.,0,0,1.026,0,No,Yes,Yes,Yes,Yes,Yes,Yes,Yes,Yes,0,0,1.019,0,Yes,Yes,Yes,Yes,No,Yes,Yes,No,Yes,,,,,,,,,,,,,,,,,,,,,,,,,,,,,,,,,,,,,,,,,,,,,,,,,,,,,,,,,,,,,,,0,0,1.025,0,,,,,,,,,,,,,Yes,No,No,No,Yes,Yes,Yes,No,Yes,,,,,,,,,,,,,,,,,,,,,,,,,,,,,,,,,,,,,,,,,,,,,,,,,,,,,,,,,,,I was shown different objects and asked questions about them,Did you notice was the object was on ,Blue,5,,38,Female
P0556,249,TRUE,anonymous,EN,I consent.,0,0,1.113,0,No,Yes,No,Yes,Yes,No,Yes,Yes,No,0,0,1.014,0,No,Yes,No,Yes,No,No,Yes,Yes,Yes,,,,,,,,,,,,,,,,,,,,,,,,,,,,,,,,,,,,,,,,,,0,0,1.007,0,,,,,No,Yes,Yes,Yes,No,No,Yes,Yes,Yes,,,,,,,,,,,,,,,,,,,,,,,,,,,,,,,,,,,,,,,,,,,,,,,,,,,,,,,,,,,,,,,,,,,,,,,,,,,,,,,,,,,,,,,,to briefly look at images and note as much detail as possible,the color of the object on the beach,blue,5,,77,Female
P0557,198,TRUE,anonymous,EN,I consent.,0,0,1.017,0,No,Yes,Yes,Yes,Yes,Yes,Yes,Yes,Yes,0,0,1.01,0,No,No,Yes,No,No,No,Yes,No,No,,,,,,,,,,,,,,,,,,,,,,,,,,,,,,,,,,,,,,,,,,,,,,0,0,1.008,0,Yes,Yes,Yes,Yes,Yes,Yes,Yes,Yes,Yes,,,,,,,,,,,,,,,,,,,,,,,,,,,,,,,,,,,,,,,,,,,,,,,,,,,,,,,,,,,,,,,,,,,,,,,,,,,,,,,,,,,,,,,,Look at a picture for 1 second and answer questions,Did I notice type of fruit?,Blue,5,,47,Female
P0558,127,TRUE,anonymous,EN,I consent.,0,0,1.012,0,No,Yes,Yes,Yes,Yes,Yes,Yes,Yes,Yes,0,0,1.007,0,Yes,Yes,Yes,Yes,No,Yes,Yes,Yes,Yes,,,,,,,,,,,,,,,,,,,,,,,,,,,,,,,,,,,,,,,,,,,,,,,,,,,,,,,,,,,,,,,,,,,,,,,,,,,,,,,,,,,,,,,,,,,,,,,,,,,,,,,,0,0,1.113,0,Yes,Yes,Yes,Yes,Yes,No,Yes,Yes,Yes,,,,,,,,,,,,,,,,,,,,,,,,,,,,,,to note what details i noticed when briefly viewing an image ,did you notice the color of the object?,blue,5,,26,Female
P0559,155,TRUE,anonymous,EN,I consent.,0,0,1.107,0,No,Yes,Yes,No,No,Yes,Yes,Yes,No,0,0,1.007,0,Yes,Yes,Yes,Yes,No,Yes,Yes,Yes,Yes,,,,,,,,,,,,,,,,,,,,,,,,,,,,,,,,,,,,,,,,,,,,,,,,,,,,,,,,,,,,,,,,,,,,,,,0,0,1.01,0,,,,,Yes,Yes,Yes,Yes,No,Yes,Yes,Yes,No,,,,,,,,,,,,,,,,,,,,,,,,,,,,,,,,,,,,,,,,,,,,,,,,,,,,,,,,,,,The task in this study was to study a photo for one second and answer questions about what you noticed in the photo.,Did you notice the kind of animal in the picture?,Blue,5,,20,Female
P0560,125,TRUE,anonymous,EN,I consent.,0,0,1.114,0,No,Yes,Yes,No,Yes,Yes,Yes,Yes,No,0,0,1.015,0,No,Yes,Yes,Yes,No,Yes,Yes,Yes,Yes,,,,,,,,,,,,,,,,,,,,,,,,,,,,,,,,,,0,0,1.121,0,,,,,,,,,,,,,Yes,Yes,No,Yes,Yes,No,No,Yes,No,,,,,,,,,,,,,,,,,,,,,,,,,,,,,,,,,,,,,,,,,,,,,,,,,,,,,,,,,,,,,,,,,,,,,,,,,,,,,,,,,,,,,,,,Answer questions about how I remembered the picture.,Is a refrigerator present?,Blue,5,,24,Male
P0561,299,TRUE,anonymous,EN,I consent.,0,0,1.013,0,No,Yes,Yes,Yes,Yes,Yes,Yes,Yes,No,0,0,1.01,0,Yes,Yes,Yes,Yes,No,No,Yes,Yes,Yes,,,,,,,,,,,,,,,,,,,,,,,,,,,,,,,,,,,,,,,,,,,,,,,,,,,,,,,,,,,,,,,,,,,,,,,,,,,0,0,1.111,0,Yes,Yes,No,Yes,Yes,Yes,Yes,Yes,No,,,,,,,,,,,,,,,,,,,,,,,,,,,,,,,,,,,,,,,,,,,,,,,,,,,,,,,,,,,to try and observe details in a picture that was shown for just 1 second,did I notice the which hand they were using to offer the treat.,Blue,5,,67,Female
P0562,103,TRUE,anonymous,EN,I consent.,0,0,1.006,0,Yes,Yes,Yes,Yes,Yes,Yes,Yes,Yes,Yes,0,0,1.106,0,Yes,Yes,Yes,Yes,Yes,Yes,Yes,Yes,Yes,,,,,,,,,,,,,,,,,,,,,,,,,,,,,,,,,,,,,,,,,,,,,,,,,,,,,,,,,,,,,,,,,,,0,0,1.005,0,,,,,,,,,Yes,Yes,Yes,Yes,Yes,Yes,Yes,Yes,Yes,,,,,,,,,,,,,,,,,,,,,,,,,,,,,,,,,,,,,,,,,,,,,,,,,,,,,,,,,,,To look at a picture and answer a series of yes and no questions.,Did you notice the type of animal in the photo?,blue,5,,30,Male
P0563,152,TRUE,anonymous,EN,I consent.,0,0,1.107,0,Yes,Yes,Yes,Yes,Yes,No,Yes,Yes,Yes,0,0,1.007,0,Yes,Yes,Yes,Yes,Yes,Yes,Yes,Yes,Yes,,,,,,,,,,,,,,,,,,,,,,,,,,,,,,0,0,1.008,0,,,,,,,,,,,,,,,,,Yes,Yes,Yes,Yes,Yes,Yes,Yes,Yes,Yes,,,,,,,,,,,,,,,,,,,,,,,,,,,,,,,,,,,,,,,,,,,,,,,,,,,,,,,,,,,,,,,,,,,,,,,,,,,,,,,,,,,,,,,,I observed an image for 1 second and answered some questions about what I observed,What kind of fruit did the person handle,Blue,5,,29,Female
P0564,803,TRUE,anonymous,EN,I consent.,0,0,1.006,0,Yes,Yes,Yes,Yes,Yes,Yes,Yes,Yes,Yes,0,0,1.108,0,Yes,Yes,Yes,Yes,No,Yes,Yes,Yes,Yes,,,,,,,,,,,,,,,,,0,0,1.007,0,Yes,Yes,No,Yes,No,No,No,No,Yes,,,,,,,,,,,,,,,,,,,,,,,,,,,,,,,,,,,,,,,,,,,,,,,,,,,,,,,,,,,,,,,,,,,,,,,,,,,,,,,,,,,,,,,,,,,,,,,,,,,,,,,,,,,,,,,,,,,,,Notice certain details or objects in an image.,It asked if an object was in motion or stationary. ,Blue,5,,29,Male
P0565,245,TRUE,anonymous,EN,I consent.,0,0,1.121,0,No,Yes,Yes,Yes,Yes,Yes,Yes,No,Yes,0,0,1.007,0,No,No,Yes,No,No,Yes,Yes,No,No,,,,,,,,,,,,,,,,,,,,,,,,,,,,,,,,,,,,,,,,,,,,,,,,,,,,,,,,,,,,,,,,,,,,,,,,,,,,,,,,,,,,,,,,,,,,0,0,1.111,0,,,,,,,,,,,,,Yes,Yes,No,Yes,Yes,Yes,No,No,Yes,,,,,,,,,,,,,,,,,,,,,,,,,,,,,,memory,color of the candle,sky blue,5,,55,Male
P0566,168,TRUE,anonymous,EN,I consent.,0,0,1.018,0,Yes,Yes,Yes,Yes,Yes,Yes,Yes,Yes,Yes,0,0,1.01,0,Yes,Yes,Yes,Yes,Yes,Yes,Yes,Yes,No,,,,,,,,,,,,,,,,,,,,,,,,,,,,,,,,,,,,,,,,,,,,,,,,,,,,,,,,,,,,,,,,,,,,,,,,,,,,,,,,,,,,,,,,,,,,,,,,,,,,,,,,,,,,,,,,,,,,,0,0,1.007,0,,,,,,,,,,,,,,,,,Yes,Yes,Yes,Yes,Yes,Yes,Yes,Yes,No,look at a picture answer some questions,Did you notice the pattern of the object?,blue,5,,44,Male
P0567,318,TRUE,anonymous,EN,I consent.,0,0,1.008,0,Yes,Yes,Yes,Yes,Yes,Yes,Yes,Yes,Yes,0,0,1.106,0,Yes,Yes,Yes,Yes,No,Yes,Yes,Yes,Yes,,,,,,,,,,,,,,,,,,,,,,,,,,,,,,,,,,,,,,,,,,,,,,,,,,,,,,,,,,,,,,,,,,,,,,,,,,,,,,,,,,,,,,,,,,,,,,,,,,,,0,0,1.007,0,,,,,Yes,Yes,Yes,No,Yes,Yes,Yes,Yes,Yes,,,,,,,,,,,,,,,,,,,,,,,,,,,,,,Observe a photograph and notice details in the foreground and background. ,Observe the picture for one second then be prepared to answer questions about the image.,"Indoors, no clear image of outdoors although it may have been taken after dark. ",5,"Interesting study, establishing a control group for recognition tasks? ",64,Male
P0568,181,TRUE,anonymous,EN,I consent.,0,0,1.019,0,Yes,Yes,Yes,Yes,Yes,Yes,Yes,Yes,No,0,0,1.023,0,Yes,Yes,Yes,Yes,Yes,Yes,Yes,Yes,No,,,,,,,,,,,,,,,,,,,,,,,,,,,,,,,,,,,,,,,,,,,,,,,,,,,,,,,,,,,,,,,,,,,,,,,,,,,,,,,,,,,,,,,,,,,,,,,,,,,,,,,,,,,,,,,,,,,,,0,0,1.123,0,,,,,,,,,,,,,,,,,No,No,Yes,Yes,Yes,Yes,Yes,Yes,No,"Observe an image for one second, then answer questions about it based on my observations.",The color of an object,blue,5,,41,Female
P0569,142,TRUE,anonymous,EN,I consent.,0,0,1.107,0,Yes,Yes,Yes,Yes,Yes,Yes,Yes,Yes,Yes,0,0,1.007,0,Yes,Yes,Yes,Yes,No,Yes,Yes,Yes,Yes,,,,,,,,,,,,,,,,,,,,,,,,,,,,,,,,,,,,,,0,0,1.006,0,,,,,,,,,Yes,Yes,Yes,Yes,Yes,Yes,No,No,Yes,,,,,,,,,,,,,,,,,,,,,,,,,,,,,,,,,,,,,,,,,,,,,,,,,,,,,,,,,,,,,,,,,,,,,,,,,,,,,,,,,,,,,,,,To remember as many details as possible in one second,Did you notice the size of the bag?,Blue,5,,33,Female
P0570,135,TRUE,anonymous,EN,I consent.,0,0,1.108,0,Yes,Yes,Yes,Yes,Yes,Yes,Yes,Yes,Yes,0,0,1.006,0,Yes,Yes,Yes,Yes,No,No,Yes,Yes,Yes,,,,,,,,,,,,,,,,,,,,,,,,,,,,,,,,,,,,,,,,,,,,,,,,,,,,,,,,,,,,,,,,,,,0,0,1.009,0,,,,,,,,,Yes,Yes,No,No,No,Yes,Yes,Yes,Yes,,,,,,,,,,,,,,,,,,,,,,,,,,,,,,,,,,,,,,,,,,,,,,,,,,,,,,,,,,,To view an image for only 1 second and recall specific details about it ,Did you notice the size of the animal in the picture,Blue,5,No comments. everything was clear. ,39,Male
P0571,162,TRUE,anonymous,EN,I consent.,0,0,1.023,0,No,Yes,Yes,Yes,No,Yes,Yes,Yes,No,0,0,1.017,0,Yes,Yes,Yes,Yes,No,No,Yes,Yes,No,,,,,,,,,,,,,,,,,,,,,,,,,,,,,,,,,,,,,,,,,,,,,,,,,,,,,,,,,,,,,,,,,,,,,,,,,,,,,,,,,,,,,,,,,,,,,,,,,,,,,,,,0,0,1.123,0,Yes,No,Yes,No,Yes,No,Yes,Yes,No,,,,,,,,,,,,,,,,,,,,,,,,,,,,,,see an image for 1 second and answer yes or no questions about what you observed ,did you notice the size of the candle? ,blue,5,,41,Female
P0572,192,TRUE,anonymous,EN,I consent.,0,0,1.008,0,Yes,Yes,Yes,Yes,Yes,Yes,Yes,Yes,Yes,0,0,1.108,0,Yes,Yes,Yes,Yes,Yes,Yes,Yes,Yes,No,,,,,,,,,,,,,,,,,0,0,1.012,0,Yes,Yes,No,Yes,Yes,No,Yes,Yes,Yes,,,,,,,,,,,,,,,,,,,,,,,,,,,,,,,,,,,,,,,,,,,,,,,,,,,,,,,,,,,,,,,,,,,,,,,,,,,,,,,,,,,,,,,,,,,,,,,,,,,,,,,,,,,,,,,,,,,,,I got to see an image (AI Generated by the looks of it) for one second. I was then asked a series of yes/ no questions about what I think I saw from that photo. ,Were you able to see the material of the object? ,Blue,5,Strange. ,31,Female
P0573,287,TRUE,anonymous,EN,I consent.,0,0,1.112,0,No,Yes,Yes,Yes,Yes,Yes,Yes,Yes,No,0,0,1.107,0,Yes,Yes,Yes,Yes,Yes,No,Yes,Yes,Yes,,,,,,,,,,,,,,,,,0,0,1.006,0,Yes,Yes,No,Yes,Yes,No,No,Yes,Yes,,,,,,,,,,,,,,,,,,,,,,,,,,,,,,,,,,,,,,,,,,,,,,,,,,,,,,,,,,,,,,,,,,,,,,,,,,,,,,,,,,,,,,,,,,,,,,,,,,,,,,,,,,,,,,,,,,,,,The task was to view an image for 1 second and then answer questions about it.,Did you notice the color/pattern of the object.,blue,5,,43,Female
P0574,262,TRUE,anonymous,EN,I consent.,0,0,1.011,0,No,Yes,Yes,Yes,Yes,Yes,Yes,Yes,Yes,0,0,1.011,0,Yes,Yes,Yes,Yes,Yes,Yes,Yes,Yes,No,,,,,,,,,,,,,,,,,,,,,,,,,,,,,,,,,,,,,,,,,,,,,,,,,,,,,,,,,,,,,,,,,,,,,,,,,,,,,,,,,,,,,,,,,,,,,,,,,,,,,,,,,,,,,,,,,,,,,,,,,0,0,1.114,0,,,,,,,,,,,,,Yes,Yes,Yes,Yes,Yes,Yes,Yes,Yes,No,Seeing if I remember specific details from a picture,Did you see a refrigerator in the photo,Blue,5,,21,Female
P0575,230,TRUE,anonymous,EN,I consent.,0,0,1.008,0,No,Yes,Yes,Yes,Yes,Yes,Yes,Yes,Yes,0,0,1.119,0,Yes,Yes,Yes,Yes,Yes,Yes,Yes,Yes,Yes,,,,,,,,,,,,,,,,,,,,,,,,,,,,,,,,,,,,,,,,,,,,,,,,,,,,,,,,,,,,,,,,,,,,,,,,,,,,,,,,,,,,,,,,,,,,,,,,,,,,0,0,1.109,0,,,,,Yes,Yes,Yes,Yes,Yes,Yes,Yes,Yes,No,,,,,,,,,,,,,,,,,,,,,,,,,,,,,,It was to examine an image for 1 second and determine what we could notice,Do you recall the material of the candle holder.,Blue,5,,41,Male
P0576,101,TRUE,anonymous,EN,I consent.,0,0,1.116,0,Yes,Yes,Yes,Yes,Yes,Yes,Yes,Yes,Yes,0,0,1.012,0,Yes,Yes,Yes,Yes,No,Yes,Yes,Yes,Yes,,,,,,,,,,,,,,,,,,,,,,,,,,,,,,,,,,,,,,,,,,,,,,,,,,,,,,,,,,,,,,,,,,,,,,,,,,,,,,,,,,,,,,,,,,,,0,0,1.112,0,,,,,,,,,,,,,Yes,Yes,Yes,Yes,Yes,Yes,Yes,Yes,Yes,,,,,,,,,,,,,,,,,,,,,,,,,,,,,,Whether or not I noticed aspects of an image,did you notice the size of the object,blue,5,,26,Male
P0577,212,TRUE,anonymous,EN,I consent.,0,0,1.013,0,Yes,Yes,Yes,Yes,Yes,Yes,Yes,Yes,No,0,0,1.113,0,Yes,Yes,Yes,Yes,No,Yes,Yes,Yes,Yes,0,0,1.006,0,,,,,,,,,,,,,,,,,No,Yes,No,Yes,No,No,Yes,Yes,Yes,,,,,,,,,,,,,,,,,,,,,,,,,,,,,,,,,,,,,,,,,,,,,,,,,,,,,,,,,,,,,,,,,,,,,,,,,,,,,,,,,,,,,,,,,,,,,,,,,,,,,,,,,,,,,,,,,,,,,I was told to look at an image briefly for one second and then asked what I remember about it.,I was asked if I noticed the hair color of the person in the photo,Blue,5,,31,Female
P0578,256,TRUE,anonymous,EN,I consent.,0,0,1.007,0,Yes,Yes,Yes,Yes,Yes,Yes,Yes,Yes,Yes,0,0,1.108,0,Yes,Yes,Yes,Yes,No,Yes,Yes,No,Yes,,,,,,,,,,,,,,,,,,,,,,,,,,,,,,,,,,,,,,,,,,,,,,,,,,,,,,,,,,,,,,,,,,,,,,,,,,,,,,,,,,,,,,,,,,,,,,,,,,,,,,,,,,,,,,,,,,,,,0,0,1.007,0,,,,,,,,,,,,,,,,,Yes,Yes,No,Yes,Yes,Yes,Yes,Yes,Yes,I was shown a picture for 1 second then asked a few questions about whether I noticed certain things about it.,If I noticed which shoes the man had taken off (left/right/both),blue,5,,24,Female
P0579,837,TRUE,anonymous,EN,I consent.,0,0,1.011,0,Yes,Yes,Yes,Yes,Yes,Yes,Yes,Yes,Yes,0,0,1.111,0,Yes,Yes,Yes,Yes,Yes,Yes,Yes,Yes,Yes,,,,,,,,,0,0,1.106,0,,,,,,,,,Yes,Yes,Yes,Yes,Yes,Yes,Yes,Yes,Yes,,,,,,,,,,,,,,,,,,,,,,,,,,,,,,,,,,,,,,,,,,,,,,,,,,,,,,,,,,,,,,,,,,,,,,,,,,,,,,,,,,,,,,,,,,,,,,,,,,,,,,,,,,,,,,,,,,,,,ask questions about photo,did you see the color of the ball?,blue,5,cool,34,Male
P0580,195,TRUE,anonymous,EN,I consent.,0,0,1.022,0,No,Yes,Yes,Yes,Yes,Yes,Yes,Yes,Yes,0,0,1.009,0,Yes,Yes,Yes,Yes,No,No,Yes,Yes,Yes,,,,,,,,,,,,,,,,,,,,,,,,,,,,,,,,,,,,,,,,,,,,,,,,,,,,,,,,,,,,,,,,,,,,,,,,,,,0,0,1.019,0,Yes,Yes,No,No,Yes,Yes,No,Yes,Yes,,,,,,,,,,,,,,,,,,,,,,,,,,,,,,,,,,,,,,,,,,,,,,,,,,,,,,,,,,,Answer whether or not I noticed various aspects of a picture I was shown for 1 second.,Did you notice the person's apparent age?,Blue,5,Nothing to add.,58,Male
P0581,218,TRUE,anonymous,EN,I consent.,0,0,1.11,0,No,Yes,Yes,No,Yes,Yes,Yes,No,No,0,0,1.008,0,Yes,Yes,Yes,Yes,No,Yes,Yes,Yes,Yes,,,,,,,,,,,,,,,,,,,,,,,,,,,,,,,,,,,,,,,,,,,,,,,,,,,,,,,,,,,,,,,0,0,1.008,0,,,,,,,,,,,,,Yes,No,No,Yes,Yes,Yes,Yes,Yes,No,,,,,,,,,,,,,,,,,,,,,,,,,,,,,,,,,,,,,,,,,,,,,,,,,,,,,,,,,,,I was shown an image for one second and then I was asked questions about what I saw.,Did I notice the age of the person in the photo.,Blue,5,"Nope, thank you for allowing me to participate.",22,Male
P0582,425,TRUE,anonymous,EN,I consent.,0,0,1.114,0,No,Yes,Yes,No,No,Yes,Yes,Yes,No,0,0,1.007,0,Yes,Yes,Yes,Yes,No,Yes,Yes,Yes,Yes,,,,,,,,,,,,,,,,,,,,,,,,,,,,,,,,,,,,,,,,,,,,,,,,,,,,,,,,,,,,,,,,,,,,,,,,,,,,,,,,,,,,,,,,,,,,,,,,,,,,,,,,,,,,,,,,,,,,,,,,,,,,,,,,,0,0,1.015,0,,,,,No,Yes,Yes,Yes,Yes,Yes,Yes,Yes,No,I had to look at a picture for 1 second and then answer some questions about the picture that I saw,Did I notice the person size and physique in the picture,blue,5,,65,Female
P0583,307,TRUE,anonymous,EN,I consent.,0,0,1.114,0,Yes,Yes,Yes,Yes,Yes,Yes,Yes,Yes,Yes,0,0,1.005,0,Yes,Yes,Yes,Yes,No,Yes,Yes,Yes,Yes,,,,,0,0,1.016,0,,,,,,,,,,,,,Yes,Yes,No,Yes,No,Yes,No,Yes,Yes,,,,,,,,,,,,,,,,,,,,,,,,,,,,,,,,,,,,,,,,,,,,,,,,,,,,,,,,,,,,,,,,,,,,,,,,,,,,,,,,,,,,,,,,,,,,,,,,,,,,,,,,,,,,,,,,,,,,,I looked at an image for 1 second. Following this I answered questions yes or no a to whether or not I noticed certain elements of the pictures. ,Did you notice if the object was inside or outside? ,Blue,5,,45,Female
P0584,464,TRUE,anonymous,EN,I consent.,0,0,1.011,0,Yes,Yes,Yes,Yes,Yes,Yes,Yes,Yes,Yes,0,0,1.108,0,No,Yes,Yes,Yes,Yes,Yes,Yes,Yes,Yes,,,,,,,,,,,,,,,,,,,,,,,,,,,,,,,,,,,,,,,,,,,,,,,,,,,,,,,,,,,,,,,,,,,,,,,,,,,,,,,,,,,,,,,,,,,,,,,,0,0,1.112,0,,,,,,,,,Yes,Yes,No,No,Yes,Yes,Yes,Yes,No,,,,,,,,,,,,,,,,,,,,,,,,,,,,,,to see an image for 1 second answer questions as to what i feel like I saw. ,did I notice what the person was lighting the candle with.,blue,5,1 second was longer than I thought while I took inventory of an image. ,52,Female
P0585,197,TRUE,anonymous,EN,I consent.,0,0,1.008,0,Yes,Yes,Yes,Yes,Yes,Yes,Yes,No,Yes,0,0,1.006,0,Yes,Yes,Yes,Yes,No,Yes,Yes,Yes,Yes,,,,,,,,,,,,,,,,,,,,,,,,,,,,,,,,,,,,,,,,,,0,0,1.005,0,,,,,Yes,Yes,Yes,No,Yes,No,Yes,Yes,No,,,,,,,,,,,,,,,,,,,,,,,,,,,,,,,,,,,,,,,,,,,,,,,,,,,,,,,,,,,,,,,,,,,,,,,,,,,,,,,,,,,,,,,,Saw an image for 1 second and then answered questions about what i noticed,Did you notice the size of the fruit in the persons hand?,blue,5,,25,Female
P0586,241,TRUE,anonymous,EN,I consent.,0,0,1.015,0,No,Yes,Yes,Yes,Yes,Yes,Yes,Yes,No,0,0,1.121,0,Yes,Yes,Yes,Yes,Yes,Yes,Yes,Yes,Yes,,,,,,,,,,,,,,,,,,,,,,,,,,,,,,,,,,,,,,,,,,,,,,,,,,,,,,,,,,,,,,,,,,,,,,,,,,,,,,,,,,,,,,,,,,,,,,,,,,,,,,,,,,,,,,,,,,,,,,,,,,,,,,,,,,,,,0,0,1.01,0,Yes,Yes,Yes,Yes,No,Yes,Yes,Yes,Yes,"I was shown a picture for 1 second, then answered about what i did or do not see.","Did I notice if the person was wearing socks or no,",blue,5,,31,Non-binary / third gender
P0587,217,TRUE,anonymous,EN,I consent.,0,0,1.126,0,No,Yes,Yes,Yes,Yes,Yes,Yes,No,Yes,0,0,1.026,0,Yes,Yes,Yes,Yes,No,Yes,Yes,Yes,Yes,,,,,,,,,,,,,,,,,,,,,,,,,,,,,,,,,,,,,,,,,,,,,,,,,,,,,,,,,,,,,,,,,,,,,,,,,,,,,,,,,,,,,,,,0,0,1.02,0,,,,,,,,,,,,,,,,,Yes,Yes,Yes,Yes,Yes,Yes,Yes,Yes,No,,,,,,,,,,,,,,,,,,,,,,,,,,,,,,I was given a picture for one second and then asked questions about things I noticed in that picture.,Did you notice the color of the candle holder.,blue,5,,36,Male
P0588,197,TRUE,anonymous,EN,I consent.,0,0,1.009,0,No,Yes,Yes,Yes,Yes,Yes,Yes,Yes,Yes,0,0,1.01,0,Yes,Yes,Yes,Yes,No,Yes,Yes,Yes,No,,,,,,,,,,,,,,,,,,,,,,,,,,,,,,,,,,,,,,,,,,,,,,,,,,,,,,,,,,,,,,,,,,,,,,,0,0,1.009,0,,,,,Yes,Yes,Yes,No,No,Yes,Yes,No,Yes,,,,,,,,,,,,,,,,,,,,,,,,,,,,,,,,,,,,,,,,,,,,,,,,,,,,,,,,,,,Look at a picture for one second and say yes or no to if I noticed certain details or not.,Did you notice the color/pattern of the object?,blue,5,,20,Non-binary / third gender
P0589,213,TRUE,anonymous,EN,I consent.,0,0,1.007,0,No,Yes,Yes,Yes,Yes,Yes,Yes,No,No,0,0,1.106,0,Yes,Yes,Yes,Yes,Yes,No,Yes,Yes,No,,,,,,,,,0,0,1.11,0,,,,,,,,,Yes,Yes,Yes,Yes,Yes,Yes,No,Yes,Yes,,,,,,,,,,,,,,,,,,,,,,,,,,,,,,,,,,,,,,,,,,,,,,,,,,,,,,,,,,,,,,,,,,,,,,,,,,,,,,,,,,,,,,,,,,,,,,,,,,,,,,,,,,,,,,,,,,,,,Look at an image for 1 second and answer questions about details I did or did not notice after,Did you notice the height of the person?,Blue,5,,29,Female
P0590,163,TRUE,anonymous,EN,I consent.,0,0,1.112,0,No,Yes,Yes,No,Yes,No,Yes,Yes,Yes,0,0,1.013,0,No,Yes,Yes,Yes,No,Yes,Yes,Yes,No,,,,,,,,,,,,,,,,,,,,,,,,,,,,,,,,,,,,,,,,,,,,,,,,,,,,,,,,,,,,,,,,,,,,,,,,,,,,,,,,,,,,,,,,,,,,,,,,,,,,,,,,0,0,1.012,0,Yes,No,Yes,No,Yes,No,Yes,Yes,Yes,,,,,,,,,,,,,,,,,,,,,,,,,,,,,,Look at a picture for one second,Did I notice the person's age,Blue,5,,30,Male
P0591,293,TRUE,anonymous,EN,I consent.,0,0,1.111,0,No,Yes,Yes,Yes,Yes,Yes,Yes,No,No,0,0,1.008,0,Yes,Yes,Yes,Yes,Yes,Yes,Yes,Yes,Yes,,,,,,,,,,,,,,,,,0,0,1.007,0,Yes,Yes,Yes,No,No,No,Yes,No,Yes,,,,,,,,,,,,,,,,,,,,,,,,,,,,,,,,,,,,,,,,,,,,,,,,,,,,,,,,,,,,,,,,,,,,,,,,,,,,,,,,,,,,,,,,,,,,,,,,,,,,,,,,,,,,,,,,,,,,,Look at an image for 1 second and answer questions after about it,Do you remember the height of the person?,Blue,5,,26,Male
P0592,264,TRUE,anonymous,EN,I consent.,0,0,1.009,0,Yes,Yes,Yes,Yes,Yes,No,Yes,Yes,No,0,0,1.006,0,Yes,Yes,Yes,Yes,Yes,No,Yes,Yes,No,,,,,,,,,,,,,,,,,,,,,,,,,,,,,,,,,,,,,,,,,,,,,,,,,,,,,,,,,,,0,0,1.108,0,,,,,,,,,,,,,,,,,Yes,Yes,No,No,Yes,Yes,No,Yes,Yes,,,,,,,,,,,,,,,,,,,,,,,,,,,,,,,,,,,,,,,,,,,,,,,,,,,,,,,,,,,view an image for 1 second then answer yes or no questions relating to what you noticed in the image,did you notice the size of the animal,blue,5,,25,Female
P0593,202,TRUE,anonymous,EN,I consent.,0,0,1.009,0,Yes,Yes,Yes,Yes,Yes,Yes,Yes,Yes,Yes,0,0,1.015,0,Yes,Yes,Yes,Yes,Yes,Yes,Yes,Yes,Yes,,,,,,,,,,,,,,,,,,,,,,,,,,,,,,,,,,,,,,,,,,,,,,0,0,1.017,0,No,No,No,Yes,Yes,Yes,Yes,Yes,Yes,,,,,,,,,,,,,,,,,,,,,,,,,,,,,,,,,,,,,,,,,,,,,,,,,,,,,,,,,,,,,,,,,,,,,,,,,,,,,,,,,,,,,,,,viewing images and answering if I saw details in the image,did I notice the size of the fruit,blue,5,,32,Female
P0594,125,TRUE,anonymous,EN,I consent.,0,0,1.014,0,Yes,Yes,Yes,Yes,Yes,Yes,Yes,Yes,No,0,0,1.113,0,Yes,Yes,Yes,Yes,No,Yes,Yes,Yes,Yes,,,,,,,,,,,,,,,,,,,,,,,,,,,,,,,,,,,,,,,,,,,,,,,,,,,,,,,,,,,,,,,,,,,,,,,,,,,,,,,,,,,,,,,,,,,,0,0,1.015,0,,,,,,,,,,,,,Yes,Yes,No,Yes,Yes,Yes,Yes,Yes,Yes,,,,,,,,,,,,,,,,,,,,,,,,,,,,,,to answer yes/no questions about an image shown for 1 second,Did you notice the approximate age of the person in the picture?,blue,5,no issues,37,Male
P0595,274,TRUE,anonymous,EN,I consent.,0,0,1.009,0,Yes,Yes,Yes,Yes,Yes,Yes,Yes,Yes,Yes,0,0,1.108,0,Yes,Yes,Yes,Yes,Yes,No,Yes,Yes,Yes,,,,,,,,,,,,,,,,,,,,,,,,,,,,,,,,,,,,,,,,,,,,,,,,,,,,,,,,,,,,,,,,,,,,,,,,,,,,,,,,,,,,,,,,,,,,,,,,0,0,1.008,0,,,,,,,,,Yes,Yes,No,No,Yes,Yes,Yes,Yes,Yes,,,,,,,,,,,,,,,,,,,,,,,,,,,,,,A picture was shown for one second. My task was to notice the details in the picture and then answer questions about them afterward.,Did you notice which hand the person lit the candle with?,blue,5,,72,Female
P0596,180,TRUE,anonymous,EN,I consent.,0,0,1.006,0,Yes,Yes,Yes,Yes,Yes,Yes,Yes,Yes,Yes,0,0,1.11,0,Yes,Yes,Yes,Yes,Yes,Yes,Yes,Yes,Yes,,,,,,,,,,,,,,,,,,,,,,,,,,,,,,,,,,,,,,,,,,0,0,1.007,0,,,,,Yes,Yes,Yes,Yes,Yes,Yes,Yes,Yes,Yes,,,,,,,,,,,,,,,,,,,,,,,,,,,,,,,,,,,,,,,,,,,,,,,,,,,,,,,,,,,,,,,,,,,,,,,,,,,,,,,,,,,,,,,,Observing and analyzing pictures for 1 second.,Was the object stable.,Blue,5,,50,Male
P0597,192,TRUE,anonymous,EN,I consent.,0,0,1.109,0,Yes,Yes,Yes,Yes,Yes,Yes,Yes,Yes,Yes,0,0,1.112,0,Yes,Yes,Yes,Yes,Yes,No,Yes,Yes,Yes,,,,,,,,,,,,,,,,,,,,,,,,,,,,,,,,,,,,,,,,,,,,,,,,,,,,,,,,,,,,,,,,,,,,,,,,,,,,,,,,,,,,,,,,0,0,1.013,0,,,,,,,,,,,,,,,,,Yes,Yes,No,No,Yes,Yes,Yes,Yes,Yes,,,,,,,,,,,,,,,,,,,,,,,,,,,,,,"Observe an image for 1 second, and report whether you noticed certain details about it",Did you notice the size of the candle?,blue,5,This was interesting! I hope there is a debrief with more details about what is being studied.,29,Female
P0598,320,TRUE,anonymous,EN,I consent.,0,0,1.014,0,No,Yes,Yes,Yes,Yes,Yes,Yes,Yes,Yes,0,0,1.012,0,No,Yes,Yes,Yes,Yes,Yes,Yes,Yes,No,,,,,,,,,,,,,,,,,,,,,,,,,,,,,,,,,,0,0,1.008,0,,,,,,,,,,,,,No,Yes,Yes,Yes,Yes,Yes,Yes,Yes,No,,,,,,,,,,,,,,,,,,,,,,,,,,,,,,,,,,,,,,,,,,,,,,,,,,,,,,,,,,,,,,,,,,,,,,,,,,,,,,,,,,,,,,,,To see how much I can remember from a photo after looking at it for 1 second.,Did I notice the fruit he was holding.,blue,5,no,53,Female
P0599,244,TRUE,anonymous,EN,I consent.,0,0,1.029,0,No,Yes,Yes,Yes,Yes,Yes,Yes,Yes,Yes,0,0,1.025,0,Yes,Yes,Yes,Yes,No,Yes,Yes,Yes,Yes,,,,,,,,,,,,,0,0,1.13,0,,,,,Yes,Yes,Yes,Yes,Yes,Yes,No,Yes,Yes,,,,,,,,,,,,,,,,,,,,,,,,,,,,,,,,,,,,,,,,,,,,,,,,,,,,,,,,,,,,,,,,,,,,,,,,,,,,,,,,,,,,,,,,,,,,,,,,,,,,,,,,,,,,,,,,,,,,,To view a picture for one second and then answer questions on what I remembered about it. ,What was the size of the ball? ,blue,5,,52,Female
P0600,166,TRUE,anonymous,EN,I consent.,0,0,1.106,0,No,Yes,Yes,Yes,Yes,Yes,Yes,No,Yes,0,0,1.113,0,Yes,Yes,Yes,Yes,Yes,Yes,Yes,Yes,Yes,,,,,,,,,,,,,,,,,,,,,,,,,,,,,,,,,,,,,,,,,,,,,,,,,,,,,,,,,,,,,,,,,,,,,,,,,,,0,0,1.113,0,Yes,Yes,No,Yes,Yes,Yes,Yes,Yes,No,,,,,,,,,,,,,,,,,,,,,,,,,,,,,,,,,,,,,,,,,,,,,,,,,,,,,,,,,,,Look at a picture for 1 second and answer questions to what i remembered from it,did you notice what the object was sitting on,blue,5,,32,Male
P0601,166,TRUE,anonymous,EN,I consent.,0,0,1.108,0,No,Yes,Yes,Yes,No,Yes,Yes,No,Yes,0,0,1.011,0,No,Yes,Yes,Yes,Yes,Yes,Yes,Yes,No,,,,,,,,,,,,,,,,,,,,,,,,,,,,,,,,,,,,,,,,,,,,,,0,0,1.75,0,Yes,Yes,No,Yes,Yes,No,No,No,No,,,,,,,,,,,,,,,,,,,,,,,,,,,,,,,,,,,,,,,,,,,,,,,,,,,,,,,,,,,,,,,,,,,,,,,,,,,,,,,,,,,,,,,,recall and answer questions after looking an image for 1 second,did you notice the shape of the object,blu,5,,36,Male
P0602,194,TRUE,anonymous,EN,I consent.,0,0,1.109,0,No,Yes,Yes,Yes,Yes,Yes,Yes,Yes,Yes,0,0,1.006,0,Yes,Yes,Yes,Yes,Yes,No,Yes,Yes,No,,,,,,,,,,,,,,,,,,,,,,,,,,,,,,,,,,,,,,,,,,,,,,,,,,,,,,,,,,,,,,,,,,,0,0,1.107,0,,,,,,,,,Yes,Yes,No,No,Yes,Yes,Yes,Yes,Yes,,,,,,,,,,,,,,,,,,,,,,,,,,,,,,,,,,,,,,,,,,,,,,,,,,,,,,,,,,,An object appeared for one second.  I was asked several yes/no questions regarding what I noticed about the object.,Did you notice the treat being offered to the animal?,blue,5,,61,Female
P0603,288,TRUE,anonymous,EN,I consent.,0,0,1.006,0,No,Yes,No,Yes,Yes,Yes,Yes,Yes,No,0,0,1.005,0,No,Yes,Yes,Yes,No,Yes,Yes,No,Yes,,,,,,,,,,,,,,,,,,,,,,,,,,,,,,,,,,,,,,,,,,,,,,,,,,,,,,,,,,,,,,,,,,,,,,,,,,,,,,,,,,,,,,,,,,,,,,,,,,,,,,,,,,,,,,,,,,,,,,,,,,,,,,,,,0,0,1.005,0,,,,,No,No,Yes,Yes,Yes,Yes,No,No,Yes,View an image for one second and report whether specific details were noticed,Did you notice the size of the bench,Blue,5,,28,Male
P0604,205,TRUE,anonymous,EN,I consent.,0,0,1.009,0,No,Yes,Yes,Yes,Yes,Yes,Yes,Yes,No,0,0,1.109,0,Yes,Yes,Yes,Yes,Yes,Yes,Yes,Yes,Yes,,,,,0,0,1.009,0,,,,,,,,,,,,,Yes,Yes,Yes,Yes,No,No,No,Yes,Yes,,,,,,,,,,,,,,,,,,,,,,,,,,,,,,,,,,,,,,,,,,,,,,,,,,,,,,,,,,,,,,,,,,,,,,,,,,,,,,,,,,,,,,,,,,,,,,,,,,,,,,,,,,,,,,,,,,,,,I looked at an image for one second and then was asked a series of questions about what I noticed in the image.,Did you notice the size of the table?,Blue,5,,28,Male
P0605,167,TRUE,anonymous,EN,I consent.,0,0,1.115,0,Yes,Yes,Yes,Yes,Yes,Yes,Yes,Yes,Yes,0,0,1.014,0,Yes,Yes,Yes,Yes,Yes,Yes,Yes,Yes,Yes,,,,,,,,,,,,,,,,,,,,,,,,,,,,,,,,,,,,,,,,,,,,,,,,,,,,,,,,,,,,,,,,,,,,,,,,,,,,,,,,,,,,,,,,,,,,,,,,,,,,,,,,,,,,,,,,,,,,,,,,,,,,,,,,,0,0,1.014,0,,,,,Yes,Yes,Yes,Yes,Yes,Yes,Yes,Yes,Yes,Look at an image for 1 second and indicate whether you noticed certain features of the image,Did you notice whether the person was wearing socks?,blue,5,,34,Male
P0606,198,TRUE,anonymous,EN,I consent.,0,0,1.121,0,No,Yes,Yes,Yes,Yes,Yes,Yes,Yes,Yes,0,0,1.008,0,Yes,Yes,Yes,Yes,Yes,No,Yes,Yes,No,,,,,,,,,0,0,1.115,0,,,,,,,,,Yes,Yes,Yes,No,Yes,No,Yes,Yes,Yes,,,,,,,,,,,,,,,,,,,,,,,,,,,,,,,,,,,,,,,,,,,,,,,,,,,,,,,,,,,,,,,,,,,,,,,,,,,,,,,,,,,,,,,,,,,,,,,,,,,,,,,,,,,,,,,,,,,,,Answer questions about the content of a picture I have seen for 1 second.,Did you notice the shape of the table?,blue,5,,64,Male
P0607,354,TRUE,anonymous,EN,I consent.,0,0,1.112,0,No,Yes,Yes,Yes,Yes,Yes,Yes,Yes,Yes,0,0,1.008,0,Yes,Yes,Yes,Yes,Yes,No,Yes,Yes,Yes,,,,,,,,,,,,,,,,,,,,,,,,,,,,,,,,,,,,,,,,,,,,,,,,,,,,,,,,,,,,,,,,,,,,,,,,,,,,,,,,,,,,,,,,,,,,,,,,,,,,,,,,,,,,,,,,,,,,,,,,,,,,,0,0,1.116,0,,,,,,,,,Yes,No,No,Yes,No,No,Yes,Yes,Yes,To notice if certain aspects of each picture was identified,Was the object moving or stable?,Blue,5,,52,Female
P0608,144,TRUE,anonymous,EN,I consent.,0.814,0.814,1.008,1,No,Yes,Yes,Yes,No,Yes,Yes,Yes,No,0,0,1.112,0,No,Yes,Yes,Yes,No,No,Yes,Yes,Yes,,,,,,,,,,,,,,,,,,,,,,,,,,,,,,,,,,,,,,,,,,,,,,,,,,,,,,,,,,,,,,,,,,,,,,,,,,,,,,,,,,,,,,,,,,,,,,,,,,,,0.782,0.782,1.107,1,,,,,Yes,Yes,No,No,Yes,No,Yes,Yes,Yes,,,,,,,,,,,,,,,,,,,,,,,,,,,,,,my task was to pay attention to the photos being shown,I was asked about the size of the candle,blue,5,,40,Male
P0609,369,TRUE,anonymous,EN,I consent.,0,0,1.005,0,No,Yes,Yes,Yes,Yes,Yes,Yes,Yes,No,0,0,1.005,0,Yes,Yes,Yes,Yes,No,No,Yes,Yes,Yes,,,,,,,,,,,,,,,,,,,,,,,,,,,,,,,,,,,,,,,,,,,,,,,,,,,,,,,,,,,,,,,,,,,,,,,,,,,,,,,,,,,,,,,,,,,,,,,,,,,,,,,,,,,,,,,,,,,,,,,,,,,,,0,0,1.005,0,,,,,,,,,No,No,Yes,Yes,No,No,No,No,No,To report if I noticed the details in the picture I saw.,Did you notice the color of the object?,blue,5,,39,Female
P0610,213,TRUE,anonymous,EN,I consent.,0,0,1.005,0,Yes,Yes,Yes,Yes,Yes,Yes,Yes,Yes,No,0,0,1.008,0,Yes,Yes,Yes,Yes,Yes,Yes,Yes,Yes,Yes,,,,,,,,,,,,,,,,,,,,,,,,,,,,,,,,,,,,,,,,,,,,,,,,,,,,,,,,,,,,,,,0,0,1.006,0,,,,,,,,,,,,,Yes,Yes,No,No,Yes,Yes,Yes,Yes,Yes,,,,,,,,,,,,,,,,,,,,,,,,,,,,,,,,,,,,,,,,,,,,,,,,,,,,,,,,,,,Describing the details you recall of the photo that you were shown for 1 second.,Do you recall what animal was in the cage,blue,5,,37,Male
P0612,265,TRUE,anonymous,EN,I consent.,0,0,1.119,0,No,Yes,Yes,Yes,Yes,Yes,Yes,Yes,Yes,0.486,0.486,1.118,1,No,Yes,Yes,Yes,Yes,No,Yes,Yes,No,,,,,,,,,,,,,0,0,1.019,0,,,,,Yes,Yes,Yes,Yes,Yes,Yes,No,Yes,Yes,,,,,,,,,,,,,,,,,,,,,,,,,,,,,,,,,,,,,,,,,,,,,,,,,,,,,,,,,,,,,,,,,,,,,,,,,,,,,,,,,,,,,,,,,,,,,,,,,,,,,,,,,,,,,,,,,,,,,To look at an image for 1 second and answer questions about what I saw in the image.,Did I notice the color and pattern of the object?,blue,5,,60,Female
P0613,169,TRUE,anonymous,EN,I consent.,0,0,1.006,0,Yes,Yes,Yes,Yes,Yes,Yes,Yes,Yes,Yes,0,0,1.015,0,Yes,Yes,Yes,Yes,Yes,Yes,Yes,Yes,No,,,,,,,,,,,,,,,,,,,,,,,,,,,,,,,,,,,,,,0,0,1.112,0,,,,,,,,,Yes,Yes,Yes,Yes,No,Yes,Yes,Yes,Yes,,,,,,,,,,,,,,,,,,,,,,,,,,,,,,,,,,,,,,,,,,,,,,,,,,,,,,,,,,,,,,,,,,,,,,,,,,,,,,,,,,,,,,,,Looking at a photo for a second and seeing if I noticed certain details.,Did I notice which hand was holding the object,blue,5,,26,Female
P0614,432,TRUE,anonymous,EN,I consent.,0.834,0.834,1.108,1,Yes,Yes,Yes,Yes,Yes,No,Yes,Yes,Yes,0.984,0.984,1.006,1,Yes,Yes,Yes,Yes,Yes,Yes,Yes,Yes,Yes,,,,,,,,,,,,,,,,,,,,,,,,,,,,,,,,,,0.921,0.921,1.106,1,,,,,,,,,,,,,Yes,Yes,Yes,Yes,Yes,Yes,Yes,Yes,Yes,,,,,,,,,,,,,,,,,,,,,,,,,,,,,,,,,,,,,,,,,,,,,,,,,,,,,,,,,,,,,,,,,,,,,,,,,,,,,,,,,,,,,,,,1 second to notice things in an image,did you notice if there was a person or not,blue,5,,40,Male
P0615,161,TRUE,anonymous,EN,I consent.,0,0,1.11,0,No,Yes,Yes,Yes,Yes,Yes,Yes,Yes,Yes,0,0,1.114,0,Yes,Yes,Yes,Yes,Yes,Yes,Yes,Yes,No,0,0,1.008,0,,,,,,,,,,,,,,,,,Yes,Yes,Yes,Yes,Yes,Yes,Yes,Yes,Yes,,,,,,,,,,,,,,,,,,,,,,,,,,,,,,,,,,,,,,,,,,,,,,,,,,,,,,,,,,,,,,,,,,,,,,,,,,,,,,,,,,,,,,,,,,,,,,,,,,,,,,,,,,,,,,,,,,,,,Look at a picture for 1 second and asked if I remembered certain things,Did I notice the hair color of someone in one of the pictures,blue,5,,28,Female
P0616,146,TRUE,anonymous,EN,I consent.,0,0,1.118,0,No,Yes,Yes,Yes,Yes,No,Yes,Yes,Yes,0,0,1.007,0,No,Yes,No,Yes,Yes,Yes,Yes,Yes,No,,,,,,,,,,,,,,,,,,,,,,,,,,,,,,,,,,,,,,,,,,,,,,,,,,,,,,,,,,,,,,,,,,,,,,,,,,,,,,,,,,,,,,,,,,,,,,,,0,0,1.005,0,,,,,,,,,Yes,No,No,No,Yes,Yes,Yes,Yes,Yes,,,,,,,,,,,,,,,,,,,,,,,,,,,,,,"look at image for 1 second, recall details",did you recall size of candle,blue,5,,40,Male
P0617,223,TRUE,anonymous,EN,I consent.,0,0,1.012,0,Yes,Yes,Yes,Yes,Yes,Yes,Yes,Yes,No,0,0,1.013,0,Yes,Yes,Yes,Yes,Yes,Yes,Yes,Yes,No,,,,,,,,,,,,,,,,,,,,,,,,,,,,,,,,,,,,,,,,,,,,,,,,,,,,,,,,,,,,,,,,,,,,,,,,,,,,,,,,,,,,,,,,,,,,,,,,,,,,,,,,,,,,,,,,,,,,,,,,,0,0,1.123,0,,,,,,,,,,,,,Yes,Yes,Yes,Yes,Yes,Yes,Yes,Yes,Yes,We were asked if we remembered what we saw in an image / the picture.,Do you remember what direction the light source was coming from?,Blue,5,,31,Male
P0618,154,TRUE,anonymous,EN,I consent.,0,0,1.112,0,No,Yes,Yes,Yes,Yes,Yes,Yes,Yes,Yes,0,0,1.112,0,Yes,Yes,Yes,Yes,No,No,Yes,Yes,No,,,,,,,,,,,,,,,,,,,,,,,,,,,,,,,,,,,,,,,,,,,,,,,,,,,,,,,,,,,,,,,,,,,,,,,,,,,,,,,,,,,,,,,,,,,,,,,,,,,,,,,,,,,,,,,,,,,,,,,,,,,,,,,,,,,,,0,0,1.107,0,No,Yes,Yes,Yes,Yes,Yes,Yes,No,Yes,View pictures and answer questions about details i may or may not have noticed.,Did you notice the color of the bench?,blue,5,,35,Non-binary / third gender
P0619,285,TRUE,anonymous,EN,I consent.,0,0,1.006,0,No,Yes,Yes,Yes,No,No,Yes,No,Yes,0,0,1.006,0,No,Yes,No,Yes,No,Yes,Yes,Yes,Yes,,,,,,,,,,,,,,,,,,,,,,,,,,,,,,,,,,,,,,,,,,,,,,,,,,,,,,,,,,,0.031,0.031,1.006,1,,,,,,,,,,,,,,,,,Yes,Yes,No,No,No,Yes,Yes,Yes,Yes,,,,,,,,,,,,,,,,,,,,,,,,,,,,,,,,,,,,,,,,,,,,,,,,,,,,,,,,,,,I was to answer question about the pictures I viewed during a 1 second period,I was asked if I noticed the spacing between each mesh on the cage,Blue,5,none,37,Male
P0620,334,TRUE,anonymous,EN,I consent.,0,0,1.012,0,No,Yes,Yes,Yes,Yes,No,Yes,No,No,0,0,1.013,0,Yes,Yes,No,Yes,No,No,Yes,No,Yes,,,,,,,,,,,,,,,,,,,,,,,,,,,,,,,,,,,,,,,,,,,,,,,,,,,,,,,,,,,,,,,,,,,,,,,,,,,,,,,,,,,,,,,,,,,,,,,,,,,,,,,,,,,,,,,,,,,,,,,,,0,0,1.106,0,,,,,,,,,,,,,No,No,No,Yes,No,Yes,No,Yes,No,To view an image for 1 second and answer questions about whether or not I remembered details.,Did you notice if the person was wearing socks?,blue,5,,40,Female
P0621,207,TRUE,anonymous,EN,I consent.,0,0,1.126,0,Yes,Yes,Yes,Yes,Yes,Yes,Yes,Yes,Yes,0,0,1.019,0,Yes,Yes,Yes,Yes,No,No,Yes,Yes,Yes,,,,,,,,,,,,,,,,,,,,,,,,,,,,,,,,,,,,,,,,,,,,,,,,,,,,,,,,,,,,,,,,,,,,,,,0,0,1.026,0,,,,,Yes,Yes,No,No,No,Yes,Yes,No,Yes,,,,,,,,,,,,,,,,,,,,,,,,,,,,,,,,,,,,,,,,,,,,,,,,,,,,,,,,,,,I looked at an image for 1 second and then indicated whether or not I had noticed certain details.,I was asked about the physique of the person in the image.,blue,5,,38,Female
P0622,261,TRUE,anonymous,EN,I consent.,0,0,1.111,0,No,Yes,Yes,Yes,Yes,Yes,Yes,No,Yes,0,0,1.007,0,Yes,No,Yes,Yes,Yes,Yes,Yes,Yes,No,,,,,,,,,,,,,,,,,,,,,,,,,,,,,,,,,,,,,,0,0,1.112,0,,,,,,,,,Yes,Yes,No,Yes,No,Yes,No,No,No,,,,,,,,,,,,,,,,,,,,,,,,,,,,,,,,,,,,,,,,,,,,,,,,,,,,,,,,,,,,,,,,,,,,,,,,,,,,,,,,,,,,,,,,To look at the picture and describe things you notice or not,Did you notice the object was indoors or outdoors,blue,5,no comments,56,Female
P0623,139,TRUE,anonymous,EN,I consent.,0,0,1.114,0,Yes,Yes,Yes,Yes,Yes,Yes,Yes,Yes,Yes,0,0,1.108,0,Yes,Yes,Yes,Yes,Yes,No,Yes,Yes,Yes,,,,,,,,,,,,,0,0,1.111,0,,,,,Yes,Yes,Yes,Yes,Yes,Yes,No,Yes,Yes,,,,,,,,,,,,,,,,,,,,,,,,,,,,,,,,,,,,,,,,,,,,,,,,,,,,,,,,,,,,,,,,,,,,,,,,,,,,,,,,,,,,,,,,,,,,,,,,,,,,,,,,,,,,,,,,,,,,,Indicate whether I noticed something in a picture shown for one second,Did you notice the height of the person?,Blue,5,,24,Female
P0624,625,TRUE,anonymous,EN,I consent.,0,0,1.11,0,No,Yes,Yes,Yes,Yes,No,Yes,Yes,Yes,0,0,1.006,0,Yes,Yes,Yes,Yes,No,Yes,Yes,Yes,Yes,,,,,,,,,,,,,,,,,,,,,,,,,,,,,,0,0,1.007,0,,,,,,,,,,,,,,,,,Yes,Yes,Yes,Yes,Yes,No,Yes,Yes,Yes,,,,,,,,,,,,,,,,,,,,,,,,,,,,,,,,,,,,,,,,,,,,,,,,,,,,,,,,,,,,,,,,,,,,,,,,,,,,,,,,,,,,,,,,I was tasked with viewing a image for a brief second and answering questions about specific details regarding the photo.,I was asked if I noticed the physical build of the person in the photo.,Blue,5,No issues at all. Thanks!,32,Male
P0625,154,TRUE,anonymous,EN,I consent.,0,0,1.009,0,No,Yes,Yes,Yes,Yes,Yes,Yes,No,Yes,0,0,1.008,0,No,Yes,Yes,Yes,Yes,Yes,Yes,Yes,Yes,,,,,,,,,,,,,,,,,,,,,,,,,,,,,,0,0,1.011,0,,,,,,,,,,,,,,,,,No,No,Yes,Yes,Yes,Yes,Yes,Yes,Yes,,,,,,,,,,,,,,,,,,,,,,,,,,,,,,,,,,,,,,,,,,,,,,,,,,,,,,,,,,,,,,,,,,,,,,,,,,,,,,,,,,,,,,,,To answer questions about what we saw in the one second we looked at the image,Did you see if there was a person,Blue ,5,,24,Female
P0626,846,TRUE,anonymous,EN,I consent.,0,0,1.017,0,Yes,Yes,Yes,No,Yes,No,Yes,Yes,No,0,0,1.012,0,Yes,Yes,No,Yes,Yes,Yes,Yes,Yes,No,,,,,,,,,,,,,,,,,,,,,,,,,,,,,,,,,,,,,,,,,,,,,,,,,,,,,,,,,,,,,,,,,,,,,,,,,,,,,,,,,,,,,,,,,,,,,,,,,,,,,,,,,,,,,,,,,,,,,,,,,,,,,,,,,,,,,0,0,1.113,0,No,Yes,Yes,Yes,Yes,No,Yes,Yes,Yes,my task was to notice details ina picture then anser yes or no questions about whther ot not i noticed them,"""Did you notice if the person was wearing socks?""",blue,5,,22,Female
P0627,336,TRUE,anonymous,EN,I consent.,0,0,1.039,0,No,Yes,Yes,Yes,No,No,Yes,Yes,No,0,0,1.014,0,No,No,No,No,No,Yes,Yes,No,No,,,,,,,,,,,,,,,,,,,,,,,,,,,,,,,,,,,,,,,,,,,,,,,,,,,,,,,,,,,,,,,,,,,,,,,,,,,,,,,,,,,,,,,,,,,,,,,,,,,,,,,,,,,,,,,,,,,,,,,,,,,,,,,,,,,,,0,0,1.115,0,No,No,Yes,Yes,No,No,No,Yes,No,I was to view a picture and see if I remembered the details,Did you notice the color of the bench?,Blue,5,"Very interesting, thank you",73,Female
P0628,179,TRUE,anonymous,EN,I consent.,0.861,0.861,1.007,1,Yes,Yes,Yes,Yes,Yes,Yes,Yes,Yes,Yes,0,0,1.007,0,Yes,Yes,Yes,Yes,Yes,Yes,Yes,Yes,Yes,,,,,,,,,,,,,,,,,,,,,,,,,,,,,,0,0,1.01,0,,,,,,,,,,,,,,,,,Yes,Yes,No,Yes,Yes,Yes,Yes,Yes,Yes,,,,,,,,,,,,,,,,,,,,,,,,,,,,,,,,,,,,,,,,,,,,,,,,,,,,,,,,,,,,,,,,,,,,,,,,,,,,,,,,,,,,,,,,answer questions about a picture you see for a minute,what color was the object,blue,5,,46,Female
P0629,271,TRUE,anonymous,EN,I consent.,0,0,1.112,0,No,Yes,Yes,Yes,Yes,Yes,Yes,Yes,Yes,0,0,1.01,0,Yes,Yes,Yes,Yes,No,Yes,Yes,Yes,Yes,0,0,1.016,0,,,,,,,,,,,,,,,,,No,Yes,No,Yes,No,No,Yes,No,Yes,,,,,,,,,,,,,,,,,,,,,,,,,,,,,,,,,,,,,,,,,,,,,,,,,,,,,,,,,,,,,,,,,,,,,,,,,,,,,,,,,,,,,,,,,,,,,,,,,,,,,,,,,,,,,,,,,,,,,look at an image for 1 second and answer questions about what i noticed in the image,did you notice the color of the table,blue,5,,44,Female
P0630,1009,TRUE,anonymous,EN,I consent.,0,0,1.116,0,Yes,Yes,Yes,Yes,Yes,Yes,Yes,Yes,No,0,0,1.118,0,Yes,Yes,No,Yes,Yes,No,Yes,Yes,Yes,,,,,,,,,,,,,,,,,,,,,,,,,,,,,,,,,,,,,,,,,,,,,,,,,,,,,,,,,,,,,,,0,0,1.12,0,,,,,,,,,,,,,Yes,Yes,No,Yes,Yes,Yes,Yes,Yes,Yes,,,,,,,,,,,,,,,,,,,,,,,,,,,,,,,,,,,,,,,,,,,,,,,,,,,,,,,,,,,Viewing a picture for approximately one second and answering yes/no questions about said picture.,Did you notice the apparent age of the person,Blue,5,,31,Female
P0631,146,TRUE,anonymous,EN,I consent.,0,0,1.009,0,No,Yes,Yes,Yes,Yes,Yes,Yes,Yes,Yes,0,0,1.007,0,No,Yes,No,Yes,No,Yes,Yes,Yes,No,,,,,0,0,1.009,0,,,,,,,,,,,,,Yes,Yes,No,Yes,No,Yes,No,Yes,Yes,,,,,,,,,,,,,,,,,,,,,,,,,,,,,,,,,,,,,,,,,,,,,,,,,,,,,,,,,,,,,,,,,,,,,,,,,,,,,,,,,,,,,,,,,,,,,,,,,,,,,,,,,,,,,,,,,,,,,Indicating whether or not I noticed certain things in images shown for 1 second.,Did you notice the color of the object,blue,5,,33,Female
P0632,183,TRUE,anonymous,EN,I consent.,0,0,1.009,0,Yes,Yes,Yes,Yes,Yes,Yes,Yes,No,Yes,0,0,1.008,0,Yes,Yes,Yes,Yes,Yes,No,Yes,Yes,No,,,,,,,,,,,,,,,,,,,,,,,,,,,,,,,,,,,,,,,,,,,,,,,,,,,,,,,,,,,,,,,,,,,,,,,,,,,,,,,,,,,,,,,,0,0,1.008,0,,,,,,,,,,,,,,,,,Yes,Yes,No,No,Yes,No,Yes,Yes,Yes,,,,,,,,,,,,,,,,,,,,,,,,,,,,,,View a picture for one second and then see how many details you saw,Do you remember if there was a person or not?,Blue,5,,23,Female
P0633,197,TRUE,anonymous,EN,I consent.,0,0,1.023,0,No,Yes,Yes,Yes,Yes,Yes,Yes,Yes,Yes,0,0,1.027,0,Yes,Yes,Yes,Yes,No,Yes,Yes,Yes,Yes,,,,,,,,,,,,,,,,,,,,,,,,,,,,,,,,,,,,,,,,,,,,,,,,,,,,,,,,,,,,,,,,,,,,,,,,,,,,,,,,,,,,,,,,,,,,,,,,,,,,,,,,0,0,1.021,0,Yes,Yes,Yes,No,Yes,Yes,Yes,Yes,Yes,,,,,,,,,,,,,,,,,,,,,,,,,,,,,,I was shown an image for 1 second. I had to answer whether or not I noticed certain details of the image.,Did I notice which hand the person was lighting the candle with?,Blue,5,,41,Female
P0634,387,TRUE,anonymous,EN,I consent.,0,0,1.106,0,No,No,No,No,No,No,No,No,No,0,0,1.11,0,Yes,Yes,No,Yes,Yes,No,Yes,Yes,Yes,,,,,,,,,,,,,,,,,,,,,,,,,,,,,,,,,,,,,,,,,,,,,,,,,,,,,,,,,,,,,,,,,,,,,,,,,,,,,,,,,,,,,,,,,,,,,,,,,,,,,,,,,,,,,,,,,,,,,,,,,,,,,0,0,1.008,0,,,,,,,,,Yes,Yes,No,Yes,Yes,No,Yes,Yes,Yes,Seeing if I noticed anything from pictures.,Did you notice if the person was sitting/standing.,blue,5,,19,Female
P0635,267,TRUE,anonymous,EN,I consent.,0,0,1.106,0,Yes,No,Yes,Yes,Yes,Yes,Yes,No,Yes,0,0,1.109,0,Yes,Yes,No,Yes,No,No,Yes,Yes,No,,,,,,,,,,,,,,,,,,,,,,,,,,,,,,,,,,,,,,,,,,0,0,1.112,0,,,,,Yes,Yes,No,No,No,Yes,Yes,Yes,Yes,,,,,,,,,,,,,,,,,,,,,,,,,,,,,,,,,,,,,,,,,,,,,,,,,,,,,,,,,,,,,,,,,,,,,,,,,,,,,,,,,,,,,,,,I think it is to see how much we can describe people in just a second glance.,Did I notice the size of her bag,blue,5,,32,Female
P0636,253,TRUE,anonymous,EN,I consent.,0,0,1.008,0,No,Yes,Yes,Yes,Yes,Yes,Yes,Yes,No,0,0,1.011,0,Yes,Yes,Yes,Yes,Yes,No,Yes,Yes,No,,,,,,,,,,,,,,,,,,,,,,,,,,,,,,,,,,0,0,1.007,0,,,,,,,,,,,,,Yes,Yes,Yes,Yes,Yes,Yes,Yes,Yes,Yes,,,,,,,,,,,,,,,,,,,,,,,,,,,,,,,,,,,,,,,,,,,,,,,,,,,,,,,,,,,,,,,,,,,,,,,,,,,,,,,,,,,,,,,,I was shown an image for 1 second. Then I answered questions about the things I did or didn't notice in the image.,Did I notice the age of the person in the image. ,Blue.,5,,28,Female
P0637,238,TRUE,anonymous,EN,I consent.,0,0,1.11,0,No,Yes,Yes,Yes,Yes,Yes,Yes,Yes,No,0,0,1.114,0,No,Yes,Yes,Yes,Yes,Yes,Yes,Yes,Yes,,,,,,,,,,,,,,,,,,,,,,,,,,,,,,,,,,,,,,,,,,,,,,,,,,,,,,,,,,,,,,,,,,,,,,,,,,,,,,,,,,,,,,,,,,,,0,0,1.108,0,,,,,,,,,,,,,Yes,No,No,No,Yes,Yes,Yes,Yes,Yes,,,,,,,,,,,,,,,,,,,,,,,,,,,,,,Look at a picture for 1 second then answer yes/no questions about what I noticed in the photo,Did you notice the material the object was made of?,Blue,5,,26,Male
P0638,231,TRUE,anonymous,EN,I consent.,0,0,1.023,0,No,Yes,Yes,Yes,Yes,Yes,Yes,Yes,No,0,0,1.124,0,Yes,Yes,Yes,Yes,Yes,Yes,Yes,Yes,No,,,,,,,,,,,,,,,,,,,,,,,,,,,,,,,,,,,,,,,,,,,,,,,,,,,,,,,,,,,,,,,,,,,0,0,1.122,0,,,,,,,,,Yes,Yes,No,No,No,Yes,Yes,Yes,Yes,,,,,,,,,,,,,,,,,,,,,,,,,,,,,,,,,,,,,,,,,,,,,,,,,,,,,,,,,,,Look at a picture and indicate what you noticed.,Did you notice which hand they were offering?,Blue,5,,44,Male
P0639,144,TRUE,anonymous,EN,I consent.,0,0,1.016,0,No,Yes,Yes,Yes,Yes,Yes,Yes,Yes,Yes,0,0,1.12,0,Yes,Yes,No,Yes,Yes,Yes,Yes,Yes,Yes,,,,,,,,,,,,,,,,,,,,,,,,,,,,,,,,,,,,,,,,,,,,,,,,,,,,,,,,,,,,,,,,,,,,,,,,,,,,,,,,,,,,,,,,,,,,,,,,,,,,0,0,1.007,0,,,,,Yes,Yes,Yes,Yes,No,Yes,Yes,Yes,Yes,,,,,,,,,,,,,,,,,,,,,,,,,,,,,,I had to describe images that appeared only 1 second,did you see a person in the picture,blue,5,,54,Female
P0640,287,TRUE,anonymous,EN,I consent.,0,0,1.014,0,No,Yes,Yes,Yes,Yes,Yes,Yes,Yes,No,0,0,1.009,0,No,Yes,Yes,Yes,No,No,Yes,No,Yes,,,,,,,,,,,,,,,,,,,,,,,,,,,,,,,,,,,,,,,,,,,,,,,,,,,,,,,,,,,,,,,,,,,,,,,0,0,1.933,0,,,,,Yes,Yes,Yes,No,Yes,Yes,Yes,Yes,No,,,,,,,,,,,,,,,,,,,,,,,,,,,,,,,,,,,,,,,,,,,,,,,,,,,,,,,,,,,look at a picture for 1 second and try to remember everything you can about it.,Did you notice the color of the object,blue,5,none,58,Female
P0641,166,TRUE,anonymous,EN,I consent.,0,0,1.013,0,Yes,Yes,Yes,Yes,No,No,Yes,Yes,No,0,0,1.115,0,Yes,Yes,Yes,Yes,Yes,Yes,Yes,Yes,No,,,,,,,,,,,,,,,,,,,,,,,,,,,,,,,,,,,,,,,,,,,,,,,,,,,,,,,,,,,,,,,,,,,,,,,,,,,,,,,,,,,,,,,,,,,,,,,,,,,,,,,,,,,,,,,,,,,,,,,,,0,0,1.112,0,,,,,,,,,,,,,Yes,Yes,Yes,Yes,Yes,Yes,Yes,Yes,Yes,Recall what you saw from the image shown in one second.,Did you notice the color and size of the object?,blue,5,,21,Male
P0642,113,TRUE,anonymous,EN,I consent.,0,0,1.107,0,No,Yes,Yes,Yes,Yes,Yes,Yes,Yes,No,0,0,1.007,0,Yes,Yes,Yes,Yes,Yes,Yes,Yes,Yes,No,,,,,,,,,,,,,,,,,,,,,,,,,,,,,,,,,,,,,,,,,,,,,,,,,,,,,,,,,,,,,,,,,,,,,,,,,,,,,,,,,,,,,,,,,,,,0,0,1.114,0,,,,,,,,,,,,,Yes,Yes,No,No,Yes,Yes,Yes,Yes,Yes,,,,,,,,,,,,,,,,,,,,,,,,,,,,,,recalling image details,how color is the candle?,blue,5,,38,Male
P0643,300,TRUE,anonymous,EN,I consent.,0,0,1.014,0,No,Yes,Yes,Yes,Yes,No,Yes,Yes,Yes,0,0,1.02,0,Yes,Yes,Yes,Yes,Yes,No,Yes,Yes,No,,,,,,,,,,,,,,,,,,,,,,,,,,,,,,,,,,,,,,,,,,,,,,,,,,,,,,,,,,,,,,,,,,,,,,,,,,,0,0,1.115,0,Yes,Yes,No,Yes,Yes,Yes,Yes,Yes,Yes,,,,,,,,,,,,,,,,,,,,,,,,,,,,,,,,,,,,,,,,,,,,,,,,,,,,,,,,,,,we got to see an image for 1 second then had to answer question about what we observed.,did you notice what hand the treat was offered with,Blue,5,,49,Female
P0644,266,TRUE,anonymous,EN,I consent.,0,0,1.111,0,Yes,Yes,Yes,Yes,Yes,Yes,Yes,Yes,No,0,0,1.109,0,Yes,Yes,Yes,Yes,Yes,Yes,Yes,No,No,,,,,,,,,,,,,,,,,0,0,1.012,0,Yes,Yes,Yes,No,No,No,Yes,Yes,Yes,,,,,,,,,,,,,,,,,,,,,,,,,,,,,,,,,,,,,,,,,,,,,,,,,,,,,,,,,,,,,,,,,,,,,,,,,,,,,,,,,,,,,,,,,,,,,,,,,,,,,,,,,,,,,,,,,,,,,To look at a image for 1 second and then try to remember what I was saw,Did I notice the table or not,blue,5,,25,Female
P0645,128,TRUE,anonymous,EN,I consent.,0,0,1.108,0,Yes,Yes,Yes,Yes,Yes,Yes,Yes,Yes,Yes,0,0,1.006,0,Yes,Yes,Yes,Yes,No,No,Yes,Yes,No,,,,,,,,,,,,,,,,,,,,,,,,,,,,,,,,,,,,,,,,,,,,,,,,,,,,,,,,,,,,,,,0,0,1.007,0,,,,,,,,,,,,,Yes,Yes,No,No,Yes,Yes,Yes,Yes,No,,,,,,,,,,,,,,,,,,,,,,,,,,,,,,,,,,,,,,,,,,,,,,,,,,,,,,,,,,,To describe details a photo shown for one second.,Did you see which hand was feeding the animal a treat?,Blue,5,,34,Male
P0646,187,TRUE,anonymous,EN,I consent.,0,0,1.008,0,Yes,Yes,Yes,Yes,Yes,Yes,Yes,Yes,Yes,0,0,1.007,0,Yes,Yes,Yes,Yes,Yes,Yes,Yes,Yes,Yes,,,,,,,,,,,,,,,,,,,,,,,,,,,,,,,,,,,,,,,,,,,,,,,,,,,,,,,,,,,0,0,1.107,0,,,,,,,,,,,,,,,,,Yes,Yes,Yes,Yes,Yes,Yes,Yes,Yes,Yes,,,,,,,,,,,,,,,,,,,,,,,,,,,,,,,,,,,,,,,,,,,,,,,,,,,,,,,,,,,I viewed an image for one second and then was asked whether or not I remember specific details about the image. ,Did you notice the size of the animal?,blue,5,,50,Female
P0647,148,TRUE,anonymous,EN,I consent.,0,0,1.024,0,No,Yes,Yes,Yes,Yes,Yes,Yes,Yes,Yes,0,0,1.02,0,Yes,Yes,Yes,Yes,No,Yes,Yes,Yes,Yes,,,,,,,,,,,,,,,,,,,,,,,,,,,,,,,,,,,,,,,,,,,,,,,,,,,,,,,,,,,,,,,,,,,,,,,,,,,,,,,,,,,,,,,,,,,,,,,,0,0,1.029,0,,,,,,,,,Yes,Yes,No,No,Yes,Yes,Yes,Yes,Yes,,,,,,,,,,,,,,,,,,,,,,,,,,,,,,To answer what I noticed about an iage I saw for one second ,Did you notice the build of the person lighting the candle,blue,5,,60,Male
P0648,200,TRUE,anonymous,EN,I consent.,0,0,1.116,0,No,Yes,Yes,Yes,Yes,No,Yes,Yes,No,0,0,1.009,0,Yes,Yes,No,Yes,No,No,Yes,Yes,No,,,,,,,,,0,0,1.015,0,,,,,,,,,Yes,Yes,No,Yes,No,No,No,Yes,Yes,,,,,,,,,,,,,,,,,,,,,,,,,,,,,,,,,,,,,,,,,,,,,,,,,,,,,,,,,,,,,,,,,,,,,,,,,,,,,,,,,,,,,,,,,,,,,,,,,,,,,,,,,,,,,,,,,,,,,Look at a picture for one second then answer some questions about details of the picture.,Did I notice the hair color of the person in the picture,blue,5,,72,Female
P0649,415,TRUE,anonymous,EN,I consent.,0,0,1.106,0,No,Yes,Yes,Yes,Yes,Yes,Yes,Yes,Yes,0,0,1.007,0,Yes,Yes,Yes,Yes,No,Yes,Yes,Yes,Yes,,,,,,,,,,,,,,,,,,,,,,,,,,,,,,,,,,,,,,,,,,,,,,,,,,,,,,,,,,,,,,,,,,,,,,,,,,,,,,,,,,,,,,,,,,,,,,,,,,,,,,,,,,,,,,,,,,,,,,,,,,,,,,,,,0,0,1.12,0,,,,,Yes,Yes,Yes,Yes,Yes,Yes,Yes,Yes,No,Noticing items in an image during a 1 second viewing,Did you notice the size of the bench?,Blue,5,,63,Female
P0650,247,TRUE,anonymous,EN,I consent.,0,0,1.009,0,No,Yes,Yes,Yes,Yes,Yes,Yes,Yes,No,0,0,1.006,0,No,Yes,Yes,Yes,Yes,No,Yes,Yes,Yes,,,,,,,,,,,,,,,,,,,,,,,,,,,,,,,,,,,,,,,,,,,,,,0,0,1.006,0,Yes,Yes,Yes,Yes,No,Yes,Yes,Yes,No,,,,,,,,,,,,,,,,,,,,,,,,,,,,,,,,,,,,,,,,,,,,,,,,,,,,,,,,,,,,,,,,,,,,,,,,,,,,,,,,,,,,,,,,look at a picture for one  second and answer questions about the details noticed.,was the object stationary,blue,5,none,55,Female
P0651,198,TRUE,anonymous,EN,I consent.,0,0,1.007,0,Yes,Yes,Yes,Yes,Yes,Yes,Yes,Yes,No,0,0,1.108,0,No,Yes,Yes,No,No,Yes,Yes,Yes,No,,,,,,,,,,,,,,,,,,,,,,,,,,,,,,,,,,,,,,,,,,,,,,0,0,1.007,0,Yes,Yes,Yes,No,No,No,Yes,Yes,Yes,,,,,,,,,,,,,,,,,,,,,,,,,,,,,,,,,,,,,,,,,,,,,,,,,,,,,,,,,,,,,,,,,,,,,,,,,,,,,,,,,,,,,,,,To answer yes/no questions regarding the details of a photo after seeing it for only one second.,Did you notice what hand (right/left) was holding the bag?,Blue,5,,20,Male
P0652,201,TRUE,anonymous,EN,I consent.,0,0,1.011,0,No,Yes,Yes,Yes,Yes,No,Yes,Yes,Yes,0,0,1.107,0,Yes,Yes,No,Yes,Yes,No,Yes,Yes,Yes,,,,,,,,,,,,,,,,,,,,,,,,,,,,,,0,0,1.007,0,,,,,,,,,,,,,,,,,Yes,Yes,Yes,No,No,Yes,Yes,Yes,Yes,,,,,,,,,,,,,,,,,,,,,,,,,,,,,,,,,,,,,,,,,,,,,,,,,,,,,,,,,,,,,,,,,,,,,,,,,,,,,,,,,,,,,,,,look at an image for 1 second then answer questions,did you notice the size of the object,blue,5,,60,Female
P0653,291,TRUE,anonymous,EN,I consent.,0,0,1.108,0,No,Yes,Yes,Yes,Yes,Yes,Yes,Yes,No,0,0,1.007,0,Yes,Yes,Yes,Yes,No,Yes,Yes,Yes,Yes,,,,,,,,,,,,,0.518,0.518,1.105,1,,,,,Yes,Yes,Yes,Yes,Yes,Yes,No,Yes,Yes,,,,,,,,,,,,,,,,,,,,,,,,,,,,,,,,,,,,,,,,,,,,,,,,,,,,,,,,,,,,,,,,,,,,,,,,,,,,,,,,,,,,,,,,,,,,,,,,,,,,,,,,,,,,,,,,,,,,,I was asked to look at a picture and then say what I remembered from it.,If I remember the color of the object.,blue,5,,46,Female
P0654,258,TRUE,anonymous,EN,I consent.,0,0,1.008,0,Yes,Yes,Yes,Yes,Yes,No,Yes,Yes,No,0,0,1.01,0,Yes,Yes,Yes,Yes,Yes,Yes,Yes,Yes,Yes,,,,,,,,,,,,,,,,,,,,,,,,,,,,,,,,,,,,,,,,,,,,,,,,,,,,,,,,,,,,,,,,,,,,,,,0,0,1.009,0,,,,,Yes,Yes,No,Yes,Yes,Yes,Yes,No,Yes,,,,,,,,,,,,,,,,,,,,,,,,,,,,,,,,,,,,,,,,,,,,,,,,,,,,,,,,,,,To notice details in a picture shown for only 1 second,Did you notice the age of the person?,blue,5,,56,Female
P0655,252,TRUE,anonymous,EN,I consent.,0,0,1.11,0,No,Yes,Yes,Yes,Yes,Yes,Yes,Yes,Yes,0,0,1.007,0,Yes,Yes,Yes,Yes,Yes,Yes,Yes,Yes,Yes,,,,,,,,,,,,,,,,,,,,,,,,,,,,,,,,,,,,,,,,,,,,,,,,,,,,,,,,,,,,,,,,,,,,,,,,,,,,,,,,,,,,,,,,,,,,,,,,,,,,,,,,,,,,,,,,,,,,,0,0,1.007,0,,,,,,,,,,,,,,,,,Yes,Yes,Yes,Yes,Yes,No,Yes,Yes,Yes,look at a picture for one second and answer questions about what you observed,did you notice the color of the object?,blue,5,no,77,Female
P0656,216,TRUE,anonymous,EN,I consent.,0,0,1.009,0,No,Yes,Yes,Yes,Yes,Yes,Yes,Yes,Yes,0,0,1.111,0,Yes,Yes,Yes,Yes,Yes,Yes,Yes,Yes,No,,,,,,,,,,,,,,,,,0,0,1.009,0,No,No,No,No,No,No,No,No,Yes,,,,,,,,,,,,,,,,,,,,,,,,,,,,,,,,,,,,,,,,,,,,,,,,,,,,,,,,,,,,,,,,,,,,,,,,,,,,,,,,,,,,,,,,,,,,,,,,,,,,,,,,,,,,,,,,,,,,,We had to view a picture for one second and then answer questions about it.,Did you notice the height of the person.,blue,5,,36,Female
P0657,158,TRUE,anonymous,EN,I consent.,0,0,1.008,0,Yes,Yes,Yes,Yes,Yes,No,Yes,Yes,Yes,0,0,1.008,0,Yes,Yes,Yes,Yes,Yes,No,Yes,Yes,Yes,,,,,,,,,,,,,,,,,,,,,,,,,,,,,,,,,,,,,,0,0,1.006,0,,,,,,,,,Yes,Yes,Yes,Yes,Yes,Yes,Yes,Yes,Yes,,,,,,,,,,,,,,,,,,,,,,,,,,,,,,,,,,,,,,,,,,,,,,,,,,,,,,,,,,,,,,,,,,,,,,,,,,,,,,,,,,,,,,,,I had to view an image for 1 second and recalled if I saw certain details.,Did I notice what hand the person was using.,Blue,5,,29,Male
P0658,169,TRUE,anonymous,EN,I consent.,0,0,1.008,0,Yes,Yes,Yes,Yes,Yes,Yes,Yes,Yes,No,0,0,1.107,0,Yes,Yes,Yes,Yes,No,No,Yes,Yes,No,,,,,,,,,,,,,,,,,,,,,,,,,,,,,,,,,,,,,,,,,,,,,,,,,,,,,,,,,,,0,0,1.006,0,,,,,,,,,,,,,,,,,Yes,Yes,No,No,No,Yes,Yes,Yes,Yes,,,,,,,,,,,,,,,,,,,,,,,,,,,,,,,,,,,,,,,,,,,,,,,,,,,,,,,,,,,To view a picture for 1 second then answer questions about what I noticed in that picture.,Did I notice the size of the animal?,Blue,5,,43,Female
P0659,209,TRUE,anonymous,EN,I consent.,0,0,1.106,0,No,Yes,Yes,Yes,Yes,No,Yes,Yes,No,0,0,1.11,0,No,Yes,No,Yes,No,Yes,Yes,Yes,Yes,,,,,,,,,,,,,,,,,,,,,,,,,,,,,,,,,,,,,,,,,,,,,,,,,,,,,,,,,,,,,,,,,,,,,,,,,,,,,,,,,,,,,,,,0,0,1.007,0,,,,,,,,,,,,,,,,,Yes,No,No,No,Yes,Yes,Yes,No,Yes,,,,,,,,,,,,,,,,,,,,,,,,,,,,,,look at a picture for 1 second and answere questions about whether or not I noticed details,Did you notice whether the object was indoors or outdoors?,Blue,5,,58,Male
P0660,214,TRUE,anonymous,EN,I consent.,0,0,1.006,0,Yes,Yes,Yes,Yes,Yes,No,Yes,Yes,Yes,0,0,1.112,0,Yes,Yes,Yes,Yes,Yes,Yes,Yes,Yes,No,,,,,,,,,0,0,1.11,0,,,,,,,,,Yes,Yes,Yes,Yes,Yes,Yes,Yes,Yes,Yes,,,,,,,,,,,,,,,,,,,,,,,,,,,,,,,,,,,,,,,,,,,,,,,,,,,,,,,,,,,,,,,,,,,,,,,,,,,,,,,,,,,,,,,,,,,,,,,,,,,,,,,,,,,,,,,,,,,,,I had to view an image for 1 second and try to remember the details.,Did you notice the trajectory of the ball?,Blue,5,,32,Male
P0661,290,TRUE,anonymous,EN,I consent.,0,0,1.012,0,No,Yes,Yes,Yes,No,Yes,Yes,Yes,No,0,0,1.015,0,Yes,Yes,Yes,Yes,Yes,No,Yes,Yes,Yes,,,,,,,,,,,,,,,,,,,,,,,,,,,,,,,,,,,,,,,,,,,,,,,,,,,,,,,,,,,,,,,,,,,,,,,,,,,,,,,,,,,,,,,,,,,,,,,,0,0,1.01,0,,,,,,,,,Yes,Yes,No,No,Yes,No,Yes,No,Yes,,,,,,,,,,,,,,,,,,,,,,,,,,,,,,"The survey showed a photos for one second. Then, they would ask the person who conducted this survey question if they have notice the detail of the photos. There was no right/wrong answer, the person who took the survey must answer honestly",Did you notice that there is a refrigerator in the photos?,blue,5,,32,Male
P0662,278,TRUE,anonymous,EN,I consent.,0,0,1.106,0,No,Yes,Yes,Yes,Yes,Yes,Yes,Yes,No,0,0,1.008,0,Yes,Yes,Yes,Yes,Yes,Yes,Yes,Yes,Yes,0,0,1.106,0,,,,,,,,,,,,,,,,,Yes,Yes,Yes,Yes,No,Yes,Yes,Yes,Yes,,,,,,,,,,,,,,,,,,,,,,,,,,,,,,,,,,,,,,,,,,,,,,,,,,,,,,,,,,,,,,,,,,,,,,,,,,,,,,,,,,,,,,,,,,,,,,,,,,,,,,,,,,,,,,,,,,,,,Notice things in pictures,did I notice a color of an object,blue,5,,25,Female
P0663,165,TRUE,anonymous,EN,I consent.,0,0,1.012,0,Yes,Yes,Yes,Yes,Yes,No,Yes,No,Yes,0,0,1.115,0,Yes,Yes,Yes,Yes,Yes,No,Yes,Yes,Yes,,,,,,,,,,,,,,,,,,,,,,,,,,,,,,,,,,,,,,,,,,,,,,,,,,,,,,,,,,,,,,,,,,,,,,,,,,,,,,,,,,,,,,,,,,,,,,,,,,,,,,,,0,0,1.113,0,Yes,Yes,Yes,Yes,Yes,Yes,Yes,Yes,No,,,,,,,,,,,,,,,,,,,,,,,,,,,,,,View a picture for 1 second then answer questions about its details.,Did you notice the shape of the object?,blue,5,,53,Female
P0664,255,TRUE,anonymous,EN,I consent.,0,0,1.008,0,No,Yes,Yes,Yes,Yes,Yes,Yes,Yes,No,0,0,1.007,0,No,Yes,Yes,Yes,No,Yes,Yes,Yes,Yes,,,,,,,,,,,,,,,,,,,,,,,,,,,,,,,,,,,,,,,,,,,,,,,,,,,,,,,,,,,,,,,,,,,,,,,,,,,,,,,,,,,,,,,,,,,,,,,,,,,,0,0,1.007,0,,,,,Yes,Yes,No,No,Yes,No,Yes,Yes,Yes,,,,,,,,,,,,,,,,,,,,,,,,,,,,,,Asking whether I noticed certain details in images that were presented to me.,Was the object indoors or outdoors?,Blue,5,,32,Male
P0665,120,TRUE,anonymous,EN,I consent.,0,0,1.01,0,Yes,Yes,Yes,Yes,Yes,Yes,Yes,Yes,Yes,0,0,1.007,0,Yes,Yes,Yes,Yes,No,No,Yes,Yes,No,,,,,,,,,,,,,,,,,,,,,,,,,,,,,,,,,,,,,,,,,,,,,,,,,,,,,,,,,,,,,,,,,,,,,,,,,,,,,,,,,,,,,,,,,,,,,,,,0,0,1.014,0,,,,,,,,,No,Yes,No,No,Yes,Yes,Yes,Yes,No,,,,,,,,,,,,,,,,,,,,,,,,,,,,,,Look at an imagine briefly and then answer questions about it.,Which hand she was using to light the candle?,Blue,5,,34,Male
P0666,163,TRUE,anonymous,EN,I consent.,0,0,1.016,0,No,Yes,Yes,Yes,Yes,No,Yes,Yes,No,0,0,1.112,0,Yes,Yes,No,Yes,No,Yes,Yes,Yes,Yes,,,,,,,,,,,,,,,,,,,,,,,,,,,,,,,,,,,,,,,,,,,,,,,,,,,,,,,,,,,,,,,,,,,,,,,,,,,,,,,,,,,,,,,,,,,,,,,,,,,,,,,,,,,,,,,,,,,,,,,,,,,,,0,0,1.107,0,,,,,,,,,No,No,No,Yes,Yes,No,Yes,Yes,Yes,My task in this study was to look at a picture for one second and remember details about it.,Was the person in this picture standing or sitting down?,Blue,5,"Thanks for the fair pay, I appreciate it!",34,Male
P0667,113,TRUE,anonymous,EN,I consent.,0,0,1.109,0,No,Yes,Yes,Yes,Yes,Yes,Yes,Yes,No,0,0,1.008,0,Yes,Yes,Yes,Yes,Yes,No,Yes,Yes,Yes,,,,,,,,,0,0,1.008,0,,,,,,,,,Yes,Yes,Yes,Yes,Yes,Yes,Yes,Yes,Yes,,,,,,,,,,,,,,,,,,,,,,,,,,,,,,,,,,,,,,,,,,,,,,,,,,,,,,,,,,,,,,,,,,,,,,,,,,,,,,,,,,,,,,,,,,,,,,,,,,,,,,,,,,,,,,,,,,,,,What I remembered from the pictures ,Was there a person ,Blue,5,,25,Female
P0668,245,TRUE,anonymous,EN,I consent.,0,0,1.022,0,No,Yes,Yes,Yes,Yes,No,Yes,No,No,0,0,1.121,0,Yes,Yes,Yes,Yes,Yes,Yes,Yes,Yes,Yes,,,,,,,,,,,,,,,,,,,,,,,,,,,,,,,,,,,,,,,,,,,,,,,,,,,,,,,,,,,0,0,1.021,0,,,,,,,,,,,,,,,,,Yes,Yes,No,Yes,Yes,Yes,Yes,Yes,Yes,,,,,,,,,,,,,,,,,,,,,,,,,,,,,,,,,,,,,,,,,,,,,,,,,,,,,,,,,,,answer whether i noticed things in an image or not,did i see what color the object was,blue,5,,33,Male
P0669,180,TRUE,anonymous,EN,I consent.,0,0,1.108,0,No,Yes,Yes,Yes,Yes,Yes,Yes,Yes,No,0,0,1.007,0,No,Yes,Yes,No,No,No,Yes,Yes,Yes,,,,,,,,,,,,,,,,,,,,,,,,,,,,,,,,,,,,,,,,,,,,,,,,,,,,,,,,,,,,,,,,,,,,,,,,,,,,,,,,,,,,,,,,,,,,,,,,,,,,,,,,,,,,,,,,,,,,,,,,,,,,,,,,,,,,,0,0,1.007,0,Yes,Yes,Yes,Yes,Yes,No,No,No,No,Observe an image and answer questions about what I noticed,If I noticed the size of the bench,blue,5,,41,Male
P0670,250,TRUE,anonymous,EN,I consent.,0,0,1.016,0,No,Yes,Yes,Yes,Yes,Yes,Yes,Yes,Yes,0,0,1.012,0,Yes,Yes,Yes,Yes,No,No,Yes,Yes,No,,,,,,,,,,,,,,,,,,,,,,,,,,,,,,,,,,,,,,,,,,,,,,,,,,,,,,,,,,,,,,,,,,,,,,,,,,,,,,,,,,,,,,,,,,,,,,,,,,,,,,,,,,,,,,,,,,,,,0,0,1.014,0,,,,,,,,,,,,,,,,,Yes,Yes,No,Yes,Yes,No,Yes,Yes,Yes,Trying to notice details about pictures I was shown for 1 second.,Did you notice the size of the object?,blue,5,,81,Male
P0671,297,TRUE,anonymous,EN,I consent.,0,0,1.111,0,No,Yes,Yes,Yes,Yes,Yes,Yes,No,No,0,0,1.006,0,Yes,Yes,Yes,Yes,Yes,No,Yes,Yes,Yes,,,,,,,,,,,,,,,,,,,,,,,,,,,,,,,,,,,,,,,,,,,,,,,,,,,,,,,,,,,,,,,,,,,,,,,,,,,0,0,1.012,0,Yes,Yes,No,No,Yes,Yes,Yes,Yes,Yes,,,,,,,,,,,,,,,,,,,,,,,,,,,,,,,,,,,,,,,,,,,,,,,,,,,,,,,,,,,The task was to recall details from an image that was shown for 1 second.,Do you recall what kind of animal was in the picture?,blue,5,,38,Female
P0672,244,TRUE,anonymous,EN,I consent.,0,0,1.008,0,Yes,Yes,Yes,Yes,Yes,No,Yes,Yes,Yes,0,0,1.006,0,No,Yes,Yes,Yes,No,No,Yes,Yes,Yes,,,,,,,,,,,,,,,,,,,,,,,,,,,,,,,,,,,,,,,,,,,,,,,,,,,,,,,,,,,,,,,,,,,0,0,1.114,0,,,,,,,,,Yes,Yes,No,Yes,No,Yes,Yes,Yes,Yes,,,,,,,,,,,,,,,,,,,,,,,,,,,,,,,,,,,,,,,,,,,,,,,,,,,,,,,,,,,View the image for one second and then answer questions based on my observations. ,Did you notice the person's physique?,Blue,5,,46,Female
P0673,263,TRUE,anonymous,EN,I consent.,0,0,1.009,0,No,Yes,Yes,No,No,Yes,Yes,Yes,Yes,0,0,1.007,0,No,Yes,Yes,Yes,No,Yes,Yes,Yes,Yes,,,,,,,,,,,,,,,,,,,,,,,,,,,,,,,,,,,,,,,,,,,,,,,,,,,,,,,,,,,,,,,,,,,,,,,,,,,,,,,,,,,,,,,,,,,,,,,,,,,,,,,,,,,,,,,,,,,,,,,,,,,,,,,,,0,0,1.106,0,,,,,Yes,Yes,Yes,Yes,Yes,Yes,Yes,Yes,Yes,i had to study a picture for one second then report if i noticed the things being asked ,One question asked nif i noticed if there were clouds,blue,5,ty,56,Female
P0674,255,TRUE,anonymous,EN,I consent.,0,0,1.008,0,No,Yes,Yes,Yes,Yes,No,Yes,Yes,No,0,0,1.107,0,Yes,Yes,Yes,No,Yes,Yes,Yes,No,Yes,,,,,,,,,,,,,,,,,,,,,,,,,,,,,,,,,,,,,,,,,,0.438,0.438,1.006,1,,,,,No,Yes,Yes,No,No,No,Yes,Yes,Yes,,,,,,,,,,,,,,,,,,,,,,,,,,,,,,,,,,,,,,,,,,,,,,,,,,,,,,,,,,,,,,,,,,,,,,,,,,,,,,,,,,,,,,,,To look at an image for 1 second then answer questions about it.,Did you notice a refrigerator?,blue,5,,29,Male
P0675,178,TRUE,anonymous,EN,I consent.,0,0,1.014,0,Yes,Yes,Yes,Yes,Yes,Yes,Yes,No,Yes,0,0,1.009,0,Yes,Yes,Yes,Yes,Yes,Yes,Yes,Yes,Yes,,,,,,,,,,,,,0,0,1.007,0,,,,,Yes,Yes,Yes,Yes,Yes,Yes,Yes,Yes,Yes,,,,,,,,,,,,,,,,,,,,,,,,,,,,,,,,,,,,,,,,,,,,,,,,,,,,,,,,,,,,,,,,,,,,,,,,,,,,,,,,,,,,,,,,,,,,,,,,,,,,,,,,,,,,,,,,,,,,,look at a picture for a second and recall details about the photo,did you see where the light source came from,blue,5,,23,Female
P0676,260,TRUE,anonymous,EN,I consent.,0,0,1.118,0,No,Yes,Yes,Yes,Yes,Yes,Yes,Yes,Yes,0,0,1.01,0,No,Yes,Yes,Yes,No,No,Yes,Yes,No,,,,,,,,,,,,,,,,,,,,,,,,,,,,,,,,,,,,,,0,0,1.008,0,,,,,,,,,Yes,Yes,No,Yes,No,Yes,Yes,Yes,No,,,,,,,,,,,,,,,,,,,,,,,,,,,,,,,,,,,,,,,,,,,,,,,,,,,,,,,,,,,,,,,,,,,,,,,,,,,,,,,,,,,,,,,,To quickly look at an image and try to notice/recollect as many things as possible.,Did you notice a human in the image?,Blue,5,,27,Female
P0677,549,TRUE,anonymous,EN,I consent.,0,0,1.117,0,Yes,Yes,Yes,Yes,Yes,No,Yes,No,Yes,0,0,1.015,0,Yes,Yes,Yes,Yes,Yes,No,Yes,Yes,No,,,,,,,,,,,,,,,,,,,,,,,,,,,,,,,,,,,,,,,,,,,,,,,,,,,,,,,,,,,,,,,,,,,,,,,,,,,,,,,,,,,,,,,,,,,,,,,,,,,,,,,,0,0,1.007,0,Yes,Yes,No,No,Yes,No,Yes,Yes,No,,,,,,,,,,,,,,,,,,,,,,,,,,,,,,remembering details in pictures,what color pattern were the clothes,blue,5,,30,Male
P0678,129,TRUE,anonymous,EN,I consent.,0,0,1.114,0,No,Yes,Yes,Yes,Yes,Yes,Yes,Yes,Yes,0,0,1.006,0,Yes,Yes,Yes,Yes,Yes,Yes,Yes,Yes,Yes,,,,,,,,,,,,,,,,,,,,,,,,,,,,,,,,,,,,,,,,,,,,,,,,,,,,,,,,,,,,,,,,,,,,,,,,,,,,,,,,,,,,,,,,,,,,0,0,1.006,0,,,,,,,,,,,,,Yes,Yes,Yes,Yes,Yes,Yes,Yes,Yes,Yes,,,,,,,,,,,,,,,,,,,,,,,,,,,,,,Answer questions about an image you saw for 1 second.,Did you notice how the person was lighting the candle?,Blue,5,No additional comments. Thanks!,52,Male
P0679,290,TRUE,anonymous,EN,I consent.,0,0,1.107,0,Yes,Yes,Yes,Yes,Yes,Yes,Yes,Yes,Yes,0,0,1.106,0,No,Yes,Yes,Yes,No,No,Yes,Yes,Yes,,,,,0,0,1.006,0,,,,,,,,,,,,,Yes,Yes,Yes,Yes,Yes,No,No,Yes,Yes,,,,,,,,,,,,,,,,,,,,,,,,,,,,,,,,,,,,,,,,,,,,,,,,,,,,,,,,,,,,,,,,,,,,,,,,,,,,,,,,,,,,,,,,,,,,,,,,,,,,,,,,,,,,,,,,,,,,,I was shown an image for one second and asked if I recalled various features of the image.,Did you notice the gender of the person?,blue,5,,58,Female
P0680,231,TRUE,anonymous,EN,I consent.,0,0,1.112,0,Yes,Yes,Yes,Yes,Yes,Yes,Yes,Yes,Yes,0,0,1.009,0,Yes,Yes,Yes,Yes,No,Yes,Yes,Yes,Yes,,,,,,,,,,,,,,,,,,,,,,,,,,,,,,0,0,1.008,0,,,,,,,,,,,,,,,,,Yes,Yes,Yes,Yes,No,Yes,Yes,Yes,No,,,,,,,,,,,,,,,,,,,,,,,,,,,,,,,,,,,,,,,,,,,,,,,,,,,,,,,,,,,,,,,,,,,,,,,,,,,,,,,,,,,,,,,,observe an image for one second and answer questions about the image. ,did you notice the color/material of the object? ,blue,5,,26,Female
P0681,186,TRUE,anonymous,EN,I consent.,0,0,1.009,0,Yes,Yes,Yes,Yes,Yes,No,Yes,Yes,Yes,0,0,1.109,0,Yes,Yes,Yes,Yes,No,No,Yes,Yes,Yes,0,0,1.015,0,,,,,,,,,,,,,,,,,Yes,Yes,Yes,Yes,Yes,Yes,Yes,Yes,No,,,,,,,,,,,,,,,,,,,,,,,,,,,,,,,,,,,,,,,,,,,,,,,,,,,,,,,,,,,,,,,,,,,,,,,,,,,,,,,,,,,,,,,,,,,,,,,,,,,,,,,,,,,,,,,,,,,,,My task was to look at an image and then answer questions about whether or not I noticed certain details. ,Did you notice the trajectory of the ball?,Blue,5,,49,Female
P0682,160,TRUE,anonymous,EN,I consent.,0,0,1.017,0,Yes,Yes,Yes,Yes,Yes,Yes,Yes,Yes,Yes,0,0,1.024,0,No,Yes,Yes,Yes,No,No,Yes,Yes,Yes,,,,,,,,,,,,,,,,,,,,,,,,,,,,,,,,,,,,,,,,,,,,,,,,,,,,,,,,,,,,,,,,,,,,,,,,,,,,,,,,,,,,,,,,0,0,1.019,0,,,,,,,,,,,,,,,,,Yes,Yes,No,No,Yes,No,No,Yes,Yes,,,,,,,,,,,,,,,,,,,,,,,,,,,,,,"I looked at pictures, very quickly, and was asked about what I recalled and didn't recall.",Did you notice the size of the candle?,Blue,5,,37,Male
P0683,311,TRUE,anonymous,EN,I consent.,0,0,1.01,0,No,Yes,Yes,Yes,Yes,Yes,Yes,No,No,0,0,1.108,0,Yes,Yes,Yes,Yes,Yes,Yes,Yes,Yes,Yes,,,,,,,,,,,,,,,,,,,,,,,,,,,,,,,,,,0,0,1.117,0,,,,,,,,,,,,,Yes,Yes,Yes,Yes,Yes,Yes,Yes,Yes,Yes,,,,,,,,,,,,,,,,,,,,,,,,,,,,,,,,,,,,,,,,,,,,,,,,,,,,,,,,,,,,,,,,,,,,,,,,,,,,,,,,,,,,,,,,to view a picture for one second and answer whether I noticed things about the picture,Did you notice which hand was handling the fruit in the picture?,The picture was indoors,5,,47,Male
P0684,137,TRUE,anonymous,EN,I consent.,0,0,1.121,0,No,Yes,Yes,Yes,Yes,Yes,Yes,Yes,Yes,0,0,1.124,0,Yes,Yes,Yes,Yes,Yes,Yes,Yes,Yes,Yes,,,,,,,,,,,,,,,,,,,,,,,,,,,,,,,,,,,,,,,,,,,,,,,,,,,,,,,,,,,,,,,,,,,,,,,,,,,,,,,,,,,,,,,,,,,,,,,,,,,,,,,,,,,,,,,,,,,,,,,,,,,,,0,0,1.019,0,,,,,,,,,No,Yes,Yes,Yes,Yes,Yes,Yes,No,No,Look at an image for a second and see what details I can remember,Which shoe or shoes did she have off,blue,5,,41,Male
P0685,337,TRUE,anonymous,EN,I consent.,0,0,1.008,0,No,Yes,Yes,Yes,Yes,No,Yes,No,No,0,0,1.007,0,Yes,Yes,Yes,Yes,No,Yes,Yes,Yes,Yes,,,,,,,,,,,,,,,,,,,,,,,,,,,,,,,,,,,,,,,,,,,,,,,,,,,,,,,,,,,,,,,,,,,0,0,1.008,0,,,,,,,,,Yes,Yes,No,Yes,No,Yes,Yes,Yes,Yes,,,,,,,,,,,,,,,,,,,,,,,,,,,,,,,,,,,,,,,,,,,,,,,,,,,,,,,,,,,View photo for a second and answer questions abiut what you remember seeing,Whar kind of treat did the person hand the animal,blue,5,,45,Male
P0686,252,TRUE,anonymous,EN,I consent.,0,0,1.12,0,No,Yes,Yes,Yes,No,Yes,Yes,Yes,No,0,0,1.009,0,Yes,Yes,Yes,Yes,Yes,Yes,Yes,No,No,,,,,,,,,,,,,,,,,,,,,,,,,,,,,,,,,,,,,,,,,,,,,,,,,,,,,,,,,,,,,,,,,,,,,,,,,,,,,,,,,,,,,,,,,,,,,,,,,,,,0,0,1.149,0,,,,,Yes,Yes,No,No,Yes,Yes,Yes,Yes,Yes,,,,,,,,,,,,,,,,,,,,,,,,,,,,,,To look at a shown object for 1 second and try to remember the details,Did you notice if there was a cloud,blue,5,fun,55,Female
P0687,209,TRUE,anonymous,EN,I consent.,0,0,1.012,0,No,Yes,Yes,Yes,No,Yes,Yes,No,Yes,0,0,1.008,0,Yes,Yes,Yes,Yes,Yes,Yes,Yes,Yes,Yes,,,,,,,,,,,,,,,,,,,,,,,,,,,,,,,,,,,,,,,,,,,,,,,,,,,,,,,,,,,,,,,,,,,,,,,,,,,,,,,,,,,,,,,,,,,,,,,,,,,,,,,,,,,,,,,,,,,,,,,,,0,0,1.012,0,,,,,,,,,,,,,Yes,No,Yes,Yes,Yes,No,Yes,Yes,No,i looked at an image for 1 second then said whether i noticed X details or not,did you notice if the object was stable?,blue,5,,33,Male
P0688,124,TRUE,anonymous,EN,I consent.,0,0,1.008,0,No,Yes,Yes,Yes,Yes,Yes,Yes,Yes,Yes,0,0,1.007,0,Yes,Yes,Yes,Yes,Yes,Yes,Yes,Yes,Yes,,,,,,,,,,,,,,,,,,,,,,,,,,,,,,,,,,,,,,,,,,,,,,,,,,,,,,,,,,,,,,,,,,,0,0,1.007,0,,,,,,,,,Yes,Yes,Yes,Yes,No,Yes,Yes,Yes,Yes,,,,,,,,,,,,,,,,,,,,,,,,,,,,,,,,,,,,,,,,,,,,,,,,,,,,,,,,,,,Answer if you saw certain details of an image,Did you notice how large the object in the image was relative to its surroundings,Blue,5,,25,Male
P0689,159,TRUE,anonymous,EN,I consent.,0,0,1.113,0,No,Yes,Yes,Yes,Yes,Yes,Yes,Yes,Yes,0,0,1.105,0,Yes,Yes,Yes,Yes,No,Yes,Yes,Yes,Yes,,,,,0,0,1.106,0,,,,,,,,,,,,,Yes,Yes,Yes,Yes,No,Yes,No,Yes,Yes,,,,,,,,,,,,,,,,,,,,,,,,,,,,,,,,,,,,,,,,,,,,,,,,,,,,,,,,,,,,,,,,,,,,,,,,,,,,,,,,,,,,,,,,,,,,,,,,,,,,,,,,,,,,,,,,,,,,,look at a picture for 1 second and the say if i recall details about it,did you recognize the color/pattern of the object,blue,5,,28,Male
P0690,248,TRUE,anonymous,EN,I consent.,0,0,1.114,0,Yes,Yes,Yes,Yes,Yes,Yes,Yes,Yes,Yes,0,0,1.108,0,Yes,Yes,Yes,Yes,Yes,No,Yes,Yes,Yes,,,,,,,,,,,,,,,,,,,,,,,,,,,,,,,,,,,,,,,,,,,,,,,,,,,,,,,,,,,,,,,,,,,,,,,,,,,,,,,,,,,,,,,,,,,,,,,,,,,,,,,,,,,,,,,,,,,,,0,0,1.006,0,,,,,,,,,,,,,,,,,Yes,Yes,Yes,Yes,No,Yes,Yes,Yes,Yes,I was asked questions about an object that appeared for 1 second,did you notice the size of the bench,blue,5,,66,Female
P0691,257,TRUE,anonymous,EN,I consent.,0.866,0.866,1.007,1,No,Yes,Yes,Yes,Yes,Yes,Yes,Yes,Yes,0.747,0.747,1.006,1,No,Yes,Yes,Yes,Yes,Yes,Yes,Yes,Yes,,,,,,,,,,,,,,,,,0,0,1.006,0,Yes,Yes,No,Yes,No,Yes,Yes,Yes,Yes,,,,,,,,,,,,,,,,,,,,,,,,,,,,,,,,,,,,,,,,,,,,,,,,,,,,,,,,,,,,,,,,,,,,,,,,,,,,,,,,,,,,,,,,,,,,,,,,,,,,,,,,,,,,,,,,,,,,,To look at an image for 1 second and answer questions about what I noticed,Did you notice the gender of the person,Blue,5,,30,Female
P0692,557,TRUE,anonymous,EN,I consent.,0,0,1.01,0,No,Yes,Yes,Yes,Yes,Yes,Yes,Yes,Yes,0,0,1.009,0,Yes,Yes,Yes,Yes,Yes,Yes,Yes,Yes,No,,,,,,,,,,,,,,,,,,,,,,,,,,,,,,,,,,0,0,1.009,0,,,,,,,,,,,,,Yes,Yes,Yes,Yes,Yes,Yes,No,Yes,Yes,,,,,,,,,,,,,,,,,,,,,,,,,,,,,,,,,,,,,,,,,,,,,,,,,,,,,,,,,,,,,,,,,,,,,,,,,,,,,,,,,,,,,,,,LOOKING A OBJECT FOR 1 SECOND AND REMEMBER THINGS,DID YOU SEE WHICH HAND THE APPLE WAS IN,BLUE,5,,60,Male
P0693,720,TRUE,anonymous,EN,I consent.,0,0,1.012,0,Yes,Yes,Yes,Yes,Yes,Yes,Yes,Yes,Yes,0,0,1.009,0,Yes,Yes,No,Yes,No,No,Yes,Yes,Yes,,,,,,,,,,,,,,,,,,,,,,,,,,,,,,,,,,,,,,,,,,,,,,,,,,,,,,,,,,,,,,,,,,,,,,,,,,,,,,,,,,,,,,,,,,,,,,,,,,,,,,,,,,,,,,,,,,,,,,,,,0,0,1.114,0,,,,,,,,,,,,,No,No,Yes,Yes,Yes,Yes,Yes,Yes,No,"After making my browser full-screen, I had to look carefully at an image for one second. Afterwards, I answered yes/no questions about details in the image. There were also two practice images before the main one.",Did you notice the direction of the light source?,blue,5,,64,Female
P0694,333,TRUE,anonymous,EN,I consent.,0,0,1.015,0,Yes,Yes,Yes,Yes,Yes,No,Yes,Yes,Yes,0,0,1.027,0,Yes,Yes,Yes,Yes,No,No,Yes,Yes,Yes,,,,,,,,,,,,,,,,,,,,,,,,,,,,,,,,,,,,,,,,,,,,,,0,0,1.008,0,Yes,Yes,Yes,Yes,Yes,Yes,Yes,Yes,No,,,,,,,,,,,,,,,,,,,,,,,,,,,,,,,,,,,,,,,,,,,,,,,,,,,,,,,,,,,,,,,,,,,,,,,,,,,,,,,,,,,,,,,,I looked at a picture for 1 second then answer questions based on my observations.,Did you notice what type of fruit the person was holding?,Blue,5,,33,Female
P0695,202,TRUE,anonymous,EN,I consent.,0,0,1.009,0,No,Yes,Yes,Yes,Yes,Yes,Yes,Yes,Yes,0,0,1.014,0,Yes,Yes,Yes,Yes,No,No,Yes,Yes,Yes,,,,,,,,,,,,,,,,,,,,,,,,,,,,,,,,,,,,,,,,,,0,0,1.006,0,,,,,Yes,Yes,Yes,No,No,No,Yes,Yes,Yes,,,,,,,,,,,,,,,,,,,,,,,,,,,,,,,,,,,,,,,,,,,,,,,,,,,,,,,,,,,,,,,,,,,,,,,,,,,,,,,,,,,,,,,,i answered questions after briefly viewing an image,Did you notice which hand she was holding the fruit in?,blue,5,,51,Male
P0696,275,TRUE,anonymous,EN,I consent.,0,0,1.006,0,Yes,Yes,Yes,Yes,Yes,Yes,Yes,No,Yes,0,0,1.006,0,Yes,Yes,Yes,Yes,No,Yes,Yes,Yes,Yes,,,,,,,,,,,,,,,,,,,,,,,,,,,,,,,,,,,,,,,,,,,,,,,,,,,,,,,,,,,,,,,,,,,,,,,0,0,1.105,0,,,,,Yes,Yes,Yes,No,Yes,Yes,Yes,Yes,No,,,,,,,,,,,,,,,,,,,,,,,,,,,,,,,,,,,,,,,,,,,,,,,,,,,,,,,,,,,Examine a picture for one second then answer some questions about what you saw. ,If I noticed which hand a person was using to feed an animal.,blue,5,,41,Male
P0697,192,TRUE,anonymous,EN,I consent.,0,0,1.031,0,No,Yes,Yes,Yes,Yes,No,Yes,Yes,Yes,0,0,1.125,0,Yes,Yes,No,Yes,Yes,Yes,Yes,Yes,No,,,,,,,,,,,,,,,,,,,,,,,,,,,,,,,,,,,,,,0,0,1.018,0,,,,,,,,,Yes,Yes,Yes,Yes,Yes,Yes,Yes,Yes,No,,,,,,,,,,,,,,,,,,,,,,,,,,,,,,,,,,,,,,,,,,,,,,,,,,,,,,,,,,,,,,,,,,,,,,,,,,,,,,,,,,,,,,,,View an image and answer questions about details.,Did you notice the size of the object?,blue,5,,32,Male
P0698,383,TRUE,anonymous,EN,I consent.,0,0,1.118,0,Yes,Yes,Yes,Yes,Yes,Yes,Yes,Yes,Yes,0,0,1.015,0,Yes,Yes,Yes,Yes,Yes,Yes,Yes,Yes,Yes,,,,,,,,,,,,,,,,,,,,,,,,,,,,,,,,,,,,,,,,,,,,,,,,,,,,,,,,,,,,,,,,,,,,,,,,,,,0,0,1.015,0,Yes,Yes,Yes,Yes,Yes,Yes,No,Yes,Yes,,,,,,,,,,,,,,,,,,,,,,,,,,,,,,,,,,,,,,,,,,,,,,,,,,,,,,,,,,,details of pictures,did you notice the object?,blue,5,,48,Female
P0699,245,TRUE,anonymous,EN,I consent.,0,0,1.009,0,Yes,Yes,Yes,Yes,Yes,Yes,Yes,Yes,No,0,0,1.009,0,Yes,Yes,Yes,Yes,Yes,Yes,Yes,Yes,Yes,,,,,,,,,,,,,,,,,,,,,,,,,,,,,,,,,,,,,,,,,,,,,,,,,,,,,,,,,,,,,,,,,,,,,,,,,,,,,,,,,,,,,,,,,,,,,,,,,,,,0,0,1.008,0,,,,,Yes,Yes,Yes,Yes,Yes,Yes,Yes,Yes,Yes,,,,,,,,,,,,,,,,,,,,,,,,,,,,,,Describe a picture I saw for the me second,Did I notice what the man was lighting the candle with,Blue,5,,58,Female
P0700,175,TRUE,anonymous,EN,I consent.,0,0,1.109,0,Yes,Yes,Yes,Yes,Yes,Yes,Yes,Yes,Yes,0,0,1.011,0,Yes,Yes,Yes,Yes,Yes,Yes,Yes,Yes,Yes,,,,,,,,,0,0,1.107,0,,,,,,,,,Yes,Yes,No,Yes,No,Yes,No,Yes,Yes,,,,,,,,,,,,,,,,,,,,,,,,,,,,,,,,,,,,,,,,,,,,,,,,,,,,,,,,,,,,,,,,,,,,,,,,,,,,,,,,,,,,,,,,,,,,,,,,,,,,,,,,,,,,,,,,,,,,,I had to study a picture for one second and answer questions about the picture. ,Sex of the person.,Blue,5,,,Female
P0701,161,TRUE,anonymous,EN,I consent.,0,0,1.112,0,Yes,Yes,Yes,Yes,Yes,No,Yes,No,Yes,0,0,1.006,0,Yes,Yes,No,Yes,Yes,Yes,Yes,Yes,Yes,,,,,,,,,,,,,,,,,,,,,,,,,,,,,,,,,,,,,,,,,,,,,,,,,,,,,,,,,,,,,,,,,,,,,,,0,0,1.12,0,,,,,Yes,Yes,No,No,No,No,No,Yes,Yes,,,,,,,,,,,,,,,,,,,,,,,,,,,,,,,,,,,,,,,,,,,,,,,,,,,,,,,,,,,look at images briefly an describe them,did you notice any blue objects,blue,5,,26,Male
P0702,194,TRUE,anonymous,EN,I consent.,0,0,1.008,0,Yes,Yes,Yes,Yes,Yes,Yes,Yes,Yes,Yes,0,0,1.007,0,Yes,Yes,No,Yes,No,No,Yes,Yes,Yes,,,,,,,,,,,,,,,,,0,0,1.108,0,No,Yes,No,No,No,No,No,Yes,Yes,,,,,,,,,,,,,,,,,,,,,,,,,,,,,,,,,,,,,,,,,,,,,,,,,,,,,,,,,,,,,,,,,,,,,,,,,,,,,,,,,,,,,,,,,,,,,,,,,,,,,,,,,,,,,,,,,,,,,I was asked to view a picture for one second and then I answered questions about the details of the picture.,Did you notice the color of the table?,Blue,5,,32,Male
P0703,242,TRUE,anonymous,EN,I consent.,0,0,1.112,0,No,Yes,Yes,Yes,Yes,Yes,Yes,Yes,Yes,0,0,1.006,0,Yes,Yes,Yes,Yes,No,No,Yes,No,Yes,,,,,,,,,,,,,,,,,,,,,,,,,,,,,,0,0,1.106,0,,,,,,,,,,,,,,,,,Yes,Yes,Yes,Yes,Yes,No,Yes,Yes,No,,,,,,,,,,,,,,,,,,,,,,,,,,,,,,,,,,,,,,,,,,,,,,,,,,,,,,,,,,,,,,,,,,,,,,,,,,,,,,,,,,,,,,,,To state whether or not I noticed certain aspects of the image displayed.,Did you notice the material of the object?,Blue,5,,42,Female
P0704,170,TRUE,anonymous,EN,I consent.,0,0,1.009,0,No,Yes,Yes,Yes,Yes,Yes,Yes,Yes,No,0,0,1.005,0,Yes,Yes,Yes,Yes,No,Yes,Yes,Yes,No,,,,,,,,,,,,,,,,,,,,,,,,,,,,,,,,,,,,,,,,,,,,,,,,,,,,,,,,,,,,,,,,,,,,,,,,,,,,,,,,,,,,,,,,,,,,0,0,1.007,0,,,,,,,,,,,,,No,No,No,No,Yes,Yes,Yes,Yes,Yes,,,,,,,,,,,,,,,,,,,,,,,,,,,,,,"To see an image for 1 second, and answer questions on what you noticed during that one second. ",Did you notice the shape/materials of the candle holder?,Blue,5,None what so ever. ,30,Male
P0705,148,TRUE,anonymous,EN,I consent.,0,0,1.013,0,No,Yes,Yes,Yes,Yes,Yes,Yes,Yes,Yes,0,0,1.114,0,Yes,Yes,Yes,Yes,No,Yes,Yes,Yes,Yes,,,,,,,,,,,,,,,,,,,,,,,,,,,,,,,,,,0,0,1.115,0,,,,,,,,,,,,,Yes,Yes,No,No,No,Yes,Yes,Yes,No,,,,,,,,,,,,,,,,,,,,,,,,,,,,,,,,,,,,,,,,,,,,,,,,,,,,,,,,,,,,,,,,,,,,,,,,,,,,,,,,,,,,,,,,I looked at a picture for one second and answered questions about what i remembered.,Did you see what fruit was in the person's hand?,blue,5,,33,Male
P0706,127,TRUE,anonymous,EN,I consent.,0,0,1.008,0,No,Yes,Yes,Yes,Yes,No,Yes,Yes,Yes,0,0,1.007,0,Yes,Yes,Yes,Yes,No,Yes,Yes,Yes,Yes,,,,,,,,,,,,,,,,,,,,,,,,,,,,,,,,,,,,,,,,,,,,,,,,,,,,,,,,,,,,,,,,,,,,,,,,,,,,,,,,,,,,,,,,,,,,,,,,,,,,,,,,0,0,1.106,0,Yes,No,No,Yes,Yes,Yes,Yes,Yes,Yes,,,,,,,,,,,,,,,,,,,,,,,,,,,,,,seeing and remembering the picture,Did I notice the age of the person.,blue,5,,43,Male
P0707,217,TRUE,anonymous,EN,I consent.,0,0,1.113,0,No,Yes,Yes,Yes,Yes,Yes,Yes,No,Yes,0,0,1.011,0,Yes,Yes,Yes,Yes,No,Yes,Yes,Yes,Yes,,,,,0,0,1.012,0,,,,,,,,,,,,,Yes,Yes,Yes,Yes,Yes,Yes,No,Yes,Yes,,,,,,,,,,,,,,,,,,,,,,,,,,,,,,,,,,,,,,,,,,,,,,,,,,,,,,,,,,,,,,,,,,,,,,,,,,,,,,,,,,,,,,,,,,,,,,,,,,,,,,,,,,,,,,,,,,,,,identify as much as possible in a photo we see for one second,What was the color of the person's hair?,Couldn't tell - the photo was indoors,5,,59,Male
P0708,156,TRUE,anonymous,EN,I consent.,0,0,1.118,0,Yes,Yes,No,Yes,Yes,No,Yes,Yes,No,0,0,1.117,0,Yes,Yes,Yes,Yes,Yes,Yes,Yes,Yes,Yes,,,,,,,,,,,,,0,0,1.118,0,,,,,Yes,Yes,Yes,No,Yes,No,Yes,Yes,Yes,,,,,,,,,,,,,,,,,,,,,,,,,,,,,,,,,,,,,,,,,,,,,,,,,,,,,,,,,,,,,,,,,,,,,,,,,,,,,,,,,,,,,,,,,,,,,,,,,,,,,,,,,,,,,,,,,,,,,The task was to describe details seen in photos shown for one second,Did you notice the hair color of the person?,Blue,5,,51,Female
P0709,314,TRUE,anonymous,EN,I consent.,0,0,1.114,0,Yes,Yes,Yes,Yes,Yes,Yes,Yes,No,Yes,0,0,1.011,0,Yes,Yes,Yes,Yes,Yes,Yes,Yes,Yes,Yes,,,,,,,,,,,,,,,,,,,,,,,,,,,,,,,,,,,,,,,,,,,,,,,,,,,,,,,,,,,,,,,,,,,,,,,,,,,,,,,,,,,,,,,,0,0,1.108,0,,,,,,,,,,,,,,,,,No,No,Yes,Yes,No,Yes,Yes,Yes,Yes,,,,,,,,,,,,,,,,,,,,,,,,,,,,,,described the pictures shown,Did you notice the color of the object?,blue,5,,30,Male
P0710,139,TRUE,anonymous,EN,I consent.,0,0,1.114,0,No,Yes,Yes,Yes,Yes,Yes,Yes,No,No,0,0,1.009,0,No,Yes,Yes,Yes,No,Yes,Yes,No,Yes,,,,,,,,,,,,,,,,,,,,,,,,,,,,,,,,,,,,,,,,,,,,,,,,,,,,,,,,,,,,,,,,,,,,,,,,,,,,,,,,,,,,,,,,,,,,,,,,,,,,,,,,,,,,,,,,,,,,,,,,,,,,,0,0,1.108,0,,,,,,,,,No,Yes,Yes,Yes,Yes,No,Yes,Yes,No,What do you focus on at first glance,Did you notice the color/pattern of the object,Blue,5,,29,Female
P0711,147,TRUE,anonymous,EN,I consent.,0,0,1.007,0,No,Yes,Yes,Yes,Yes,Yes,Yes,Yes,Yes,0,0,1.008,0,Yes,Yes,Yes,Yes,Yes,Yes,Yes,Yes,No,0,0,1.01,0,,,,,,,,,,,,,,,,,Yes,Yes,No,No,Yes,No,Yes,Yes,Yes,,,,,,,,,,,,,,,,,,,,,,,,,,,,,,,,,,,,,,,,,,,,,,,,,,,,,,,,,,,,,,,,,,,,,,,,,,,,,,,,,,,,,,,,,,,,,,,,,,,,,,,,,,,,,,,,,,,,,try to notice the details in an image that's displayed for only 1 second,did you notice the gender of the person?,Blue,5,,,
P0712,232,TRUE,anonymous,EN,I consent.,0,0,1.021,0,No,Yes,Yes,Yes,No,No,Yes,Yes,No,0,0,1.047,0,No,Yes,No,Yes,No,Yes,Yes,Yes,Yes,,,,,,,,,,,,,,,,,,,,,,,,,,,,,,,,,,,,,,,,,,0,0,1.019,0,,,,,Yes,Yes,Yes,Yes,No,Yes,Yes,No,No,,,,,,,,,,,,,,,,,,,,,,,,,,,,,,,,,,,,,,,,,,,,,,,,,,,,,,,,,,,,,,,,,,,,,,,,,,,,,,,,,,,,,,,,The task was to look at a picture for one second and determine what I noticed.,Did you notice the size of the fruit in the person's hand?,blue,5,,24,Male
P0713,457,TRUE,anonymous,EN,I consent.,0,0,1.008,0,Yes,Yes,Yes,Yes,Yes,Yes,Yes,Yes,Yes,0,0,1.009,0,Yes,Yes,Yes,Yes,No,Yes,Yes,Yes,Yes,,,,,,,,,,,,,,,,,,,,,,,,,,,,,,,,,,,,,,,,,,,,,,,,,,,,,,,,,,,,,,,0,0,1.013,0,,,,,,,,,,,,,Yes,Yes,No,Yes,Yes,Yes,Yes,Yes,No,,,,,,,,,,,,,,,,,,,,,,,,,,,,,,,,,,,,,,,,,,,,,,,,,,,,,,,,,,,"I was asked to look at an image that only appeared for one second, then I was asked if I noticed certain things about the image.",I was asked if I noticed the build/physique of the person in the image.,Blue,5,,38,Male
P0714,188,TRUE,anonymous,EN,I consent.,0,0,1.015,0,Yes,Yes,Yes,Yes,Yes,Yes,Yes,No,Yes,0,0,1.012,0,Yes,Yes,Yes,Yes,Yes,Yes,Yes,Yes,Yes,,,,,,,,,,,,,,,,,,,,,,,,,,,,,,,,,,,,,,,,,,,,,,,,,,,,,,,,,,,0,0,1.01,0,,,,,,,,,,,,,,,,,Yes,Yes,Yes,Yes,Yes,Yes,Yes,Yes,Yes,,,,,,,,,,,,,,,,,,,,,,,,,,,,,,,,,,,,,,,,,,,,,,,,,,,,,,,,,,,I saw a picture for one second and then I was asked if I noticed certain things,Did I notice what the object was sitting on,blue,5,,50,Female
P0715,235,TRUE,anonymous,EN,I consent.,0,0,1.011,0,No,Yes,Yes,Yes,Yes,Yes,Yes,Yes,No,0,0,1.01,0,Yes,Yes,No,Yes,No,No,Yes,Yes,Yes,,,,,,,,,,,,,,,,,,,,,,,,,,,,,,,,,,,,,,,,,,,,,,,,,,,,,,,,,,,,,,,,,,,,,,,,,,,,,,,,,,,,,,,,,,,,,,,,,,,,,,,,,,,,,,,,,,,,,,,,,,,,,0,0,1.012,0,,,,,,,,,No,No,Yes,Yes,No,Yes,Yes,Yes,No,"Looked at picture for one second, then answered yes and no questions re: what we noticed",Did you notice the color …….,Blue,5,,70,Female
P0716,264,TRUE,anonymous,EN,I consent.,0,0,1.12,0,No,Yes,Yes,No,Yes,Yes,Yes,Yes,No,0,0,1.013,0,No,Yes,Yes,Yes,Yes,No,Yes,Yes,Yes,,,,,,,,,,,,,,,,,,,,,,,,,,,,,,,,,,,,,,,,,,,,,,,,,,,,,,,,,,,,,,,,,,,,,,,,,,,,,,,,,,,,,,,,,,,,,,,,,,,,,,,,,,,,,,,,,,,,,,,,,,,,,,,,,0,0,1.113,0,,,,,Yes,Yes,Yes,Yes,No,Yes,Yes,Yes,Yes,To recall the details I saw in a picture.,Do I recall what a object was sitting on.,blue,5,,26,Female
P0717,192,TRUE,anonymous,EN,I consent.,0,0,1.013,0,Yes,Yes,Yes,Yes,Yes,Yes,Yes,Yes,Yes,0,0,1.11,0,Yes,Yes,Yes,Yes,Yes,Yes,Yes,Yes,Yes,,,,,,,,,,,,,,,,,,,,,,,,,,,,,,,,,,,,,,,,,,,,,,,,,,,,,,,,,,,,,,,,,,,,,,,,,,,,,,,,,,,,,,,,,,,,,,,,,,,,,,,,,,,,,,,,,,,,,,,,,,,,,,,,,,,,,0,0,1.113,0,Yes,No,Yes,Yes,Yes,No,Yes,Yes,Yes,With one second of time observe a picture in its details,I was asked whether this person had socks on or not,blue,5,,55,Male
P0718,322,TRUE,anonymous,EN,I consent.,0,0,1.015,0,No,Yes,Yes,Yes,Yes,No,Yes,Yes,Yes,0,0,1.006,0,Yes,Yes,Yes,Yes,No,Yes,Yes,Yes,Yes,,,,,,,,,,,,,,,,,,,,,,,,,,,,,,,,,,,,,,,,,,,,,,,,,,,,,,,,,,,,,,,,,,,,,,,,,,,,,,,,,,,,,,,,,,,,,,,,,,,,,,,,,,,,,,,,,,,,,,,,,0,0,1.113,0,,,,,,,,,,,,,No,No,No,Yes,Yes,No,Yes,Yes,Yes,Look at a picture for 1 second and see what you remember,Did you see what the object was sitting on?,Blue,5,,60,Female
P0719,219,TRUE,anonymous,EN,I consent.,0,0,1.009,0,No,Yes,Yes,Yes,Yes,Yes,Yes,No,Yes,0,0,1.108,0,Yes,Yes,Yes,Yes,No,Yes,Yes,Yes,No,,,,,0,0,1.108,0,,,,,,,,,,,,,Yes,Yes,Yes,Yes,No,No,No,Yes,Yes,,,,,,,,,,,,,,,,,,,,,,,,,,,,,,,,,,,,,,,,,,,,,,,,,,,,,,,,,,,,,,,,,,,,,,,,,,,,,,,,,,,,,,,,,,,,,,,,,,,,,,,,,,,,,,,,,,,,,To see how many details you remember from seeing a photo for 1 second. ,Did you notice if the object was in motion? ,Blue ,5,,26,Female
P0720,224,TRUE,anonymous,EN,I consent.,0,0,1.122,0,No,Yes,Yes,Yes,Yes,Yes,Yes,No,Yes,0,0,1.121,0,Yes,Yes,Yes,Yes,Yes,Yes,Yes,Yes,No,0,0,1.019,0,,,,,,,,,,,,,,,,,Yes,Yes,Yes,Yes,Yes,Yes,No,Yes,Yes,,,,,,,,,,,,,,,,,,,,,,,,,,,,,,,,,,,,,,,,,,,,,,,,,,,,,,,,,,,,,,,,,,,,,,,,,,,,,,,,,,,,,,,,,,,,,,,,,,,,,,,,,,,,,,,,,,,,,See an image for 1 second and answer some questions about what was shown,Do you remember the hair color of the person,Blue,5,,26,Male
P0721,171,TRUE,anonymous,EN,I consent.,0,0,1.131,0,Yes,Yes,Yes,Yes,Yes,No,Yes,Yes,No,0,0,1.122,0,Yes,Yes,Yes,Yes,Yes,Yes,Yes,Yes,No,,,,,,,,,,,,,,,,,,,,,,,,,,,,,,,,,,,,,,,,,,,,,,,,,,,,,,,,,,,,,,,,,,,0,0,1.018,0,,,,,,,,,Yes,Yes,No,No,Yes,Yes,Yes,Yes,Yes,,,,,,,,,,,,,,,,,,,,,,,,,,,,,,,,,,,,,,,,,,,,,,,,,,,,,,,,,,,"To look at a picture for one second, and then answer questions based on what I noticed about the image.",Did you notice what kind of animal was in the image?,Blue,5,,27,Female
P0722,140,TRUE,anonymous,EN,I consent.,0,0,1.118,0,No,Yes,Yes,Yes,Yes,Yes,Yes,Yes,Yes,0,0,1.108,0,Yes,No,Yes,No,Yes,Yes,Yes,Yes,No,,,,,,,,,,,,,,,,,0,0,1.009,0,Yes,Yes,Yes,No,No,No,Yes,Yes,Yes,,,,,,,,,,,,,,,,,,,,,,,,,,,,,,,,,,,,,,,,,,,,,,,,,,,,,,,,,,,,,,,,,,,,,,,,,,,,,,,,,,,,,,,,,,,,,,,,,,,,,,,,,,,,,,,,,,,,,I was aksed what I had noticed in the image I was shown. ,Whether I remember if there was a person in the image. ,Blue,5,,23,Male
P0723,188,TRUE,anonymous,EN,I consent.,0,0,1.007,0,No,Yes,Yes,Yes,Yes,Yes,Yes,Yes,Yes,0,0,1.006,0,Yes,Yes,Yes,Yes,No,Yes,Yes,Yes,No,,,,,,,,,,,,,,,,,,,,,,,,,,,,,,,,,,,,,,,,,,,,,,0,0,1.007,0,Yes,Yes,Yes,Yes,No,Yes,Yes,Yes,No,,,,,,,,,,,,,,,,,,,,,,,,,,,,,,,,,,,,,,,,,,,,,,,,,,,,,,,,,,,,,,,,,,,,,,,,,,,,,,,,,,,,,,,,i was to see a picture for a second and answer questions about it,did you notice what the materal was made from?,blue,5,no,33,Male
P0724,190,TRUE,anonymous,EN,I consent.,0,0,1.015,0,Yes,Yes,Yes,Yes,Yes,Yes,Yes,Yes,Yes,0,0,1.016,0,Yes,Yes,Yes,Yes,Yes,No,Yes,Yes,No,,,,,,,,,,,,,,,,,,,,,,,,,,,,,,,,,,,,,,,,,,,,,,0,0,1.115,0,Yes,No,Yes,No,Yes,Yes,Yes,Yes,No,,,,,,,,,,,,,,,,,,,,,,,,,,,,,,,,,,,,,,,,,,,,,,,,,,,,,,,,,,,,,,,,,,,,,,,,,,,,,,,,,,,,,,,,look at a picture for 1 second and notice details then answer questions about what details you noticed,Did you notice which hand handled the fruit?,blue,5,no,57,Female
P0725,257,TRUE,anonymous,EN,I consent.,0,0,1.007,0,No,Yes,Yes,Yes,Yes,Yes,Yes,Yes,Yes,0,0,1.007,0,Yes,Yes,Yes,Yes,Yes,Yes,Yes,Yes,Yes,,,,,,,,,,,,,,,,,,,,,,,,,,,,,,,,,,,,,,,,,,,,,,,,,,,,,,,,,,,,,,,,,,,,,,,0,0,1.007,0,,,,,Yes,Yes,Yes,Yes,Yes,Yes,Yes,Yes,Yes,,,,,,,,,,,,,,,,,,,,,,,,,,,,,,,,,,,,,,,,,,,,,,,,,,,,,,,,,,,review an image that flashed before my eyes for one second and remember details,did i notice if the object was inside or not,blue,5,,52,Female
P0726,164,TRUE,anonymous,EN,I consent.,0,0,1.006,0,No,Yes,Yes,Yes,Yes,Yes,Yes,Yes,No,0,0,1.006,0,Yes,Yes,Yes,Yes,No,Yes,Yes,Yes,Yes,,,,,,,,,,,,,,,,,,,,,,,,,,,,,,,,,,,,,,,,,,,,,,,,,,,,,,,,,,,0,0,1.005,0,,,,,,,,,,,,,,,,,Yes,Yes,No,No,Yes,Yes,Yes,Yes,No,,,,,,,,,,,,,,,,,,,,,,,,,,,,,,,,,,,,,,,,,,,,,,,,,,,,,,,,,,,Look at an image for 1 second and then answer questions about what you saw.,Did you notice what the animal was?,blue,5,,51,Female
P0727,283,TRUE,anonymous,EN,I consent.,0,0,1.113,0,No,Yes,Yes,Yes,Yes,Yes,Yes,No,Yes,0,0,1.106,0,Yes,Yes,Yes,Yes,Yes,No,Yes,Yes,Yes,,,,,,,,,,,,,,,,,,,,,,,,,,,,,,,,,,,,,,,,,,,,,,,,,,,,,,,,,,,,,,,,,,,,,,,,,,,,,,,,,,,,,,,,0,0,1.007,0,,,,,,,,,,,,,,,,,Yes,Yes,No,No,Yes,No,Yes,Yes,Yes,,,,,,,,,,,,,,,,,,,,,,,,,,,,,,say if you noticed things in an image,did you notice the shape of the candle holder,blue,5,,34,Female
P0728,206,TRUE,anonymous,EN,I consent.,0,0,1.116,0,Yes,Yes,Yes,Yes,Yes,Yes,Yes,Yes,No,0,0,1.019,0,Yes,Yes,Yes,Yes,No,No,Yes,Yes,Yes,,,,,,,,,0,0,1.115,0,,,,,,,,,Yes,Yes,Yes,Yes,Yes,Yes,Yes,Yes,Yes,,,,,,,,,,,,,,,,,,,,,,,,,,,,,,,,,,,,,,,,,,,,,,,,,,,,,,,,,,,,,,,,,,,,,,,,,,,,,,,,,,,,,,,,,,,,,,,,,,,,,,,,,,,,,,,,,,,,,"I saw 1 image for 1 second and then was asked several ""yes or no"" questions about what I noticed in the image.",Did you notice the person's hair color?,Blue,5,That was fun!,41,Female
P0729,261,TRUE,anonymous,EN,I consent.,0,0,1.12,0,No,No,Yes,Yes,No,No,Yes,No,No,0,0,1.007,0,Yes,Yes,No,Yes,Yes,Yes,Yes,Yes,Yes,,,,,,,,,,,,,,,,,,,,,,,,,,,,,,,,,,,,,,,,,,,,,,,,,,,,,,,,,,,,,,,0.457,0.457,1.006,1,,,,,,,,,,,,,Yes,Yes,No,Yes,Yes,Yes,Yes,Yes,Yes,,,,,,,,,,,,,,,,,,,,,,,,,,,,,,,,,,,,,,,,,,,,,,,,,,,,,,,,,,,To observe the picture for less than 1 second and answer questions about it afterwards,Did you see a person in the picture?,blue,5,,35,Male
P0730,106,TRUE,anonymous,EN,I consent.,0,0,1.007,0,Yes,Yes,Yes,Yes,Yes,No,Yes,Yes,Yes,0,0,1.013,0,Yes,Yes,No,Yes,Yes,No,Yes,Yes,No,,,,,,,,,,,,,,,,,,,,,,,,,,,,,,,,,,,,,,,,,,,,,,0,0,1.111,0,Yes,Yes,Yes,Yes,Yes,Yes,Yes,Yes,Yes,,,,,,,,,,,,,,,,,,,,,,,,,,,,,,,,,,,,,,,,,,,,,,,,,,,,,,,,,,,,,,,,,,,,,,,,,,,,,,,,,,,,,,,,Looking at a photo for 1 second then answering questions.,Did you notice what hand they were holding the bag in?,Blue,5,,24,Male
P0731,168,TRUE,anonymous,EN,I consent.,0,0,1.01,0,No,Yes,Yes,Yes,Yes,Yes,Yes,Yes,Yes,0,0,1.007,0,Yes,Yes,Yes,Yes,No,No,Yes,Yes,Yes,,,,,,,,,,,,,,,,,,,,,,,,,,,,,,,,,,,,,,,,,,,,,,,,,,,,,,,,,,,,,,,,,,,,,,,,,,,,,,,,,,,,,,,,,,,,,,,,,,,,,,,,,,,,,,,,,,,,,0,0,1.107,0,,,,,,,,,,,,,,,,,Yes,No,Yes,Yes,Yes,No,Yes,Yes,No,Answer questions about images shown got a brief time,Whether I noticed if the setting was indoors or outside ,Blue,5,,38,Male
P0732,362,TRUE,anonymous,EN,I consent.,0,0,1.113,0,Yes,Yes,Yes,Yes,Yes,No,Yes,Yes,Yes,0,0,1.112,0,Yes,Yes,Yes,Yes,Yes,Yes,Yes,Yes,Yes,,,,,,,,,,,,,,,,,,,,,,,,,,,,,,,,,,,,,,,,,,,,,,,,,,,,,,,,,,,,,,,,,,,,,,,,,,,,,,,,,,,,,,,,,,,,,,,,,,,,,,,,,,,,,,,,,,,,,,,,,,,,,,,,,0,0,1.006,0,,,,,Yes,No,Yes,Yes,Yes,Yes,Yes,Yes,Yes,Identifying details in pictures,Did I notice whether the person was sitting or standing,Blue,5,,69,Male
P0733,294,TRUE,anonymous,EN,I consent.,0,0,1.01,0,No,Yes,Yes,Yes,Yes,Yes,Yes,Yes,No,0.873,0.873,1.113,1,Yes,Yes,Yes,Yes,Yes,No,Yes,No,Yes,,,,,,,,,,,,,,,,,,,,,,,,,,,,,,,,,,,,,,,,,,,,,,,,,,,,,,,,,,,,,,,,,,,,,,,,,,,,,,,,,,,,,,,,,,,,,,,,,,,,,,,,,,,,,,,,,,,,,,,,,,,,,,,,,,,,,0.713,0.713,1.018,1,Yes,Yes,Yes,Yes,No,No,No,Yes,No,DESCIBE PERCEPTION OF IMAGES,DID YOU notice which shoe she was taking off,blue,5,,41,Male
P0734,301,TRUE,anonymous,EN,I consent.,0,0,1.01,0,No,Yes,Yes,Yes,Yes,Yes,Yes,Yes,No,0,0,1.015,0,Yes,Yes,Yes,Yes,Yes,No,Yes,Yes,Yes,,,,,,,,,,,,,0,0,1.01,0,,,,,No,Yes,Yes,Yes,No,No,No,Yes,Yes,,,,,,,,,,,,,,,,,,,,,,,,,,,,,,,,,,,,,,,,,,,,,,,,,,,,,,,,,,,,,,,,,,,,,,,,,,,,,,,,,,,,,,,,,,,,,,,,,,,,,,,,,,,,,,,,,,,,,I had one second to consider an image and then had to answer yes and no questions about the image.,Did you notice the size of the ball in the image.,blue,5,"Wow, that was wild! I kept expecting you to ask what the color was, not just if I noticed it or not!!!",68,Male
P0735,339,TRUE,anonymous,EN,I consent.,0,0,1.116,0,No,Yes,Yes,Yes,Yes,Yes,Yes,Yes,Yes,0,0,1.113,0,Yes,Yes,Yes,Yes,No,No,Yes,Yes,Yes,,,,,,,,,,,,,,,,,,,,,,,,,,,,,,0,0,1.015,0,,,,,,,,,,,,,,,,,No,No,Yes,Yes,No,Yes,Yes,Yes,Yes,,,,,,,,,,,,,,,,,,,,,,,,,,,,,,,,,,,,,,,,,,,,,,,,,,,,,,,,,,,,,,,,,,,,,,,,,,,,,,,,,,,,,,,,look at a picture for one second and then answered questions about what I noticed,Did you notice a refrigerator in the picture?,blue,5,,52,Female
P0736,179,TRUE,anonymous,EN,I consent.,0,0,1.009,0,Yes,Yes,Yes,Yes,No,Yes,Yes,No,Yes,0,0,1.114,0,No,Yes,No,Yes,No,No,Yes,No,No,,,,,,,,,,,,,,,,,,,,,,,,,,,,,,,,,,,,,,,,,,0,0,1.013,0,,,,,Yes,No,No,Yes,No,Yes,No,No,Yes,,,,,,,,,,,,,,,,,,,,,,,,,,,,,,,,,,,,,,,,,,,,,,,,,,,,,,,,,,,,,,,,,,,,,,,,,,,,,,,,,,,,,,,,Viewing an image for one second and then answering a series of yes or no questions based on what I recalled.,Did I notice whether the object in the kitchen was stable,blue,5,,38,Female
P0737,139,TRUE,anonymous,EN,I consent.,0,0,1.021,0,No,Yes,Yes,Yes,Yes,Yes,Yes,No,Yes,0,0,1.124,0,Yes,Yes,Yes,Yes,Yes,Yes,Yes,Yes,Yes,,,,,,,,,0,0,1.021,0,,,,,,,,,Yes,Yes,Yes,Yes,Yes,No,No,Yes,Yes,,,,,,,,,,,,,,,,,,,,,,,,,,,,,,,,,,,,,,,,,,,,,,,,,,,,,,,,,,,,,,,,,,,,,,,,,,,,,,,,,,,,,,,,,,,,,,,,,,,,,,,,,,,,,,,,,,,,,Recall details of an image I had one second to view.,Did I see the trajectory of the object in the image?,Blue,5,,33,Male
P0738,226,TRUE,anonymous,EN,I consent.,0,0,1.11,0,Yes,Yes,Yes,Yes,Yes,Yes,Yes,No,Yes,0,0,1.012,0,Yes,Yes,Yes,Yes,Yes,Yes,Yes,Yes,No,,,,,,,,,,,,,,,,,,,,,,,,,,,,,,,,,,,,,,,,,,,,,,0,0,1.01,0,Yes,Yes,Yes,Yes,No,Yes,Yes,Yes,No,,,,,,,,,,,,,,,,,,,,,,,,,,,,,,,,,,,,,,,,,,,,,,,,,,,,,,,,,,,,,,,,,,,,,,,,,,,,,,,,,,,,,,,,View image for 1 second and answer questions about the details.,Did I notice the color of the object.,Blue,5,,37,Male
P0739,296,TRUE,anonymous,EN,I consent.,0,0,1.111,0,Yes,Yes,Yes,Yes,Yes,Yes,Yes,Yes,Yes,0,0,1.006,0,Yes,Yes,Yes,Yes,Yes,Yes,Yes,Yes,Yes,,,,,,,,,,,,,,,,,,,,,,,,,,,,,,,,,,,,,,,,,,,,,,,,,,,,,,,,,,,,,,,,,,,,,,,,,,,0,0,1.014,0,Yes,Yes,Yes,No,Yes,Yes,Yes,Yes,Yes,,,,,,,,,,,,,,,,,,,,,,,,,,,,,,,,,,,,,,,,,,,,,,,,,,,,,,,,,,,See one image for one second.,Did you notice whether the object was in motion or not?,blue,5,,24,Male
P0740,184,TRUE,anonymous,EN,I consent.,0,0,1.124,0,Yes,Yes,Yes,Yes,Yes,Yes,Yes,Yes,Yes,0.765,0.765,1.016,1,Yes,Yes,Yes,Yes,Yes,No,Yes,Yes,Yes,,,,,0.701,0.701,1.013,1,,,,,,,,,,,,,Yes,Yes,Yes,Yes,No,No,No,Yes,Yes,,,,,,,,,,,,,,,,,,,,,,,,,,,,,,,,,,,,,,,,,,,,,,,,,,,,,,,,,,,,,,,,,,,,,,,,,,,,,,,,,,,,,,,,,,,,,,,,,,,,,,,,,,,,,,,,,,,,,To look at an image for one second and answer related questions about it.,"""Did you notice if there was a refrigerator or not""",blue,5,"n/a, thank you.",33,Female
P0741,322,TRUE,anonymous,EN,I consent.,0,0,1.019,0,No,Yes,Yes,Yes,Yes,Yes,Yes,Yes,No,0,0,1.005,0,No,Yes,Yes,Yes,Yes,No,Yes,Yes,No,,,,,,,,,,,,,,,,,,,,,,,,,,,,,,,,,,,,,,,,,,,,,,,,,,,,,,,,,,,,,,,,,,,,,,,,,,,,,,,,,,,,,,,,,,,,,,,,,,,,,,,,,,,,,,,,,,,,,,,,,,,,,0,0,1.009,0,,,,,,,,,Yes,Yes,No,Yes,Yes,Yes,No,Yes,Yes,To identify the subjects in the image.,If the subject had socks on.,Blue,5,,55,Male
P0742,219,TRUE,anonymous,EN,I consent.,0,0,1.007,0,Yes,Yes,Yes,Yes,Yes,Yes,Yes,No,No,0,0,1.006,0,Yes,Yes,Yes,Yes,No,No,Yes,Yes,Yes,,,,,,,,,,,,,,,,,,,,,,,,,,,,,,,,,,,,,,,,,,,,,,,,,,,,,,,,,,,,,,,,,,,,,,,,,,,,,,,,,,,,,,,,0,0,1.007,0,,,,,,,,,,,,,,,,,Yes,Yes,No,No,Yes,Yes,Yes,Yes,Yes,,,,,,,,,,,,,,,,,,,,,,,,,,,,,,I was to answer whether or not I noticed certain things in a photo. ,Did you notice the size of the candle. ,blue,5,,31,Male
P0743,225,TRUE,anonymous,EN,I consent.,0,0,1.01,0,Yes,Yes,Yes,Yes,Yes,Yes,Yes,Yes,No,0,0,1.01,0,Yes,Yes,Yes,Yes,Yes,Yes,Yes,Yes,Yes,,,,,,,,,,,,,,,,,0.708,0.708,1.114,1,No,Yes,Yes,No,Yes,Yes,Yes,No,Yes,,,,,,,,,,,,,,,,,,,,,,,,,,,,,,,,,,,,,,,,,,,,,,,,,,,,,,,,,,,,,,,,,,,,,,,,,,,,,,,,,,,,,,,,,,,,,,,,,,,,,,,,,,,,,,,,,,,,,I had one second to take in as many detail of a AI generated picture shown to me then had to answer y/n to questions regarding what I noticed or did not notice about the photo,Did you notice the gender of the person.,blue,5,,25,Male
P0744,237,TRUE,anonymous,EN,I consent.,0,0,1.006,0,Yes,Yes,Yes,Yes,Yes,Yes,Yes,No,No,0,0,1.008,0,Yes,No,Yes,No,Yes,Yes,Yes,Yes,No,,,,,,,,,,,,,,,,,,,,,,,,,,,,,,,,,,,,,,,,,,,,,,,,,,,,,,,,,,,,,,,,,,,,,,,,,,,,,,,,,,,,,,,,0,0,1.006,0,,,,,,,,,,,,,,,,,No,No,No,No,Yes,Yes,Yes,Yes,Yes,,,,,,,,,,,,,,,,,,,,,,,,,,,,,,to look at a picture for one second and then answer questions about what I noticed,Did I notice the color of the candle,blue,5,,47,Female
P0745,454,TRUE,anonymous,EN,I consent.,0,0,1.016,0,No,Yes,Yes,Yes,Yes,Yes,Yes,No,Yes,0,0,1.02,0,Yes,Yes,Yes,Yes,Yes,No,Yes,Yes,Yes,,,,,,,,,,,,,,,,,,,,,,,,,,,,,,,,,,,,,,,,,,,,,,,,,,,,,,,,,,,,,,,,,,,,,,,,,,,,,,,,,,,,,,,,,,,,0,0,1.114,0,,,,,,,,,,,,,No,Yes,No,Yes,Yes,Yes,Yes,Yes,Yes,,,,,,,,,,,,,,,,,,,,,,,,,,,,,,YOU HAVE 1 SEC TO SCAN A PICTURE AND ASKED QUESTIONS,WHAT COLOR AND SHAPE WAS THE OBJECT,BLUE,5,NO,45,Female
P0746,305,TRUE,anonymous,EN,I consent.,0,0,1.009,0,Yes,Yes,Yes,Yes,Yes,Yes,Yes,Yes,Yes,0,0,1.108,0,Yes,Yes,Yes,Yes,Yes,Yes,Yes,Yes,Yes,,,,,,,,,,,,,,,,,,,,,,,,,,,,,,,,,,,,,,0,0,1.011,0,,,,,,,,,Yes,Yes,Yes,Yes,Yes,Yes,Yes,Yes,No,,,,,,,,,,,,,,,,,,,,,,,,,,,,,,,,,,,,,,,,,,,,,,,,,,,,,,,,,,,,,,,,,,,,,,,,,,,,,,,,,,,,,,,,Look at a picture for just one second and then answer questions about the details I noticed.,If I noticed the color and pattern of the person in the picture.,Blue.,5,,40,Male
P0747,205,TRUE,anonymous,EN,I consent.,0,0,1.012,0,Yes,Yes,Yes,Yes,Yes,No,Yes,No,Yes,0,0,1.006,0,Yes,Yes,No,Yes,Yes,Yes,Yes,Yes,Yes,,,,,,,,,,,,,,,,,0,0,1.113,0,Yes,Yes,Yes,No,No,No,Yes,Yes,Yes,,,,,,,,,,,,,,,,,,,,,,,,,,,,,,,,,,,,,,,,,,,,,,,,,,,,,,,,,,,,,,,,,,,,,,,,,,,,,,,,,,,,,,,,,,,,,,,,,,,,,,,,,,,,,,,,,,,,,To answer yes or no to items noticed in pictures.,Did you notice the size of the ball?,blue,5,,49,Female
P0748,137,TRUE,anonymous,EN,I consent.,0,0,1.016,0,No,Yes,Yes,Yes,Yes,No,Yes,Yes,Yes,0,0,1.021,0,Yes,Yes,Yes,Yes,Yes,Yes,Yes,Yes,Yes,,,,,,,,,,,,,,,,,,,,,,,,,,,,,,,,,,,,,,,,,,,,,,,,,,,,,,,,,,,,,,,,,,,,,,,0,0,1.023,0,,,,,Yes,Yes,No,No,Yes,Yes,No,Yes,Yes,,,,,,,,,,,,,,,,,,,,,,,,,,,,,,,,,,,,,,,,,,,,,,,,,,,,,,,,,,,To see an image for a single second and then answer various questions about details you may or may not have seen.,Did I notice what kind of treat was in the man's hand.,Blue,5,,27,Prefer not to say
P0749,326,TRUE,anonymous,EN,I consent.,0,0,1.007,0,Yes,Yes,Yes,Yes,Yes,Yes,Yes,Yes,Yes,0,0,1.007,0,Yes,Yes,Yes,Yes,Yes,Yes,Yes,Yes,Yes,,,,,,,,,,,,,,,,,,,,,,,,,,,,,,,,,,,,,,,,,,,,,,,,,,,,,,,,,,,,,,,,,,,,,,,,,,,,,,,,,,,,,,,,,,,,,,,,,,,,,,,,,,,,,,,,,,,,,,,,,0,0,1.106,0,,,,,,,,,,,,,Yes,Yes,Yes,Yes,Yes,Yes,Yes,Yes,Yes,I was to view a picture for 1 second and observe what I saw. I was then asked multiple question about what I noticed.,If I saw a person in the picture.,blue ,5,,69,Female
P0750,361,TRUE,anonymous,EN,I consent.,0,0,1.008,0,Yes,Yes,Yes,Yes,Yes,Yes,Yes,Yes,Yes,0,0,1.007,0,Yes,Yes,Yes,Yes,Yes,No,Yes,Yes,Yes,,,,,,,,,,,,,,,,,,,,,,,,,,,,,,,,,,,,,,,,,,,,,,,,,,,,,,,,,,,0,0,1.006,0,,,,,,,,,,,,,,,,,Yes,No,Yes,Yes,Yes,Yes,Yes,Yes,Yes,,,,,,,,,,,,,,,,,,,,,,,,,,,,,,,,,,,,,,,,,,,,,,,,,,,,,,,,,,,To see if you can memorize the details in the image within one second,What was the object sitting on.,Blue,5,,20,Male
P0751,327,TRUE,anonymous,EN,I consent.,0,0,1.029,0,No,Yes,Yes,Yes,Yes,Yes,Yes,Yes,Yes,0,0,1.017,0,Yes,Yes,Yes,Yes,No,No,Yes,Yes,No,,,,,,,,,,,,,,,,,,,,,,,,,,,,,,,,,,0,0,1.127,0,,,,,,,,,,,,,Yes,Yes,Yes,Yes,Yes,Yes,Yes,No,No,,,,,,,,,,,,,,,,,,,,,,,,,,,,,,,,,,,,,,,,,,,,,,,,,,,,,,,,,,,,,,,,,,,,,,,,,,,,,,,,,,,,,,,,briefly viewing a pic then answer questions about that pic and it's contents,did you notice size of object,blue,5,normally this would have been returned once we came to REQUIRED writing that was not made known in advance on Prolific task preview page BEFORE workers click start link on same page,64,Male
P0752,144,TRUE,anonymous,EN,I consent.,0,0,1.114,0,No,Yes,Yes,Yes,Yes,Yes,Yes,No,Yes,0,0,1.007,0,Yes,Yes,Yes,Yes,No,Yes,Yes,Yes,Yes,,,,,,,,,,,,,,,,,,,,,,,,,,,,,,,,,,,,,,,,,,,,,,,,,,,,,,,,,,,,,,,,,,,,,,,0,0,1.119,0,,,,,Yes,Yes,No,No,No,Yes,Yes,Yes,Yes,,,,,,,,,,,,,,,,,,,,,,,,,,,,,,,,,,,,,,,,,,,,,,,,,,,,,,,,,,,noticing details of a picture,did you notice the age of the person in the picture,blue,5,,42,Female
P0753,193,TRUE,anonymous,EN,I consent.,0,0,1.112,0,Yes,Yes,Yes,Yes,Yes,No,Yes,No,Yes,0,0,1.007,0,Yes,Yes,Yes,Yes,No,Yes,Yes,Yes,Yes,,,,,,,,,,,,,,,,,,,,,,,,,,,,,,,,,,,,,,,,,,,,,,,,,,,,,,,,,,,,,,,,,,,,,,,,,,,,,,,,,,,,,,,,,,,,,,,,,,,,0,0,1.01,0,,,,,Yes,Yes,No,No,Yes,Yes,No,Yes,Yes,,,,,,,,,,,,,,,,,,,,,,,,,,,,,,Remember details about a picture,Did you notice the color of the candle?,Blue,5,,25,Male
P0754,207,TRUE,anonymous,EN,I consent.,0,0,1.008,0,Yes,Yes,Yes,Yes,Yes,Yes,Yes,No,Yes,0,0,1.111,0,Yes,Yes,Yes,Yes,Yes,Yes,Yes,No,Yes,,,,,,,,,,,,,,,,,,,,,,,,,,,,,,,,,,,,,,,,,,,,,,,,,,,,,,,,,,,,,,,,,,,,,,,,,,,,,,,,,,,,,,,,,,,,,,,,,,,,,,,,,,,,,,,,,,,,,0,0,1.012,0,,,,,,,,,,,,,,,,,Yes,No,Yes,Yes,Yes,Yes,Yes,Yes,Yes,I looked at a picture for 1 second and then answered questions about whether I noticed details about the picture.,Did you notice the man's build?,blue,5,,48,Male
P0755,197,TRUE,anonymous,EN,I consent.,0,0,1.007,0,No,Yes,Yes,Yes,Yes,Yes,Yes,Yes,Yes,0,0,1.011,0,Yes,Yes,Yes,Yes,No,No,Yes,Yes,No,,,,,,,,,,,,,,,,,,,,,,,,,,,,,,,,,,,,,,,,,,,,,,,,,,,,,,,,,,,,,,,,,,,,,,,,,,,,,,,,,,,,,,,,,,,,,,,,,,,,,,,,,,,,,,,,,,,,,,,,,0,0,1.11,0,,,,,,,,,,,,,Yes,No,No,Yes,Yes,Yes,Yes,Yes,No,To see an image for 1 second and then I was asked questions about the details.,Did you notice if there was a refrigerator? ,blue,5,,30,Male
P0756,259,TRUE,anonymous,EN,I consent.,0,0,1.024,0,No,Yes,Yes,Yes,Yes,No,Yes,Yes,No,0,0,1.132,0,Yes,Yes,Yes,Yes,Yes,No,Yes,Yes,No,,,,,,,,,,,,,,,,,,,,,,,,,,,,,,,,,,,,,,,,,,,,,,,,,,,,,,,,,,,,,,,,,,,,,,,,,,,,,,,,,,,,,,,,,,,,,,,,,,,,,,,,,,,,,,,,,,,,,,,,,,,,,,,,,,,,,0,0,1.022,0,Yes,Yes,Yes,Yes,Yes,Yes,Yes,Yes,Yes,Study the picture for one second and say what details you notice,what shoe the person took off,not sure,5,,39,Female
P0757,294,TRUE,anonymous,EN,I consent.,0,0,1.007,0,Yes,Yes,Yes,Yes,Yes,No,Yes,Yes,Yes,0,0,1.005,0,Yes,Yes,Yes,Yes,Yes,Yes,Yes,Yes,Yes,,,,,,,,,,,,,,,,,,,,,,,,,,,,,,,,,,,,,,,,,,,,,,,,,,,,,,,,,,,,,,,,,,,,,,,,,,,,,,,,,,,,,,,,,,,,,,,,,,,,,,,,,,,,,,,,,,,,,,,,,,,,,,,,,0,0,1.115,0,,,,,Yes,Yes,No,Yes,Yes,No,Yes,Yes,Yes,Check the image for a short period of time.,Did you check the color of the object?,blue,5,,51,Female
P0758,144,TRUE,anonymous,EN,I consent.,0,0,1.008,0,No,Yes,Yes,Yes,Yes,Yes,Yes,No,Yes,0,0,1.007,0,Yes,Yes,Yes,Yes,No,No,Yes,Yes,Yes,,,,,,,,,,,,,,,,,,,,,,,,,,,,,,,,,,0,0,1.008,0,,,,,,,,,,,,,Yes,Yes,Yes,No,No,Yes,Yes,Yes,Yes,,,,,,,,,,,,,,,,,,,,,,,,,,,,,,,,,,,,,,,,,,,,,,,,,,,,,,,,,,,,,,,,,,,,,,,,,,,,,,,,,,,,,,,,"I was tasked with viewing an image for 1 second, and then determining the information that I saw within said image!",Did I notice how the bag was being handled?,Blue,5,"None at all, thank you! :) ",29,Male
P0759,455,TRUE,anonymous,EN,I consent.,0,0,1.131,0,No,Yes,Yes,Yes,No,No,Yes,Yes,Yes,0,0,1.032,0,No,No,No,No,No,No,Yes,Yes,No,,,,,,,,,,,,,,,,,,,,,,,,,,,,,,,,,,,,,,,,,,,,,,,,,,,,,,,,,,,,,,,,,,,,,,,,,,,0,0,1.129,0,Yes,No,No,No,No,Yes,Yes,Yes,No,,,,,,,,,,,,,,,,,,,,,,,,,,,,,,,,,,,,,,,,,,,,,,,,,,,,,,,,,,,TO VIEW AN IMAGE briefly and then ask questions about it,was the object indoors or outdoors,blue,5,,51,Female
P0760,307,TRUE,anonymous,EN,I consent.,0,0,1.012,0,No,Yes,Yes,No,Yes,Yes,Yes,Yes,Yes,0,0,1.107,0,Yes,Yes,Yes,Yes,No,Yes,Yes,Yes,Yes,,,,,,,,,,,,,,,,,,,,,,,,,,,,,,,,,,,,,,,,,,,,,,,,,,,,,,,,,,,,,,,,,,,0,0,1.008,0,,,,,,,,,Yes,Yes,No,No,No,Yes,Yes,Yes,No,,,,,,,,,,,,,,,,,,,,,,,,,,,,,,,,,,,,,,,,,,,,,,,,,,,,,,,,,,,to remember details of an image shown to me for just one second,did you notice the type of animal?,blue,5,,39,Female
P0761,215,TRUE,anonymous,EN,I consent.,0,0,1.008,0,No,Yes,Yes,No,Yes,No,Yes,Yes,Yes,0,0,1.107,0,Yes,Yes,Yes,No,No,Yes,Yes,Yes,Yes,0,0,1.107,0,,,,,,,,,,,,,,,,,Yes,Yes,No,No,No,No,No,Yes,No,,,,,,,,,,,,,,,,,,,,,,,,,,,,,,,,,,,,,,,,,,,,,,,,,,,,,,,,,,,,,,,,,,,,,,,,,,,,,,,,,,,,,,,,,,,,,,,,,,,,,,,,,,,,,,,,,,,,,Recall what I saw during a 1 second image.,Did you notice the color of the ball?,blue,5,,34,Female
P0762,318,TRUE,anonymous,EN,I consent.,0,0,1.015,0,No,Yes,Yes,Yes,Yes,Yes,Yes,No,Yes,0,0,1.015,0,Yes,Yes,Yes,Yes,Yes,No,Yes,Yes,Yes,,,,,,,,,,,,,,,,,,,,,,,,,,,,,,,,,,,,,,,,,,,,,,,,,,,,,,,,,,,,,,,,,,,0,0,1.012,0,,,,,,,,,Yes,Yes,No,Yes,Yes,Yes,Yes,No,Yes,,,,,,,,,,,,,,,,,,,,,,,,,,,,,,,,,,,,,,,,,,,,,,,,,,,,,,,,,,,Noticing details about an image only seen for 1 second,Did I notice the treat offered to the animal,blue,5,fun,43,Female
P0763,181,TRUE,anonymous,EN,I consent.,0,0,1.02,0,No,Yes,Yes,Yes,Yes,No,Yes,Yes,Yes,0,0,1.107,0,Yes,Yes,Yes,Yes,Yes,Yes,Yes,Yes,Yes,,,,,,,,,,,,,,,,,,,,,,,,,,,,,,,,,,,,,,,,,,,,,,,,,,,,,,,,,,,,,,,,,,,,,,,,,,,,,,,,,,,,,,,,,,,,,,,,,,,,,,,,,,,,,,,,,,,,,,,,,,,,,,,,,,,,,0,0,1.109,0,Yes,Yes,Yes,Yes,Yes,Yes,Yes,Yes,Yes,I was given one second to learn about the image and I had to answer questions based on the image. ,Did you notice the person's clothes (color or pattern)?,Blue,5,,43,Female
P0764,172,TRUE,anonymous,EN,I consent.,0,0,1.106,0,No,No,Yes,Yes,Yes,No,No,Yes,No,0,0,1.107,0,Yes,Yes,Yes,Yes,No,Yes,Yes,Yes,Yes,,,,,,,,,0,0,1.122,0,,,,,,,,,No,Yes,Yes,Yes,No,No,No,Yes,Yes,,,,,,,,,,,,,,,,,,,,,,,,,,,,,,,,,,,,,,,,,,,,,,,,,,,,,,,,,,,,,,,,,,,,,,,,,,,,,,,,,,,,,,,,,,,,,,,,,,,,,,,,,,,,,,,,,,,,,Look at a picture for one second and then recall what I could remember on the next page.,Do you remember if there was a refrigerator? ,Blue,5,,28,Female
P0765,209,TRUE,anonymous,EN,I consent.,0,0,1.115,0,Yes,Yes,Yes,Yes,Yes,No,Yes,No,Yes,0,0,1.017,0,Yes,Yes,Yes,Yes,Yes,Yes,Yes,Yes,Yes,0,0,1.02,0,,,,,,,,,,,,,,,,,No,Yes,Yes,Yes,Yes,Yes,Yes,Yes,Yes,,,,,,,,,,,,,,,,,,,,,,,,,,,,,,,,,,,,,,,,,,,,,,,,,,,,,,,,,,,,,,,,,,,,,,,,,,,,,,,,,,,,,,,,,,,,,,,,,,,,,,,,,,,,,,,,,,,,,Remembering details of a photo with one a second to view the photo of.,Notice the size of the object,blue,5,,30,Male
P0766,318,TRUE,anonymous,EN,I consent.,0,0,1.122,0,No,Yes,Yes,Yes,Yes,Yes,Yes,Yes,Yes,0,0,1.021,0,Yes,Yes,Yes,Yes,No,Yes,Yes,No,Yes,,,,,,,,,,,,,,,,,,,,,,,,,,,,,,,,,,,,,,,,,,0,0,1.124,0,,,,,No,No,Yes,No,No,No,Yes,Yes,Yes,,,,,,,,,,,,,,,,,,,,,,,,,,,,,,,,,,,,,,,,,,,,,,,,,,,,,,,,,,,,,,,,,,,,,,,,,,,,,,,,,,,,,,,,To view an image for 1 second and then answer questions on what I did or did not notice.,"""Did you notice the material of the object?""",Blue,5,"There was a question asking if I noticed if the object was ""stable."" I'm unsure what exactly ""stable"" meant so I answered ""no.""",32,Male
P0767,248,TRUE,anonymous,EN,I consent.,0,0,1.005,0,Yes,Yes,Yes,Yes,Yes,Yes,Yes,Yes,Yes,0,0,1.005,0,Yes,Yes,Yes,Yes,Yes,No,Yes,Yes,Yes,,,,,,,,,,,,,,,,,,,,,,,,,,,,,,,,,,,,,,,,,,,,,,,,,,,,,,,,,,,,,,,,,,,,,,,,,,,,,,,,,,,,,,,,,,,,,,,,,,,,,,,,,,,,,,,,,,,,,,,,,,,,,,,,,,,,,0,0,1.005,0,Yes,Yes,Yes,Yes,Yes,Yes,Yes,Yes,Yes,observe a picture for 1 second and note the different objects in it,Was the person wearing socks,blue,5,,71,Male
P0768,146,TRUE,anonymous,EN,I consent.,0,0,1.005,0,No,Yes,Yes,Yes,Yes,No,Yes,Yes,No,0,0,1.107,0,Yes,Yes,Yes,Yes,Yes,Yes,Yes,Yes,Yes,,,,,,,,,,,,,,,,,,,,,,,,,,,,,,,,,,,,,,,,,,0,0,1.006,0,,,,,Yes,Yes,Yes,No,Yes,No,Yes,No,Yes,,,,,,,,,,,,,,,,,,,,,,,,,,,,,,,,,,,,,,,,,,,,,,,,,,,,,,,,,,,,,,,,,,,,,,,,,,,,,,,,,,,,,,,,Look at a picture for 1 second then answer yes/no questions regarding the details of the image.,Did you notice the fruit the person was holding?,Blue,5,,24,Male
P0769,1588,TRUE,anonymous,EN,I consent.,0,0,1.117,0,Yes,Yes,No,Yes,Yes,No,Yes,No,No,0,0,1.113,0,No,Yes,Yes,Yes,Yes,Yes,Yes,No,No,,,,,,,,,,,,,,,,,,,,,,,,,,,,,,,,,,,,,,,,,,,,,,,,,,,,,,,,,,,,,,,,,,,,,,,,,,,,,,,,,,,,,,,,,,,,,,,,0,0,1.106,0,,,,,,,,,No,No,No,No,Yes,No,Yes,Yes,Yes,,,,,,,,,,,,,,,,,,,,,,,,,,,,,,Observe the image for a second and answer the yes or no questions.,Did you observe if the image was inside or outside?,blue,5,,35,Male
P0770,269,TRUE,anonymous,EN,I consent.,0,0,1.017,0,No,Yes,Yes,Yes,Yes,Yes,Yes,Yes,Yes,0,0,1.012,0,Yes,Yes,Yes,Yes,Yes,Yes,Yes,Yes,No,,,,,,,,,,,,,,,,,,,,,,,,,,,,,,,,,,0,0,1.016,0,,,,,,,,,,,,,Yes,Yes,Yes,Yes,No,Yes,Yes,Yes,No,,,,,,,,,,,,,,,,,,,,,,,,,,,,,,,,,,,,,,,,,,,,,,,,,,,,,,,,,,,,,,,,,,,,,,,,,,,,,,,,,,,,,,,,To look at an image for 1 second and answer questions about it.,Did I notice the persons build.,blue,5,,51,Male
P0771,353,TRUE,anonymous,EN,I consent.,0,0,1.014,0,Yes,Yes,Yes,No,No,Yes,Yes,Yes,No,0,0,1.114,0,Yes,Yes,Yes,Yes,Yes,Yes,Yes,Yes,No,,,,,,,,,,,,,,,,,,,,,,,,,,,,,,,,,,,,,,,,,,,,,,,,,,,,,,,,,,,,,,,,,,,,,,,,,,,0,0,1.008,0,Yes,Yes,No,No,Yes,Yes,Yes,Yes,Yes,,,,,,,,,,,,,,,,,,,,,,,,,,,,,,,,,,,,,,,,,,,,,,,,,,,,,,,,,,,I was shown an image for one second and then asked if I noticed certain details in the image or not.,Did you notice the animals size?,Blue,5,,56,Male
P0772,143,TRUE,anonymous,EN,I consent.,0,0,1.008,0,No,Yes,Yes,Yes,Yes,Yes,Yes,Yes,Yes,0,0,1.008,0,Yes,Yes,Yes,Yes,No,No,Yes,Yes,Yes,,,,,,,,,,,,,,,,,,,,,,,,,,,,,,,,,,,,,,0,0,1.006,0,,,,,,,,,Yes,Yes,Yes,No,No,No,Yes,Yes,No,,,,,,,,,,,,,,,,,,,,,,,,,,,,,,,,,,,,,,,,,,,,,,,,,,,,,,,,,,,,,,,,,,,,,,,,,,,,,,,,,,,,,,,,I saw a picture for one second and answered questions about what I noticed. ,Did you notice the light source?,blue,5,,24,Female
P0773,413,TRUE,anonymous,EN,I consent.,0,0,1.114,0,Yes,Yes,Yes,Yes,Yes,Yes,Yes,Yes,Yes,0,0,1.015,0,Yes,Yes,Yes,Yes,Yes,Yes,Yes,Yes,Yes,,,,,,,,,,,,,0,0,1.008,0,,,,,Yes,Yes,Yes,Yes,Yes,Yes,Yes,Yes,Yes,,,,,,,,,,,,,,,,,,,,,,,,,,,,,,,,,,,,,,,,,,,,,,,,,,,,,,,,,,,,,,,,,,,,,,,,,,,,,,,,,,,,,,,,,,,,,,,,,,,,,,,,,,,,,,,,,,,,,To remember what yo saw.,was a person or object?,Blue,5,,38,Female
P0774,338,TRUE,anonymous,EN,I consent.,0,0,1.017,0,No,Yes,Yes,Yes,Yes,Yes,Yes,Yes,Yes,0,0,1.013,0,Yes,Yes,Yes,Yes,No,Yes,Yes,Yes,Yes,,,,,,,,,,,,,,,,,,,,,,,,,,,,,,,,,,,,,,,,,,,,,,,,,,,,,,,,,,,,,,,,,,,,,,,,,,,,,,,,,,,,,,,,,,,,,,,,0,0,1.015,0,,,,,,,,,Yes,No,No,No,Yes,Yes,Yes,Yes,No,,,,,,,,,,,,,,,,,,,,,,,,,,,,,,I was shown pictures for 1 second and try to identify details,Did I notice if it was inside or outside,blue,5,,61,Female
P0775,129,TRUE,anonymous,EN,I consent.,0,0,1.12,0,No,Yes,Yes,Yes,Yes,No,Yes,Yes,Yes,0,0,1.114,0,Yes,Yes,No,Yes,Yes,Yes,Yes,Yes,Yes,,,,,,,,,,,,,,,,,,,,,,,,,,,,,,,,,,,,,,,,,,,,,,,,,,,,,,,,,,,,,,,,,,,,,,,,,,,,,,,,,,,,,,,,,,,,,,,,,,,,0,0,1.012,0,,,,,No,Yes,No,Yes,Yes,Yes,Yes,Yes,Yes,,,,,,,,,,,,,,,,,,,,,,,,,,,,,,To reflect on what I remembered from an image shown to me for 1 second,If there was a cloud in the sky from the first picutre,blue,5,,33,Male
P0776,146,TRUE,anonymous,EN,I consent.,0,0,1.113,0,Yes,Yes,Yes,Yes,Yes,Yes,Yes,Yes,Yes,0,0,1.113,0,Yes,Yes,Yes,Yes,Yes,Yes,Yes,Yes,Yes,,,,,,,,,,,,,,,,,,,,,,,,,,,,,,,,,,,,,,,,,,,,,,,,,,,,,,,,,,,,,,,,,,,,,,,,,,,,,,,,,,,,,,,,,,,,0,0,1.006,0,,,,,,,,,,,,,Yes,Yes,No,No,Yes,Yes,Yes,Yes,Yes,,,,,,,,,,,,,,,,,,,,,,,,,,,,,,Answer yes or no questions about what I saw in images,Did you notice the material of the object,blue,5,,42,Female
P0777,213,TRUE,anonymous,EN,I consent.,0,0,1.006,0,Yes,Yes,Yes,No,Yes,Yes,Yes,Yes,Yes,0,0,1.009,0,No,Yes,Yes,Yes,No,Yes,Yes,Yes,Yes,,,,,,,,,,,,,,,,,,,,,,,,,,,,,,,,,,,,,,,,,,,,,,,,,,,,,,,,,,,,,,,,,,,,,,,,,,,,,,,,,,,,,,,,,,,,,,,,0,0,1.108,0,,,,,,,,,No,Yes,No,No,Yes,Yes,Yes,Yes,Yes,,,,,,,,,,,,,,,,,,,,,,,,,,,,,, recall what i saw after viewing an image after a short time,color of the object,blue,5,,50,Female
P0778,379,TRUE,anonymous,EN,I consent.,0,0,1.016,0,Yes,Yes,Yes,Yes,Yes,Yes,Yes,Yes,Yes,0,0,1.011,0,Yes,Yes,Yes,Yes,Yes,Yes,Yes,Yes,Yes,,,,,,,,,,,,,,,,,,,,,,,,,,,,,,,,,,,,,,,,,,,,,,,,,,,,,,,,,,,,,,,0,0,1.115,0,,,,,,,,,,,,,Yes,Yes,No,Yes,Yes,Yes,Yes,Yes,Yes,,,,,,,,,,,,,,,,,,,,,,,,,,,,,,,,,,,,,,,,,,,,,,,,,,,,,,,,,,,"An image would appear for exactly 1 minute. Try to examine the picture, then answer the questions about the image.",Did you notice if there were clouds,blue,5,,51,Female
P0779,141,TRUE,anonymous,EN,I consent.,0,0,1.113,0,No,Yes,Yes,Yes,Yes,No,Yes,No,Yes,0,0,1.011,0,Yes,Yes,No,Yes,Yes,Yes,Yes,Yes,Yes,,,,,,,,,,,,,,,,,,,,,,,,,,,,,,,,,,,,,,,,,,,,,,,,,,,,,,,,,,,,,,,,,,,,,,,,,,,,,,,,,,,,,,,,,,,,,,,,,,,,,,,,,,,,,,,,,,,,,,,,,,,,,,,,,0,0,1.107,0,,,,,Yes,Yes,Yes,Yes,Yes,Yes,Yes,Yes,Yes,Look at a picture for a brief time and remember features.,I was asked if I remember if the setting was indoors or outdoors.,Blue,5,,30,Male
P0780,186,TRUE,anonymous,EN,I consent.,0,0,1.01,0,Yes,Yes,Yes,Yes,Yes,No,Yes,No,No,0,0,1.006,0,Yes,Yes,No,Yes,Yes,Yes,Yes,Yes,Yes,,,,,,,,,,,,,,,,,0,0,1.106,0,Yes,Yes,No,Yes,No,No,Yes,Yes,Yes,,,,,,,,,,,,,,,,,,,,,,,,,,,,,,,,,,,,,,,,,,,,,,,,,,,,,,,,,,,,,,,,,,,,,,,,,,,,,,,,,,,,,,,,,,,,,,,,,,,,,,,,,,,,,,,,,,,,,Memorize what was shown to us for a secong,The gender of the man in the picture,blue,5,,24,Female
P0781,232,TRUE,anonymous,EN,I consent.,0,0,1.112,0,No,Yes,Yes,Yes,Yes,Yes,Yes,Yes,Yes,0,0,1.113,0,Yes,Yes,Yes,Yes,Yes,Yes,Yes,Yes,Yes,,,,,,,,,,,,,,,,,,,,,,,,,,,,,,,,,,,,,,,,,,,,,,,,,,,,,,,,,,,,,,,,,,,,,,,,,,,,,,,,,,,,,,,,,,,,,,,,,,,,,,,,,,,,,,,,,,,,,0,0,1.111,0,,,,,,,,,,,,,,,,,Yes,No,Yes,Yes,Yes,Yes,Yes,Yes,No,I looked at an image for 1 second then answered questions about the image,did I notice what color the bench was?,blue,5,,33,Male
P0782,287,TRUE,anonymous,EN,I consent.,0,0,1.022,0,No,Yes,Yes,Yes,Yes,Yes,Yes,No,No,0,0,1.022,0,No,Yes,Yes,Yes,No,No,Yes,Yes,No,,,,,,,,,,,,,,,,,,,,,,,,,,,,,,,,,,,,,,,,,,,,,,,,,,,,,,,,,,,,,,,0,0,1.125,0,,,,,,,,,,,,,Yes,No,No,No,No,Yes,No,No,No,,,,,,,,,,,,,,,,,,,,,,,,,,,,,,,,,,,,,,,,,,,,,,,,,,,,,,,,,,,I looked at an image for 1 second and then answered questions about the image based on what I could remember.,Did you notice what kind of treat the person offered to the animal?,blue,5,,29,Female
P0783,669,TRUE,anonymous,EN,I consent.,0,0,1.012,0,Yes,Yes,Yes,No,No,Yes,Yes,Yes,No,0,0,1.007,0,Yes,Yes,No,Yes,Yes,Yes,Yes,Yes,No,,,,,,,,,,,,,,,,,,,,,,,,,,,,,,,,,,,,,,,,,,,,,,,,,,,,,,,,,,,,,,,,,,,,,,,,,,,,,,,,,,,,,,,,,,,,,,,,,,,,,,,,,,,,,,,,,,,,,0,0,1.012,0,,,,,,,,,,,,,,,,,Yes,No,Yes,Yes,Yes,Yes,Yes,No,No,To study images and answer questions about them,I was asked if I notice whether there was a person or not?,blue,5,,34,Male
P0784,407,TRUE,anonymous,EN,I consent.,0,0,1.009,0,No,Yes,Yes,No,No,No,Yes,No,No,0,0,1.106,0,Yes,Yes,No,Yes,No,No,Yes,Yes,Yes,,,,,,,,,,,,,,,,,,,,,,,,,,,,,,,,,,,,,,,,,,,,,,,,,,,,,,,,,,,,,,,,,,,,,,,,,,,,,,,,,,,,,,,,,,,,,,,,,,,,0,0,1.108,0,,,,,Yes,Yes,Yes,No,No,Yes,Yes,Yes,Yes,,,,,,,,,,,,,,,,,,,,,,,,,,,,,,The task was to identify quickly the shown picture.,Did I notice what color the person was wearing.,blue,5,Interesting. Thank you.,71,Female
P0785,220,TRUE,anonymous,EN,I consent.,0,0,1.014,0,Yes,Yes,Yes,Yes,Yes,Yes,Yes,Yes,Yes,0,0,1.122,0,Yes,Yes,Yes,Yes,Yes,Yes,Yes,Yes,Yes,,,,,0,0,1.199,0,,,,,,,,,,,,,Yes,Yes,Yes,Yes,Yes,Yes,Yes,Yes,Yes,,,,,,,,,,,,,,,,,,,,,,,,,,,,,,,,,,,,,,,,,,,,,,,,,,,,,,,,,,,,,,,,,,,,,,,,,,,,,,,,,,,,,,,,,,,,,,,,,,,,,,,,,,,,,,,,,,,,,Take in an image for one second and describe what elements you retained.,Did you notice the subjects hair color?,Blue,5,Fun,42,Female
P0786,215,TRUE,anonymous,EN,I consent.,0,0,1.114,0,Yes,Yes,Yes,Yes,Yes,Yes,Yes,Yes,No,0,0,1.115,0,Yes,Yes,Yes,Yes,Yes,No,Yes,Yes,No,,,,,,,,,,,,,,,,,,,,,,,,,,,,,,,,,,,,,,,,,,,,,,,,,,,,,,,,,,,0,0,1.114,0,,,,,,,,,,,,,,,,,Yes,Yes,No,No,No,Yes,Yes,Yes,No,,,,,,,,,,,,,,,,,,,,,,,,,,,,,,,,,,,,,,,,,,,,,,,,,,,,,,,,,,,I was asked to view pictures for one second and then answer questions about the details,"I was asked id I noticed the build of the person, if their was a refrigerator and similar",blue,5,,50,Female
P0787,335,TRUE,anonymous,EN,I consent.,0,0,1.107,0,No,Yes,Yes,Yes,Yes,Yes,Yes,Yes,Yes,0,0,1.108,0,Yes,Yes,No,Yes,No,No,Yes,Yes,No,,,,,,,,,,,,,,,,,,,,,,,,,,,,,,,,,,,,,,,,,,,,,,,,,,,,,,,,,,,,,,,,,,,,,,,,,,,,,,,,,,,,,,,,,,,,,,,,,,,,,,,,0,0,1.008,0,Yes,No,Yes,No,No,No,Yes,No,No,,,,,,,,,,,,,,,,,,,,,,,,,,,,,,answering about details in a image,idk how without repeating the previous but i belive one asked how many blue objectsthere were (if i noticed how many anyway),blue,5,,35,Male
P0788,110,TRUE,anonymous,EN,I consent.,0,0,1.108,0,Yes,Yes,Yes,Yes,Yes,Yes,Yes,No,Yes,0,0,1.107,0,Yes,Yes,Yes,Yes,No,No,Yes,Yes,No,,,,,0,0,1.108,0,,,,,,,,,,,,,Yes,Yes,Yes,Yes,No,Yes,No,Yes,Yes,,,,,,,,,,,,,,,,,,,,,,,,,,,,,,,,,,,,,,,,,,,,,,,,,,,,,,,,,,,,,,,,,,,,,,,,,,,,,,,,,,,,,,,,,,,,,,,,,,,,,,,,,,,,,,,,,,,,,to answer questions on details of photos we saw,did you notice the hair color of the person,blue,5,,27,Female
P0789,191,TRUE,anonymous,EN,I consent.,0,0,1.009,0,No,Yes,Yes,Yes,Yes,Yes,Yes,Yes,Yes,0,0,1.109,0,Yes,Yes,Yes,Yes,No,No,Yes,Yes,Yes,,,,,,,,,,,,,,,,,,,,,,,,,,,,,,,,,,,,,,,,,,,,,,,,,,,,,,,,,,,,,,,,,,,,,,,,,,,,,,,,,,,,,,,,,,,,,,,,,,,,,,,,,,,,,,,,,,,,,,,,,0,0,1.011,0,,,,,,,,,,,,,No,No,Yes,Yes,Yes,No,Yes,Yes,Yes,Looking at a picture and saying what I noticed,Whether I noticed if the person had socks or not,blue,5,,27,Female
P0790,263,TRUE,anonymous,EN,I consent.,0,0,1.016,0,Yes,Yes,Yes,Yes,Yes,No,Yes,Yes,Yes,0,0,1.006,0,Yes,Yes,Yes,Yes,Yes,Yes,Yes,Yes,Yes,,,,,,,,,,,,,,,,,,,,,,,,,,,,,,,,,,,,,,,,,,,,,,,,,,,,,,,,,,,,,,,,,,,,,,,,,,,0,0,1.013,0,Yes,Yes,No,No,No,Yes,Yes,Yes,No,,,,,,,,,,,,,,,,,,,,,,,,,,,,,,,,,,,,,,,,,,,,,,,,,,,,,,,,,,,see an image for a second and be asked yes or no questions about the image.,Did you notice if there was a person or not.,blue,5,,23,Male
P0791,502,TRUE,anonymous,EN,I consent.,0,0,1.006,0,No,Yes,Yes,Yes,No,No,Yes,Yes,Yes,0,0,1.111,0,Yes,Yes,Yes,Yes,Yes,No,Yes,Yes,No,,,,,,,,,,,,,,,,,,,,,,,,,,,,,,,,,,,,,,,,,,,,,,,,,,,,,,,,,,,,,,,,,,,,,,,,,,,,,,,,,,,,,,,,,,,,,,,,,,,,,,,,0,0,1.113,0,No,No,Yes,Yes,Yes,Yes,Yes,Yes,Yes,,,,,,,,,,,,,,,,,,,,,,,,,,,,,,Remembering as many details as possible of the 1 minute picture /images that was presented ,Was the picture setting indoors or outdoors ,blue ,5,,67,Female
P0792,194,TRUE,anonymous,EN,I consent.,0,0,1.02,0,Yes,Yes,Yes,Yes,Yes,Yes,Yes,Yes,Yes,0,0,1.118,0,Yes,Yes,Yes,Yes,Yes,No,Yes,Yes,Yes,,,,,,,,,,,,,,,,,,,,,,,,,,,,,,,,,,,,,,,,,,,,,,,,,,,,,,,,,,,,,,,,,,,,,,,,,,,,,,,,,,,,,,,,,,,,,,,,,,,,0,0,1.023,0,,,,,Yes,Yes,Yes,No,Yes,Yes,Yes,Yes,Yes,,,,,,,,,,,,,,,,,,,,,,,,,,,,,,To try to remember details of an image I saw quickly. ,WHat hand did the person light the candle with?,blue,5,,54,Male
P0793,307,TRUE,anonymous,EN,I consent.,0,0,1.009,0,Yes,Yes,Yes,Yes,Yes,Yes,Yes,Yes,Yes,0,0,1.014,0,Yes,Yes,Yes,Yes,Yes,No,Yes,Yes,No,,,,,,,,,,,,,,,,,,,,,,,,,,,,,,,,,,,,,,0,0,1.115,0,,,,,,,,,Yes,Yes,No,Yes,No,Yes,Yes,Yes,Yes,,,,,,,,,,,,,,,,,,,,,,,,,,,,,,,,,,,,,,,,,,,,,,,,,,,,,,,,,,,,,,,,,,,,,,,,,,,,,,,,,,,,,,,,Noticing details in *A* picture. Not THREE pictures.  ,If I noticed if there were clouds,Blue,5,"The study wasn't honest, there was no need to 'practice' and that was a ploy to get more work from people for no extra pay.  I will be reporting. It was supposed to be ONE photo, not 3. There was no need to 'practice'. Unethical to say the least. ",56,Female
P0794,645,TRUE,anonymous,EN,I consent.,0,0,1.112,0,Yes,Yes,Yes,Yes,No,No,Yes,Yes,No,0,0,1.115,0,No,Yes,Yes,Yes,No,No,Yes,Yes,No,,,,,,,,,,,,,,,,,,,,,,,,,,,,,,,,,,,,,,,,,,,,,,,,,,,,,,,,,,,,,,,,,,,,,,,,,,,,,,,,,,,,,,,,,,,,,,,,,,,,,,,,,,,,,,,,,,,,,,,,,,,,,,,,,0,0,1.011,0,,,,,Yes,No,Yes,Yes,No,No,Yes,Yes,No,To evaluate the images,If notice whether the object was in motion or not?,Blue,5,,44,Male
P0795,294,TRUE,anonymous,EN,I consent.,0,0,1.014,0,No,Yes,Yes,Yes,No,Yes,Yes,Yes,Yes,0,0,1.006,0,Yes,Yes,Yes,Yes,Yes,Yes,Yes,Yes,No,,,,,,,,,,,,,,,,,,,,,,,,,,,,,,,,,,,,,,,,,,0,0,1.116,0,,,,,Yes,Yes,Yes,Yes,No,Yes,Yes,Yes,Yes,,,,,,,,,,,,,,,,,,,,,,,,,,,,,,,,,,,,,,,,,,,,,,,,,,,,,,,,,,,,,,,,,,,,,,,,,,,,,,,,,,,,,,,,Look at a picture for 1 sec and say how much you remember.,How big was the fruit the person was holding.,"Blue, usually",5,Not really,30,Male
P0796,173,TRUE,anonymous,EN,I consent.,0,0,1.114,0,Yes,Yes,Yes,Yes,Yes,Yes,Yes,Yes,Yes,0,0,1.114,0,Yes,Yes,Yes,Yes,Yes,Yes,Yes,Yes,Yes,,,,,,,,,,,,,,,,,,,,,,,,,,,,,,0,0,1.108,0,,,,,,,,,,,,,,,,,Yes,Yes,Yes,No,No,No,Yes,Yes,Yes,,,,,,,,,,,,,,,,,,,,,,,,,,,,,,,,,,,,,,,,,,,,,,,,,,,,,,,,,,,,,,,,,,,,,,,,,,,,,,,,,,,,,,,,I was asked to examine a photo for one second and then answer questions about details in the photo.,I was asked if I remembered the texture of the bag someone was holding,blue,5,,36,Male
P0797,192,TRUE,anonymous,EN,I consent.,0,0,1.008,0,No,Yes,Yes,Yes,Yes,No,Yes,No,Yes,0,0,1.012,0,Yes,Yes,Yes,Yes,Yes,Yes,Yes,Yes,Yes,,,,,,,,,,,,,,,,,,,,,,,,,,,,,,,,,,,,,,,,,,,,,,,,,,,,,,,,,,,,,,,,,,,,,,,,,,,,,,,,,,,,,,,,,,,,,,,,,,,,,,,,,,,,,,,,,,,,,,,,,0,0,1.007,0,,,,,,,,,,,,,Yes,Yes,Yes,Yes,No,No,Yes,Yes,Yes,I described what I saw in an image.,What foot she was wearing her shoe on,Blue,5,,27,Male
P0798,813,TRUE,anonymous,EN,I consent.,0,0,1.006,0,Yes,No,No,Yes,Yes,Yes,Yes,Yes,Yes,0,0,1.009,0,No,No,Yes,No,Yes,No,No,Yes,Yes,,,,,,,,,,,,,,,,,,,,,,,,,,,,,,,,,,,,,,,,,,,,,,,,,,,,,,,,,,,,,,,0,0,1.013,0,,,,,,,,,,,,,No,Yes,Yes,No,No,Yes,Yes,Yes,Yes,,,,,,,,,,,,,,,,,,,,,,,,,,,,,,,,,,,,,,,,,,,,,,,,,,,,,,,,,,,Answer questions about images displayed ,Did you notice whether there was cloud in picture or not?,Blue,5,,41,Male
P0800,223,TRUE,anonymous,EN,I consent.,0.738,0.738,1.007,1,No,Yes,Yes,No,No,Yes,Yes,No,No,0.569,0.569,1.006,1,No,Yes,Yes,Yes,No,Yes,Yes,Yes,Yes,,,,,,,,,,,,,,,,,,,,,,,,,,,,,,,,,,,,,,,,,,,,,,,,,,,,,,,,,,,,,,,,,,,,,,,,,,,,,,,,,,,,,,,,,,,,,,,,,,,,,,,,0,0,1.106,0,No,No,No,No,Yes,No,Yes,Yes,No,,,,,,,,,,,,,,,,,,,,,,,,,,,,,,I looked at a picture for 1 sec and was asked about different aspects of the picture (if I noticed),Did I notice the age of the man in the picture,blue,5,,46,Male
P0801,177,TRUE,anonymous,EN,I consent.,0,0,1.01,0,No,Yes,Yes,Yes,Yes,No,Yes,Yes,No,0,0,1.007,0,Yes,Yes,Yes,Yes,No,Yes,Yes,No,Yes,,,,,,,,,,,,,,,,,,,,,,,,,,,,,,,,,,,,,,,,,,,,,,,,,,,,,,,,,,,,,,,,,,,,,,,,,,,,,,,,,,,,,,,,0,0,1.008,0,,,,,,,,,,,,,,,,,Yes,Yes,No,No,Yes,Yes,Yes,Yes,No,,,,,,,,,,,,,,,,,,,,,,,,,,,,,,to see a picture for one second and determine what we can remember from it,do I remember the color of the candle,blue,5,,42,Female
P0802,341,TRUE,anonymous,EN,I consent.,0,0,1.007,0,Yes,Yes,Yes,Yes,Yes,No,Yes,Yes,Yes,0,0,1.01,0,Yes,Yes,No,Yes,Yes,Yes,Yes,Yes,Yes,,,,,,,,,,,,,,,,,,,,,,,,,,,,,,,,,,,,,,,,,,,,,,,,,,,,,,,,,,,,,,,,,,,,,,,,,,,,,,,,,,,,,,,,,,,,,,,,,,,,,,,,,,,,,,,,,,,,,,,,,,,,,0,0,1.009,0,,,,,,,,,Yes,Yes,No,Yes,Yes,Yes,Yes,No,Yes,To notice a setting in picture and describe what i have seen,did you notice the person is sitting/standing,blue,5,,50,Male
P0803,460,TRUE,anonymous,EN,I consent.,0,0,1.01,0,Yes,Yes,Yes,No,Yes,Yes,Yes,No,Yes,0,0,1.011,0,No,Yes,Yes,Yes,Yes,No,Yes,Yes,Yes,,,,,,,,,,,,,,,,,,,,,,,,,,,,,,,,,,,,,,,,,,,,,,,,,,,,,,,,,,,,,,,,,,,,,,,,,,,,,,,,,,,,,,,,,,,,,,,,0,0,1.113,0,,,,,,,,,No,No,No,No,No,Yes,Yes,No,Yes,,,,,,,,,,,,,,,,,,,,,,,,,,,,,,i looked at a scene for a second and then recalled what i noticed about it,did you notice the color of the object,blue,5,,35,Male
P0804,176,TRUE,anonymous,EN,I consent.,0,0,1.015,0,Yes,Yes,Yes,Yes,Yes,Yes,Yes,No,No,0,0,1.115,0,Yes,Yes,Yes,Yes,Yes,Yes,Yes,Yes,Yes,,,,,,,,,,,,,,,,,,,,,,,,,,,,,,,,,,,,,,,,,,,,,,,,,,,,,,,,,,,,,,,,,,,,,,,,,,,,,,,,,,,,,,,,,,,,,,,,,,,,,,,,,,,,,,,,,,,,,,,,,,,,,0,0,1.01,0,,,,,,,,,Yes,Yes,Yes,Yes,Yes,Yes,Yes,Yes,Yes,To look at a photo for 1 second and note whether remembered certain details about the picture presented.,Did you notice if the object was stable?,blue,5,,24,Female
P0805,143,TRUE,anonymous,EN,I consent.,0,0,1.113,0,No,Yes,Yes,Yes,Yes,Yes,Yes,No,Yes,0,0,1.116,0,Yes,Yes,Yes,Yes,Yes,No,Yes,Yes,No,,,,,,,,,,,,,,,,,,,,,,,,,,,,,,,,,,,,,,,,,,,,,,,,,,,,,,,,,,,,,,,,,,,,,,,,,,,0,0,1.015,0,Yes,Yes,No,No,No,Yes,Yes,Yes,No,,,,,,,,,,,,,,,,,,,,,,,,,,,,,,,,,,,,,,,,,,,,,,,,,,,,,,,,,,,I was asked if I noticed certain details about a photo I saw for 1 second.,I was asked if I noticed the person's age in the photo.,blue,5,,28,Female
P0806,149,TRUE,anonymous,EN,I consent.,0,0,1.006,0,Yes,Yes,Yes,Yes,Yes,Yes,Yes,Yes,Yes,0,0,1.005,0,Yes,Yes,Yes,Yes,No,Yes,Yes,Yes,Yes,,,,,,,,,,,,,,,,,,,,,,,,,,,,,,,,,,,,,,,,,,,,,,,,,,,,,,,,,,,,,,,,,,,,,,,,,,,,,,,,,,,,,,,,,,,,,,,,,,,,,,,,,,,,,,,,,,,,,0,0,1.006,0,,,,,,,,,,,,,,,,,Yes,Yes,Yes,Yes,No,No,Yes,Yes,No,To look at an image and say if we noticed certain details.,If I noticed which shoe the man had taken off.,blue,5,,46,Non-binary / third gender
P0807,139,TRUE,anonymous,EN,I consent.,0,0,1.02,0,Yes,Yes,Yes,Yes,Yes,Yes,Yes,Yes,Yes,0,0,1.125,0,Yes,Yes,Yes,Yes,Yes,Yes,Yes,Yes,Yes,,,,,,,,,,,,,,,,,,,,,,,,,,,,,,,,,,,,,,0,0,1.128,0,,,,,,,,,Yes,Yes,No,Yes,Yes,Yes,Yes,Yes,Yes,,,,,,,,,,,,,,,,,,,,,,,,,,,,,,,,,,,,,,,,,,,,,,,,,,,,,,,,,,,,,,,,,,,,,,,,,,,,,,,,,,,,,,,,I looked at a picture for one second and had to say whether I remembered ,Which hand the fruit was being handled in,blue,5,,30,Female
P0808,180,TRUE,anonymous,EN,I consent.,0,0,1.009,0,No,Yes,Yes,Yes,Yes,No,Yes,Yes,No,0,0,1.108,0,Yes,Yes,Yes,Yes,Yes,No,Yes,Yes,Yes,,,,,,,,,0,0,1.008,0,,,,,,,,,No,Yes,Yes,Yes,Yes,No,Yes,Yes,Yes,,,,,,,,,,,,,,,,,,,,,,,,,,,,,,,,,,,,,,,,,,,,,,,,,,,,,,,,,,,,,,,,,,,,,,,,,,,,,,,,,,,,,,,,,,,,,,,,,,,,,,,,,,,,,,,,,,,,,To answer if I noticed specific things from the pictures that were shown for one second each.,Did you notice the shape of the table?,blue,5,,44,Female
P0809,238,TRUE,anonymous,EN,I consent.,0,0,1.008,0,Yes,Yes,Yes,Yes,Yes,No,Yes,No,Yes,0,0,1.006,0,Yes,Yes,Yes,Yes,Yes,No,Yes,Yes,No,,,,,,,,,,,,,,,,,,,,,,,,,,,,,,,,,,,,,,,,,,,,,,,,,,,,,,,,,,,,,,,,,,,,,,,,,,,,,,,,,,,,,,,,,,,,,,,,,,,,,,,,0,0,1.006,0,No,No,Yes,Yes,No,No,Yes,Yes,Yes,,,,,,,,,,,,,,,,,,,,,,,,,,,,,,The task was to view an image for 1 second and then answer questions about what details I did or did not notice while viewing the picture.,Did you notice the size of the candle?,Blue,5,,27,Female
P0810,158,TRUE,anonymous,EN,I consent.,0,0,1.106,0,No,Yes,Yes,Yes,Yes,Yes,Yes,Yes,No,0,0,1.009,0,Yes,Yes,Yes,Yes,No,Yes,Yes,Yes,Yes,,,,,,,,,,,,,,,,,,,,,,,,,,,,,,,,,,,,,,,,,,,,,,,,,,,,,,,,,,,,,,,,,,,,,,,,,,,,,,,,,,,,,,,,,,,,0,0,1.108,0,,,,,,,,,,,,,Yes,No,No,No,No,No,Yes,Yes,Yes,,,,,,,,,,,,,,,,,,,,,,,,,,,,,,Describe details of an image that was viewed for one second.,Do you remember the color of the candle.,blue,5,,29,Male
P0811,250,TRUE,anonymous,EN,I consent.,0,0,1.112,0,No,Yes,Yes,Yes,Yes,Yes,Yes,Yes,No,0,0,1.112,0,Yes,Yes,Yes,Yes,Yes,No,Yes,Yes,Yes,,,,,,,,,,,,,,,,,,,,,,,,,,,,,,,,,,,,,,,,,,,,,,0,0,1.116,0,Yes,Yes,Yes,Yes,No,Yes,Yes,Yes,Yes,,,,,,,,,,,,,,,,,,,,,,,,,,,,,,,,,,,,,,,,,,,,,,,,,,,,,,,,,,,,,,,,,,,,,,,,,,,,,,,,,,,,,,,,I saw an image for one second and then I was asked about details in that image.,Did you notice the age of the person.,Blue,5,,65,Female
P0812,149,TRUE,anonymous,EN,I consent.,0,0,1.011,0,Yes,Yes,Yes,Yes,Yes,Yes,Yes,Yes,No,0,0,1.112,0,Yes,Yes,Yes,Yes,Yes,Yes,Yes,Yes,Yes,,,,,,,,,,,,,,,,,,,,,,,,,,,,,,,,,,0,0,1.116,0,,,,,,,,,,,,,Yes,Yes,Yes,Yes,Yes,Yes,Yes,Yes,Yes,,,,,,,,,,,,,,,,,,,,,,,,,,,,,,,,,,,,,,,,,,,,,,,,,,,,,,,,,,,,,,,,,,,,,,,,,,,,,,,,,,,,,,,,View a photo for one second before answering questions about details in the photo.,Did you notice if there was a person in the background?,Blue,5,,29,Male
P0813,173,TRUE,anonymous,EN,I consent.,0,0,1.025,0,No,Yes,Yes,Yes,Yes,Yes,Yes,No,Yes,0,0,1.025,0,Yes,Yes,Yes,Yes,No,No,Yes,Yes,Yes,,,,,,,,,,,,,,,,,,,,,,,,,,,,,,,,,,,,,,,,,,,,,,,,,,,,,,,,,,,,,,,0,0,1.128,0,,,,,,,,,,,,,Yes,Yes,No,No,No,Yes,Yes,Yes,No,,,,,,,,,,,,,,,,,,,,,,,,,,,,,,,,,,,,,,,,,,,,,,,,,,,,,,,,,,,I had to look at a picture for 1 second and then tell what I noticed.,Did you notice the pattern of the persons clothes/,Blue,5,,32,Male
P0814,313,TRUE,anonymous,EN,I consent.,0,0,1.01,0,No,Yes,Yes,Yes,Yes,Yes,Yes,Yes,Yes,0,0,1.108,0,Yes,Yes,No,Yes,Yes,No,Yes,Yes,No,,,,,,,,,,,,,,,,,,,,,,,,,,,,,,,,,,,,,,,,,,,,,,,,,,,,,,,,,,,0,0,1.007,0,,,,,,,,,,,,,,,,,Yes,Yes,No,Yes,No,Yes,Yes,Yes,No,,,,,,,,,,,,,,,,,,,,,,,,,,,,,,,,,,,,,,,,,,,,,,,,,,,,,,,,,,,To look at an image for one second and answer questions about the image afterwards.,If I noticed the color/pattern of the girls shirt,blue,5,no,51,Female
P0815,131,TRUE,anonymous,EN,I consent.,0,0,1.11,0,Yes,Yes,Yes,Yes,Yes,Yes,Yes,Yes,Yes,0,0,1.009,0,Yes,Yes,Yes,Yes,Yes,No,Yes,Yes,Yes,,,,,,,,,,,,,,,,,,,,,,,,,,,,,,0,0,1.107,0,,,,,,,,,,,,,,,,,Yes,Yes,Yes,Yes,Yes,Yes,Yes,Yes,Yes,,,,,,,,,,,,,,,,,,,,,,,,,,,,,,,,,,,,,,,,,,,,,,,,,,,,,,,,,,,,,,,,,,,,,,,,,,,,,,,,,,,,,,,,look at a picture and notice details.,Did you notice the fruit the person was handling,blue,5,no,45,Male
P0816,174,TRUE,anonymous,EN,I consent.,0.976,0.976,1.109,1,No,Yes,Yes,Yes,Yes,No,Yes,No,Yes,0.955,0.955,1.007,1,Yes,Yes,Yes,Yes,Yes,Yes,Yes,Yes,Yes,,,,,,,,,,,,,,,,,,,,,,,,,,,,,,,,,,,,,,,,,,,,,,,,,,,,,,,,,,,,,,,,,,,,,,,,,,,,,,,,,,,,,,,,,,,,,,,,,,,,,,,,,,,,,,,,,,,,,,,,,,,,,,,,,0,0,1.117,0,,,,,Yes,Yes,Yes,Yes,Yes,Yes,Yes,Yes,No,I was shown a picture for one second and then had to answer questions about what I noticed in the photo,Did I notice the color of the object,Blue,5,,64,Female
P0817,266,TRUE,anonymous,EN,I consent.,0,0,1.11,0,No,Yes,Yes,Yes,Yes,Yes,Yes,Yes,Yes,0,0,1.107,0,Yes,Yes,Yes,Yes,Yes,Yes,Yes,Yes,Yes,,,,,,,,,,,,,,,,,,,,,,,,,,,,,,,,,,,,,,,,,,,,,,,,,,,,,,,,,,,,,,,,,,,0,0,1.007,0,,,,,,,,,Yes,Yes,No,No,No,Yes,Yes,Yes,Yes,,,,,,,,,,,,,,,,,,,,,,,,,,,,,,,,,,,,,,,,,,,,,,,,,,,,,,,,,,,Look at image and answer if you saw different things in it.,Did you notice the color of the object?,Blue,5,,43,Male
P0818,208,TRUE,anonymous,EN,I consent.,0,0,1.113,0,Yes,Yes,Yes,Yes,Yes,Yes,Yes,No,Yes,0,0,1.115,0,Yes,Yes,Yes,Yes,No,Yes,Yes,Yes,No,,,,,,,,,0,0,1.009,0,,,,,,,,,Yes,Yes,No,Yes,Yes,Yes,No,Yes,Yes,,,,,,,,,,,,,,,,,,,,,,,,,,,,,,,,,,,,,,,,,,,,,,,,,,,,,,,,,,,,,,,,,,,,,,,,,,,,,,,,,,,,,,,,,,,,,,,,,,,,,,,,,,,,,,,,,,,,,I was shown an image briefly and then asked if I noticed specific details about the image,Did you notice the color of the ball,blue,5,nothing of note,43,Male
P0819,165,TRUE,anonymous,EN,I consent.,0,0,1.022,0,No,Yes,Yes,Yes,Yes,Yes,Yes,Yes,Yes,0,0,1.007,0,Yes,Yes,Yes,Yes,No,No,Yes,Yes,Yes,,,,,,,,,,,,,,,,,,,,,,,,,,,,,,,,,,,,,,,,,,,,,,,,,,,,,,,,,,,,,,,,,,,,,,,,,,,,,,,,,,,,,,,,,,,,,,,,0,0,1.017,0,,,,,,,,,Yes,Yes,No,No,Yes,No,Yes,Yes,Yes,,,,,,,,,,,,,,,,,,,,,,,,,,,,,,Be shown a photo for 1 second and answer whether or not I noticed certain details.,Did you notice if there was a person in the photo or not?,Blue,5,,25,Non-binary / third gender
P0820,251,TRUE,anonymous,EN,I consent.,0,0,1.116,0,No,Yes,Yes,Yes,Yes,Yes,Yes,Yes,Yes,0.708,0.708,1.106,1,Yes,Yes,Yes,Yes,No,Yes,Yes,Yes,No,,,,,,,,,,,,,,,,,,,,,,,,,,,,,,,,,,,,,,,,,,,,,,,,,,,,,,,,,,,,,,,,,,,,,,,,,,,,,,,,,,,,,,,,,,,,,,,,,,,,,,,,,,,,,,,,,,,,,,,,,,,,,,,,,0,0,1.114,0,,,,,Yes,No,Yes,Yes,Yes,Yes,Yes,Yes,No,"My task was to look at a picture that appeared for one second, and then answer yes/no questions about the picture.",Was the person wearing socks?,Blue,5,,24,Male
P0821,217,TRUE,anonymous,EN,I consent.,0,0,1.048,0,No,Yes,Yes,Yes,Yes,Yes,Yes,Yes,Yes,0,0,1.135,0,Yes,Yes,Yes,Yes,Yes,No,Yes,Yes,Yes,,,,,,,,,,,,,,,,,,,,,,,,,,,,,,,,,,,,,,,,,,,,,,,,,,,,,,,,,,,,,,,,,,,0,0,1.036,0,,,,,,,,,Yes,Yes,No,Yes,No,Yes,Yes,Yes,Yes,,,,,,,,,,,,,,,,,,,,,,,,,,,,,,,,,,,,,,,,,,,,,,,,,,,,,,,,,,,look at a picture for 1 second and remember all that I could about the picture,Did I notice the size of the animal,blue,5,,38,Female
P0822,221,TRUE,anonymous,EN,I consent.,0,0,1.024,0,No,Yes,Yes,Yes,Yes,Yes,Yes,Yes,Yes,0,0,1.123,0,Yes,Yes,Yes,Yes,Yes,Yes,Yes,Yes,No,,,,,,,,,,,,,0,0,1.023,0,,,,,Yes,Yes,Yes,Yes,Yes,Yes,No,Yes,Yes,,,,,,,,,,,,,,,,,,,,,,,,,,,,,,,,,,,,,,,,,,,,,,,,,,,,,,,,,,,,,,,,,,,,,,,,,,,,,,,,,,,,,,,,,,,,,,,,,,,,,,,,,,,,,,,,,,,,,I looked at a picture for one second then was asked to answer whether I noticed certain details about that image.,Did you notice the trajectory of the object?,blue,5,,31,Non-binary / third gender
P0823,138,TRUE,anonymous,EN,I consent.,0,0,1.006,0,Yes,Yes,Yes,Yes,Yes,Yes,Yes,No,Yes,0,0,1.005,0,No,No,No,No,No,No,Yes,No,No,,,,,,,,,,,,,,,,,,,,,,,,,,,,,,,,,,,,,,,,,,,,,,,,,,,,,,,,,,,,,,,,,,,,,,,,,,,,,,,,,,,,,,,,,,,,,,,,,,,,,,,,,,,,,,,,,,,,,,,,,,,,,,,,,,,,,0,0,1.011,0,Yes,No,Yes,Yes,No,Yes,Yes,Yes,Yes,look at a picture and notice things and answer questions about it,did you notice the direction the light was coming from?,blue,5,,29,Female
P0824,433,TRUE,anonymous,EN,I consent.,0,0,1.112,0,No,Yes,Yes,Yes,Yes,Yes,Yes,Yes,No,0,0,1.006,0,Yes,Yes,Yes,Yes,No,Yes,Yes,Yes,Yes,,,,,,,,,,,,,,,,,,,,,,,,,,,,,,,,,,,,,,,,,,,,,,,,,,,,,,,,,,,,,,,,,,,,,,,,,,,,,,,,,,,,,,,,,,,,,,,,,,,,,,,,0,0,1.112,0,Yes,No,No,No,No,No,Yes,No,No,,,,,,,,,,,,,,,,,,,,,,,,,,,,,,I was asked to look at a image for one second and to answer whether I notice any details in the image.,Did you notice the person's age in the image?,Blue,5,,28,Male
P0825,168,TRUE,anonymous,EN,I consent.,0,0,1.008,0,Yes,Yes,Yes,Yes,Yes,Yes,Yes,Yes,Yes,0,0,1.107,0,Yes,Yes,Yes,Yes,Yes,Yes,Yes,Yes,Yes,,,,,,,,,,,,,,,,,,,,,,,,,,,,,,,,,,,,,,,,,,,,,,,,,,,,,,,,,,,,,,,,,,,,,,,,,,,,,,,,,,,,,,,,,,,,,,,,,,,,,,,,,,,,,,,,,,,,,0,0,1.01,0,,,,,,,,,,,,,,,,,Yes,Yes,Yes,Yes,No,Yes,Yes,Yes,No,Watch an image for a second and answer questions about what I thought I did notice,Did you notice the size of the bench?,Blue,5,,41,Male
P0826,151,TRUE,anonymous,EN,I consent.,0,0,1.01,0,No,Yes,Yes,Yes,Yes,Yes,Yes,Yes,Yes,0,0,1.011,0,Yes,Yes,Yes,Yes,Yes,No,Yes,Yes,Yes,,,,,,,,,,,,,,,,,,,,,,,,,,,,,,,,,,,,,,,,,,,,,,,,,,,,,,,,,,,,,,,,,,,,,,,,,,,,,,,,,,,,,,,,,,,,0,0,1.111,0,,,,,,,,,,,,,Yes,Yes,No,No,Yes,Yes,Yes,Yes,Yes,,,,,,,,,,,,,,,,,,,,,,,,,,,,,,look at photo for 1 second and recall details,did i notice the shape of the candleholder,blue,5,,45,Female
P0827,223,TRUE,anonymous,EN,I consent.,0,0,1.009,0,No,Yes,Yes,Yes,Yes,Yes,Yes,Yes,Yes,0,0,1.11,0,Yes,Yes,Yes,Yes,Yes,Yes,Yes,Yes,Yes,,,,,,,,,,,,,,,,,,,,,,,,,,,,,,,,,,,,,,,,,,,,,,,,,,,,,,,,,,,,,,,,,,,,,,,,,,,,,,,,,,,,,,,,0,0,1.005,0,,,,,,,,,,,,,,,,,Yes,Yes,No,No,Yes,Yes,Yes,Yes,No,,,,,,,,,,,,,,,,,,,,,,,,,,,,,,I was shown a picture for 1 second and asked if I remembered details about the image.,Did I know the shape of the candle holder.,Blue,5,,48,Male
P0828,149,TRUE,anonymous,EN,I consent.,0,0,1.014,0,No,Yes,Yes,Yes,Yes,Yes,Yes,Yes,Yes,0,0,1.108,0,Yes,Yes,Yes,Yes,Yes,Yes,Yes,Yes,No,,,,,,,,,,,,,,,,,,,,,,,,,,,,,,,,,,,,,,,,,,,,,,,,,,,,,,,,,,,,,,,,,,,,,,,,,,,0,0,1.11,0,Yes,Yes,No,No,Yes,Yes,Yes,Yes,Yes,,,,,,,,,,,,,,,,,,,,,,,,,,,,,,,,,,,,,,,,,,,,,,,,,,,,,,,,,,,I was shown a picture very briefly and then asked several questions about details I may or may not have noticed.,Did you notice the position of the person relative to the animal?,blue,5,,31,Female
P0829,185,TRUE,anonymous,EN,I consent.,0,0,1.014,0,Yes,Yes,Yes,Yes,Yes,No,Yes,No,Yes,0,0,1.009,0,Yes,Yes,No,Yes,No,No,Yes,Yes,Yes,,,,,,,,,,,,,,,,,,,,,,,,,,,,,,,,,,,,,,,,,,,,,,,,,,,,,,,,,,,,,,,,,,,,,,,0,0,1.112,0,,,,,Yes,Yes,No,Yes,Yes,No,No,No,No,,,,,,,,,,,,,,,,,,,,,,,,,,,,,,,,,,,,,,,,,,,,,,,,,,,,,,,,,,,Seeing pictures for one second then answering questions regarding the image,Did you notice the apparent age of the person?,Blue,5,,21,Female
P0830,268,TRUE,anonymous,EN,I consent.,0,0,1.015,0,No,Yes,Yes,Yes,Yes,No,Yes,Yes,Yes,0,0,1.11,0,Yes,Yes,Yes,Yes,Yes,Yes,Yes,Yes,Yes,,,,,,,,,,,,,,,,,,,,,,,,,,,,,,,,,,,,,,,,,,0,0,1.112,0,,,,,Yes,Yes,Yes,Yes,No,Yes,Yes,Yes,No,,,,,,,,,,,,,,,,,,,,,,,,,,,,,,,,,,,,,,,,,,,,,,,,,,,,,,,,,,,,,,,,,,,,,,,,,,,,,,,,,,,,,,,,View a picture for 1 second and answer questions about it and what we recall.,The size of the fruit,blue,5,,38,Male
P0831,178,TRUE,anonymous,EN,I consent.,0,0,1.118,0,No,Yes,Yes,Yes,Yes,Yes,Yes,Yes,Yes,0,0,1.105,0,Yes,Yes,Yes,Yes,Yes,Yes,Yes,Yes,Yes,,,,,0,0,1.009,0,,,,,,,,,,,,,Yes,Yes,Yes,No,No,No,No,Yes,Yes,,,,,,,,,,,,,,,,,,,,,,,,,,,,,,,,,,,,,,,,,,,,,,,,,,,,,,,,,,,,,,,,,,,,,,,,,,,,,,,,,,,,,,,,,,,,,,,,,,,,,,,,,,,,,,,,,,,,,To recall things form images.,Did I notice the gender of the person?,blue,5,,32,Male
P0832,451,TRUE,anonymous,EN,I consent.,0,0,1.013,0,Yes,Yes,Yes,Yes,Yes,Yes,Yes,Yes,Yes,0,0,1.009,0,Yes,Yes,Yes,Yes,No,Yes,Yes,Yes,No,,,,,,,,,,,,,,,,,,,,,,,,,,,,,,,,,,,,,,,,,,,,,,,,,,,,,,,,,,,,,,,,,,,,,,,0,0,1.007,0,,,,,Yes,Yes,Yes,No,Yes,Yes,Yes,No,Yes,,,,,,,,,,,,,,,,,,,,,,,,,,,,,,,,,,,,,,,,,,,,,,,,,,,,,,,,,,,Answer questions on what I saw in a picture that was shown for 1 second only.,Did I see the object color,Blue,5,,67,Female
P0833,188,TRUE,anonymous,EN,I consent.,0,0,1.114,0,Yes,Yes,Yes,Yes,Yes,Yes,Yes,Yes,Yes,0,0,1.008,0,Yes,Yes,Yes,Yes,No,Yes,Yes,Yes,No,,,,,0,0,1.106,0,,,,,,,,,,,,,Yes,Yes,Yes,Yes,Yes,Yes,No,Yes,Yes,,,,,,,,,,,,,,,,,,,,,,,,,,,,,,,,,,,,,,,,,,,,,,,,,,,,,,,,,,,,,,,,,,,,,,,,,,,,,,,,,,,,,,,,,,,,,,,,,,,,,,,,,,,,,,,,,,,,,to acknowledge if i noticed certain things in a photo that i viewed for 1 second,Did I recognize what the object was sitting on,blue,5,,37,Male
P0834,189,TRUE,anonymous,EN,I consent.,0,0,1.006,0,Yes,Yes,Yes,Yes,Yes,No,Yes,Yes,Yes,0,0,1.107,0,Yes,Yes,Yes,Yes,Yes,Yes,Yes,Yes,Yes,,,,,,,,,,,,,,,,,,,,,,,,,,,,,,,,,,,,,,,,,,,,,,,,,,,,,,,,,,,,,,,,,,,,,,,,,,,,,,,,,,,,,,,,,,,,,,,,0,0,1.106,0,,,,,,,,,Yes,Yes,Yes,No,Yes,Yes,Yes,Yes,Yes,,,,,,,,,,,,,,,,,,,,,,,,,,,,,,I had to recall details of a picture I was only shown for 1 second.,Did you notice the color of the candle holder?,Blue,5,,26,Female
P0835,275,TRUE,anonymous,EN,I consent.,0,0,1.114,0,No,Yes,Yes,Yes,Yes,Yes,Yes,Yes,No,0,0,1.115,0,Yes,Yes,Yes,Yes,No,Yes,Yes,Yes,No,,,,,,,,,,,,,0,0,1.113,0,,,,,Yes,Yes,Yes,Yes,No,No,No,Yes,Yes,,,,,,,,,,,,,,,,,,,,,,,,,,,,,,,,,,,,,,,,,,,,,,,,,,,,,,,,,,,,,,,,,,,,,,,,,,,,,,,,,,,,,,,,,,,,,,,,,,,,,,,,,,,,,,,,,,,,,Look at an image for 1 second and then answer questions about noticing details of the image.,Did you notice the trajectory of the ball?,blue,5,,36,Male
P0836,288,TRUE,anonymous,EN,I consent.,0,0,1.013,0,No,Yes,No,Yes,Yes,Yes,Yes,Yes,Yes,0,0,1.115,0,No,No,Yes,No,No,No,Yes,Yes,No,,,,,,,,,,,,,,,,,,,,,,,,,,,,,,,,,,,,,,,,,,,,,,,,,,,,,,,,,,,,,,,,,,,,,,,,,,,,,,,,,,,,,,,,,,,,,,,,,,,,,,,,,,,,,,,,,,,,,,,,,,,,,0,0,1.115,0,,,,,,,,,Yes,No,No,Yes,No,No,Yes,Yes,No,To notice/observe details from a briefly flashed picture.,Did i notice the size of the bench,Blue,5,None.  Thank you.,69,Female
P0837,197,TRUE,anonymous,EN,I consent.,0,0,1.014,0,No,Yes,Yes,Yes,Yes,No,Yes,No,No,0,0,1.014,0,No,Yes,No,Yes,No,Yes,Yes,No,Yes,,,,,,,,,,,,,,,,,,,,,,,,,,,,,,,,,,,,,,,,,,,,,,,,,,,,,,,,,,,,,,,,,,,,,,,,,,,0,0,1.009,0,Yes,Yes,No,No,No,Yes,No,Yes,Yes,,,,,,,,,,,,,,,,,,,,,,,,,,,,,,,,,,,,,,,,,,,,,,,,,,,,,,,,,,,I had to look at an image for 1 second and answer what details I noticed,If I noticed what animal the person was feeding a treat to ,blue,5,,38,Female
P0838,327,TRUE,anonymous,EN,I consent.,0,0,1.111,0,No,Yes,Yes,Yes,No,Yes,Yes,Yes,Yes,0,0,1.114,0,Yes,Yes,Yes,Yes,Yes,Yes,Yes,Yes,Yes,0,0,1.009,0,,,,,,,,,,,,,,,,,Yes,Yes,No,Yes,Yes,Yes,Yes,Yes,Yes,,,,,,,,,,,,,,,,,,,,,,,,,,,,,,,,,,,,,,,,,,,,,,,,,,,,,,,,,,,,,,,,,,,,,,,,,,,,,,,,,,,,,,,,,,,,,,,,,,,,,,,,,,,,,,,,,,,,,Describe the picture,Did you notice whether it was inside or outside.,Blue,5,,50,Female
P0839,250,TRUE,anonymous,EN,I consent.,0,0,1.012,0,Yes,Yes,Yes,Yes,Yes,Yes,Yes,Yes,Yes,0,0,1.108,0,Yes,Yes,Yes,Yes,No,Yes,Yes,Yes,Yes,,,,,,,,,,,,,,,,,,,,,,,,,,,,,,,,,,,,,,0,0,1.01,0,,,,,,,,,Yes,Yes,Yes,No,No,Yes,Yes,Yes,No,,,,,,,,,,,,,,,,,,,,,,,,,,,,,,,,,,,,,,,,,,,,,,,,,,,,,,,,,,,,,,,,,,,,,,,,,,,,,,,,,,,,,,,,View a picture in 1 second and and answer yes or no questions,Did I notice what the fruit was,Blue,5,I was hoping for more in depth questions rather then yes or no ,45,Male
P0840,614,TRUE,anonymous,EN,I consent.,0,0,1.008,0,Yes,Yes,Yes,Yes,Yes,No,Yes,No,Yes,0,0,1.008,0,Yes,Yes,Yes,Yes,No,Yes,Yes,Yes,Yes,,,,,,,,,,,,,,,,,,,,,,,,,,,,,,,,,,,,,,,,,,,,,,,,,,,,,,,,,,,,,,,0,0,1.107,0,,,,,,,,,,,,,Yes,Yes,No,Yes,Yes,Yes,Yes,Yes,No,,,,,,,,,,,,,,,,,,,,,,,,,,,,,,,,,,,,,,,,,,,,,,,,,,,,,,,,,,,view an image for 1 second and then answer when or not you notice details in the image.,Did you notice the spacing of the cage mesh?,blue,5,,65,Female
P0841,287,TRUE,anonymous,EN,I consent.,0,0,1.012,0,No,Yes,Yes,Yes,Yes,Yes,Yes,Yes,Yes,0,0,1.011,0,Yes,Yes,Yes,Yes,Yes,No,Yes,Yes,Yes,,,,,,,,,,,,,,,,,0,0,1.114,0,Yes,Yes,No,Yes,No,No,No,Yes,Yes,,,,,,,,,,,,,,,,,,,,,,,,,,,,,,,,,,,,,,,,,,,,,,,,,,,,,,,,,,,,,,,,,,,,,,,,,,,,,,,,,,,,,,,,,,,,,,,,,,,,,,,,,,,,,,,,,,,,,Looked at an image for 1 second and answered questions on what I noticed,Did I notice the color of the persons hair,blue,5,,50,Female
P0842,331,TRUE,anonymous,EN,I consent.,0.915,0.915,1.01,1,Yes,Yes,Yes,Yes,Yes,Yes,Yes,Yes,Yes,0,0,1.106,0,Yes,Yes,Yes,Yes,Yes,Yes,Yes,Yes,Yes,0,0,1.008,0,,,,,,,,,,,,,,,,,Yes,Yes,Yes,Yes,Yes,Yes,Yes,Yes,Yes,,,,,,,,,,,,,,,,,,,,,,,,,,,,,,,,,,,,,,,,,,,,,,,,,,,,,,,,,,,,,,,,,,,,,,,,,,,,,,,,,,,,,,,,,,,,,,,,,,,,,,,,,,,,,,,,,,,,,To look at a picture for one second and be able to answer questions about the picture ,could I remember what the object was sitting on,blue,5,,32,Male
P0843,398,TRUE,anonymous,EN,I consent.,0,0,1.006,0,No,Yes,Yes,Yes,Yes,No,Yes,Yes,Yes,0,0,1.114,0,No,Yes,Yes,Yes,Yes,Yes,Yes,Yes,No,,,,,,,,,,,,,,,,,,,,,,,,,,,,,,,,,,,,,,,,,,0,0,1.013,0,,,,,No,No,Yes,Yes,No,Yes,Yes,Yes,No,,,,,,,,,,,,,,,,,,,,,,,,,,,,,,,,,,,,,,,,,,,,,,,,,,,,,,,,,,,,,,,,,,,,,,,,,,,,,,,,,,,,,,,,to see how much people pay attention to in a second,did you notice the material of the object in the photo?,blue,5,,30,Female
P0844,332,TRUE,anonymous,EN,I consent.,0,0,1.008,0,Yes,Yes,Yes,Yes,Yes,No,Yes,Yes,Yes,0,0,1.105,0,Yes,Yes,No,Yes,No,No,Yes,No,Yes,0,0,1.005,0,,,,,,,,,,,,,,,,,Yes,Yes,No,No,Yes,No,No,Yes,Yes,,,,,,,,,,,,,,,,,,,,,,,,,,,,,,,,,,,,,,,,,,,,,,,,,,,,,,,,,,,,,,,,,,,,,,,,,,,,,,,,,,,,,,,,,,,,,,,,,,,,,,,,,,,,,,,,,,,,,Recall what was noticed in an image viewed for one second.,Did you notice the color of the ball?,blue,5,No issues.,59,Female
P0845,243,TRUE,anonymous,EN,I consent.,0,0,1.111,0,No,Yes,Yes,Yes,Yes,Yes,Yes,Yes,No,0,0,1.015,0,Yes,Yes,Yes,Yes,No,No,Yes,Yes,No,,,,,,,,,,,,,,,,,,,,,,,,,,,,,,,,,,,,,,,,,,,,,,,,,,,,,,,,,,,,,,,,,,,,,,,,,,,,,,,,,,,,,,,,,,,,,,,,,,,,,,,,,,,,,,,,,,,,,,,,,0,0,1.107,0,,,,,,,,,,,,,No,No,No,Yes,No,No,Yes,Yes,No,To answer questions about images we were shown for 1 second each.,did you notice whether or not the object was indoors or outdoors?,blue,5,,26,Male
P0846,268,TRUE,anonymous,EN,I consent.,0,0,1.111,0,No,Yes,Yes,Yes,Yes,No,Yes,Yes,Yes,0,0,1.009,0,Yes,Yes,Yes,Yes,Yes,No,Yes,Yes,Yes,,,,,,,,,,,,,,,,,,,,,,,,,,,,,,,,,,0,0,1.108,0,,,,,,,,,,,,,Yes,Yes,Yes,Yes,Yes,Yes,Yes,Yes,No,,,,,,,,,,,,,,,,,,,,,,,,,,,,,,,,,,,,,,,,,,,,,,,,,,,,,,,,,,,,,,,,,,,,,,,,,,,,,,,,,,,,,,,,view a picture for one second and answer questions about it,did you notice the color/texture of the item,blue,5,,59,Female
P0847,745,TRUE,anonymous,EN,I consent.,0,0,1.006,0,Yes,Yes,Yes,Yes,Yes,Yes,Yes,Yes,Yes,0,0,1.006,0,Yes,Yes,Yes,No,No,Yes,Yes,Yes,Yes,,,,,,,,,,,,,,,,,,,,,,,,,,,,,,,,,,,,,,,,,,,,,,,,,,,,,,,,,,,,,,,,,,,,,,,,,,,,,,,,,,,,,,,,,,,,,,,,,,,,0,0,1.007,0,,,,,Yes,Yes,No,No,Yes,No,Yes,Yes,Yes,,,,,,,,,,,,,,,,,,,,,,,,,,,,,,My task was to focus on the image and then answer questions about what I saw after viewing the image for a second.,I was asked in the first two images if there was a person in the image or not.,Blue,5,,47,Male
P0848,297,TRUE,anonymous,EN,I consent.,0,0,1.125,0,No,Yes,Yes,Yes,Yes,Yes,Yes,Yes,No,0,0,1.12,0,No,Yes,Yes,Yes,No,Yes,Yes,Yes,Yes,,,,,,,,,,,,,,,,,,,,,,,,,,,,,,,,,,,,,,,,,,,,,,,,,,,,,,,,,,,,,,,,,,,,,,,,,,,,,,,,,,,,,,,,,,,,,,,,,,,,0,0,1.032,0,,,,,Yes,Yes,No,Yes,Yes,Yes,Yes,Yes,No,,,,,,,,,,,,,,,,,,,,,,,,,,,,,,My task was to communicate if I noticed details from a picture that I only got to see for one second.,Did you remember how the individual was lighting the candle?,blue,5,,49,Male
P0849,209,TRUE,anonymous,EN,I consent.,0,0,1.017,0,No,Yes,Yes,Yes,Yes,Yes,Yes,No,Yes,0,0,1.013,0,Yes,Yes,Yes,Yes,No,No,Yes,No,No,,,,,,,,,,,,,,,,,,,,,,,,,,,,,,,,,,,,,,,,,,,,,,,,,,,,,,,,,,,,,,,,,,,,,,,,,,,,,,,,,,,,,,,,,,,,,,,,,,,,,,,,,,,,,,,,,,,,,,,,,0,0,1.114,0,,,,,,,,,,,,,No,No,No,Yes,Yes,No,Yes,Yes,Yes,View an image for 1 second and then answer yes/no to questions about whether or not I noticed certain details.,Did I notice if the person was standing or sitting.,Blue,5,,46,Female
P0850,170,TRUE,anonymous,EN,I consent.,0,0,1.012,0,Yes,Yes,Yes,Yes,Yes,Yes,Yes,Yes,Yes,0,0,1.008,0,Yes,Yes,Yes,Yes,Yes,Yes,Yes,Yes,No,,,,,,,,,,,,,,,,,,,,,,,,,,,,,,,,,,,,,,,,,,,,,,,,,,,,,,,,,,,,,,,,,,,,,,,,,,,,,,,,,,,,,,,,,,,,,,,,,,,,,,,,,,,,,,,,,,,,,0,0,1.008,0,,,,,,,,,,,,,,,,,Yes,Yes,Yes,Yes,Yes,Yes,Yes,Yes,Yes,To answers questions about details I may or may not have noticed when looking at an image for 1 second.,Did you notice the color of the bench>,Blue,5,,23,Male
P0851,648,TRUE,anonymous,EN,I consent.,0,0,1.121,0,Yes,Yes,Yes,Yes,Yes,Yes,Yes,Yes,Yes,0,0,1.115,0,Yes,Yes,Yes,Yes,Yes,Yes,Yes,Yes,Yes,,,,,,,,,,,,,,,,,,,,,,,,,,,,,,0,0,1.114,0,,,,,,,,,,,,,,,,,Yes,Yes,Yes,Yes,Yes,Yes,Yes,Yes,Yes,,,,,,,,,,,,,,,,,,,,,,,,,,,,,,,,,,,,,,,,,,,,,,,,,,,,,,,,,,,,,,,,,,,,,,,,,,,,,,,,,,,,,,,,looking at a random picture and answer some questions of what i saw in the picture,was the object stable or not?,blue,5,,27,Non-binary / third gender
P0852,214,TRUE,anonymous,EN,I consent.,0,0,1.017,0,Yes,Yes,Yes,No,Yes,No,Yes,No,Yes,0.983,0.983,1.014,1,Yes,Yes,Yes,Yes,Yes,Yes,Yes,Yes,Yes,,,,,,,,,,,,,,,,,,,,,,,,,,,,,,,,,,,,,,,,,,,,,,,,,,,,,,,,,,,,,,,,,,,,,,,,,,,,,,,,,,,,,,,,0,0,1.112,0,,,,,,,,,,,,,,,,,Yes,No,Yes,No,Yes,Yes,Yes,Yes,Yes,,,,,,,,,,,,,,,,,,,,,,,,,,,,,,View a picture and answer yes or no questions related to the photo.,Did you notice what the object was sitting on.,Blue,5,,62,Female
P0853,330,TRUE,anonymous,EN,I consent.,0,0,1.018,0,No,Yes,Yes,Yes,Yes,Yes,Yes,Yes,Yes,0,0,1.019,0,Yes,Yes,Yes,Yes,No,No,Yes,Yes,No,,,,,,,,,,,,,,,,,,,,,,,,,,,,,,,,,,,,,,,,,,,,,,,,,,,,,,,,,,,,,,,,,,,,,,,,,,,,,,,,,,,,,,,,,,,,,,,,,,,,,,,,,,,,,,,,,,,,,,,,,,,,,,,,,,,,,0,0,1.019,0,Yes,Yes,Yes,Yes,No,Yes,No,Yes,No,My task was to look at an image that would be displayed to me for 1 second. Then to confirm whether I noticed certain things about the image.,Did I notice the color pattern of the object.,Blue,5,"Interesting fun short survey. No issues, I would like to do more of these.",34,Male
P0854,187,TRUE,anonymous,EN,I consent.,0,0,1.009,0,Yes,Yes,Yes,Yes,Yes,No,Yes,Yes,Yes,0,0,1.012,0,Yes,Yes,No,Yes,Yes,Yes,Yes,Yes,Yes,,,,,,,,,,,,,,,,,,,,,,,,,,,,,,,,,,,,,,,,,,,,,,,,,,,,,,,,,,,0,0,1.009,0,,,,,,,,,,,,,,,,,Yes,Yes,No,Yes,Yes,Yes,Yes,Yes,Yes,,,,,,,,,,,,,,,,,,,,,,,,,,,,,,,,,,,,,,,,,,,,,,,,,,,,,,,,,,,briefly look at an image and confirm whether you noticed certain things that were asked in the series of questions. ,Did you notice whether the object was indoor/outdoor?,blue,5,,36,Male
P0855,209,TRUE,anonymous,EN,I consent.,0,0,1.007,0,Yes,Yes,Yes,Yes,Yes,Yes,Yes,Yes,Yes,0,0,1.009,0,Yes,Yes,Yes,Yes,Yes,Yes,Yes,Yes,Yes,,,,,,,,,,,,,,,,,,,,,,,,,,,,,,,,,,,,,,,,,,,,,,,,,,,,,,,,,,,,,,,,,,,,,,,,,,,,,,,,,,,,,,,,,,,,0,0,1.11,0,,,,,,,,,,,,,Yes,Yes,Yes,No,Yes,Yes,Yes,Yes,Yes,,,,,,,,,,,,,,,,,,,,,,,,,,,,,,Consider a picture that was on the screen for 1 second and answer questions regarding what I remembered seeing.,Did you notice which hand the person used to light the candle?,Blue,5,No confusions or technical issues. I genuinely enjoyed evaluating all of the pictures I saw. It was a fun survey that kept me alert and attentive. Thank you so much!,72,Female
P0856,202,TRUE,anonymous,EN,I consent.,0,0,1.008,0,Yes,Yes,Yes,Yes,Yes,Yes,Yes,Yes,Yes,0,0,1.007,0,Yes,Yes,Yes,Yes,No,Yes,Yes,Yes,Yes,,,,,,,,,,,,,,,,,,,,,,,,,,,,,,,,,,,,,,,,,,,,,,,,,,,,,,,,,,,,,,,,,,,,,,,,,,,,,,,,,,,,,,,,,,,,0,0,1.107,0,,,,,,,,,,,,,Yes,No,No,No,Yes,Yes,Yes,Yes,No,,,,,,,,,,,,,,,,,,,,,,,,,,,,,,View an image for one second and answer questions about what I noticed in the image.,Did you notice which had the person used to light the candle?,Blue,5,,35,Male
P0857,410,TRUE,anonymous,EN,I consent.,0,0,1.006,0,No,Yes,Yes,Yes,Yes,Yes,Yes,Yes,Yes,0,0,1.008,0,Yes,Yes,No,Yes,No,Yes,Yes,Yes,Yes,,,,,,,,,,,,,,,,,,,,,,,,,,,,,,0,0,1.109,0,,,,,,,,,,,,,,,,,No,No,No,Yes,Yes,Yes,Yes,Yes,Yes,,,,,,,,,,,,,,,,,,,,,,,,,,,,,,,,,,,,,,,,,,,,,,,,,,,,,,,,,,,,,,,,,,,,,,,,,,,,,,,,,,,,,,,,To answer questions about an image shown to me for one second,If I observed the size of the bag (in the last image),Blue,5,Good luck with the research!,37,Male
P0858,396,TRUE,anonymous,EN,I consent.,0,0,1.111,0,No,Yes,Yes,Yes,Yes,Yes,Yes,Yes,Yes,0,0,1.01,0,Yes,Yes,Yes,Yes,No,No,Yes,Yes,Yes,,,,,,,,,,,,,,,,,,,,,,,,,,,,,,,,,,,,,,,,,,,,,,,,,,,,,,,,,,,0,0,1.116,0,,,,,,,,,,,,,,,,,Yes,Yes,Yes,No,Yes,Yes,Yes,Yes,Yes,,,,,,,,,,,,,,,,,,,,,,,,,,,,,,,,,,,,,,,,,,,,,,,,,,,,,,,,,,,I viewed a picture for 1 second and noticed the details on the picture.,Did you notice the color of the object in the picture?,Blue,5,"I am satisfied, thank you for the opportunity.",56,Female
P0859,195,TRUE,anonymous,EN,I consent.,0,0,1.005,0,No,Yes,Yes,Yes,Yes,Yes,Yes,No,Yes,0,0,1.11,0,Yes,Yes,Yes,Yes,Yes,No,Yes,Yes,Yes,,,,,,,,,,,,,,,,,,,,,,,,,,,,,,,,,,,,,,,,,,,,,,,,,,,,,,,,,,,,,,,,,,,,,,,0,0,1.11,0,,,,,Yes,Yes,No,No,No,Yes,Yes,Yes,Yes,,,,,,,,,,,,,,,,,,,,,,,,,,,,,,,,,,,,,,,,,,,,,,,,,,,,,,,,,,,See one image for 1 second and answer questions about it.,Was there a person in the picture?,blue,5,,43,Male
P0860,400,TRUE,anonymous,EN,I consent.,0,0,1.007,0,No,Yes,Yes,Yes,Yes,Yes,Yes,Yes,No,0,0,1.106,0,Yes,Yes,Yes,Yes,No,No,Yes,Yes,No,,,,,,,,,,,,,,,,,,,,,,,,,,,,,,,,,,,,,,0,0,1.108,0,,,,,,,,,Yes,Yes,No,No,No,Yes,Yes,Yes,Yes,,,,,,,,,,,,,,,,,,,,,,,,,,,,,,,,,,,,,,,,,,,,,,,,,,,,,,,,,,,,,,,,,,,,,,,,,,,,,,,,,,,,,,,,we were shown an image for 1 second and were asked questions on whether or not we noticed certain details,did you notice the persons age,blue,5,,44,Female
P0861,440,TRUE,anonymous,EN,I consent.,0,0,1.119,0,Yes,No,Yes,No,Yes,No,No,No,No,0,0,1.111,0,Yes,Yes,Yes,Yes,Yes,Yes,Yes,Yes,Yes,,,,,,,,,,,,,,,,,0,0,1.113,0,No,Yes,Yes,Yes,Yes,Yes,No,Yes,No,,,,,,,,,,,,,,,,,,,,,,,,,,,,,,,,,,,,,,,,,,,,,,,,,,,,,,,,,,,,,,,,,,,,,,,,,,,,,,,,,,,,,,,,,,,,,,,,,,,,,,,,,,,,,,,,,,,,,I was asked to describe shapes and colour ,The number of blue objects ,Blue,5,,38,Male
P0862,873,TRUE,anonymous,EN,I consent.,0,0,1.499,0,Yes,Yes,Yes,Yes,Yes,Yes,Yes,Yes,Yes,0,0,1.115,0,Yes,Yes,Yes,Yes,Yes,Yes,Yes,Yes,Yes,,,,,,,,,,,,,0,0,1.166,0,,,,,Yes,Yes,Yes,Yes,Yes,Yes,Yes,Yes,Yes,,,,,,,,,,,,,,,,,,,,,,,,,,,,,,,,,,,,,,,,,,,,,,,,,,,,,,,,,,,,,,,,,,,,,,,,,,,,,,,,,,,,,,,,,,,,,,,,,,,,,,,,,,,,,,,,,,,,,Giving response to different pictures and details in them,Did you see the direction of light?,Blue,5,,50,Male
P0863,221,TRUE,anonymous,EN,I consent.,0.179,0.543,1.009,2,Yes,Yes,Yes,Yes,Yes,No,Yes,Yes,Yes,0,0,1.011,0,Yes,Yes,Yes,Yes,Yes,Yes,Yes,Yes,Yes,,,,,,,,,,,,,,,,,,,,,,,,,,,,,,,,,,,,,,,,,,,,,,,,,,,,,,,,,,,,,,,,,,,,,,,,,,,,,,,,,,,,,,,,,,,,,,,,,,,,,,,,,,,,,,,,,,,,,,,,,,,,,,,,,0,0,1.106,0,,,,,Yes,Yes,Yes,Yes,Yes,Yes,Yes,Yes,Yes,Memory test noticing details,Did you notice what surface it was on,Blue,5,No,43,Male
P0864,214,TRUE,anonymous,EN,I consent.,0,0,1.03,0,No,Yes,Yes,Yes,Yes,No,Yes,Yes,Yes,0,0,1.122,0,No,Yes,Yes,Yes,No,No,Yes,Yes,Yes,,,,,,,,,0,0,1.029,0,,,,,,,,,No,Yes,Yes,No,No,No,No,Yes,Yes,,,,,,,,,,,,,,,,,,,,,,,,,,,,,,,,,,,,,,,,,,,,,,,,,,,,,,,,,,,,,,,,,,,,,,,,,,,,,,,,,,,,,,,,,,,,,,,,,,,,,,,,,,,,,,,,,,,,,Quickly assess details of an image shown briefly and try to remember as many details as possible.,Did I notice if the object was indoors or outdoors?,Blus,5,,57,Female
P0865,255,TRUE,anonymous,EN,I consent.,0,0,1.006,0,Yes,Yes,Yes,Yes,Yes,Yes,Yes,Yes,Yes,0,0,1.008,0,Yes,Yes,Yes,Yes,No,Yes,Yes,Yes,Yes,,,,,,,,,,,,,,,,,,,,,,,,,,,,,,0,0,1.111,0,,,,,,,,,,,,,,,,,Yes,Yes,Yes,Yes,Yes,Yes,Yes,Yes,Yes,,,,,,,,,,,,,,,,,,,,,,,,,,,,,,,,,,,,,,,,,,,,,,,,,,,,,,,,,,,,,,,,,,,,,,,,,,,,,,,,,,,,,,,,i was to view an image for one second and the answer yes or no questions about details in the picture,Did you notice the build/age of the person?,blue,5,nope,26,Female
P0866,185,TRUE,anonymous,EN,I consent.,0,0,1.015,0,No,Yes,Yes,Yes,Yes,No,Yes,Yes,No,0,0,1.114,0,Yes,Yes,Yes,Yes,Yes,Yes,Yes,Yes,No,,,,,,,,,,,,,,,,,,,,,,,,,,,,,,,,,,,,,,,,,,,,,,,,,,,,,,,,,,,,,,,,,,,,,,,,,,,,,,,,,,,,,,,,,,,,,,,,,,,,,,,,0,0,1.007,0,Yes,Yes,No,No,Yes,Yes,Yes,Yes,Yes,,,,,,,,,,,,,,,,,,,,,,,,,,,,,,Look at a picture for one second and remember the details.,Did you notice the size of the candles?,Blue,5,,35,Male
P0867,251,TRUE,anonymous,EN,I consent.,0,0,1.113,0,No,Yes,Yes,Yes,Yes,No,Yes,Yes,Yes,0,0,1.11,0,Yes,Yes,Yes,Yes,Yes,No,Yes,Yes,Yes,,,,,,,,,,,,,,,,,,,,,,,,,,,,,,,,,,,,,,,,,,,,,,0,0,1.111,0,Yes,Yes,Yes,Yes,Yes,Yes,Yes,No,Yes,,,,,,,,,,,,,,,,,,,,,,,,,,,,,,,,,,,,,,,,,,,,,,,,,,,,,,,,,,,,,,,,,,,,,,,,,,,,,,,,,,,,,,,,I observed a photo briefly and answered questions about what I noticed.,Did you notice which hand held the object?,Blue,5,,40,Male
P0868,229,TRUE,anonymous,EN,I consent.,0,0,1.015,0,No,Yes,Yes,Yes,Yes,Yes,Yes,Yes,Yes,0,0,1.013,0,Yes,Yes,Yes,Yes,Yes,Yes,Yes,Yes,Yes,,,,,,,,,,,,,0,0,1.019,0,,,,,Yes,Yes,Yes,Yes,Yes,Yes,No,Yes,Yes,,,,,,,,,,,,,,,,,,,,,,,,,,,,,,,,,,,,,,,,,,,,,,,,,,,,,,,,,,,,,,,,,,,,,,,,,,,,,,,,,,,,,,,,,,,,,,,,,,,,,,,,,,,,,,,,,,,,,To respond to questions regarding a picture seen for one second,Did you notice the height of the person,blue,5,This study was fun and different.,54,Female
P0869,135,TRUE,anonymous,EN,I consent.,0,0,1.006,0,Yes,Yes,Yes,Yes,No,Yes,Yes,Yes,Yes,0,0,1.012,0,Yes,Yes,Yes,Yes,Yes,No,Yes,Yes,Yes,,,,,,,,,,,,,,,,,,,,,,,,,,,,,,,,,,,,,,0,0,1.014,0,,,,,,,,,Yes,Yes,Yes,No,No,No,Yes,Yes,Yes,,,,,,,,,,,,,,,,,,,,,,,,,,,,,,,,,,,,,,,,,,,,,,,,,,,,,,,,,,,,,,,,,,,,,,,,,,,,,,,,,,,,,,,,To describe an image in a brief amount of time,What was the material in the image? ,Blue,5,,25,Male
P0871,144,TRUE,anonymous,EN,I consent.,0,0,1.007,0,Yes,Yes,Yes,Yes,Yes,No,Yes,No,Yes,0,0,1.113,0,Yes,Yes,No,Yes,Yes,Yes,Yes,Yes,No,,,,,,,,,,,,,,,,,,,,,,,,,,,,,,,,,,0,0,1.109,0,,,,,,,,,,,,,Yes,Yes,Yes,Yes,Yes,Yes,Yes,Yes,Yes,,,,,,,,,,,,,,,,,,,,,,,,,,,,,,,,,,,,,,,,,,,,,,,,,,,,,,,,,,,,,,,,,,,,,,,,,,,,,,,,,,,,,,,,A picture was shown to me for a second and then I had to answer questions on whether or not I saw certain characteristics of the picture.,I was asked if I noticed what kind of fruit was being dropped.,Blue,5,None! Thanks for the opportunity to help!,22,Male
P0872,158,TRUE,anonymous,EN,I consent.,0,0,1.124,0,No,Yes,Yes,Yes,Yes,Yes,Yes,Yes,No,0,0,1.016,0,Yes,Yes,Yes,Yes,Yes,No,Yes,Yes,Yes,,,,,,,,,,,,,,,,,,,,,,,,,,,,,,,,,,,,,,,,,,,,,,,,,,,,,,,,,,,,,,,,,,,,,,,,,,,,,,,,,,,,,,,,,,,,,,,,,,,,,,,,0,0,1.023,0,No,No,No,No,Yes,Yes,Yes,Yes,No,,,,,,,,,,,,,,,,,,,,,,,,,,,,,,I was to look at an image for 1 second then answer yes or no questions based on what I could remember.,"""Did you notice the person's approximate age?""",blue,5,,28,Female
P0873,173,TRUE,anonymous,EN,I consent.,0,0,1.01,0,Yes,Yes,Yes,No,No,No,Yes,No,Yes,0,0,1.112,0,Yes,Yes,No,Yes,Yes,Yes,Yes,Yes,No,,,,,,,,,0,0,1.01,0,,,,,,,,,Yes,Yes,Yes,Yes,Yes,No,Yes,Yes,Yes,,,,,,,,,,,,,,,,,,,,,,,,,,,,,,,,,,,,,,,,,,,,,,,,,,,,,,,,,,,,,,,,,,,,,,,,,,,,,,,,,,,,,,,,,,,,,,,,,,,,,,,,,,,,,,,,,,,,,To look at an image for one second and state what I did and didn't notice about it.,Did you notice the color of the ball?,Blue,5,,32,Female
P0874,257,TRUE,anonymous,EN,I consent.,0,0,1.011,0,No,Yes,Yes,Yes,Yes,Yes,Yes,Yes,Yes,0,0,1.017,0,No,No,No,No,No,No,No,No,No,,,,,,,,,,,,,,,,,,,,,,,,,,,,,,,,,,0,0,1.016,0,,,,,,,,,,,,,Yes,Yes,Yes,Yes,Yes,Yes,No,Yes,Yes,,,,,,,,,,,,,,,,,,,,,,,,,,,,,,,,,,,,,,,,,,,,,,,,,,,,,,,,,,,,,,,,,,,,,,,,,,,,,,,,,,,,,,,,remember things from pictures ,did you notice which hand held the fruit.,blue,5,nope,40,Male
P0875,148,TRUE,anonymous,EN,I consent.,0,0,1.009,0,Yes,Yes,Yes,Yes,Yes,Yes,Yes,No,Yes,0,0,1.009,0,Yes,Yes,Yes,Yes,Yes,Yes,Yes,Yes,Yes,,,,,,,,,,,,,,,,,,,,,,,,,,,,,,,,,,,,,,,,,,,,,,,,,,,,,,,,,,,,,,,,,,,,,,,,,,,,,,,,,,,,,,,,,,,,,,,,,,,,,,,,,,,,,,,,,,,,,,,,,,,,,0,0,1.106,0,,,,,,,,,Yes,Yes,Yes,Yes,Yes,Yes,No,Yes,Yes,Look at a picture for one second and answer questions after.,Did you notice if the object was moving.,Blue,5,,42,Female
P0876,242,TRUE,anonymous,EN,I consent.,0,0,1.011,0,No,Yes,Yes,Yes,Yes,Yes,Yes,Yes,Yes,0,0,1.016,0,Yes,Yes,Yes,Yes,No,No,Yes,Yes,Yes,,,,,,,,,,,,,,,,,,,,,,,,,,,,,,,,,,0,0,1.114,0,,,,,,,,,,,,,Yes,Yes,Yes,Yes,No,No,Yes,No,Yes,,,,,,,,,,,,,,,,,,,,,,,,,,,,,,,,,,,,,,,,,,,,,,,,,,,,,,,,,,,,,,,,,,,,,,,,,,,,,,,,,,,,,,,,To view a picture for one second and then answer questions about the picture.,Did you notice the age of the person?,blue,5,,54,Female
P0877,191,TRUE,anonymous,EN,I consent.,0,0,1.146,0,No,Yes,Yes,Yes,Yes,Yes,Yes,Yes,Yes,0,0,1.008,0,Yes,Yes,Yes,Yes,Yes,Yes,Yes,Yes,Yes,,,,,,,,,,,,,,,,,,,,,,,,,,,,,,,,,,,,,,,,,,,,,,,,,,,,,,,,,,,,,,,,,,,0,0,1.116,0,,,,,,,,,Yes,Yes,No,Yes,No,Yes,Yes,Yes,Yes,,,,,,,,,,,,,,,,,,,,,,,,,,,,,,,,,,,,,,,,,,,,,,,,,,,,,,,,,,,Say yes or no when asked if I noticed various details in images shown.,Did you notice the color/pattern of the person's clothes? (the last picture),blue,5,,27,Female
P0878,226,TRUE,anonymous,EN,I consent.,0,0,1.012,0,No,Yes,Yes,Yes,Yes,Yes,Yes,Yes,Yes,0,0,1.11,0,Yes,Yes,Yes,Yes,Yes,Yes,Yes,Yes,Yes,,,,,,,,,,,,,,,,,,,,,,,,,,,,,,,,,,,,,,,,,,,,,,,,,,,,,,,,,,,,,,,,,,,,,,,,,,,,,,,,,,,,,,,,,,,,,,,,0,0,1.115,0,,,,,,,,,Yes,Yes,No,No,Yes,No,Yes,Yes,Yes,,,,,,,,,,,,,,,,,,,,,,,,,,,,,,notice details of a picture seen for 1 second,Did you notice the material of the candle holder,blue or gray depending on the weather,5,no,46,Male
P0879,110,TRUE,anonymous,EN,I consent.,0,0,1.007,0,No,Yes,Yes,Yes,Yes,Yes,Yes,Yes,Yes,0,0,1.121,0,Yes,Yes,Yes,Yes,No,Yes,Yes,Yes,Yes,,,,,,,,,,,,,,,,,,,,,,,,,,,,,,,,,,,,,,,,,,,,,,,,,,,,,,,,,,,,,,,,,,,,,,,,,,,,,,,,,,,,,,,,,,,,0,0,1.109,0,,,,,,,,,,,,,Yes,Yes,Yes,No,Yes,Yes,Yes,Yes,Yes,,,,,,,,,,,,,,,,,,,,,,,,,,,,,,Describe images,Did you notice the way they lit the candle,Blue,5,,22,Male
P0880,169,TRUE,anonymous,EN,I consent.,0,0,1.006,0,Yes,Yes,Yes,Yes,Yes,Yes,Yes,Yes,Yes,0,0,1.106,0,Yes,Yes,Yes,Yes,No,Yes,Yes,Yes,No,,,,,,,,,,,,,,,,,,,,,,,,,,,,,,,,,,,,,,,,,,,,,,,,,,,,,,,,,,,0,0,1.107,0,,,,,,,,,,,,,,,,,Yes,Yes,No,Yes,Yes,Yes,Yes,Yes,Yes,,,,,,,,,,,,,,,,,,,,,,,,,,,,,,,,,,,,,,,,,,,,,,,,,,,,,,,,,,,i got to see a picture for a second and had to answer what details i did or didnt see,did you notice the apparent age of the person holding the treat?,blue,5,,31,Male
P0881,166,TRUE,anonymous,EN,I consent.,0,0,1.012,0,No,Yes,Yes,Yes,Yes,Yes,Yes,Yes,Yes,0,0,1.017,0,Yes,Yes,Yes,Yes,No,No,Yes,Yes,No,,,,,,,,,,,,,,,,,,,,,,,,,,,,,,,,,,,,,,,,,,,,,,,,,,,,,,,,,,,,,,,,,,,,,,,,,,,,,,,,,,,,,,,,,,,,,,,,,,,,,,,,,,,,,,,,,,,,,0,0,1.016,0,,,,,,,,,,,,,,,,,No,No,Yes,Yes,Yes,No,No,Yes,No,to look at pictures for 1 second and answer questions about if I noticed details in the pictures,did you notice if the person was wearing socks,blue,5,,37,Male
P0882,130,TRUE,anonymous,EN,I consent.,0,0,1.007,0,No,Yes,Yes,No,No,No,Yes,Yes,Yes,0,0,1.006,0,Yes,Yes,Yes,Yes,No,Yes,Yes,No,Yes,,,,,,,,,,,,,,,,,,,,,,,,,,,,,,,,,,,,,,,,,,,,,,0,0,1.007,0,Yes,Yes,No,No,No,No,Yes,No,No,,,,,,,,,,,,,,,,,,,,,,,,,,,,,,,,,,,,,,,,,,,,,,,,,,,,,,,,,,,,,,,,,,,,,,,,,,,,,,,,,,,,,,,,I was shown a picture extremely briefly and had to recall information about it.,What was the build/physique of the man holding the fruit?,blue,5,"No, thanks.",33,Male
P0883,206,TRUE,anonymous,EN,I consent.,0,0,1.012,0,Yes,Yes,Yes,Yes,Yes,Yes,Yes,Yes,Yes,0,0,1.007,0,Yes,Yes,Yes,Yes,Yes,Yes,Yes,Yes,No,,,,,,,,,,,,,0,0,1.005,0,,,,,Yes,Yes,Yes,Yes,Yes,Yes,No,Yes,Yes,,,,,,,,,,,,,,,,,,,,,,,,,,,,,,,,,,,,,,,,,,,,,,,,,,,,,,,,,,,,,,,,,,,,,,,,,,,,,,,,,,,,,,,,,,,,,,,,,,,,,,,,,,,,,,,,,,,,,View an image for 1 second and answer some questions about the image.,Did you notice the color of the object?,Blue,5,,47,Male
P0884,265,TRUE,anonymous,EN,I consent.,0,0,1.025,0,Yes,No,Yes,Yes,Yes,No,Yes,No,Yes,0,0,1.022,0,Yes,Yes,Yes,Yes,Yes,Yes,Yes,Yes,Yes,0,0,1.021,0,,,,,,,,,,,,,,,,,Yes,Yes,No,Yes,Yes,Yes,Yes,Yes,Yes,,,,,,,,,,,,,,,,,,,,,,,,,,,,,,,,,,,,,,,,,,,,,,,,,,,,,,,,,,,,,,,,,,,,,,,,,,,,,,,,,,,,,,,,,,,,,,,,,,,,,,,,,,,,,,,,,,,,,To determine if I notice details of an image exposed to me for one second.,Did you notice the color of the object?,Blue,5,The study functioned properly without issues.,26,Male
P0885,181,TRUE,anonymous,EN,I consent.,0,0,1.01,0,Yes,Yes,Yes,Yes,Yes,Yes,Yes,No,No,0,0,1.01,0,Yes,Yes,No,Yes,Yes,Yes,Yes,Yes,Yes,,,,,,,,,,,,,,,,,,,,,,,,,,,,,,,,,,,,,,,,,,,,,,,,,,,,,,,,,,,,,,,,,,,,,,,,,,,0,0,1.118,0,Yes,Yes,No,No,Yes,Yes,Yes,Yes,Yes,,,,,,,,,,,,,,,,,,,,,,,,,,,,,,,,,,,,,,,,,,,,,,,,,,,,,,,,,,,See a picture for 1 second and see what details i noticed,Did you notice if the item was indoor or outdoor?,Blue,5,,32,Male
P0886,149,TRUE,anonymous,EN,I consent.,0,0,1.114,0,No,Yes,Yes,Yes,Yes,Yes,Yes,Yes,Yes,0,0,1.008,0,Yes,Yes,Yes,Yes,Yes,No,Yes,Yes,No,,,,,,,,,,,,,,,,,,,,,,,,,,,,,,,,,,,,,,,,,,,,,,,,,,,,,,,,,,,,,,,,,,,,,,,,,,,,,,,,,,,,,,,,,,,,,,,,,,,,0,0,1.012,0,,,,,Yes,Yes,No,No,No,No,Yes,Yes,Yes,,,,,,,,,,,,,,,,,,,,,,,,,,,,,,to answer questions about pictures that disappeared quickly,Did you notice the background?,blue,5,,35,Male
P0887,193,TRUE,anonymous,EN,I consent.,0,0,1.033,0,Yes,Yes,Yes,Yes,Yes,Yes,Yes,Yes,Yes,0,0,1.008,0,Yes,Yes,Yes,Yes,Yes,No,Yes,Yes,Yes,,,,,,,,,,,,,,,,,,,,,,,,,,,,,,,,,,,,,,,,,,,,,,,,,,,,,,,,,,,,,,,,,,,,,,,,,,,0,0,1.024,0,Yes,Yes,No,Yes,No,Yes,Yes,Yes,Yes,,,,,,,,,,,,,,,,,,,,,,,,,,,,,,,,,,,,,,,,,,,,,,,,,,,,,,,,,,,to say what I noticed in an image shown for 1 second,Did you notice the color/pattern of the person's clothes?,blue,5,,44,Female
P0888,204,TRUE,anonymous,EN,I consent.,0,0,1.109,0,Yes,Yes,Yes,Yes,Yes,Yes,Yes,No,Yes,0,0,1.113,0,Yes,Yes,Yes,Yes,No,Yes,Yes,Yes,Yes,,,,,,,,,,,,,,,,,0,0,1.015,0,Yes,Yes,Yes,Yes,No,No,No,Yes,Yes,,,,,,,,,,,,,,,,,,,,,,,,,,,,,,,,,,,,,,,,,,,,,,,,,,,,,,,,,,,,,,,,,,,,,,,,,,,,,,,,,,,,,,,,,,,,,,,,,,,,,,,,,,,,,,,,,,,,,To watch a picture and analyze what i see in it.,Did you see the color of the ball?,blue,5,,33,Male
P0889,280,TRUE,anonymous,EN,I consent.,0.721,0.721,1.009,1,No,Yes,Yes,Yes,Yes,No,Yes,No,No,0.588,0.868,1.108,2,Yes,Yes,No,Yes,No,No,Yes,No,No,,,,,,,,,,,,,,,,,,,,,,,,,,,,,,,,,,,,,,,,,,,,,,,,,,,,,,,,,,,,,,,,,,,,,,,0.502,0.502,1.109,1,,,,,Yes,Yes,No,No,No,Yes,No,Yes,No,,,,,,,,,,,,,,,,,,,,,,,,,,,,,,,,,,,,,,,,,,,,,,,,,,,,,,,,,,,I had to look at an image for 1 second and see how much I noticed in it.,I was asked whether or not I noticed the type of animal present.,blue,5,,29,Male
P0890,384,TRUE,anonymous,EN,I consent.,0,0,1.112,0,No,Yes,Yes,Yes,Yes,Yes,Yes,No,No,0,0,1.007,0,Yes,Yes,Yes,Yes,No,No,Yes,Yes,Yes,,,,,,,,,,,,,,,,,,,,,,,,,,,,,,,,,,,,,,,,,,,,,,0,0,1.108,0,Yes,Yes,Yes,No,Yes,Yes,Yes,Yes,Yes,,,,,,,,,,,,,,,,,,,,,,,,,,,,,,,,,,,,,,,,,,,,,,,,,,,,,,,,,,,,,,,,,,,,,,,,,,,,,,,,,,,,,,,,I had to look at an image for 1 second and answer some questions if I saw certain details in the images.,I was asked did I notice if an object was indoor or outdoor,blue,5,,42,Female
P0891,158,TRUE,anonymous,EN,I consent.,0,0,1.008,0,Yes,Yes,Yes,Yes,No,Yes,Yes,Yes,No,0,0,1.007,0,Yes,Yes,Yes,Yes,No,Yes,Yes,Yes,Yes,,,,,0,0,1.007,0,,,,,,,,,,,,,Yes,Yes,Yes,Yes,No,Yes,No,Yes,Yes,,,,,,,,,,,,,,,,,,,,,,,,,,,,,,,,,,,,,,,,,,,,,,,,,,,,,,,,,,,,,,,,,,,,,,,,,,,,,,,,,,,,,,,,,,,,,,,,,,,,,,,,,,,,,,,,,,,,,to recall details of an image after viewing it for only 1 second,did you notice the color of the ball,blue,5,no,26,Female
P0892,297,TRUE,anonymous,EN,I consent.,0,0,1.109,0,No,Yes,Yes,No,Yes,No,Yes,Yes,Yes,0.311,0.311,1.006,1,Yes,Yes,Yes,Yes,No,Yes,Yes,Yes,No,,,,,,,,,,,,,,,,,,,,,,,,,,,,,,,,,,,,,,,,,,,,,,,,,,,,,,,,,,,,,,,,,,,,,,,,,,,,,,,,,,,,,,,,,,,,,,,,,,,,,,,,,,,,,,,,,,,,,,,,,,,,,,,,,,,,,0.174,0.174,1.11,1,Yes,No,Yes,Yes,Yes,Yes,No,Yes,Yes,to notice as many details of a picture in a very short amount of time,did you notice if the object was stable,blue,5,,52,Female
P0893,138,TRUE,anonymous,EN,I consent.,0,0,1.108,0,Yes,Yes,Yes,Yes,Yes,No,Yes,Yes,Yes,0,0,1.007,0,Yes,Yes,Yes,Yes,Yes,Yes,Yes,Yes,Yes,,,,,,,,,0,0,1.014,0,,,,,,,,,Yes,Yes,No,Yes,Yes,Yes,Yes,Yes,Yes,,,,,,,,,,,,,,,,,,,,,,,,,,,,,,,,,,,,,,,,,,,,,,,,,,,,,,,,,,,,,,,,,,,,,,,,,,,,,,,,,,,,,,,,,,,,,,,,,,,,,,,,,,,,,,,,,,,,,I was told to remember details of different pictures that were on screen for 1 second.,I was asked if I remember the shape and color of the main objects shown.,blue,5,,24,Male
P0894,261,TRUE,anonymous,EN,I consent.,0,0,1.009,0,No,Yes,Yes,Yes,Yes,No,Yes,Yes,Yes,0,0,1.11,0,Yes,Yes,Yes,Yes,No,No,Yes,Yes,Yes,,,,,,,,,,,,,,,,,,,,,,,,,,,,,,,,,,,,,,,,,,,,,,,,,,,,,,,,,,,,,,,,,,,,,,,,,,,,,,,,,,,,,,,,,,,,,,,,,,,,,,,,,,,,,,,,,,,,,,,,,0,0,1.014,0,,,,,,,,,,,,,Yes,Yes,No,Yes,Yes,No,Yes,Yes,No,trying to remember the details from a picture,did you notice if the person took off the left or right shoe?,blue,5,no,49,Female
P0895,315,TRUE,anonymous,EN,I consent.,0,0,1.107,0,No,Yes,Yes,No,Yes,Yes,Yes,No,No,0,0,1.013,0,Yes,Yes,Yes,Yes,Yes,Yes,Yes,Yes,Yes,,,,,,,,,,,,,,,,,,,,,,,,,,,,,,,,,,,,,,,,,,,,,,,,,,,,,,,,,,,,,,,0,0,1.007,0,,,,,,,,,,,,,Yes,Yes,Yes,Yes,No,Yes,Yes,Yes,Yes,,,,,,,,,,,,,,,,,,,,,,,,,,,,,,,,,,,,,,,,,,,,,,,,,,,,,,,,,,,My task was to recall some details of images I saw for a very short time.,Where was the object sitting?,blue,5,,70,Male
P0896,169,TRUE,anonymous,EN,I consent.,0,0,1.009,0,No,Yes,Yes,Yes,Yes,No,Yes,No,Yes,0,0,1.004,0,Yes,Yes,Yes,Yes,Yes,Yes,Yes,Yes,Yes,,,,,,,,,,,,,,,,,,,,,,,,,,,,,,0,0,1.013,0,,,,,,,,,,,,,,,,,Yes,Yes,Yes,No,Yes,Yes,Yes,Yes,Yes,,,,,,,,,,,,,,,,,,,,,,,,,,,,,,,,,,,,,,,,,,,,,,,,,,,,,,,,,,,,,,,,,,,,,,,,,,,,,,,,,,,,,,,,Describe what i have seen in the picture that was shown in 1 second,Did you notice the size of the object?,blue,5,,25,Male
P0897,272,TRUE,anonymous,EN,I consent.,0,0,1.109,0,No,Yes,Yes,Yes,Yes,No,Yes,Yes,Yes,0,0,1.007,0,Yes,Yes,Yes,Yes,Yes,Yes,Yes,Yes,No,,,,,,,,,,,,,,,,,,,,,,,,,,,,,,,,,,,,,,,,,,,,,,,,,,,,,,,,,,,,,,,,,,,,,,,,,,,,,,,,,,,,,,,,,,,,,,,,,,,,,,,,,,,,,,,,,,,,,,,,,,,,,,,,,0,0,1.008,0,,,,,No,Yes,No,Yes,No,No,Yes,Yes,Yes,Look at an image for 1 second and then answer questions about whether or not you observed certain parts of the picture,Did I notice what age the guy on the bench was,blue,5,no,43,Female
P0898,168,TRUE,anonymous,EN,I consent.,0,0,1.112,0,No,Yes,Yes,Yes,Yes,No,Yes,Yes,Yes,0,0,1.007,0,Yes,Yes,Yes,Yes,No,Yes,Yes,Yes,Yes,,,,,,,,,,,,,,,,,,,,,,,,,,,,,,,,,,,,,,,,,,,,,,,,,,,,,,,,,,,,,,,,,,,,,,,,,,,,,,,,,,,,,,,,,,,,,,,,,,,,,,,,,,,,,,,,,,,,,,,,,,,,,0,0,1.107,0,,,,,,,,,No,No,Yes,Yes,No,No,Yes,Yes,No,To notice objects in an image,I was asked whether an object was in motion or not,blue,5,,28,Male
P0899,149,TRUE,anonymous,EN,I consent.,0,0,1.009,0,No,Yes,Yes,Yes,Yes,Yes,Yes,Yes,Yes,0,0,1.11,0,Yes,Yes,Yes,Yes,Yes,No,Yes,Yes,Yes,,,,,,,,,,,,,0,0,1.11,0,,,,,Yes,Yes,Yes,Yes,No,Yes,No,Yes,Yes,,,,,,,,,,,,,,,,,,,,,,,,,,,,,,,,,,,,,,,,,,,,,,,,,,,,,,,,,,,,,,,,,,,,,,,,,,,,,,,,,,,,,,,,,,,,,,,,,,,,,,,,,,,,,,,,,,,,,to pay attention to a brief picture and answer questions about what i did or didnt notice,did you notice the color of the ball,blue,5,,47,Female
P0900,283,TRUE,anonymous,EN,I consent.,0,0,1.007,0,Yes,Yes,Yes,Yes,Yes,No,Yes,No,Yes,0,0,1.011,0,Yes,Yes,No,Yes,Yes,Yes,Yes,Yes,Yes,,,,,,,,,,,,,,,,,,,,,,,,,,,,,,,,,,,,,,,,,,,,,,,,,,,,,,,,,,,,,,,,,,,,,,,,,,,,,,,,,,,,,,,,,,,,,,,,,,,,0,0,1.006,0,,,,,Yes,Yes,Yes,Yes,Yes,Yes,Yes,Yes,No,,,,,,,,,,,,,,,,,,,,,,,,,,,,,,it was to observe the picture and answer questions based on it.,Were you able to see if it was indoors/outdoors?,Blue,5,,29,Male
P0901,364,TRUE,anonymous,EN,I consent.,0,0,1.007,0,No,Yes,Yes,Yes,Yes,Yes,Yes,Yes,Yes,0,0,1.008,0,Yes,Yes,Yes,Yes,No,Yes,Yes,Yes,Yes,,,,,,,,,,,,,,,,,,,,,,,,,,,,,,,,,,,,,,,,,,0,0,1.007,0,,,,,Yes,Yes,No,No,No,No,Yes,No,No,,,,,,,,,,,,,,,,,,,,,,,,,,,,,,,,,,,,,,,,,,,,,,,,,,,,,,,,,,,,,,,,,,,,,,,,,,,,,,,,,,,,,,,,view images for 1 second and answer questions about what i notice or didnt notice ,did you notice the color of the object,blue,5,no,28,Female
P0902,128,TRUE,anonymous,EN,I consent.,0,0,1.008,0,No,Yes,Yes,Yes,Yes,Yes,Yes,Yes,Yes,0,0,1.016,0,Yes,Yes,Yes,Yes,No,Yes,Yes,Yes,No,,,,,,,,,,,,,,,,,,,,,,,,,,,,,,,,,,,,,,,,,,,,,,,,,,,,,,,,,,,,,,,,,,,,,,,,,,,,,,,,,,,,,,,,0,0,1.016,0,,,,,,,,,,,,,,,,,No,No,No,No,No,No,Yes,Yes,Yes,,,,,,,,,,,,,,,,,,,,,,,,,,,,,,Answer questions about details in an image that was shown for 1 second,Did you notice what the object was sitting on,Blue,5,,26,Male
P0903,84,TRUE,anonymous,EN,I consent.,0,0,1.121,0,No,Yes,Yes,Yes,Yes,Yes,Yes,Yes,No,0,0,1.12,0,Yes,Yes,Yes,Yes,No,No,Yes,No,Yes,,,,,,,,,,,,,,,,,,,,,,,,,,,,,,,,,,,,,,,,,,,,,,,,,,,,,,,,,,,,,,,,,,,,,,,,,,,,,,,,,,,,,,,,,,,,,,,,,,,,,,,,,,,,,,,,,,,,,,,,,,,,,,,,,,,,,0,0,1.117,0,Yes,Yes,Yes,Yes,No,Yes,Yes,Yes,No,Analyzing pictures after brief exposure,Did I notice if object was indoors/outdoors,Blue,5,,35,Male
P0904,549,TRUE,anonymous,EN,I consent.,0,0,1.113,0,Yes,Yes,Yes,Yes,Yes,Yes,Yes,No,No,0,0,1.013,0,Yes,Yes,Yes,Yes,No,No,Yes,Yes,Yes,,,,,,,,,,,,,,,,,,,,,,,,,,,,,,,,,,,,,,,,,,,,,,,,,,,,,,,,,,,,,,,,,,,,,,,,,,,,,,,,,,,,,,,,,,,,,,,,0,0,1.01,0,,,,,,,,,Yes,No,No,No,Yes,Yes,Yes,Yes,Yes,,,,,,,,,,,,,,,,,,,,,,,,,,,,,,"In this study I had to view a photograph or picture rather, for one second and then answer questions as to details that I may or may have noticed.","One of the questions was something along the lines of.... ""Did you notice the hand that lit the candle, right or left?""",blue,5,"Thank you for the opportunity, it was interesting. ",39,Female
P0905,185,TRUE,anonymous,EN,I consent.,0,0,1.109,0,No,Yes,Yes,Yes,Yes,Yes,Yes,Yes,Yes,0,0,1.006,0,Yes,Yes,Yes,Yes,No,Yes,Yes,Yes,Yes,,,,,0,0,1.01,0,,,,,,,,,,,,,Yes,Yes,No,Yes,No,Yes,No,Yes,Yes,,,,,,,,,,,,,,,,,,,,,,,,,,,,,,,,,,,,,,,,,,,,,,,,,,,,,,,,,,,,,,,,,,,,,,,,,,,,,,,,,,,,,,,,,,,,,,,,,,,,,,,,,,,,,,,,,,,,,describe the photos,Did you know the color of the ball?,blue,5,,32,Female
P0906,260,TRUE,anonymous,EN,I consent.,0,0,1.007,0,Yes,Yes,Yes,Yes,Yes,Yes,Yes,Yes,Yes,0,0,1.107,0,Yes,Yes,Yes,Yes,Yes,Yes,Yes,Yes,Yes,,,,,,,,,,,,,,,,,,,,,,,,,,,,,,,,,,,,,,,,,,,,,,,,,,,,,,,,,,,,,,,,,,,,,,,,,,,,,,,,,,,,,,,,,,,,,,,,,,,,,,,,0,0,1.008,0,Yes,Yes,Yes,Yes,Yes,Yes,Yes,Yes,Yes,,,,,,,,,,,,,,,,,,,,,,,,,,,,,,the task was for me to view an image for a second and recollect details about it afterwards,did you notice if there was a human in the image,blue,5,,24,Female
P0907,294,TRUE,anonymous,EN,I consent.,0,0,1.117,0,Yes,Yes,No,Yes,Yes,No,No,Yes,Yes,0,0,1.008,0,Yes,Yes,Yes,Yes,Yes,Yes,Yes,No,Yes,,,,,,,,,,,,,,,,,0,0,1.028,0,Yes,No,Yes,Yes,Yes,Yes,Yes,Yes,No,,,,,,,,,,,,,,,,,,,,,,,,,,,,,,,,,,,,,,,,,,,,,,,,,,,,,,,,,,,,,,,,,,,,,,,,,,,,,,,,,,,,,,,,,,,,,,,,,,,,,,,,,,,,,,,,,,,,,I was asked to describe colours ,Did you notice whether there was a refrigerator?,Blue ,5,,38,Male
P0908,154,TRUE,anonymous,EN,I consent.,0,0,1.012,0,No,Yes,Yes,Yes,Yes,Yes,Yes,Yes,No,0,0,1.006,0,Yes,Yes,Yes,Yes,Yes,Yes,Yes,Yes,Yes,,,,,,,,,,,,,,,,,,,,,,,,,,,,,,,,,,,,,,,,,,,,,,,,,,,,,,,,,,,,,,,,,,,,,,,,,,,,,,,,,,,,,,,,,,,,,,,,0,0,1.011,0,,,,,,,,,Yes,Yes,No,No,Yes,No,Yes,Yes,No,,,,,,,,,,,,,,,,,,,,,,,,,,,,,,Answer if I saw certain attributes from an image displayed for 1 second,Did I note the approximate of the woman lighting the candle,blue,5,,40,Male
P0909,285,TRUE,anonymous,EN,I consent.,0,0,1.113,0,Yes,Yes,Yes,Yes,Yes,Yes,Yes,Yes,No,0,0,1.108,0,No,Yes,Yes,Yes,No,Yes,Yes,No,No,0,0,1.009,0,,,,,,,,,,,,,,,,,Yes,Yes,Yes,Yes,Yes,Yes,Yes,Yes,Yes,,,,,,,,,,,,,,,,,,,,,,,,,,,,,,,,,,,,,,,,,,,,,,,,,,,,,,,,,,,,,,,,,,,,,,,,,,,,,,,,,,,,,,,,,,,,,,,,,,,,,,,,,,,,,,,,,,,,,"To look at a picture for one second, notice as much as I could and then answer some questions",Did you notice to color of the object,Blue,5,It was fun and one second is longer than I had expected.,72,Female
P0910,158,TRUE,anonymous,EN,I consent.,0,0,1.11,0,No,Yes,Yes,Yes,Yes,Yes,Yes,Yes,Yes,0,0,1.007,0,Yes,Yes,Yes,Yes,No,Yes,Yes,Yes,Yes,,,,,,,,,,,,,,,,,,,,,,,,,,,,,,,,,,,,,,,,,,,,,,,,,,,,,,,,,,,,,,,,,,,,,,,,,,,,,,,,,,,,,,,,,,,,,,,,,,,,,,,,,,,,,,,,,,,,,,,,,0,0,1.006,0,,,,,,,,,,,,,No,No,Yes,Yes,Yes,Yes,Yes,Yes,No,I was shown an image for 1 second and had to answer questions about the details I did and did not notice.,I was asked whether I noticed if the person in the image was sitting or standing.,Blue,5,,24,Female
P0911,241,TRUE,anonymous,EN,I consent.,0,0,1.123,0,No,Yes,Yes,Yes,Yes,Yes,Yes,No,Yes,0,0,1.019,0,Yes,Yes,Yes,Yes,Yes,No,Yes,Yes,Yes,,,,,,,,,,,,,,,,,,,,,,,,,,,,,,,,,,,,,,,,,,,,,,,,,,,,,,,,,,,,,,,,,,,,,,,,,,,,,,,,,,,,,,,,,,,,,,,,,,,,,,,,,,,,,,,,,,,,,,,,,,,,,,,,,0,0,1.022,0,,,,,Yes,Yes,Yes,Yes,Yes,Yes,Yes,Yes,No,look at a picture for 1 second and answer if you noticed various things about it,did you notice the age of the person in the picture,blue,5,,37,Male
P0912,316,TRUE,anonymous,EN,I consent.,0,0,1.013,0,No,Yes,Yes,Yes,Yes,Yes,Yes,Yes,Yes,0,0,1.016,0,Yes,Yes,Yes,Yes,Yes,No,Yes,Yes,Yes,,,,,,,,,,,,,,,,,,,,,,,,,,,,,,,,,,,,,,0,0,1.114,0,,,,,,,,,Yes,Yes,Yes,Yes,Yes,No,Yes,Yes,Yes,,,,,,,,,,,,,,,,,,,,,,,,,,,,,,,,,,,,,,,,,,,,,,,,,,,,,,,,,,,,,,,,,,,,,,,,,,,,,,,,,,,,,,,,I saw an image for 1 second and had to answer yes/no questions about what I noticed.,Did you notice the type of fruit the person had?,blue,5,,34,Female
P0913,1087,TRUE,anonymous,EN,I consent.,0,0,1.108,0,No,Yes,Yes,Yes,Yes,No,Yes,Yes,Yes,0,0,1.012,0,Yes,Yes,Yes,Yes,No,Yes,Yes,Yes,Yes,,,,,,,,,,,,,,,,,,,,,,,,,,,,,,,,,,,,,,,,,,,,,,,,,,,,,,,,,,,,,,,,,,,0,0,1.013,0,,,,,,,,,Yes,Yes,No,No,Yes,Yes,Yes,Yes,Yes,,,,,,,,,,,,,,,,,,,,,,,,,,,,,,,,,,,,,,,,,,,,,,,,,,,,,,,,,,,Looking at images and answering questions about certain things you remember about it,Did you notice whether it was inside or outside,blue,5,,26,Male
P0914,142,TRUE,anonymous,EN,I consent.,0,0,1.018,0,No,Yes,Yes,Yes,Yes,Yes,Yes,Yes,Yes,0,0,1.019,0,Yes,Yes,Yes,Yes,Yes,No,Yes,Yes,No,,,,,,,,,,,,,,,,,,,,,,,,,,,,,,,,,,,,,,,,,,,,,,,,,,,,,,,,,,,,,,,,,,,,,,,,,,,,,,,,,,,,,,,,,,,,,,,,,,,,,,,,,,,,,,,,,,,,,,,,,0,0,1.126,0,,,,,,,,,,,,,No,Yes,Yes,Yes,No,Yes,Yes,Yes,Yes,My task was to briefly view an image and recall as many details about it as I could.,I was asked if I knew what color the bench was.,Blue,5,,38,Male
P0915,126,TRUE,anonymous,EN,I consent.,0,0,1.005,0,No,Yes,Yes,Yes,Yes,Yes,Yes,No,Yes,0,0,1.015,0,Yes,Yes,Yes,Yes,Yes,Yes,Yes,Yes,Yes,,,,,,,,,,,,,,,,,,,,,,,,,,,,,,,,,,,,,,,,,,,,,,,,,,,,,,,,,,,,,,,,,,,,,,,,,,,,,,,,,,,,,,,,,,,,,,,,,,,,,,,,,,,,,,,,,,,,,,,,,,,,,0,0,1.006,0,,,,,,,,,No,No,Yes,Yes,Yes,No,Yes,Yes,Yes,"Shown a picture for one second only, answer yes/no questions regarding said picture.",Do you remember the size of the bench.,blue,5,,25,Male
P0916,185,TRUE,anonymous,EN,I consent.,0,0,1.008,0,Yes,Yes,Yes,Yes,Yes,Yes,Yes,Yes,Yes,0,0,1.009,0,Yes,Yes,Yes,Yes,Yes,Yes,Yes,Yes,Yes,,,,,0,0,1.01,0,,,,,,,,,,,,,Yes,Yes,Yes,No,Yes,No,No,Yes,Yes,,,,,,,,,,,,,,,,,,,,,,,,,,,,,,,,,,,,,,,,,,,,,,,,,,,,,,,,,,,,,,,,,,,,,,,,,,,,,,,,,,,,,,,,,,,,,,,,,,,,,,,,,,,,,,,,,,,,,Looking at image and answering if I notices variosu things,Do you notice if the ball was in doors or outdoors,Blue,5,,49,Male
P0917,399,TRUE,anonymous,EN,I consent.,0,0,1.006,0,No,Yes,Yes,Yes,Yes,Yes,Yes,Yes,No,0,0,1.106,0,No,Yes,Yes,Yes,No,No,Yes,Yes,No,,,,,,,,,,,,,,,,,,,,,,,,,,,,,,,,,,,,,,,,,,,,,,,,,,,,,,,,,,,,,,,,,,,0,0,1.105,0,,,,,,,,,Yes,Yes,No,No,No,Yes,Yes,Yes,Yes,,,,,,,,,,,,,,,,,,,,,,,,,,,,,,,,,,,,,,,,,,,,,,,,,,,,,,,,,,,stating whether or not I noticed certain details about an image I was shown for 1 second,Did you notice if there was a refrigerator in the room or not?,blue,5,,38,Female
P0918,262,TRUE,anonymous,EN,I consent.,0,0,1.113,0,No,Yes,Yes,Yes,Yes,Yes,Yes,Yes,Yes,0,0,1.113,0,Yes,Yes,Yes,Yes,No,No,Yes,Yes,Yes,,,,,,,,,,,,,,,,,,,,,,,,,,,,,,,,,,,,,,,,,,,,,,,,,,,,,,,,,,,,,,,,,,,,,,,,,,,,,,,,,,,,,,,,,,,,,,,,,,,,,,,,,,,,,,,,,,,,,,,,,,,,,,,,,,,,,0,0,1.113,0,No,No,Yes,Yes,No,No,Yes,No,Yes,look at image for one second and answer questions,did you notice which shoe she took off,blue,5,,57,Female
P0919,239,TRUE,anonymous,EN,I consent.,0,0,1.006,0,No,Yes,Yes,Yes,Yes,Yes,Yes,Yes,Yes,0,0,1.006,0,Yes,Yes,Yes,Yes,No,Yes,Yes,Yes,Yes,,,,,,,,,,,,,,,,,,,,,,,,,,,,,,0,0,1.006,0,,,,,,,,,,,,,,,,,Yes,Yes,No,Yes,No,Yes,Yes,Yes,Yes,,,,,,,,,,,,,,,,,,,,,,,,,,,,,,,,,,,,,,,,,,,,,,,,,,,,,,,,,,,,,,,,,,,,,,,,,,,,,,,,,,,,,,,,We were given pictures for 1 second and asked if we noticed certain things about the image.,Did you notice the age of the person in the image?,Blue,5,,25,Male
P0920,381,TRUE,anonymous,EN,I consent.,0,0,1.006,0,Yes,No,Yes,No,Yes,No,Yes,No,Yes,0,0,1.006,0,Yes,No,No,Yes,Yes,Yes,Yes,Yes,Yes,,,,,,,,,,,,,,,,,,,,,,,,,,,,,,,,,,,,,,,,,,,,,,,,,,,,,,,,,,,,,,,,,,,,,,,,,,,,,,,,,,,,,,,,,,,,,,,,,,,,,,,,,,,,,,,,,,,,,0,0,1.007,0,,,,,,,,,,,,,,,,,Yes,Yes,No,Yes,Yes,No,Yes,Yes,No,Answer a Yes/No question whether I noticed something on the picture shown for 1 sec. ,Did you see the type of shoes the person has?,Blue,5,,36,Male
P0921,247,TRUE,anonymous,EN,I consent.,0,0,1.008,0,Yes,Yes,Yes,Yes,Yes,Yes,Yes,Yes,No,0,0,1.122,0,Yes,Yes,Yes,Yes,No,No,Yes,Yes,No,,,,,,,,,,,,,,,,,,,,,,,,,,,,,,,,,,,,,,,,,,,,,,0,0,1.011,0,Yes,Yes,Yes,Yes,No,Yes,Yes,No,No,,,,,,,,,,,,,,,,,,,,,,,,,,,,,,,,,,,,,,,,,,,,,,,,,,,,,,,,,,,,,,,,,,,,,,,,,,,,,,,,,,,,,,,,"to view a picture for 1 second, then answer questions about what I remember from it",Did I remember which hand held the fruit.,blue,5,,72,Female
P0922,251,TRUE,anonymous,EN,I consent.,0,0,1.014,0,No,Yes,Yes,Yes,Yes,Yes,Yes,No,Yes,0,0,1.011,0,Yes,Yes,Yes,Yes,Yes,Yes,Yes,Yes,Yes,,,,,,,,,,,,,,,,,,,,,,,,,,,,,,,,,,,,,,,,,,,,,,,,,,,,,,,,,,,,,,,0,0,1.118,0,,,,,,,,,,,,,Yes,Yes,No,Yes,No,Yes,Yes,Yes,No,,,,,,,,,,,,,,,,,,,,,,,,,,,,,,,,,,,,,,,,,,,,,,,,,,,,,,,,,,,I had to answer questions if I saw different things in the photo.,Did you see the animal on the photo.,blue,5,,64,Female
P0923,328,TRUE,anonymous,EN,I consent.,0,0,1.014,0,No,Yes,Yes,Yes,Yes,Yes,Yes,Yes,Yes,0,0,1.01,0,Yes,Yes,Yes,Yes,Yes,Yes,Yes,Yes,No,,,,,,,,,,,,,,,,,,,,,,,,,,,,,,,,,,,,,,0,0,1.108,0,,,,,,,,,Yes,Yes,No,Yes,Yes,No,Yes,Yes,No,,,,,,,,,,,,,,,,,,,,,,,,,,,,,,,,,,,,,,,,,,,,,,,,,,,,,,,,,,,,,,,,,,,,,,,,,,,,,,,,,,,,,,,,I had to look at a picture briefly and answer questions about what I saw,Did I notice the size of the bag,blue,5,,30,Female
P0924,161,TRUE,anonymous,EN,I consent.,0,0,1.008,0,No,Yes,Yes,Yes,Yes,Yes,Yes,Yes,Yes,0,0,1.106,0,Yes,Yes,Yes,Yes,Yes,No,Yes,Yes,Yes,,,,,,,,,,,,,0,0,1.013,0,,,,,Yes,Yes,No,Yes,No,Yes,No,Yes,Yes,,,,,,,,,,,,,,,,,,,,,,,,,,,,,,,,,,,,,,,,,,,,,,,,,,,,,,,,,,,,,,,,,,,,,,,,,,,,,,,,,,,,,,,,,,,,,,,,,,,,,,,,,,,,,,,,,,,,,looking an an image for 1 second and remembering the details,Do you remember the size of the object,blue,5,,48,Female
P0925,265,TRUE,anonymous,EN,I consent.,0,0,1.007,0,No,Yes,Yes,Yes,Yes,Yes,Yes,Yes,Yes,0.972,0.972,1.019,1,Yes,Yes,Yes,Yes,Yes,No,Yes,Yes,No,,,,,,,,,,,,,,,,,,,,,,,,,,,,,,,,,,,,,,,,,,,,,,,,,,,,,,,,,,,0.636,0.636,1.008,1,,,,,,,,,,,,,,,,,Yes,Yes,Yes,Yes,Yes,Yes,Yes,Yes,Yes,,,,,,,,,,,,,,,,,,,,,,,,,,,,,,,,,,,,,,,,,,,,,,,,,,,,,,,,,,,descride somethings about the picture,did you notice location,blue,5,,66,Female
P0926,177,TRUE,anonymous,EN,I consent.,0,0,1.01,0,No,Yes,Yes,Yes,No,No,Yes,No,Yes,0,0,1.006,0,Yes,No,No,No,No,Yes,Yes,Yes,No,,,,,,,,,,,,,,,,,,,,,,,,,,,,,,,,,,,,,,,,,,,,,,,,,,,,,,,,,,,,,,,,,,,,,,,,,,,,,,,,,,,,,,,,,,,,,,,,,,,,,,,,,,,,,,,,,,,,,,,,,,,,,,,,,0,0,1.006,0,,,,,No,Yes,Yes,Yes,Yes,Yes,No,Yes,No,Look at a picture for 1 second and answer questions about whether I noticed certain details.,Did I notice if the object was stable,blue,5,,62,Female
P0927,157,TRUE,anonymous,EN,I consent.,0,0,1.108,0,Yes,Yes,Yes,Yes,No,No,Yes,No,Yes,0,0,1.122,0,Yes,Yes,No,Yes,Yes,Yes,Yes,Yes,Yes,,,,,,,,,,,,,,,,,,,,,,,,,,,,,,,,,,0,0,1.014,0,,,,,,,,,,,,,Yes,Yes,Yes,Yes,No,Yes,No,Yes,Yes,,,,,,,,,,,,,,,,,,,,,,,,,,,,,,,,,,,,,,,,,,,,,,,,,,,,,,,,,,,,,,,,,,,,,,,,,,,,,,,,,,,,,,,,describing photo,which bag was the hand,blue,5,,35,Male
P0928,140,TRUE,anonymous,EN,I consent.,0,0,1.008,0,Yes,Yes,Yes,Yes,Yes,Yes,Yes,No,Yes,0,0,1.007,0,Yes,Yes,Yes,Yes,Yes,Yes,Yes,Yes,Yes,,,,,,,,,,,,,,,,,,,,,,,,,,,,,,,,,,,,,,,,,,,,,,,,,,,,,,,,,,,,,,,,,,,,,,,,,,,0,0,1.112,0,Yes,Yes,No,Yes,No,Yes,Yes,Yes,Yes,,,,,,,,,,,,,,,,,,,,,,,,,,,,,,,,,,,,,,,,,,,,,,,,,,,,,,,,,,,Look at a picture for one second and answer questions regarding it,Did you notice what the person fed the animal,blue,5,,33,Male
P0929,256,TRUE,anonymous,EN,I consent.,0,0,1.114,0,No,Yes,Yes,Yes,Yes,Yes,Yes,Yes,Yes,0,0,1.013,0,Yes,Yes,Yes,Yes,Yes,Yes,Yes,Yes,No,0,0,1.007,0,,,,,,,,,,,,,,,,,No,Yes,Yes,Yes,No,No,Yes,Yes,Yes,,,,,,,,,,,,,,,,,,,,,,,,,,,,,,,,,,,,,,,,,,,,,,,,,,,,,,,,,,,,,,,,,,,,,,,,,,,,,,,,,,,,,,,,,,,,,,,,,,,,,,,,,,,,,,,,,,,,,I viewed an image for 1 second and answered questions of what I saw or didn't see,Did you notice the size of the object?,blue,5,,36,Non-binary / third gender
P0930,212,TRUE,anonymous,EN,I consent.,0,0,1.113,0,No,Yes,Yes,Yes,Yes,Yes,Yes,Yes,No,0,0,1.125,0,Yes,Yes,Yes,Yes,Yes,No,Yes,Yes,Yes,,,,,,,,,,,,,,,,,,,,,,,,,,,,,,,,,,,,,,,,,,,,,,,,,,,,,,,,,,,,,,,,,,,,,,,0,0,1.109,0,,,,,Yes,Yes,Yes,Yes,No,Yes,Yes,No,Yes,,,,,,,,,,,,,,,,,,,,,,,,,,,,,,,,,,,,,,,,,,,,,,,,,,,,,,,,,,,Look at an image for 1 second and report if I noticed certain things about it in yes/no questions,Did I notice the size of the animal,blue,5,,29,Female
P0931,239,TRUE,anonymous,EN,I consent.,0,0,1.011,0,No,Yes,Yes,Yes,Yes,Yes,Yes,No,Yes,0,0,1.107,0,Yes,Yes,Yes,Yes,Yes,Yes,Yes,Yes,Yes,,,,,,,,,,,,,,,,,,,,,,,,,,,,,,,,,,,,,,,,,,,,,,,,,,,,,,,,,,,,,,,,,,,0,0,1.007,0,,,,,,,,,Yes,Yes,No,No,Yes,Yes,Yes,Yes,Yes,,,,,,,,,,,,,,,,,,,,,,,,,,,,,,,,,,,,,,,,,,,,,,,,,,,,,,,,,,,I was to view a picture for 1 second and then asked details about what I noticed.,Did I notice the number of blue objects in the picture.,Blue,5,,38,Male
P0932,141,TRUE,anonymous,EN,I consent.,0,0,1.022,0,No,Yes,Yes,Yes,Yes,Yes,Yes,Yes,No,0,0,1.127,0,Yes,Yes,Yes,Yes,No,No,Yes,Yes,Yes,,,,,,,,,,,,,,,,,0,0,1.023,0,Yes,Yes,No,No,No,No,No,No,Yes,,,,,,,,,,,,,,,,,,,,,,,,,,,,,,,,,,,,,,,,,,,,,,,,,,,,,,,,,,,,,,,,,,,,,,,,,,,,,,,,,,,,,,,,,,,,,,,,,,,,,,,,,,,,,,,,,,,,,watch an image for a second and answer questions about the details of it.,did you notice the hair color of the person,blue,5,,37,Male
P0933,133,TRUE,anonymous,EN,I consent.,0,0,1.009,0,Yes,Yes,Yes,Yes,Yes,Yes,Yes,Yes,Yes,0,0,1.008,0,Yes,Yes,Yes,Yes,Yes,No,Yes,Yes,Yes,,,,,,,,,,,,,,,,,,,,,,,,,,,,,,,,,,,,,,,,,,,,,,,,,,,,,,,,,,,,,,,,,,,,,,,,,,,,,,,,,,,,,,,,0,0,1.108,0,,,,,,,,,,,,,,,,,Yes,Yes,No,Yes,Yes,Yes,Yes,Yes,Yes,,,,,,,,,,,,,,,,,,,,,,,,,,,,,,Look at a pic and see w hat I recall,Did I notice the physique ,Blue,5,,22,Female
P0934,283,TRUE,anonymous,EN,I consent.,0,0,1.007,0,Yes,Yes,Yes,Yes,No,Yes,Yes,Yes,Yes,0,0,1.005,0,Yes,Yes,Yes,Yes,Yes,Yes,Yes,Yes,Yes,,,,,,,,,,,,,,,,,,,,,,,,,,,,,,,,,,,,,,,,,,0,0,1.005,0,,,,,Yes,Yes,No,Yes,No,No,Yes,Yes,No,,,,,,,,,,,,,,,,,,,,,,,,,,,,,,,,,,,,,,,,,,,,,,,,,,,,,,,,,,,,,,,,,,,,,,,,,,,,,,,,,,,,,,,,View an image and answer questions about it.,did you notice the physique of the person?,blue,5,,46,Male
P0935,224,TRUE,anonymous,EN,I consent.,0,0,1.125,0,No,Yes,Yes,Yes,Yes,Yes,Yes,No,No,0,0,1.021,0,Yes,Yes,Yes,Yes,No,Yes,Yes,No,Yes,,,,,,,,,,,,,,,,,,,,,,,,,,,,,,,,,,,,,,,,,,,,,,,,,,,,,,,,,,,,,,,,,,,,,,,,,,,,,,,,,,,,,,,,,,,,0,0,1.12,0,,,,,,,,,,,,,Yes,No,No,No,Yes,No,Yes,Yes,No,,,,,,,,,,,,,,,,,,,,,,,,,,,,,,what details I noticed in photos,did you notice the size of the candle,blue,5,,45,Male
P0936,129,TRUE,anonymous,EN,I consent.,0,0,1.008,0,Yes,Yes,Yes,Yes,No,No,Yes,Yes,Yes,0,0,1.005,0,Yes,Yes,Yes,Yes,Yes,No,Yes,Yes,No,,,,,,,,,,,,,,,,,,,,,,,,,,,,,,,,,,,,,,,,,,,,,,,,,,,,,,,,,,,,,,,,,,,,,,,,,,,,,,,,,,,,,,,,,,,,0,0,1.109,0,,,,,,,,,,,,,Yes,Yes,No,No,Yes,Yes,Yes,Yes,Yes,,,,,,,,,,,,,,,,,,,,,,,,,,,,,,Noticing details in a picture,Did I notice what color the object was ,Blue,5,,27,Female
P0937,185,TRUE,anonymous,EN,I consent.,0,0,1.008,0,No,Yes,Yes,Yes,Yes,Yes,Yes,Yes,No,0,0,1.106,0,Yes,Yes,Yes,Yes,Yes,Yes,Yes,Yes,Yes,,,,,,,,,,,,,,,,,,,,,,,,,,,,,,,,,,,,,,,,,,0,0,1.007,0,,,,,Yes,Yes,Yes,Yes,No,Yes,Yes,Yes,No,,,,,,,,,,,,,,,,,,,,,,,,,,,,,,,,,,,,,,,,,,,,,,,,,,,,,,,,,,,,,,,,,,,,,,,,,,,,,,,,,,,,,,,,To view an image for 1 second and then answer whether or not I noticed certain things about it.,Did you notice how the bag was held?,blue,5,No issues,36,Female
P0938,301,TRUE,anonymous,EN,I consent.,0,0,1.01,0,Yes,Yes,Yes,Yes,Yes,Yes,Yes,Yes,Yes,0,0,1.01,0,Yes,Yes,Yes,Yes,No,No,Yes,Yes,Yes,,,,,,,,,,,,,,,,,,,,,,,,,,,,,,,,,,,,,,,,,,,,,,,,,,,,,,,,,,,0,0,1.009,0,,,,,,,,,,,,,,,,,Yes,Yes,No,Yes,No,Yes,Yes,Yes,Yes,,,,,,,,,,,,,,,,,,,,,,,,,,,,,,,,,,,,,,,,,,,,,,,,,,,,,,,,,,,The task was to look at a picture and recall details of it afterward. ,Did I notice which hand she was feeding the kangaroo with. ,Blue. ,5,,49,Male
P0939,200,TRUE,anonymous,EN,I consent.,0,0,1.108,0,No,Yes,Yes,Yes,Yes,No,Yes,No,Yes,0,0,1.005,0,Yes,Yes,Yes,Yes,Yes,No,Yes,Yes,Yes,,,,,,,,,,,,,,,,,,,,,,,,,,,,,,,,,,,,,,,,,,,,,,,,,,,,,,,,,,,,,,,0,0,1.105,0,,,,,,,,,,,,,Yes,Yes,No,No,No,Yes,Yes,Yes,No,,,,,,,,,,,,,,,,,,,,,,,,,,,,,,,,,,,,,,,,,,,,,,,,,,,,,,,,,,,after being shown an image for 1 second I was to answer yes/no questions about it,was the object indoors or outdoors,blue,5,,34,Male
P0940,233,TRUE,anonymous,EN,I consent.,0,0,1.011,0,Yes,Yes,Yes,Yes,Yes,Yes,Yes,Yes,Yes,0,0,1.018,0,No,No,Yes,No,No,No,Yes,No,No,,,,,,,,,0,0,1.12,0,,,,,,,,,Yes,Yes,No,Yes,Yes,Yes,Yes,Yes,Yes,,,,,,,,,,,,,,,,,,,,,,,,,,,,,,,,,,,,,,,,,,,,,,,,,,,,,,,,,,,,,,,,,,,,,,,,,,,,,,,,,,,,,,,,,,,,,,,,,,,,,,,,,,,,,,,,,,,,,"I was shown an image briefly, then asked details about what I did or did not notice ",Did I notice the color of hair of a person,blue,5,,72,Female
P0941,231,TRUE,anonymous,EN,I consent.,0,0,1.006,0,No,Yes,Yes,Yes,Yes,Yes,Yes,No,Yes,0,0,1.005,0,Yes,Yes,Yes,Yes,Yes,Yes,Yes,Yes,No,,,,,,,,,,,,,,,,,,,,,,,,,,,,,,,,,,,,,,,,,,,,,,,,,,,,,,,,,,,,,,,,,,,,,,,,,,,,,,,,,,,,,,,,,,,,,,,,,,,,,,,,0,0,1.105,0,Yes,Yes,No,No,No,No,Yes,No,Yes,,,,,,,,,,,,,,,,,,,,,,,,,,,,,,Remember details,Which had was used to light the candle,blue,5,,25,Male
P0942,299,TRUE,anonymous,EN,I consent.,0,0,1.114,0,No,Yes,Yes,Yes,Yes,Yes,Yes,Yes,Yes,0,0,1.106,0,Yes,Yes,Yes,Yes,Yes,Yes,Yes,Yes,Yes,,,,,,,,,,,,,,,,,,,,,,,,,,,,,,,,,,,,,,,,,,,,,,,,,,,,,,,,,,,,,,,,,,,,,,,,,,,,,,,,,,,,,,,,,,,,,,,,,,,,,,,,,,,,,,,,,,,,,0,0,1.105,0,,,,,,,,,,,,,,,,,Yes,Yes,Yes,Yes,Yes,No,Yes,Yes,Yes,I looked at images for 1 second and then was asked to see if I could recall certain details about the image.,Did you notice what kind of shoe the person had?,Blue,5,,26,Male
P0943,270,TRUE,anonymous,EN,I consent.,0,0,1.008,0,No,Yes,Yes,Yes,Yes,No,Yes,Yes,Yes,0,0,1.11,0,Yes,Yes,No,Yes,No,Yes,Yes,Yes,No,,,,,,,,,,,,,,,,,,,,,,,,,,,,,,,,,,,,,,0,0,1.008,0,,,,,,,,,Yes,Yes,Yes,Yes,Yes,No,Yes,Yes,No,,,,,,,,,,,,,,,,,,,,,,,,,,,,,,,,,,,,,,,,,,,,,,,,,,,,,,,,,,,,,,,,,,,,,,,,,,,,,,,,,,,,,,,,To view an image for 1 second and then recall what was in the picture,Can you recall the build/physique of the person in the picture.,blue,5,,35,Female
P0944,225,TRUE,anonymous,EN,I consent.,0,0,1.008,0,No,Yes,Yes,Yes,Yes,Yes,Yes,Yes,Yes,0,0,1.011,0,Yes,Yes,Yes,Yes,No,No,Yes,Yes,Yes,,,,,,,,,,,,,,,,,,,,,,,,,,,,,,,,,,,,,,,,,,,,,,,,,,,,,,,,,,,,,,,,,,,,,,,,,,,,,,,,,,,,,,,,,,,,,,,,0,0,1.006,0,,,,,,,,,No,No,No,No,Yes,Yes,Yes,Yes,Yes,,,,,,,,,,,,,,,,,,,,,,,,,,,,,,Look at an image for 1 second and then answer questions about the details of the image.,Did you notice which hand she lit the candle with?,Blue,5,,39,Male
P0945,130,TRUE,anonymous,EN,I consent.,0,0,1.014,0,No,Yes,Yes,Yes,No,Yes,Yes,No,Yes,0,0,1.014,0,Yes,Yes,Yes,Yes,No,No,Yes,Yes,Yes,,,,,,,,,,,,,,,,,,,,,,,,,,,,,,,,,,0,0,1.107,0,,,,,,,,,,,,,Yes,No,No,No,No,Yes,Yes,Yes,Yes,,,,,,,,,,,,,,,,,,,,,,,,,,,,,,,,,,,,,,,,,,,,,,,,,,,,,,,,,,,,,,,,,,,,,,,,,,,,,,,,,,,,,,,,describe an image saw for 1 second,if we noticed the backgrounds of certain images.,Blue,5,None :),33,Male
P0946,245,TRUE,anonymous,EN,I consent.,0,0,1.012,0,Yes,Yes,Yes,Yes,Yes,Yes,Yes,Yes,Yes,0,0,1.009,0,Yes,Yes,Yes,Yes,Yes,Yes,Yes,Yes,Yes,,,,,,,,,,,,,,,,,,,,,,,,,,,,,,,,,,,,,,,,,,,,,,,,,,,,,,,,,,,,,,,,,,,0,0,1.108,0,,,,,,,,,Yes,Yes,No,Yes,Yes,Yes,Yes,Yes,Yes,,,,,,,,,,,,,,,,,,,,,,,,,,,,,,,,,,,,,,,,,,,,,,,,,,,,,,,,,,,"I was to view a picture for one second and then answer ""yes"" or ""no"" questions that followed.",Did you notice how many blue objects ,blue,5,,49,Male
P0947,292,TRUE,anonymous,EN,I consent.,0,0,1.032,0,No,Yes,Yes,Yes,Yes,Yes,Yes,No,Yes,0,0,1.122,0,Yes,Yes,Yes,No,No,Yes,Yes,Yes,Yes,,,,,,,,,,,,,,,,,,,,,,,,,,,,,,,,,,,,,,,,,,,,,,0,0,1.028,0,Yes,Yes,No,No,No,Yes,Yes,Yes,No,,,,,,,,,,,,,,,,,,,,,,,,,,,,,,,,,,,,,,,,,,,,,,,,,,,,,,,,,,,,,,,,,,,,,,,,,,,,,,,,,,,,,,,,I had to look at an image for 1 second and then answer questions about the details I noticed.,Did you notice the build of the person in the image?,Blue,5,,31,Male
P0948,494,TRUE,anonymous,EN,I consent.,0,0,1.012,0,No,Yes,Yes,Yes,Yes,Yes,Yes,Yes,Yes,0,0,1.01,0,Yes,Yes,No,Yes,Yes,No,Yes,Yes,Yes,,,,,,,,,,,,,,,,,,,,,,,,,,,,,,,,,,,,,,,,,,,,,,,,,,,,,,,,,,,,,,,,,,,,,,,0,0,1.007,0,,,,,Yes,Yes,Yes,No,Yes,Yes,Yes,No,No,,,,,,,,,,,,,,,,,,,,,,,,,,,,,,,,,,,,,,,,,,,,,,,,,,,,,,,,,,,to answer questions truthfully about what i saw in the photo,did i notice what was the color blue ,blue,5,i was able to notice many more details than i thought i would which isnt to say that i wasnt wrong on a couple things. interesting,60,Female
P0949,205,TRUE,anonymous,EN,I consent.,0,0,1.008,0,No,Yes,Yes,Yes,Yes,No,Yes,Yes,Yes,0,0,1.008,0,Yes,Yes,Yes,Yes,No,Yes,Yes,Yes,Yes,,,,,,,,,,,,,,,,,,,,,,,,,,,,,,,,,,,,,,,,,,,,,,,,,,,,,,,,,,,,,,,,,,,,,,,,,,,,,,,,,,,,,,,,,,,,,,,,,,,,,,,,,,,,,,,,,,,,,,,,,0,0,1.007,0,,,,,,,,,,,,,No,No,No,Yes,No,Yes,Yes,Yes,No,Look at a picture and notice the details of it.,Did I notice the size of the bench.,bluue,5,,42,Female
P0950,253,TRUE,anonymous,EN,I consent.,0,0,1.007,0,No,Yes,Yes,Yes,Yes,Yes,Yes,Yes,No,0,0,1.007,0,Yes,Yes,Yes,Yes,Yes,Yes,Yes,Yes,Yes,,,,,,,,,,,,,,,,,0,0,1.007,0,Yes,Yes,No,Yes,Yes,Yes,Yes,No,Yes,,,,,,,,,,,,,,,,,,,,,,,,,,,,,,,,,,,,,,,,,,,,,,,,,,,,,,,,,,,,,,,,,,,,,,,,,,,,,,,,,,,,,,,,,,,,,,,,,,,,,,,,,,,,,,,,,,,,,View an image for 1 second and answer questions.,Do you know the color of the ball?,Blue,5,,29,Female
P0951,272,TRUE,anonymous,EN,I consent.,0,0,1.02,0,Yes,Yes,Yes,Yes,Yes,Yes,Yes,Yes,No,0,0,1.122,0,Yes,Yes,Yes,Yes,No,No,Yes,Yes,Yes,,,,,,,,,,,,,,,,,,,,,,,,,,,,,,,,,,,,,,,,,,,,,,,,,,,,,,,,,,,,,,,,,,,,,,,,,,,,,,,,,,,,,,,,,,,,,,,,,,,,,,,,,,,,,,,,,,,,,0,0,1.026,0,,,,,,,,,,,,,,,,,Yes,Yes,Yes,Yes,Yes,Yes,Yes,Yes,No,I had to answer yes or no questions about details in pictures that were shown on the screen for one second.,Did you notice if there was a cloud in the picture?,Blue,5,,64,Female
P0952,351,TRUE,anonymous,EN,I consent.,0,0,1.012,0,Yes,Yes,Yes,Yes,Yes,Yes,Yes,Yes,Yes,0,0,1.011,0,Yes,Yes,Yes,Yes,Yes,No,Yes,Yes,No,,,,,,,,,,,,,,,,,,,,,,,,,,,,,,,,,,,,,,,,,,,,,,,,,,,,,,,,,,,,,,,,,,,,,,,,,,,,,,,,,,,,,,,,,,,,,,,,,,,,0,0,1.007,0,,,,,Yes,Yes,No,No,No,Yes,Yes,Yes,Yes,,,,,,,,,,,,,,,,,,,,,,,,,,,,,,I was asked to evaluate an image for 1 second and then recollect what I remembered seeing in a following questionnaire. ,What hand was the person using to light the candle?,Blue,5,,29,Female
P0953,206,TRUE,anonymous,EN,I consent.,0,0,1.11,0,No,Yes,Yes,No,Yes,Yes,Yes,Yes,Yes,0,0,1.112,0,No,Yes,Yes,Yes,No,No,Yes,Yes,Yes,,,,,0,0,1.106,0,,,,,,,,,,,,,Yes,Yes,Yes,Yes,Yes,No,No,Yes,Yes,,,,,,,,,,,,,,,,,,,,,,,,,,,,,,,,,,,,,,,,,,,,,,,,,,,,,,,,,,,,,,,,,,,,,,,,,,,,,,,,,,,,,,,,,,,,,,,,,,,,,,,,,,,,,,,,,,,,,Answer yes or no if I noticed different details about an image displayed for 1 second.,Did you notice the gender of the person?,Blue,5,,34,Male
P0954,164,TRUE,anonymous,EN,I consent.,0,0,1.009,0,Yes,No,Yes,Yes,Yes,Yes,Yes,Yes,Yes,0,0,1.115,0,No,No,Yes,No,Yes,No,Yes,No,No,0,0,1.015,0,,,,,,,,,,,,,,,,,Yes,Yes,No,Yes,Yes,Yes,Yes,Yes,Yes,,,,,,,,,,,,,,,,,,,,,,,,,,,,,,,,,,,,,,,,,,,,,,,,,,,,,,,,,,,,,,,,,,,,,,,,,,,,,,,,,,,,,,,,,,,,,,,,,,,,,,,,,,,,,,,,,,,,,Look at a photo for one second and answer yes/no questions.,If I noticed the color of the persons hair,Blue,5,,25,Female
P0955,274,TRUE,anonymous,EN,I consent.,0,0,1.025,0,No,Yes,Yes,Yes,Yes,Yes,Yes,Yes,Yes,0,0,1.013,0,Yes,Yes,Yes,Yes,No,Yes,Yes,Yes,Yes,,,,,,,,,,,,,,,,,,,,,,,,,,,,,,,,,,,,,,,,,,,,,,,,,,,,,,,,,,,,,,,,,,,,,,,,,,,,,,,,,,,,,,,,,,,,,,,,,,,,,,,,0,0,1.009,0,No,No,No,No,No,Yes,Yes,Yes,Yes,,,,,,,,,,,,,,,,,,,,,,,,,,,,,,Look at a picture and answer if we saw the details.,Did I notice the person's build?,blue,5,,36,Female
P0956,194,TRUE,anonymous,EN,I consent.,0,0,1.011,0,No,Yes,Yes,Yes,Yes,Yes,Yes,No,Yes,0,0,1.009,0,Yes,Yes,Yes,Yes,No,No,Yes,Yes,No,,,,,,,,,,,,,,,,,,,,,,,,,,,,,,0,0,1.008,0,,,,,,,,,,,,,,,,,Yes,Yes,Yes,Yes,Yes,Yes,Yes,Yes,No,,,,,,,,,,,,,,,,,,,,,,,,,,,,,,,,,,,,,,,,,,,,,,,,,,,,,,,,,,,,,,,,,,,,,,,,,,,,,,,,,,,,,,,,noticing details in a picture,The size of the fruit,blue,5,,51,Female
P0957,216,TRUE,anonymous,EN,I consent.,0,0,1.009,0,No,Yes,Yes,Yes,No,Yes,Yes,Yes,No,0,0,1.007,0,Yes,Yes,Yes,Yes,Yes,No,Yes,Yes,Yes,,,,,,,,,,,,,,,,,,,,,,,,,,,,,,,,,,,,,,,,,,,,,,,,,,,,,,,,,,,,,,,,,,,,,,,,,,,,,,,,,,,,,,,,,,,,,,,,,,,,,,,,,,,,,,,,,,,,,,,,,,,,,,,,,,,,,0,0,1.008,0,No,No,Yes,Yes,No,No,Yes,Yes,Yes,Look at a picture for one second and then answer yes or no questions based on what you remember about the picture,Do you remember the size of the bench? The woman was sitting on yes or no,Blue,5,,47,Female
P0958,469,TRUE,anonymous,EN,I consent.,0,0,1.01,0,No,Yes,Yes,Yes,Yes,Yes,Yes,Yes,Yes,0,0,1.117,0,Yes,Yes,Yes,Yes,Yes,Yes,Yes,Yes,Yes,,,,,,,,,,,,,,,,,,,,,,,,,,,,,,,,,,,,,,,,,,,,,,,,,,,,,,,,,,,,,,,,,,,,,,,,,,,,,,,,,,,,,,,,,,,,,,,,0,0,1.014,0,,,,,,,,,Yes,Yes,No,No,Yes,Yes,Yes,Yes,Yes,,,,,,,,,,,,,,,,,,,,,,,,,,,,,,Task was to view and image for 1 second and answer questions of yes or no on what was seen.,Did you notice what was used to light the candle?,blue,5,,59,Female
P0959,269,TRUE,anonymous,EN,I consent.,0,0,1.015,0,No,Yes,Yes,Yes,No,No,Yes,Yes,Yes,0,0,1.115,0,Yes,Yes,Yes,Yes,Yes,No,Yes,Yes,No,,,,,,,,,,,,,,,,,,,,,,,,,,,,,,,,,,,,,,,,,,,,,,,,,,,,,,,,,,,,,,,,,,,,,,,0,0,1.112,0,,,,,Yes,Yes,No,Yes,Yes,Yes,Yes,No,Yes,,,,,,,,,,,,,,,,,,,,,,,,,,,,,,,,,,,,,,,,,,,,,,,,,,,,,,,,,,,"Notice the details in the picture shown, and recall whether you remembered them.",Did you notice the physique of the person?,"Blue, if it's a sunny clear day.",5,Longer than specified,55,Female
P0960,506,TRUE,anonymous,EN,I consent.,0,0,1.116,0,Yes,Yes,Yes,Yes,Yes,Yes,Yes,Yes,Yes,0,0,1.106,0,Yes,Yes,Yes,Yes,No,Yes,Yes,Yes,No,,,,,,,,,,,,,,,,,,,,,,,,,,,,,,,,,,,,,,,,,,,,,,,,,,,,,,,,,,,,,,,,,,,,,,,,,,,,,,,,,,,,,,,,0,0,1.006,0,,,,,,,,,,,,,,,,,Yes,Yes,No,No,Yes,Yes,Yes,Yes,Yes,,,,,,,,,,,,,,,,,,,,,,,,,,,,,,I was asked to view an image for 1 second and then answer whether I noticed certain details within the image.,Did you notice which hand the person used to light the candle?,blue,5,The questions and images were clear.  I experienced no problems with the study.,28,Male
P0961,211,TRUE,anonymous,EN,I consent.,0,0,1.008,0,No,Yes,Yes,Yes,Yes,Yes,Yes,No,Yes,0,0,1.007,0,Yes,Yes,Yes,Yes,No,No,Yes,Yes,No,,,,,,,,,,,,,,,,,,,,,,,,,,,,,,,,,,,,,,,,,,0,0,1.015,0,,,,,No,Yes,No,No,No,No,Yes,Yes,No,,,,,,,,,,,,,,,,,,,,,,,,,,,,,,,,,,,,,,,,,,,,,,,,,,,,,,,,,,,,,,,,,,,,,,,,,,,,,,,,,,,,,,,,To view an image for one second and see what details we noticed.,Did you notice what fruit was being handled,blue,5,,36,Female
P0962,244,TRUE,anonymous,EN,I consent.,0,0,1.007,0,No,Yes,Yes,Yes,Yes,No,Yes,Yes,Yes,0,0,1.005,0,Yes,Yes,Yes,Yes,No,No,Yes,Yes,Yes,,,,,,,,,,,,,,,,,,,,,,,,,,,,,,,,,,,,,,,,,,,,,,,,,,,,,,,,,,,,,,,,,,,,,,,,,,,,,,,,,,,,,,,,,,,,,,,,,,,,,,,,,,,,,,,,,,,,,,,,,,,,,0,0,1.11,0,,,,,,,,,Yes,No,Yes,Yes,Yes,No,Yes,Yes,Yes,To view an image for one second and then answer yes/no questions about it.,Did you notice the color of the object?,blue,5,,52,Female
P0963,208,TRUE,anonymous,EN,I consent.,0,0,1.136,0,Yes,Yes,Yes,Yes,Yes,No,Yes,Yes,Yes,0,0,1.12,0,Yes,Yes,Yes,Yes,Yes,Yes,Yes,Yes,Yes,,,,,,,,,,,,,,,,,,,,,,,,,,,,,,,,,,,,,,,,,,,,,,,,,,,,,,,,,,,0,0,1.132,0,,,,,,,,,,,,,,,,,Yes,Yes,Yes,Yes,Yes,Yes,No,Yes,Yes,,,,,,,,,,,,,,,,,,,,,,,,,,,,,,,,,,,,,,,,,,,,,,,,,,,,,,,,,,,Take notice on photos,Did you notice the size of the object ?,blue,5,,50,Female
P0964,281,TRUE,anonymous,EN,I consent.,0,0,1.12,0,No,Yes,Yes,Yes,Yes,Yes,Yes,Yes,Yes,0,0,1.009,0,No,Yes,Yes,Yes,No,No,Yes,Yes,Yes,,,,,,,,,,,,,,,,,,,,,,,,,,,,,,,,,,,,,,,,,,,,,,,,,,,,,,,,,,,,,,,,,,,,,,,,,,,0,0,1.017,0,Yes,Yes,No,No,Yes,Yes,Yes,Yes,No,,,,,,,,,,,,,,,,,,,,,,,,,,,,,,,,,,,,,,,,,,,,,,,,,,,,,,,,,,,I saw a picture for 1 second and answered questions about it,what hand was being used to feed the giraffe,blue,5,,51,Female
P0965,293,TRUE,anonymous,EN,I consent.,0,0,1.013,0,Yes,Yes,Yes,Yes,Yes,Yes,Yes,Yes,Yes,0,0,1.015,0,No,Yes,Yes,Yes,Yes,Yes,Yes,Yes,Yes,,,,,,,,,,,,,,,,,,,,,,,,,,,,,,,,,,,,,,,,,,,,,,,,,,,,,,,,,,,,,,,,,,,,,,,,,,,0,0,1.014,0,Yes,Yes,No,Yes,Yes,Yes,Yes,Yes,Yes,,,,,,,,,,,,,,,,,,,,,,,,,,,,,,,,,,,,,,,,,,,,,,,,,,,,,,,,,,,Answer yes or no questions about whether or not I saw certain details in an image that I was shown for 1 second.,Did you notice the spacing of the cage bars?,blue,5,,32,Male
P0966,209,TRUE,anonymous,EN,I consent.,0,0,1.005,0,No,Yes,Yes,Yes,Yes,Yes,Yes,No,Yes,0,0,1.004,0,Yes,Yes,Yes,Yes,No,No,Yes,Yes,Yes,,,,,,,,,,,,,,,,,,,,,,,,,,,,,,,,,,,,,,,,,,,,,,,,,,,,,,,,,,,,,,,,,,,,,,,,,,,,,,,,,,,,,,,,,,,,,,,,,,,,0,0,1.005,0,,,,,Yes,Yes,No,No,Yes,Yes,Yes,Yes,Yes,,,,,,,,,,,,,,,,,,,,,,,,,,,,,,See an image for 1 second and answer what I noticed in it.,How many blue objects did you see?,blue,5,,49,Female
P0967,344,TRUE,anonymous,EN,I consent.,0,0,1.012,0,Yes,Yes,Yes,Yes,Yes,Yes,Yes,Yes,Yes,0,0,1.113,0,Yes,Yes,Yes,Yes,Yes,No,Yes,Yes,Yes,,,,,,,,,,,,,,,,,,,,,,,,,,,,,,0,0,1.008,0,,,,,,,,,,,,,,,,,No,No,No,Yes,Yes,Yes,Yes,Yes,Yes,,,,,,,,,,,,,,,,,,,,,,,,,,,,,,,,,,,,,,,,,,,,,,,,,,,,,,,,,,,,,,,,,,,,,,,,,,,,,,,,,,,,,,,,I was asked to recall the details of a image that flashed on the screen for 1 second,Did you notice a refrigerator?,blue,5,,36,Female
P0968,188,TRUE,anonymous,EN,I consent.,0,0,1.008,0,No,Yes,Yes,Yes,Yes,Yes,Yes,Yes,Yes,0,0,1.109,0,Yes,Yes,Yes,Yes,No,No,Yes,Yes,Yes,,,,,,,,,,,,,,,,,,,,,,,,,,,,,,,,,,,,,,,,,,,,,,,,,,,,,,,,,,,,,,,,,,,,,,,,,,,,,,,,,,,,,,,,,,,,,,,,,,,,,,,,0,0,1.008,0,Yes,Yes,No,No,Yes,No,Yes,Yes,No,,,,,,,,,,,,,,,,,,,,,,,,,,,,,,identify whether I see certain characteristics of an image,Did you notice if the object was stable,blue,5,interesting study!,58,Female
P0969,217,TRUE,anonymous,EN,I consent.,0,0,1.009,0,No,Yes,Yes,Yes,Yes,Yes,Yes,Yes,Yes,0,0,1.016,0,Yes,Yes,Yes,Yes,Yes,No,Yes,Yes,Yes,,,,,,,,,,,,,,,,,,,,,,,,,,,,,,,,,,,,,,,,,,0,0,1.014,0,,,,,No,Yes,Yes,No,No,No,Yes,Yes,Yes,,,,,,,,,,,,,,,,,,,,,,,,,,,,,,,,,,,,,,,,,,,,,,,,,,,,,,,,,,,,,,,,,,,,,,,,,,,,,,,,,,,,,,,,Answer questions based on a pictures I saw for 1 second.,Did you notice the size of the fruit?,blue,5,,39,Female
P0970,294,TRUE,anonymous,EN,I consent.,0,0,1.01,0,Yes,Yes,Yes,Yes,Yes,No,Yes,No,Yes,0,0,1.008,0,Yes,Yes,Yes,Yes,Yes,No,Yes,Yes,Yes,,,,,,,,,0,0,1.114,0,,,,,,,,,Yes,Yes,Yes,Yes,Yes,Yes,Yes,Yes,Yes,,,,,,,,,,,,,,,,,,,,,,,,,,,,,,,,,,,,,,,,,,,,,,,,,,,,,,,,,,,,,,,,,,,,,,,,,,,,,,,,,,,,,,,,,,,,,,,,,,,,,,,,,,,,,,,,,,,,,To state whether or not I observed objects in the photos,Can you remember what the object was sitting on ,blue,5,"No, none",50,Female
P0972,288,TRUE,anonymous,EN,I consent.,0,0,1.005,0,No,Yes,Yes,Yes,Yes,Yes,Yes,Yes,No,0,0,1.005,0,Yes,Yes,Yes,Yes,Yes,Yes,Yes,Yes,Yes,,,,,,,,,,,,,,,,,,,,,,,,,,,,,,,,,,,,,,,,,,,,,,0,0,1.005,0,Yes,Yes,No,Yes,Yes,Yes,Yes,Yes,Yes,,,,,,,,,,,,,,,,,,,,,,,,,,,,,,,,,,,,,,,,,,,,,,,,,,,,,,,,,,,,,,,,,,,,,,,,,,,,,,,,,,,,,,,,I had to view an image for 1 second and say what I noticed.,If I noticed if there was a person in an image or not,Blue,5,,38,Male
P0973,262,TRUE,anonymous,EN,I consent.,0,0,1.006,0,No,Yes,Yes,Yes,Yes,No,Yes,Yes,No,0,0,1.009,0,Yes,Yes,Yes,Yes,Yes,No,Yes,Yes,No,,,,,,,,,,,,,,,,,,,,,,,,,,,,,,,,,,,,,,,,,,,,,,,,,,,,,,,,,,,,,,,,,,,,,,,0,0,1.112,0,,,,,Yes,Yes,No,Yes,No,Yes,Yes,Yes,No,,,,,,,,,,,,,,,,,,,,,,,,,,,,,,,,,,,,,,,,,,,,,,,,,,,,,,,,,,,notice details in a picture,did you notice the size of the animal,blue,5,,44,Female
P0974,335,TRUE,anonymous,EN,I consent.,0,0,1.023,0,Yes,Yes,Yes,Yes,Yes,Yes,Yes,No,No,0,0,1.02,0,Yes,Yes,Yes,Yes,Yes,No,Yes,Yes,Yes,,,,,,,,,,,,,,,,,0,0,1.126,0,Yes,Yes,No,Yes,Yes,Yes,Yes,Yes,Yes,,,,,,,,,,,,,,,,,,,,,,,,,,,,,,,,,,,,,,,,,,,,,,,,,,,,,,,,,,,,,,,,,,,,,,,,,,,,,,,,,,,,,,,,,,,,,,,,,,,,,,,,,,,,,,,,,,,,,I WAS SHOWN A PICTURE FOR 1 SECOND AND THEN ASKED WHAT I NOTICED FROM THE PICTURE. I WAS ASKED TO PLACE IN A FULL SCREEN MODE.,DID I NOTICE WHAT THE OBJECT WAS ON?,BLUE,5,NO ISSUES OR PROBLEMS.,57,Male
P0975,291,TRUE,anonymous,EN,I consent.,0,0,1.009,0,No,Yes,Yes,Yes,Yes,Yes,Yes,No,Yes,0,0,1.107,0,Yes,Yes,No,Yes,No,Yes,Yes,Yes,Yes,,,,,,,,,,,,,,,,,,,,,,,,,,,,,,,,,,,,,,,,,,,,,,0,0,1.007,0,Yes,Yes,Yes,Yes,Yes,No,No,Yes,No,,,,,,,,,,,,,,,,,,,,,,,,,,,,,,,,,,,,,,,,,,,,,,,,,,,,,,,,,,,,,,,,,,,,,,,,,,,,,,,,,,,,,,,,To see if I noticed certain things after seeing a photo for 1 second.,Did I notice if there was a person in the image.,blue,5,,40,Female
P0976,190,TRUE,anonymous,EN,I consent.,0,0,1.03,0,No,Yes,Yes,Yes,Yes,Yes,Yes,Yes,Yes,0,0,1.125,0,Yes,Yes,Yes,Yes,No,Yes,Yes,Yes,No,,,,,,,,,0,0,1.117,0,,,,,,,,,Yes,Yes,Yes,Yes,No,Yes,No,Yes,Yes,,,,,,,,,,,,,,,,,,,,,,,,,,,,,,,,,,,,,,,,,,,,,,,,,,,,,,,,,,,,,,,,,,,,,,,,,,,,,,,,,,,,,,,,,,,,,,,,,,,,,,,,,,,,,,,,,,,,,Determine whether you saw certain details in the picture that was shown.,Did you notice the color of the table?,Blue,5,,38,Male
P0977,235,TRUE,anonymous,EN,I consent.,0,0,1.11,0,No,Yes,Yes,Yes,Yes,Yes,Yes,No,Yes,0,0,1.117,0,Yes,Yes,Yes,Yes,No,No,Yes,Yes,Yes,,,,,,,,,,,,,,,,,,,,,,,,,,,,,,,,,,,,,,,,,,,,,,,,,,,,,,,,,,,,,,,,,,,,,,,,,,,,,,,,,,,,,,,,,,,,,,,,0,0,1.114,0,,,,,,,,,No,No,No,No,No,Yes,Yes,Yes,No,,,,,,,,,,,,,,,,,,,,,,,,,,,,,,I was asked to quickly look at a picture and then recall whether I noticed certain characteristics from it.,I was asked if I noticed the physique or body of the person in the picture.,blue,5,,28,Male
P0978,299,TRUE,anonymous,EN,I consent.,0,0,1.107,0,No,Yes,Yes,Yes,Yes,Yes,Yes,Yes,Yes,0,0,1.107,0,Yes,Yes,Yes,Yes,Yes,No,Yes,Yes,Yes,,,,,,,,,,,,,0,0,1.006,0,,,,,Yes,Yes,Yes,Yes,Yes,Yes,Yes,Yes,Yes,,,,,,,,,,,,,,,,,,,,,,,,,,,,,,,,,,,,,,,,,,,,,,,,,,,,,,,,,,,,,,,,,,,,,,,,,,,,,,,,,,,,,,,,,,,,,,,,,,,,,,,,,,,,,,,,,,,,,"to view a image that appears for 1 second and to remember as much as you could about the image, then to answer questions about what you remember.",did you notice the color of the object?,blue,5,,23,Female
P0979,256,TRUE,anonymous,EN,I consent.,0,0,1.014,0,Yes,Yes,Yes,Yes,Yes,No,Yes,Yes,No,0,0,1.011,0,Yes,Yes,No,Yes,No,Yes,Yes,Yes,No,,,,,,,,,,,,,,,,,,,,,,,,,,,,,,,,,,,,,,,,,,,,,,,,,,,,,,,,,,,,,,,,,,,,,,,,,,,,,,,,,,,,,,,,,,,,,,,,,,,,0,0,1.01,0,,,,,Yes,Yes,Yes,Yes,Yes,Yes,Yes,Yes,Yes,,,,,,,,,,,,,,,,,,,,,,,,,,,,,,Look at images for 1 second and describe my observations with Yes or No questions,Did you notice the size of the candle holder?,blue,5,,35,Male
P0980,208,TRUE,anonymous,EN,I consent.,0,0,1.013,0,No,Yes,Yes,Yes,Yes,Yes,Yes,Yes,No,0,0,1.006,0,Yes,Yes,Yes,Yes,Yes,No,Yes,Yes,Yes,,,,,,,,,,,,,0,0,1.015,0,,,,,No,Yes,Yes,Yes,Yes,Yes,Yes,Yes,Yes,,,,,,,,,,,,,,,,,,,,,,,,,,,,,,,,,,,,,,,,,,,,,,,,,,,,,,,,,,,,,,,,,,,,,,,,,,,,,,,,,,,,,,,,,,,,,,,,,,,,,,,,,,,,,,,,,,,,,Observe a picture for 1 second and answer questions.,Did I notice if there was a person or not.,Blue,5,,49,Female
P0981,279,TRUE,anonymous,EN,I consent.,0,0,1.024,0,Yes,Yes,Yes,Yes,Yes,Yes,Yes,Yes,Yes,0,0,1.147,0,No,Yes,Yes,No,Yes,Yes,Yes,Yes,No,,,,,,,,,,,,,,,,,,,,,,,,,,,,,,,,,,0,0,1.025,0,,,,,,,,,,,,,Yes,Yes,Yes,Yes,Yes,Yes,Yes,Yes,Yes,,,,,,,,,,,,,,,,,,,,,,,,,,,,,,,,,,,,,,,,,,,,,,,,,,,,,,,,,,,,,,,,,,,,,,,,,,,,,,,,,,,,,,,,You were to see a picture for 1 second that included a picture with an object and then asked questions about what you saw.,Was there a person in the picture?,Blue,5,,54,Female
P0982,178,TRUE,anonymous,EN,I consent.,0,0,1.016,0,No,Yes,Yes,Yes,Yes,Yes,Yes,No,Yes,0,0,1.018,0,No,Yes,Yes,Yes,No,No,Yes,Yes,Yes,,,,,,,,,,,,,,,,,,,,,,,,,,,,,,,,,,,,,,,,,,,,,,,,,,,,,,,,,,,,,,,,,,,,,,,,,,,,,,,,,,,,,,,,,,,,,,,,,,,,,,,,,,,,,,,,,,,,,,,,,,,,,0,0,1.12,0,,,,,,,,,Yes,Yes,No,Yes,Yes,No,Yes,Yes,Yes,Show a picture for a second then answered questions on the details.,If there were one or two objects.,blue,5,,32,Male
P0983,334,TRUE,anonymous,EN,I consent.,0,0,1.028,0,No,Yes,No,No,Yes,No,Yes,No,Yes,0,0,1.022,0,No,No,No,No,Yes,Yes,No,No,Yes,,,,,,,,,,,,,,,,,,,,,,,,,,,,,,,,,,,,,,,,,,,,,,,,,,,,,,,,,,,,,,,,,,,,,,,,,,,,,,,,,,,,,,,,,,,,,,,,,,,,0,0,1.025,0,,,,,Yes,Yes,No,No,No,No,Yes,No,No,,,,,,,,,,,,,,,,,,,,,,,,,,,,,,to see what we notice,did you notice the object in the background,blue,5,,37,Male
P0984,326,TRUE,anonymous,EN,I consent.,0,0,1.108,0,Yes,Yes,Yes,Yes,Yes,Yes,Yes,Yes,No,0,0,1.005,0,Yes,Yes,Yes,Yes,Yes,No,Yes,Yes,Yes,,,,,,,,,,,,,,,,,,,,,,,,,,,,,,,,,,,,,,,,,,,,,,,,,,,,,,,,,,,,,,,,,,,,,,,,,,,,,,,,,,,,,,,,,,,,,,,,,,,,,,,,,,,,,,,,,,,,,,,,,,,,,,,,,,,,,0,0,1.013,0,Yes,Yes,Yes,Yes,Yes,No,Yes,Yes,Yes,Shown a picture for one second and see if you were able to notice details,Did you know what build the person was?,blue,5,,45,Female
P0985,284,TRUE,anonymous,EN,I consent.,0,0,1.008,0,Yes,Yes,Yes,Yes,Yes,Yes,Yes,Yes,Yes,0,0,1.008,0,Yes,Yes,Yes,Yes,Yes,Yes,Yes,Yes,Yes,,,,,,,,,,,,,,,,,,,,,,,,,,,,,,,,,,,,,,,,,,,,,,,,,,,,,,,,,,,,,,,,,,,,,,,,,,,0,0,1.007,0,Yes,Yes,Yes,Yes,Yes,Yes,Yes,Yes,Yes,,,,,,,,,,,,,,,,,,,,,,,,,,,,,,,,,,,,,,,,,,,,,,,,,,,,,,,,,,,remember details of a picture,Did you notice the size of the animal,blue,5,,64,Female
P0986,307,TRUE,anonymous,EN,I consent.,0,0,1.114,0,No,Yes,Yes,Yes,Yes,Yes,Yes,Yes,Yes,0,0,1.01,0,Yes,Yes,Yes,Yes,Yes,Yes,Yes,Yes,Yes,,,,,,,,,,,,,,,,,,,,,,,,,,,,,,,,,,,,,,0,0,1.013,0,,,,,,,,,Yes,Yes,Yes,Yes,Yes,Yes,Yes,Yes,No,,,,,,,,,,,,,,,,,,,,,,,,,,,,,,,,,,,,,,,,,,,,,,,,,,,,,,,,,,,,,,,,,,,,,,,,,,,,,,,,,,,,,,,,I looked at a picture for 1 second and answered yes/no questions about it. ,Did I notice the type of fruit she was putting in the bag/,blue,5,,59,Female
P0987,603,TRUE,anonymous,EN,I consent.,0,0,1.115,0,No,No,Yes,No,Yes,No,No,Yes,Yes,0,0,1.121,0,No,No,No,Yes,No,Yes,No,No,No,,,,,,,,,,,,,0,0,1.006,0,,,,,No,No,No,No,No,No,Yes,Yes,Yes,,,,,,,,,,,,,,,,,,,,,,,,,,,,,,,,,,,,,,,,,,,,,,,,,,,,,,,,,,,,,,,,,,,,,,,,,,,,,,,,,,,,,,,,,,,,,,,,,,,,,,,,,,,,,,,,,,,,,Seeing how quick we can pay attention to what we see,"Did I recognize gender,table, color etc when viewing the one second picture",Blue,5,,37,Male
P0988,377,TRUE,anonymous,EN,I consent.,0,0,1.009,0,Yes,Yes,Yes,Yes,Yes,No,Yes,Yes,Yes,0,0,1.116,0,Yes,Yes,Yes,Yes,No,Yes,Yes,Yes,Yes,,,,,,,,,,,,,,,,,,,,,,,,,,,,,,,,,,,,,,,,,,,,,,,,,,,,,,,,,,,,,,,0,0,1.015,0,,,,,,,,,,,,,Yes,Yes,No,No,Yes,Yes,No,Yes,No,,,,,,,,,,,,,,,,,,,,,,,,,,,,,,,,,,,,,,,,,,,,,,,,,,,,,,,,,,,Look very quickly at a picture and answer questions about what I noticed.,If I noticed the treat they were offering.,Blue,5,Cool.,53,Female
P0989,311,TRUE,anonymous,EN,I consent.,0,0,1.008,0,No,Yes,Yes,No,Yes,No,Yes,Yes,Yes,0,0,1.006,0,Yes,No,Yes,Yes,Yes,Yes,Yes,Yes,No,,,,,,,,,,,,,,,,,,,,,,,,,,,,,,,,,,,,,,,,,,,,,,,,,,,,,,,,,,,,,,,,,,,,,,,,,,,,,,,,,,,,,,,,,,,,0,0,1.006,0,,,,,,,,,,,,,Yes,Yes,Yes,No,Yes,Yes,Yes,Yes,No,,,,,,,,,,,,,,,,,,,,,,,,,,,,,,To briefly view a picture and answer questions about whether or not we noticed particulars about it,how did the person light the candles,blue,5,"ty, kind of fun better than a bunch of bubbles.",68,Male
P0990,281,TRUE,anonymous,EN,I consent.,0,0,1.118,0,No,Yes,Yes,Yes,Yes,Yes,Yes,Yes,Yes,0,0,1.02,0,Yes,Yes,Yes,Yes,Yes,Yes,Yes,Yes,No,,,,,,,,,,,,,,,,,,,,,,,,,,,,,,,,,,,,,,,,,,,,,,,,,,,,,,,,,,,,,,,0,0,1.018,0,,,,,,,,,,,,,No,Yes,No,No,Yes,Yes,No,No,No,,,,,,,,,,,,,,,,,,,,,,,,,,,,,,,,,,,,,,,,,,,,,,,,,,,,,,,,,,,I was shown an image for a second and then had to answer questions about the details that I noticed in each.,Did you notice if the image was indoors/outdoors?,blue,5,,26,Female
P0991,275,TRUE,anonymous,EN,I consent.,0,0,1.114,0,Yes,Yes,Yes,Yes,Yes,Yes,Yes,Yes,Yes,0,0,1.113,0,Yes,Yes,Yes,Yes,Yes,Yes,Yes,Yes,Yes,,,,,,,,,,,,,,,,,,,,,,,,,,,,,,,,,,,,,,,,,,,,,,,,,,,,,,,,,,,,,,,,,,,,,,,,,,,,,,,,,,,,,,,,,,,,,,,,,,,,,,,,,,,,,,,,,,,,,,,,,,,,,,,,,0,0,1.112,0,,,,,Yes,Yes,No,Yes,Yes,Yes,Yes,Yes,Yes,To examine a image in one second ,Did you notice the color of the bench the person was sitting on?,blue ,5,,30,Male
P0992,165,TRUE,anonymous,EN,I consent.,0,0,1.006,0,No,Yes,Yes,Yes,Yes,Yes,Yes,Yes,No,0,0,1.107,0,Yes,Yes,Yes,Yes,Yes,Yes,Yes,Yes,No,,,,,,,,,,,,,,,,,,,,,,,,,,,,,,,,,,,,,,,,,,,,,,,,,,,,,,,,,,,,,,,,,,,,,,,,,,,,,,,,,,,,,,,,,,,,,,,,,,,,,,,,,,,,,,,,,,,,,0,0,1.006,0,,,,,,,,,,,,,,,,,Yes,Yes,Yes,Yes,Yes,Yes,Yes,Yes,Yes,Viewed an image for 1 second and answered yes/no questions regarding what I noticed in that 1 second window.,Was the person wearing socks?,Blue,5,,36,Female
P0993,434,TRUE,anonymous,EN,I consent.,0,0,1.018,0,Yes,Yes,Yes,Yes,Yes,Yes,Yes,Yes,Yes,0,0,1.119,0,Yes,Yes,Yes,Yes,Yes,No,Yes,Yes,Yes,,,,,,,,,,,,,,,,,,,,,,,,,,,,,,,,,,,,,,,,,,,,,,,,,,,,,,,,,,,,,,,,,,,,,,,,,,,,,,,,,,,,,,,,,,,,,,,,,,,,,,,,,,,,,,,,,,,,,,,,,,,,,,,,,,,,,0,0,1.021,0,Yes,Yes,Yes,Yes,No,Yes,No,Yes,No,My task was to look at the photo for 1 secod and then answer the following questions about various details of the photo.,How old was the person in the photo.,blue,5,Challenging assignment to look at a photo for 1 second and notice everything.,68,Female
P0994,366,TRUE,anonymous,EN,I consent.,0,0,1.008,0,No,No,No,No,No,Yes,Yes,Yes,No,0,0,1.107,0,No,No,Yes,No,No,No,Yes,Yes,No,,,,,,,,,,,,,,,,,,,,,,,,,,,,,,,,,,,,,,,,,,,,,,,,,,,,,,,,,,,,,,,,,,,,,,,,,,,,,,,,,,,,,,,,,,,,,,,,,,,,,,,,,,,,,,,,,,,,,,,,,,,,,0,0,1.009,0,,,,,,,,,No,No,Yes,Yes,No,Yes,Yes,Yes,Yes,To see as much detail in the one second the picture was shown to me. Wow that was tough.,Did I notice the detail of the woman's clothing?,blue,5,Either I'm getting old and slow or that was just super fast for the human brain.,59,Female
P0995,329,TRUE,anonymous,EN,I consent.,0,0,1.008,0,No,Yes,Yes,Yes,Yes,Yes,Yes,Yes,Yes,0,0,1.008,0,Yes,Yes,Yes,Yes,No,No,Yes,Yes,Yes,,,,,,,,,,,,,,,,,,,,,,,,,,,,,,,,,,,,,,,,,,,,,,,,,,,,,,,,,,,0,0,1.007,0,,,,,,,,,,,,,,,,,Yes,Yes,No,No,Yes,Yes,Yes,Yes,Yes,,,,,,,,,,,,,,,,,,,,,,,,,,,,,,,,,,,,,,,,,,,,,,,,,,,,,,,,,,,I looked at pictures for one second then answered questions to see how much I noticed in the pictures  ,What color was the object in the picture,Blue,5,No,57,Female
P0997,617,TRUE,anonymous,EN,I consent.,0,0,1.12,0,No,Yes,Yes,Yes,Yes,Yes,Yes,Yes,Yes,0,0,1.111,0,Yes,Yes,Yes,Yes,Yes,No,Yes,Yes,No,,,,,,,,,,,,,,,,,,,,,,,,,,,,,,,,,,,,,,,,,,,,,,,,,,,,,,,,,,,,,,,,,,,,,,,,,,,,,,,,,,,,,,,,,,,,,,,,,,,,,,,,,,,,,,,,,,,,,,,,,0,0,1.005,0,,,,,,,,,,,,,Yes,No,Yes,Yes,No,Yes,Yes,Yes,No,Look at an image for 1 sec trying to pay attention to the details. Then answer questions about whether or not I noticed a particular detail.,Did you notice the size of the bench?,Blue,5,,60,Male
P0998,411,TRUE,anonymous,EN,I consent.,0,0,1.128,0,Yes,Yes,Yes,Yes,Yes,Yes,Yes,Yes,Yes,0,0,1.123,0,Yes,Yes,Yes,Yes,Yes,Yes,Yes,Yes,Yes,,,,,,,,,,,,,,,,,,,,,,,,,,,,,,,,,,,,,,,,,,,,,,,,,,,,,,,,,,,,,,,0,0,1.126,0,,,,,,,,,,,,,Yes,Yes,Yes,Yes,Yes,Yes,Yes,Yes,Yes,,,,,,,,,,,,,,,,,,,,,,,,,,,,,,,,,,,,,,,,,,,,,,,,,,,,,,,,,,,To study an image for one second and then see if I noticed the details of the picture,Whether the object was indoors or outdoors.,Blue,5,,41,Male
P0999,678,TRUE,anonymous,EN,I consent.,0,0,1.008,0,No,Yes,Yes,Yes,Yes,Yes,Yes,Yes,Yes,0,0,1.008,0,No,Yes,Yes,Yes,Yes,Yes,Yes,Yes,No,,,,,,,,,,,,,,,,,,,,,,,,,,,,,,,,,,,,,,,,,,,,,,,,,,,,,,,,,,,,,,,,,,,,,,,,,,,,,,,,,,,,,,,,,,,,,,,,,,,,,,,,,,,,,,,,,,,,,0,0,1.01,0,,,,,,,,,,,,,,,,,Yes,Yes,No,Yes,Yes,No,Yes,Yes,Yes,It is about what you notice in the picture that you see for 1 second,Did you notice if he is wearing socks or not?,blue,5,no,25,Male
P1000,368,TRUE,anonymous,EN,I consent.,0,0,1.008,0,No,Yes,Yes,No,Yes,No,Yes,Yes,Yes,0.884,0.884,1.12,1,Yes,Yes,Yes,Yes,No,No,Yes,Yes,Yes,,,,,,,,,,,,,,,,,,,,,,,,,,,,,,,,,,,,,,,,,,0,0,1.015,0,,,,,Yes,Yes,Yes,Yes,No,No,Yes,Yes,Yes,,,,,,,,,,,,,,,,,,,,,,,,,,,,,,,,,,,,,,,,,,,,,,,,,,,,,,,,,,,,,,,,,,,,,,,,,,,,,,,,,,,,,,,,View an image for one second and answer questions about what details were observed.,Did I notice what fruit the person had in the image.,blue,5,Instructions were clear.,49,Male
P1001,365,TRUE,anonymous,EN,I consent.,0,0,1.131,0,No,Yes,Yes,Yes,Yes,Yes,Yes,Yes,Yes,0,0,1.019,0,Yes,Yes,Yes,Yes,Yes,No,Yes,Yes,Yes,,,,,,,,,,,,,,,,,,,,,,,,,,,,,,,,,,,,,,,,,,,,,,,,,,,,,,,,,,,,,,,,,,,,,,,,,,,,,,,,,,,,,,,,,,,,,,,,0,0,1.125,0,,,,,,,,,No,No,No,No,Yes,Yes,Yes,Yes,Yes,,,,,,,,,,,,,,,,,,,,,,,,,,,,,,I looked at an image for one second and answered questions about what I remembered from it.,Did you notice the color of the candle?,blue,5,,42,Female
P1002,206,TRUE,anonymous,EN,I consent.,0,0,1.008,0,No,Yes,Yes,Yes,Yes,Yes,Yes,No,Yes,0,0,1.107,0,Yes,Yes,Yes,Yes,No,Yes,Yes,Yes,No,,,,,,,,,,,,,,,,,0,0,1.007,0,Yes,Yes,No,Yes,Yes,Yes,No,Yes,Yes,,,,,,,,,,,,,,,,,,,,,,,,,,,,,,,,,,,,,,,,,,,,,,,,,,,,,,,,,,,,,,,,,,,,,,,,,,,,,,,,,,,,,,,,,,,,,,,,,,,,,,,,,,,,,,,,,,,,,"I was tasked with viewing a picture for 1 second, then answering ""yes"" or ""no"" questions about what I remembered from the picture. ",Did you notice if the object was inside or outside?,Blue,5,,29,Female
P1004,682,TRUE,anonymous,EN,I consent.,0,0,1.116,0,No,Yes,Yes,Yes,Yes,Yes,Yes,Yes,No,0,0,1.118,0,Yes,Yes,Yes,Yes,Yes,No,Yes,Yes,Yes,,,,,,,,,,,,,,,,,,,,,,,,,,,,,,,,,,,,,,,,,,,,,,,,,,,,,,,,,,,,,,,,,,,,,,,,,,,,,,,,,,,,,,,,,,,,,,,,,,,,,,,,0,0,1.012,0,No,No,No,No,Yes,No,Yes,Yes,No,,,,,,,,,,,,,,,,,,,,,,,,,,,,,,I have to notice the pictures and stuff.,the person was using left or right hand.,blue,5,,41,Female
P1005,542,TRUE,anonymous,EN,I consent.,0,0,1.11,0,Yes,Yes,Yes,Yes,Yes,No,Yes,No,Yes,0,0,1.006,0,Yes,Yes,Yes,Yes,No,No,Yes,Yes,Yes,,,,,,,,,,,,,,,,,,,,,,,,,,,,,,,,,,,,,,,,,,,,,,,,,,,,,,,,,,,,,,,,,,,,,,,,,,,,,,,,,,,,,,,,0,0,1.113,0,,,,,,,,,,,,,,,,,Yes,Yes,No,No,Yes,Yes,Yes,Yes,Yes,,,,,,,,,,,,,,,,,,,,,,,,,,,,,,"An image appeared briefly, for 1 second, and then I was being asked if I could remember or not certain details regarding that image.",Did you remember the size of the candle?,Blue,5,,59,Male
P1006,365,TRUE,anonymous,EN,I consent.,0,0,1.017,0,No,Yes,No,No,No,No,No,No,No,0,0,1.115,0,Yes,Yes,Yes,Yes,Yes,No,Yes,No,Yes,,,,,,,,,,,,,,,,,,,,,,,,,,,,,,,,,,,,,,,,,,,,,,,,,,,,,,,,,,,,,,,,,,,0,0,1.01,0,,,,,,,,,No,No,No,No,Yes,Yes,No,No,No,,,,,,,,,,,,,,,,,,,,,,,,,,,,,,,,,,,,,,,,,,,,,,,,,,,,,,,,,,,Identifying an image within 1 second,Did you notice the color and shape of the object,Blue,5,,19,Male
P1007,563,TRUE,anonymous,EN,I consent.,0,0,1.116,0,No,Yes,Yes,Yes,Yes,Yes,Yes,Yes,Yes,0,0,1.125,0,Yes,Yes,Yes,Yes,Yes,Yes,Yes,Yes,Yes,,,,,0,0,1.116,0,,,,,,,,,,,,,Yes,Yes,No,Yes,Yes,Yes,No,Yes,Yes,,,,,,,,,,,,,,,,,,,,,,,,,,,,,,,,,,,,,,,,,,,,,,,,,,,,,,,,,,,,,,,,,,,,,,,,,,,,,,,,,,,,,,,,,,,,,,,,,,,,,,,,,,,,,,,,,,,,,I saw a picture for 1 second and had to notice the details.,I was asked the gender of the person in the picture.,blue,5,,45,Male
P1008,426,TRUE,anonymous,EN,I consent.,0,0,1.018,0,Yes,Yes,Yes,No,Yes,No,Yes,No,Yes,0,0,1.006,0,Yes,Yes,Yes,Yes,Yes,Yes,Yes,Yes,Yes,,,,,,,,,0,0,1.005,0,,,,,,,,,Yes,Yes,Yes,Yes,Yes,Yes,Yes,Yes,Yes,,,,,,,,,,,,,,,,,,,,,,,,,,,,,,,,,,,,,,,,,,,,,,,,,,,,,,,,,,,,,,,,,,,,,,,,,,,,,,,,,,,,,,,,,,,,,,,,,,,,,,,,,,,,,,,,,,,,,Identifying details in a picture,What is the color of the ball,blue,5,none,50,Female
P1009,383,TRUE,anonymous,EN,I consent.,0,0,1.122,0,Yes,Yes,Yes,Yes,Yes,Yes,Yes,No,No,0,0,1.012,0,No,Yes,Yes,Yes,No,No,Yes,No,No,,,,,,,,,,,,,,,,,,,,,,,,,,,,,,,,,,,,,,0,0,1.012,0,,,,,,,,,Yes,Yes,Yes,No,No,No,Yes,Yes,No,,,,,,,,,,,,,,,,,,,,,,,,,,,,,,,,,,,,,,,,,,,,,,,,,,,,,,,,,,,,,,,,,,,,,,,,,,,,,,,,,,,,,,,,to answer questions about observations in a picture flashed for 1 second,Color of object,blue,5,,70,Female
P1012,393,TRUE,anonymous,EN,I consent.,0,0,1.009,0,Yes,Yes,Yes,Yes,Yes,No,Yes,No,No,0,0,1.008,0,Yes,Yes,Yes,Yes,Yes,Yes,Yes,Yes,Yes,,,,,,,,,,,,,,,,,,,,,,,,,,,,,,,,,,,,,,,,,,,,,,,,,,,,,,,,,,,,,,,,,,,,,,,,,,,,,,,,,,,,,,,,,,,,,,,,,,,,,,,,,,,,,,,,,,,,,,,,,,,,,,,,,0,0,1.007,0,,,,,Yes,Yes,Yes,Yes,No,Yes,Yes,Yes,Yes,to view a pic and remember the details,did i notice if it was inside or outside ?,blue,5,,58,Male
P1013,431,TRUE,anonymous,EN,I consent.,0,0,1.113,0,No,Yes,Yes,Yes,Yes,Yes,Yes,Yes,Yes,0,0,1.012,0,Yes,Yes,Yes,Yes,No,Yes,Yes,Yes,Yes,0,0,1.011,0,,,,,,,,,,,,,,,,,No,Yes,No,Yes,No,No,No,Yes,Yes,,,,,,,,,,,,,,,,,,,,,,,,,,,,,,,,,,,,,,,,,,,,,,,,,,,,,,,,,,,,,,,,,,,,,,,,,,,,,,,,,,,,,,,,,,,,,,,,,,,,,,,,,,,,,,,,,,,,,I was shown a picture for one second and asked several questions concerning details of said picture.,Did you notice the color of the ball?,Blue,5,,40,Male
P1014,473,TRUE,anonymous,EN,I consent.,0,0,1.013,0,Yes,Yes,Yes,Yes,Yes,No,Yes,No,No,0,0,1.118,0,Yes,Yes,No,Yes,Yes,No,Yes,Yes,Yes,,,,,,,,,,,,,,,,,,,,,,,,,,,,,,,,,,,,,,,,,,,,,,,,,,,,,,,,,,,0,0,1.012,0,,,,,,,,,,,,,,,,,Yes,Yes,No,Yes,Yes,Yes,Yes,Yes,No,,,,,,,,,,,,,,,,,,,,,,,,,,,,,,,,,,,,,,,,,,,,,,,,,,,,,,,,,,,discribe what object were in the picture ,did i notice the color of clothing wore in the picture,gray,5,no problems,52,Female
P1015,172,TRUE,anonymous,EN,I consent.,0,0,1.012,0,No,Yes,Yes,Yes,Yes,Yes,Yes,Yes,No,0,0,1.01,0,Yes,Yes,Yes,Yes,No,No,Yes,Yes,Yes,,,,,,,,,,,,,,,,,,,,,,,,,,,,,,,,,,,,,,,,,,,,,,,,,,,,,,,,,,,,,,,,,,,,,,,,,,,,,,,,,,,,,,,,,,,,,,,,,,,,,,,,,,,,,,,,,,,,,,,,,0,0,1.008,0,,,,,,,,,,,,,Yes,No,Yes,Yes,No,No,Yes,Yes,Yes,I was asked questions about an image I looked at for 1 second. Yes or no questions.,Did you notice the material of the object?,Blue,5,,47,Female
P1016,157,TRUE,anonymous,EN,I consent.,0,0,1.007,0,No,Yes,Yes,Yes,Yes,Yes,Yes,Yes,Yes,0,0,1.115,0,Yes,Yes,Yes,Yes,Yes,No,Yes,Yes,Yes,,,,,,,,,,,,,,,,,,,,,,,,,,,,,,,,,,,,,,,,,,,,,,,,,,,,,,,,,,,,,,,,,,,,,,,0,0,1.017,0,,,,,Yes,Yes,No,Yes,Yes,Yes,Yes,Yes,No,,,,,,,,,,,,,,,,,,,,,,,,,,,,,,,,,,,,,,,,,,,,,,,,,,,,,,,,,,,If I noticed things in the picture,Did I notice which hand was used,blue,5,,29,Female
P1017,358,TRUE,anonymous,EN,I consent.,0,0,1.009,0,No,Yes,Yes,Yes,Yes,Yes,Yes,Yes,Yes,0,0,1.007,0,Yes,Yes,Yes,Yes,Yes,No,Yes,Yes,Yes,,,,,0,0,1.014,0,,,,,,,,,,,,,Yes,Yes,Yes,Yes,Yes,Yes,Yes,Yes,Yes,,,,,,,,,,,,,,,,,,,,,,,,,,,,,,,,,,,,,,,,,,,,,,,,,,,,,,,,,,,,,,,,,,,,,,,,,,,,,,,,,,,,,,,,,,,,,,,,,,,,,,,,,,,,,,,,,,,,,I was to look at a picture for 1 second then try to remember the details in the picture.,Did you notice the color/pattern of the object?,blue and white,5,none,56,Female
P1018,695,TRUE,anonymous,EN,I consent.,0,0,1.112,0,No,Yes,No,No,No,Yes,Yes,No,Yes,0,0,1.013,0,No,Yes,Yes,No,No,No,Yes,No,No,,,,,,,,,,,,,,,,,,,,,,,,,,,,,,,,,,,,,,,,,,,,,,,,,,,,,,,,,,,,,,,,,,,,,,,,,,,,,,,,,,,,,,,,,,,,0,0,1.111,0,,,,,,,,,,,,,Yes,Yes,Yes,Yes,Yes,Yes,No,Yes,No,,,,,,,,,,,,,,,,,,,,,,,,,,,,,,Observe an article for 1 minute and answer questions,What material was the candle,Blue,5,,76,Female
P1019,145,TRUE,anonymous,EN,I consent.,0,0,1.106,0,Yes,Yes,Yes,Yes,Yes,No,Yes,No,Yes,0,0,1.006,0,Yes,Yes,Yes,Yes,Yes,Yes,Yes,Yes,Yes,,,,,,,,,,,,,,,,,,,,,,,,,,,,,,,,,,,,,,,,,,,,,,,,,,,,,,,,,,,,,,,,,,,,,,,,,,,,,,,,,,,,,,,,,,,,,,,,,,,,0,0,1.006,0,,,,,Yes,Yes,Yes,Yes,Yes,Yes,Yes,Yes,Yes,,,,,,,,,,,,,,,,,,,,,,,,,,,,,,To answer which details I remember from the picture.,Do you remember the shape of the candle?,Blue,5,,26,Male
P1020,637,TRUE,anonymous,EN,I consent.,0,0,1.009,0,No,Yes,Yes,Yes,Yes,Yes,Yes,Yes,No,0,0,1.65,0,Yes,Yes,Yes,Yes,Yes,Yes,Yes,Yes,Yes,,,,,,,,,,,,,,,,,0,0,1.107,0,Yes,Yes,Yes,Yes,No,Yes,Yes,Yes,Yes,,,,,,,,,,,,,,,,,,,,,,,,,,,,,,,,,,,,,,,,,,,,,,,,,,,,,,,,,,,,,,,,,,,,,,,,,,,,,,,,,,,,,,,,,,,,,,,,,,,,,,,,,,,,,,,,,,,,,to tell whether or not i saw some object and it's specifications ,did i see if the ball was moving or not ,blue,5,,26,Male
P1021,739,TRUE,anonymous,EN,I consent.,0,0,1.009,0,No,Yes,Yes,Yes,Yes,Yes,Yes,Yes,Yes,0,0,1.008,0,Yes,No,Yes,Yes,Yes,Yes,Yes,Yes,Yes,,,,,,,,,,,,,,,,,,,,,,,,,,,,,,,,,,,,,,,,,,,,,,,,,,,,,,,,,,,,,,,,,,,,,,,0,0,1.108,0,,,,,Yes,Yes,No,Yes,No,Yes,Yes,Yes,Yes,,,,,,,,,,,,,,,,,,,,,,,,,,,,,,,,,,,,,,,,,,,,,,,,,,,,,,,,,,,My task with to describe three images after seeing them for only 1 second,Did you notice what the object is sitting on?,Blue,5,I have no additional comments to share,59,Male
P1022,621,TRUE,anonymous,EN,I consent.,0,0,1.115,0,Yes,Yes,Yes,Yes,Yes,Yes,Yes,Yes,Yes,0,0,1.122,0,Yes,Yes,Yes,Yes,Yes,Yes,Yes,Yes,Yes,,,,,,,,,,,,,,,,,,,,,,,,,,,,,,0,0,1.116,0,,,,,,,,,,,,,,,,,Yes,Yes,Yes,Yes,Yes,Yes,Yes,Yes,Yes,,,,,,,,,,,,,,,,,,,,,,,,,,,,,,,,,,,,,,,,,,,,,,,,,,,,,,,,,,,,,,,,,,,,,,,,,,,,,,,,,,,,,,,,I was shown a picture to study the picture well and rate it,Did I notice the color of the picture ,Blue,5,,38,Male
P1023,614,TRUE,anonymous,EN,I consent.,0,0,1.125,0,No,Yes,Yes,Yes,Yes,Yes,Yes,No,Yes,0,0,1.123,0,Yes,Yes,Yes,Yes,Yes,Yes,Yes,Yes,No,,,,,,,,,,,,,,,,,,,,,,,,,,,,,,,,,,,,,,,,,,,,,,,,,,,,,,,,,,,,,,,,,,,,,,,,,,,,,,,,,,,,,,,,,,,,,,,,,,,,,,,,,,,,,,,,,,,,,,,,,,,,,0,0,1.119,0,,,,,,,,,No,No,Yes,Yes,No,Yes,Yes,Yes,No,Noticing features of ai generated pictures over 1 second.,Did you notice the direction of the light source?,Blue,5,,33,Male
P1024,590,TRUE,anonymous,EN,I consent.,0,0,1.008,0,Yes,Yes,Yes,Yes,Yes,No,Yes,Yes,Yes,0,0,1.016,0,Yes,Yes,Yes,Yes,Yes,Yes,Yes,Yes,Yes,,,,,,,,,,,,,,,,,,,,,,,,,,,,,,,,,,,,,,,,,,,,,,,,,,,,,,,,,,,,,,,,,,,,,,,,,,,,,,,,,,,,,,,,,,,,,,,,,,,,,,,,,,,,,,,,,,,,,,,,,,,,,,,,,,,,,0,0,1.008,0,Yes,Yes,Yes,Yes,Yes,No,Yes,Yes,No,Answer questions about a short viewing of an image.,If I knew if there was a person in the image or not.,Blue,5,,32,Male
P1025,654,TRUE,anonymous,EN,I consent.,0,0,1.007,0,Yes,Yes,Yes,Yes,Yes,Yes,Yes,Yes,Yes,0,0,1.008,0,Yes,Yes,Yes,Yes,No,Yes,Yes,Yes,Yes,,,,,,,,,,,,,,,,,,,,,,,,,,,,,,0,0,1.108,0,,,,,,,,,,,,,,,,,Yes,No,Yes,Yes,No,Yes,No,No,Yes,,,,,,,,,,,,,,,,,,,,,,,,,,,,,,,,,,,,,,,,,,,,,,,,,,,,,,,,,,,,,,,,,,,,,,,,,,,,,,,,,,,,,,,,Paying attention to details of images and ability to remember,Did you notice the physique of the man?,Blue,5,,50,Male
P1027,312,TRUE,anonymous,EN,I consent.,0,0,1.009,0,No,Yes,Yes,Yes,Yes,Yes,Yes,Yes,No,0,0,1.008,0,Yes,Yes,Yes,Yes,Yes,No,Yes,Yes,No,,,,,,,,,,,,,,,,,,,,,,,,,,,,,,,,,,,,,,,,,,,,,,,,,,,,,,,,,,,,,,,,,,,,,,,,,,,,,,,,,,,,,,,,,,,,0,0,1.007,0,,,,,,,,,,,,,Yes,Yes,No,Yes,Yes,No,Yes,Yes,Yes,,,,,,,,,,,,,,,,,,,,,,,,,,,,,,Try to notice and remember details of the picture shown for one second,What hand did the person use lightening the candle,blue,5,,66,Female
P1028,1136,TRUE,anonymous,EN,I consent.,0,0,1.008,0,No,Yes,Yes,Yes,Yes,Yes,Yes,Yes,No,0,0,1.113,0,Yes,Yes,Yes,Yes,Yes,No,Yes,Yes,Yes,,,,,,,,,,,,,,,,,,,,,,,,,,,,,,,,,,0,0,1.015,0,,,,,,,,,,,,,Yes,Yes,Yes,Yes,Yes,Yes,Yes,Yes,No,,,,,,,,,,,,,,,,,,,,,,,,,,,,,,,,,,,,,,,,,,,,,,,,,,,,,,,,,,,,,,,,,,,,,,,,,,,,,,,,,,,,,,,,"I looked at an image for 1 second, then answered questions about it.",What kind of fruit was the man holding?,blue,5,,27,Male
P1029,1080,TRUE,anonymous,EN,I consent.,0,0,1.007,0,No,Yes,Yes,Yes,Yes,Yes,Yes,Yes,Yes,0,0,1.107,0,Yes,Yes,Yes,Yes,Yes,Yes,Yes,Yes,Yes,,,,,,,,,,,,,,,,,,,,,,,,,,,,,,,,,,,,,,,,,,,,,,,,,,,,,,,,,,,,,,,0,0,1.01,0,,,,,,,,,,,,,Yes,Yes,No,Yes,Yes,Yes,Yes,Yes,No,,,,,,,,,,,,,,,,,,,,,,,,,,,,,,,,,,,,,,,,,,,,,,,,,,,,,,,,,,,look at an image,did you notice the treat,blue,5,n,40,Male
P1030,244,TRUE,anonymous,EN,I consent.,0,0,1.005,0,Yes,No,Yes,No,Yes,No,Yes,No,No,0,0,1.006,0,Yes,Yes,No,Yes,Yes,Yes,Yes,Yes,Yes,,,,,,,,,,,,,,,,,,,,,,,,,,,,,,,,,,,,,,0,0,1.005,0,,,,,,,,,Yes,Yes,Yes,Yes,No,No,Yes,Yes,Yes,,,,,,,,,,,,,,,,,,,,,,,,,,,,,,,,,,,,,,,,,,,,,,,,,,,,,,,,,,,,,,,,,,,,,,,,,,,,,,,,,,,,,,,,"View images for one second per image, then answer questions about those images.",If I remember the size of the fruit the woman was handling.,blue,5,,39,Male
P1031,1057,TRUE,anonymous,EN,I consent.,0,0,1.012,0,Yes,Yes,Yes,Yes,Yes,No,Yes,No,Yes,0,0,1.009,0,Yes,Yes,Yes,Yes,No,Yes,Yes,Yes,Yes,,,,,,,,,,,,,,,,,,,,,,,,,,,,,,,,,,,,,,,,,,,,,,,,,,,,,,,,,,,,,,,,,,,,,,,,,,,,,,,,,,,,,,,,,,,,,,,,,,,,,,,,,,,,,,,,,,,,,0,0,1.008,0,,,,,,,,,,,,,,,,,Yes,No,Yes,Yes,Yes,Yes,Yes,Yes,No,Study details on the picture,the build or physique of the person,blue,5,,35,Female
P1033,958,TRUE,anonymous,EN,I consent.,0,0,1.109,0,No,Yes,Yes,Yes,No,Yes,Yes,Yes,No,0,0,1.111,0,Yes,Yes,Yes,Yes,Yes,No,Yes,Yes,No,,,,,,,,,,,,,,,,,,,,,,,,,,,,,,,,,,,,,,,,,,,,,,,,,,,,,,,,,,,,,,,,,,,,,,,,,,,,,,,,,,,,,,,,,,,,,,,,,,,,,,,,0,0,1.012,0,No,No,Yes,Yes,Yes,No,Yes,Yes,No,,,,,,,,,,,,,,,,,,,,,,,,,,,,,,Recalling parts of an image after seeing it briefly.,Did I notice the color of the candle.,Blue,5,,37,Male
P1034,1359,TRUE,anonymous,EN,I consent.,0,0,1.009,0,Yes,No,Yes,Yes,Yes,Yes,Yes,Yes,Yes,0,0,1.008,0,Yes,Yes,Yes,Yes,Yes,Yes,Yes,Yes,Yes,,,,,0,0,1.011,0,,,,,,,,,,,,,Yes,Yes,Yes,Yes,Yes,Yes,Yes,Yes,Yes,,,,,,,,,,,,,,,,,,,,,,,,,,,,,,,,,,,,,,,,,,,,,,,,,,,,,,,,,,,,,,,,,,,,,,,,,,,,,,,,,,,,,,,,,,,,,,,,,,,,,,,,,,,,,,,,,,,,,noticing what happens in a picture,did you notice the size of the ball,blue,5,no,49,Female
P1035,132,TRUE,anonymous,EN,I consent.,0.848,0.848,1.114,1,No,Yes,Yes,Yes,Yes,Yes,Yes,Yes,No,0,0,1.008,0,No,Yes,Yes,Yes,No,Yes,Yes,Yes,Yes,,,,,,,,,,,,,,,,,,,,,,,,,,,,,,,,,,,,,,,,,,,,,,,,,,,,,,,,,,,,,,,,,,,0,0,1.007,0,,,,,,,,,Yes,Yes,No,No,No,Yes,Yes,Yes,No,,,,,,,,,,,,,,,,,,,,,,,,,,,,,,,,,,,,,,,,,,,,,,,,,,,,,,,,,,,View images and recall information about them. ,Did you recall the size of the cube.,Blue,5,,36,Male
P1036,1516,TRUE,anonymous,EN,I consent.,0,0,1.112,0,No,Yes,Yes,Yes,Yes,Yes,Yes,Yes,Yes,0,0,1.005,0,Yes,Yes,Yes,Yes,No,Yes,Yes,Yes,Yes,,,,,,,,,0,0,1.106,0,,,,,,,,,Yes,Yes,Yes,Yes,No,Yes,No,Yes,Yes,,,,,,,,,,,,,,,,,,,,,,,,,,,,,,,,,,,,,,,,,,,,,,,,,,,,,,,,,,,,,,,,,,,,,,,,,,,,,,,,,,,,,,,,,,,,,,,,,,,,,,,,,,,,,,,,,,,,,"I saw a picture of something in a second, and had to answer questions based on the context of the picture and items. ",Did you notice whether there was a person in the picture. ,Blue,5,,41,Female
P1037,1401,TRUE,anonymous,EN,I consent.,0,0,1.008,0,Yes,Yes,Yes,Yes,Yes,Yes,Yes,Yes,Yes,0,0,1.114,0,Yes,Yes,No,Yes,No,Yes,Yes,No,Yes,,,,,,,,,,,,,,,,,,,,,,,,,,,,,,,,,,,,,,,,,,,,,,,,,,,,,,,,,,,,,,,,,,,,,,,,,,,,,,,,,,,,,,,,,,,,,,,,,,,,,,,,,,,,,,,,,,,,,,,,,,,,,,,,,0,0,1.008,0,,,,,Yes,Yes,Yes,No,Yes,Yes,No,Yes,Yes,To answer if I remembered details about pictures I was shown briefly. ,Did you notice if the object was stable or not?,Blue,5,,19,Male
P1038,1640,TRUE,anonymous,EN,I consent.,0,0,1.799,0,Yes,Yes,Yes,Yes,Yes,Yes,Yes,Yes,Yes,0,0,1.534,0,Yes,Yes,Yes,Yes,Yes,Yes,Yes,Yes,Yes,0,0,1.115,0,,,,,,,,,,,,,,,,,Yes,Yes,Yes,Yes,Yes,Yes,Yes,Yes,Yes,,,,,,,,,,,,,,,,,,,,,,,,,,,,,,,,,,,,,,,,,,,,,,,,,,,,,,,,,,,,,,,,,,,,,,,,,,,,,,,,,,,,,,,,,,,,,,,,,,,,,,,,,,,,,,,,,,,,,NOTICING AN OBJECT IN A PICTURE,DID YOU NOTICE THE COLOR OF THE BALL,BLUE5,5,NO,49,Female
P1039,2839,TRUE,anonymous,EN,I consent.,0,0,1.019,0,No,Yes,Yes,Yes,Yes,Yes,Yes,Yes,No,0,0,1.113,0,Yes,Yes,Yes,Yes,No,No,Yes,No,No,,,,,,,,,,,,,,,,,,,,,,,,,,,,,,,,,,,,,,,,,,,,,,,,,,,,,,,,,,,,,,,,,,,,,,,,,,,,,,,,,,,,,,,,,,,,,,,,0,0,1.006,0,,,,,,,,,No,No,Yes,No,Yes,No,Yes,Yes,No,,,,,,,,,,,,,,,,,,,,,,,,,,,,,,"Look at a picture for one second, then answer questions about noticing details.",Did you notice the shape of the candle holder?,blue,5,,43,Female
P1041,279,TRUE,anonymous,EN,I consent.,0,0,1.01,0,No,Yes,Yes,Yes,Yes,No,Yes,Yes,Yes,0,0,1.007,0,Yes,Yes,Yes,Yes,No,Yes,Yes,Yes,Yes,,,,,,,,,,,,,,,,,,,,,,,,,,,,,,,,,,,,,,,,,,0,0,1.006,0,,,,,Yes,Yes,No,No,No,No,Yes,Yes,No,,,,,,,,,,,,,,,,,,,,,,,,,,,,,,,,,,,,,,,,,,,,,,,,,,,,,,,,,,,,,,,,,,,,,,,,,,,,,,,,,,,,,,,,Answering yes or no to if I noticed something in an image after seeing it for one second,Did you notice the size of the bag?,blue,5,,32,Female
