participant,Duration (in seconds),Finished,RecordedDate,DistributionChannel,UserLanguage,Q18,Q53_First Click,Q53_Last Click,Q53_Page Submit,Q53_Click Count,Q113,Q114,Q115,Q116,Q117,Q118,Q119,Q120,Q121,Q112_First Click,Q112_Last Click,Q112_Page Submit,Q112_Click Count,Q140,Q141,Q142,Q143,Q144,Q145,Q146,Q147,Q148,Q109_First Click,Q109_Last Click,Q109_Page Submit,Q109_Click Count,Q84_First Click,Q84_Last Click,Q84_Page Submit,Q84_Click Count,Q86_First Click,Q86_Last Click,Q86_Page Submit,Q86_Click Count,Q88_First Click,Q88_Last Click,Q88_Page Submit,Q88_Click Count,Q87_First Click,Q87_Last Click,Q87_Page Submit,Q87_Click Count,Q1,Q3,Q4,Q5,Q6,Q7,Q8,Q9,Q10,Q54_First Click,Q54_Last Click,Q54_Page Submit,Q54_Click Count,QID89_First Click,QID89_Last Click,QID89_Page Submit,QID89_Click Count,Q90_First Click,Q90_Last Click,Q90_Page Submit,Q90_Click Count,Q92_First Click,Q92_Last Click,Q92_Page Submit,Q92_Click Count,QID91_First Click,QID91_Last Click,QID91_Page Submit,QID91_Click Count,Q11,Q12,Q13,Q14,Q15,Q16,Q17,Q18.1,Q19,Q94_First Click,Q94_Last Click,Q94_Page Submit,Q94_Click Count,Q55_First Click,Q55_Last Click,Q55_Page Submit,Q55_Click Count,Q96_First Click,Q96_Last Click,Q96_Page Submit,Q96_Click Count,Q95_First Click,Q95_Last Click,Q95_Page Submit,Q95_Click Count,Q93_First Click,Q93_Last Click,Q93_Page Submit,Q93_Click Count,Q20,Q21,Q22,Q23,Q24,Q25,Q26,Q27,Q28,Q97_First Click,Q97_Last Click,Q97_Page Submit,Q97_Click Count,Q56_First Click,Q56_Last Click,Q56_Page Submit,Q56_Click Count,Q98_First Click,Q98_Last Click,Q98_Page Submit,Q98_Click Count,Q99_First Click,Q99_Last Click,Q99_Page Submit,Q99_Click Count,Q100_First Click,Q100_Last Click,Q100_Page Submit,Q100_Click Count,Q29,Q31,Q32,Q33,Q34,Q35,Q36,Q37,Q30,Q57_First Click,Q57_Last Click,Q57_Page Submit,Q57_Click Count,Q101_First Click,Q101_Last Click,Q101_Page Submit,Q101_Click Count,Q102_First Click,Q102_Last Click,Q102_Page Submit,Q102_Click Count,Q103_First Click,Q103_Last Click,Q103_Page Submit,Q103_Click Count,Q104_First Click,Q104_Last Click,Q104_Page Submit,Q104_Click Count,Q38,Q40,Q41,Q42,Q43,Q44,Q45,Q46,Q39,Q266,Q268,Q269,Q270,Q150,Q181,Q182
P0001,112,TRUE,2/5/24 9:13,anonymous,EN,I consent.,0,0,1.108,0,No,No,Yes,Yes,Yes,Yes,Yes,No,Yes,0,0,1.108,0,Yes,Yes,No,Yes,Yes,No,Yes,Yes,No,,,,,,,,,,,,,,,,,0,0,1.107,0,Yes,Yes,No,No,Yes,Yes,No,No,Yes,,,,,,,,,,,,,,,,,,,,,,,,,,,,,,,,,,,,,,,,,,,,,,,,,,,,,,,,,,,,,,,,,,,,,,,,,,,,,,,,,,,,,,,,,,,,,,,,,,,,,,,,,,,,,,,,,,,,,noticing details in an image,did you notice the gender of the person,blue,6,,26,Female
P0002,159,TRUE,2/5/24 9:15,anonymous,EN,I consent.,0,0,1.121,0,Yes,Yes,Yes,Yes,Yes,Yes,Yes,Yes,No,0,0,1.126,0,Yes,Yes,Yes,Yes,Yes,Yes,Yes,Yes,Yes,,,,,,,,,,,,,,,,,,,,,,,,,,,,,,,,,,,,,,,,,,,,,,,,,,,,,,,,,,,,,,,,,,,,,,,,,,,,,,,,,,,,,,,,,,,,0,0,1.119,0,,,,,,,,,,,,,Yes,Yes,Yes,Yes,Yes,Yes,Yes,Yes,Yes,,,,,,,,,,,,,,,,,,,,,,,,,,,,,,View an image and indicate if I noticed certain things about the image ,Did you notice the shape of the candle?,Blue,6,,34,Male
P0003,267,TRUE,2/5/24 9:27,anonymous,EN,I consent.,0,0,1.008,0,No,Yes,Yes,Yes,Yes,No,Yes,No,Yes,0,0,1.107,0,No,Yes,No,Yes,No,Yes,Yes,Yes,Yes,,,,,,,,,,,,,,,,,,,,,,,,,,,,,,,,,,,,,,,,,,,,,,,,,,,,,,,,,,,,,,,,,,,,,,,,,,,,,,,,,,,,,,,,,,,,,,,,,,,,,,,,,,,,,,,,,,,,,,,,,,,,,,,,,0,0,1.006,0,,,,,Yes,Yes,Yes,Yes,No,Yes,No,Yes,No,To recognize whether or not you noticed specific features in an image for 1 second,Did you see the color/texture of the object?,blue,6,,35,Male
P0004,265,TRUE,2/5/24 9:31,anonymous,EN,I consent.,0,0,1.01,0,Yes,Yes,Yes,Yes,No,Yes,Yes,Yes,No,0,0,1.117,0,Yes,Yes,Yes,Yes,Yes,Yes,Yes,Yes,No,,,,,,,,,,,,,,,,,,,,,,,,,,,,,,,,,,,,,,,,,,,,,,,,,,,,,,,,,,,,,,,,,,,,,,,0,0,1.11,0,,,,,Yes,Yes,No,Yes,Yes,Yes,Yes,Yes,Yes,,,,,,,,,,,,,,,,,,,,,,,,,,,,,,,,,,,,,,,,,,,,,,,,,,,,,,,,,,,Picture presented for 1 second.  Described whether you noticed certain details.,Did you notice which hand the person was offering the food with?,Blue,6,,64,Male
P0005,231,TRUE,2/5/24 9:33,anonymous,EN,I consent.,0,0,1.121,0,No,Yes,Yes,Yes,Yes,Yes,Yes,Yes,No,0,0,1.009,0,No,Yes,Yes,Yes,No,Yes,Yes,Yes,No,,,,,,,,,,,,,,,,,,,,,,,,,,,,,,0,0,1.113,0,,,,,,,,,,,,,,,,,Yes,Yes,No,Yes,No,No,Yes,Yes,Yes,,,,,,,,,,,,,,,,,,,,,,,,,,,,,,,,,,,,,,,,,,,,,,,,,,,,,,,,,,,,,,,,,,,,,,,,,,,,,,,,,,,,,,,,"view a photo for 1 second, then answer questions about what i observed",did i notice what fruit the person was holding,blue,6,,37,Female
P0006,221,TRUE,2/5/24 9:42,anonymous,EN,I consent.,0,0,1.11,0,Yes,Yes,Yes,Yes,Yes,Yes,Yes,Yes,Yes,0,0,1.008,0,Yes,Yes,Yes,Yes,No,No,Yes,Yes,Yes,,,,,,,,,0,0,1.009,0,,,,,,,,,Yes,Yes,Yes,Yes,No,Yes,No,Yes,Yes,,,,,,,,,,,,,,,,,,,,,,,,,,,,,,,,,,,,,,,,,,,,,,,,,,,,,,,,,,,,,,,,,,,,,,,,,,,,,,,,,,,,,,,,,,,,,,,,,,,,,,,,,,,,,,,,,,,,,Look at image and recall,Was the ball in motion,Blue,6,,46,Female
P0007,231,TRUE,2/5/24 9:46,anonymous,EN,I consent.,0,0,1.01,0,No,Yes,Yes,Yes,Yes,Yes,Yes,Yes,Yes,0,0,1.005,0,Yes,Yes,Yes,Yes,No,No,Yes,Yes,No,,,,,,,,,,,,,,,,,,,,,,,,,,,,,,,,,,,,,,,,,,,,,,,,,,,,,,,,,,,,,,,,,,,,,,,,,,,0,0,1.107,0,Yes,Yes,No,No,Yes,Yes,Yes,Yes,Yes,,,,,,,,,,,,,,,,,,,,,,,,,,,,,,,,,,,,,,,,,,,,,,,,,,,,,,,,,,,To look at a picture for 1 second and answer some yes/no questions about what we noticed in the picture.,Did we notice what kind of animal?,blue,6,,55,Male
P0008,234,TRUE,2/5/24 9:49,anonymous,EN,I consent.,0,0,1.024,0,Yes,Yes,Yes,Yes,Yes,Yes,Yes,Yes,Yes,0,0,1.124,0,Yes,Yes,Yes,No,No,No,Yes,Yes,Yes,,,,,,,,,,,,,,,,,,,,,,,,,,,,,,,,,,,,,,,,,,,,,,,,,,,,,,,,,,,,,,,,,,,,,,,,,,,,,,,,,,,,,,,,,,,,,,,,,,,,,,,,,,,,,,,,,,,,,0,0,1.019,0,,,,,,,,,,,,,,,,,Yes,Yes,Yes,Yes,Yes,Yes,No,Yes,Yes,I was shown an image for 1 second and answered questions about details I noticed,Did you notice which shoe the person had taken off?,Blue,6,,27,Non-binary / third gender
P0009,190,TRUE,2/5/24 9:52,anonymous,EN,I consent.,0,0,1.008,0,Yes,Yes,Yes,Yes,Yes,Yes,Yes,Yes,Yes,0,0,1.007,0,Yes,Yes,Yes,Yes,Yes,Yes,Yes,Yes,Yes,,,,,,,,,,,,,,,,,,,,,,,,,,,,,,,,,,,,,,,,,,,,,,,,,,,,,,,,,,,,,,,,,,,,,,,,,,,,,,,,,,,,,,,,0,0,1.007,0,,,,,,,,,,,,,,,,,Yes,Yes,Yes,Yes,Yes,Yes,Yes,Yes,Yes,,,,,,,,,,,,,,,,,,,,,,,,,,,,,,I viewed a image for 1 second and was asked questions about it. ,did you notice which hand was used to light the candle? ,blue,6,,24,Female
P0010,179,TRUE,2/5/24 9:55,anonymous,EN,I consent.,0,0,1.11,0,Yes,Yes,Yes,Yes,Yes,No,Yes,Yes,No,0,0,1.108,0,Yes,Yes,Yes,Yes,Yes,Yes,Yes,Yes,No,,,,,,,,,,,,,,,,,,,,,,,,,,,,,,,,,,,,,,0,0,1.008,0,,,,,,,,,Yes,Yes,Yes,Yes,Yes,Yes,Yes,Yes,No,,,,,,,,,,,,,,,,,,,,,,,,,,,,,,,,,,,,,,,,,,,,,,,,,,,,,,,,,,,,,,,,,,,,,,,,,,,,,,,,,,,,,,,,Focus and memory,Did you notice the type of fruit?,Blue,6,,53,Female
P0011,443,TRUE,2/5/24 9:58,anonymous,EN,I consent.,0,0,1.117,0,No,Yes,Yes,Yes,Yes,No,Yes,Yes,Yes,0,0,1.118,0,Yes,No,No,Yes,Yes,No,Yes,No,No,,,,,,,,,,,,,,,,,,,,,,,,,,,,,,,,,,,,,,,,,,,,,,,,,,,,,,,,,,,,,,,,,,,,,,,,,,,,,,,,,,,,,,,,,,,,,,,,,,,,,,,,,,,,,,,,,,,,,,,,,,,,,,,,,,,,,0,0,1.012,0,Yes,No,Yes,Yes,No,Yes,No,Yes,Yes,look at an image for 1 second then answer questions about what i remember of each picture,did i notice which shoe was being taken off,blue,6,none,29,Male
P0012,452,TRUE,2/5/24 9:59,anonymous,EN,I consent.,0,0,1.221,0,Yes,Yes,Yes,No,Yes,Yes,Yes,Yes,No,0,0,1.024,0,Yes,Yes,No,Yes,No,Yes,Yes,Yes,No,,,,,,,,,,,,,0,0,1.025,0,,,,,Yes,Yes,Yes,Yes,No,No,No,Yes,Yes,,,,,,,,,,,,,,,,,,,,,,,,,,,,,,,,,,,,,,,,,,,,,,,,,,,,,,,,,,,,,,,,,,,,,,,,,,,,,,,,,,,,,,,,,,,,,,,,,,,,,,,,,,,,,,,,,,,,,I look at a picture for 1 second and then answer questions about the details in that image about what I can remember. ,Did you notice the gender of the person.,Blue,6,,21,Male
P0013,389,TRUE,2/5/24 10:01,anonymous,EN,I consent.,0,0,1.008,0,No,Yes,Yes,No,Yes,Yes,Yes,Yes,Yes,0,0,1.108,0,Yes,Yes,Yes,Yes,No,Yes,Yes,Yes,No,,,,,,,,,,,,,,,,,,,,,,,,,,,,,,,,,,,,,,,,,,0,0,1.008,0,,,,,Yes,Yes,Yes,No,Yes,Yes,Yes,Yes,Yes,,,,,,,,,,,,,,,,,,,,,,,,,,,,,,,,,,,,,,,,,,,,,,,,,,,,,,,,,,,,,,,,,,,,,,,,,,,,,,,,,,,,,,,,Answering question based on what I have seen in a picture,The size of the bag,Blue,6,,72,Male
P0014,268,TRUE,2/5/24 10:04,anonymous,EN,I consent.,0,0,1.007,0,No,Yes,Yes,Yes,Yes,No,Yes,No,Yes,0,0,1.007,0,No,Yes,Yes,Yes,No,Yes,Yes,Yes,No,,,,,,,,,,,,,,,,,,,,,,,,,,,,,,,,,,,,,,,,,,,,,,,,,,,,,,,,,,,,,,,,,,,0,0,1.006,0,,,,,,,,,Yes,Yes,No,Yes,No,Yes,Yes,Yes,Yes,,,,,,,,,,,,,,,,,,,,,,,,,,,,,,,,,,,,,,,,,,,,,,,,,,,,,,,,,,,I was asked to view a photo for 1 second and answer yes or no questions.,I was asked wether or not I knew the color or pattern of the object.,blue,6,,46,Female
P0015,120,TRUE,2/5/24 10:04,anonymous,EN,I consent.,0,0,1.108,0,No,Yes,Yes,Yes,Yes,Yes,Yes,Yes,No,0,0,1.006,0,Yes,Yes,Yes,Yes,Yes,Yes,Yes,Yes,No,,,,,,,,,,,,,0,0,1.008,0,,,,,Yes,Yes,No,Yes,Yes,Yes,No,Yes,Yes,,,,,,,,,,,,,,,,,,,,,,,,,,,,,,,,,,,,,,,,,,,,,,,,,,,,,,,,,,,,,,,,,,,,,,,,,,,,,,,,,,,,,,,,,,,,,,,,,,,,,,,,,,,,,,,,,,,,,I was shown and image for 1 second and I had to recall details of the picture that I noticed,Did I notice the color of the person's hair,Blue,6,,25,Female
P0016,311,TRUE,2/5/24 10:06,anonymous,EN,I consent.,0,0,1.109,0,No,Yes,Yes,Yes,Yes,Yes,Yes,Yes,Yes,0,0,1.11,0,Yes,Yes,Yes,Yes,No,Yes,Yes,Yes,Yes,,,,,,,,,,,,,,,,,,,,,,,,,,,,,,,,,,,,,,,,,,,,,,,,,,,,,,,,,,,,,,,,,,,,,,,,,,,,,,,,,,,,,,,,,,,,,,,,0,0,1.008,0,,,,,,,,,Yes,Yes,No,No,Yes,Yes,No,Yes,Yes,,,,,,,,,,,,,,,,,,,,,,,,,,,,,,It's to memorize what I saw in a second and try to reflect what I remember.,Was the clothes of the color the same from top to bottom?,Blue,6,,27,Male
P0017,143,TRUE,2/5/24 10:07,anonymous,EN,I consent.,0,0,1.008,0,No,Yes,Yes,Yes,Yes,Yes,Yes,Yes,No,0,0,1.014,0,Yes,Yes,Yes,Yes,No,Yes,Yes,Yes,Yes,,,,,,,,,,,,,,,,,,,,,,,,,,,,,,,,,,,,,,,,,,,,,,,,,,,,,,,,,,,,,,,,,,,,,,,0,0,1.114,0,,,,,Yes,Yes,No,Yes,Yes,Yes,No,Yes,No,,,,,,,,,,,,,,,,,,,,,,,,,,,,,,,,,,,,,,,,,,,,,,,,,,,,,,,,,,,Answer questions about details in a photo shown for 1 second,Did I notice the age of the person in the picture,Blue,6,,21,Female
P0018,236,TRUE,2/5/24 10:07,anonymous,EN,I consent.,0,0,1.006,0,Yes,Yes,Yes,Yes,Yes,Yes,Yes,No,No,0,0,1.108,0,Yes,Yes,Yes,Yes,No,Yes,Yes,Yes,Yes,,,,,,,,,,,,,,,,,,,,,,,,,,,,,,,,,,,,,,,,,,0,0,1.006,0,,,,,No,No,Yes,No,No,No,Yes,Yes,No,,,,,,,,,,,,,,,,,,,,,,,,,,,,,,,,,,,,,,,,,,,,,,,,,,,,,,,,,,,,,,,,,,,,,,,,,,,,,,,,,,,,,,,,I practiced noticing details of images and then was given one image to note details about. ,Did you notice the age of the person in the store? ,blue,6,,50,Female
P0019,176,TRUE,2/5/24 10:09,anonymous,EN,I consent.,0,0,1.009,0,Yes,Yes,Yes,Yes,Yes,Yes,Yes,No,Yes,0,0,1.009,0,Yes,Yes,Yes,Yes,No,Yes,Yes,Yes,Yes,,,,,,,,,,,,,,,,,,,,,,,,,,,,,,,,,,,,,,,,,,,,,,,,,,,,,,,,,,,,,,,,,,,,,,,,,,,,,,,,,,,,,,,,,,,,,,,,,,,,,,,,,,,,,,,,,,,,,,,,,,,,,,,,,0,0,1.113,0,,,,,Yes,No,Yes,Yes,No,Yes,No,Yes,No,answering yes or no to observations of a picture shown for 1 second,Did you notice the age of the person,blue,6,,31,Female
P0020,215,TRUE,2/5/24 10:09,anonymous,EN,I consent.,0,0,1.017,0,No,Yes,Yes,Yes,Yes,Yes,Yes,Yes,Yes,0,0,1.024,0,Yes,Yes,Yes,Yes,Yes,Yes,Yes,Yes,Yes,,,,,,,,,,,,,,,,,,,,,,,,,,,,,,,,,,,,,,,,,,,,,,,,,,,,,,,,,,,,,,,,,,,,,,,,,,,,,,,,,,,,,,,,,,,,,,,,,,,,0,0,1.126,0,,,,,Yes,Yes,No,No,Yes,Yes,Yes,Yes,Yes,,,,,,,,,,,,,,,,,,,,,,,,,,,,,,Notice details in different images.,Which hand the person used to light the candle.,blue,6,,29,Female
P0021,273,TRUE,2/5/24 10:11,anonymous,EN,I consent.,0,0,1.014,0,No,Yes,Yes,Yes,No,Yes,Yes,Yes,No,0,0,1.01,0,Yes,No,No,Yes,No,Yes,Yes,Yes,No,,,,,,,,,,,,,,,,,,,,,,,,,,,,,,,,,,,,,,,,,,,,,,0,0,1.017,0,Yes,Yes,No,Yes,No,Yes,No,Yes,No,,,,,,,,,,,,,,,,,,,,,,,,,,,,,,,,,,,,,,,,,,,,,,,,,,,,,,,,,,,,,,,,,,,,,,,,,,,,,,,,,,,,,,,,looking at a picture for 1 second and asweering question about what i saw,did i notice the background ,blue,6,,60,Female
P0022,131,TRUE,2/5/24 10:14,anonymous,EN,I consent.,0,0,1.017,0,No,Yes,Yes,Yes,Yes,Yes,Yes,No,No,0,0,1.023,0,No,Yes,Yes,Yes,No,No,Yes,No,Yes,,,,,,,,,,,,,,,,,,,,,,,,,,,,,,,,,,,,,,,,,,,,,,,,,,,,,,,,,,,,,,,,,,,,,,,,,,,,,,,,,,,,,,,,,,,,0,0,1.02,0,,,,,,,,,,,,,Yes,No,No,No,No,Yes,Yes,Yes,Yes,,,,,,,,,,,,,,,,,,,,,,,,,,,,,,describe what details i noticed for a 1 second viewing of an image,did you notice the material of the candle holder? ,"blue, except during sunsets, sunrises, night time, or weather patterns",6,,30,Non-binary / third gender
P0023,208,TRUE,2/5/24 10:14,anonymous,EN,I consent.,0,0,1.018,0,No,Yes,Yes,Yes,Yes,No,Yes,Yes,Yes,0,0,1.018,0,Yes,Yes,Yes,Yes,Yes,Yes,Yes,Yes,Yes,,,,,,,,,,,,,,,,,,,,,,,,,,,,,,,,,,,,,,,,,,,,,,,,,,,,,,,,,,,,,,,0,0,1.124,0,,,,,,,,,,,,,Yes,Yes,No,Yes,No,Yes,Yes,Yes,No,,,,,,,,,,,,,,,,,,,,,,,,,,,,,,,,,,,,,,,,,,,,,,,,,,,,,,,,,,,noticing aspects of an image in a 1 second window,number of blue objects,blue,6,na,22,Male
P0024,261,TRUE,2/5/24 10:14,anonymous,EN,I consent.,0,0,1.015,0,Yes,Yes,Yes,Yes,Yes,No,Yes,No,Yes,0,0,1.007,0,Yes,Yes,No,Yes,No,Yes,Yes,Yes,No,,,,,0,0,1.013,0,,,,,,,,,,,,,Yes,Yes,Yes,Yes,No,No,No,Yes,Yes,,,,,,,,,,,,,,,,,,,,,,,,,,,,,,,,,,,,,,,,,,,,,,,,,,,,,,,,,,,,,,,,,,,,,,,,,,,,,,,,,,,,,,,,,,,,,,,,,,,,,,,,,,,,,,,,,,,,,to notice details in pictures ,If we noticed the color of an object,blue,6,,23,Female
P0025,123,TRUE,2/5/24 10:15,anonymous,EN,I consent.,0,0,1.113,0,No,Yes,Yes,Yes,Yes,No,Yes,No,Yes,0,0,1.109,0,Yes,Yes,Yes,Yes,No,No,Yes,Yes,Yes,,,,,,,,,,,,,,,,,0,0,1.009,0,Yes,Yes,Yes,No,No,No,Yes,Yes,Yes,,,,,,,,,,,,,,,,,,,,,,,,,,,,,,,,,,,,,,,,,,,,,,,,,,,,,,,,,,,,,,,,,,,,,,,,,,,,,,,,,,,,,,,,,,,,,,,,,,,,,,,,,,,,,,,,,,,,,to answer questions after seeing a picture for 1 second,what color was the ball,blue,6,,39,Female
P0026,140,TRUE,2/5/24 10:15,anonymous,EN,I consent.,0,0,1.122,0,No,Yes,Yes,Yes,Yes,Yes,Yes,Yes,Yes,0,0,1.108,0,Yes,Yes,Yes,Yes,Yes,Yes,Yes,Yes,Yes,,,,,,,,,,,,,,,,,,,,,,,,,,,,,,,,,,0,0,1.007,0,,,,,,,,,,,,,Yes,Yes,Yes,Yes,Yes,Yes,Yes,Yes,Yes,,,,,,,,,,,,,,,,,,,,,,,,,,,,,,,,,,,,,,,,,,,,,,,,,,,,,,,,,,,,,,,,,,,,,,,,,,,,,,,,,,,,,,,,evaluate picture for a second,did you notice the size of the object?,blue,6,,28,Male
P0027,201,TRUE,2/5/24 10:15,anonymous,EN,I consent.,0,0,1.008,0,No,Yes,Yes,Yes,Yes,Yes,Yes,Yes,No,0,0,1.118,0,Yes,Yes,No,Yes,Yes,No,Yes,Yes,Yes,,,,,,,,,,,,,,,,,,,,,,,,,,,,,,,,,,,,,,,,,,,,,,,,,,,,,,,,,,,,,,,,,,,,,,,,,,,,,,,,,,,,,,,,,,,,,,,,,,,,,,,,,,,,,,,,,,,,,0,0,1.014,0,,,,,,,,,,,,,,,,,Yes,Yes,No,Yes,No,No,Yes,Yes,Yes,to observe a photo for 1 second and say what details you were able to remember ,Asked if I remember what pattern was on the mans clothing ,Blue,6,,27,Male
P0028,185,TRUE,2/5/24 10:15,anonymous,EN,I consent.,0,0,1.11,0,Yes,Yes,Yes,Yes,No,Yes,Yes,Yes,No,0,0,1.008,0,Yes,Yes,Yes,Yes,No,No,Yes,Yes,No,,,,,,,,,,,,,,,,,,,,,,,,,,,,,,,,,,,,,,,,,,,,,,,,,,,,,,,,,,,,,,,,,,,,,,,,,,,,,,,,,,,,,,,,0,0,1.113,0,,,,,,,,,,,,,,,,,Yes,Yes,Yes,No,Yes,Yes,Yes,Yes,Yes,,,,,,,,,,,,,,,,,,,,,,,,,,,,,,My task was to view an image for 1 second and respond what I saw about it.,Did you notice what material of the candle holder was,Blue,6,,34,Male
P0029,181,TRUE,2/5/24 10:15,anonymous,EN,I consent.,0,0,1.023,0,No,Yes,Yes,Yes,No,Yes,Yes,No,Yes,0,0,1.022,0,Yes,Yes,Yes,No,No,No,Yes,Yes,No,,,,,,,,,,,,,,,,,,,,,,,,,,,,,,,,,,,,,,,,,,,,,,,,,,,,,,,,,,,,,,,,,,,,,,,,,,,,,,,,,,,,,,,,,,,,,,,,,,,,,,,,0,0,1.019,0,No,Yes,No,No,Yes,Yes,Yes,Yes,Yes,,,,,,,,,,,,,,,,,,,,,,,,,,,,,,Answer yes or no to whether I noticed details about an image. ,Did you notice the hand the subject was using to light the candle.,Blue,6,,35,Female
P0030,285,TRUE,2/5/24 10:16,anonymous,EN,I consent.,0,0,1.007,0,No,Yes,Yes,Yes,Yes,Yes,Yes,Yes,No,0,0,1.016,0,Yes,Yes,Yes,Yes,Yes,No,Yes,Yes,Yes,,,,,,,,,,,,,,,,,,,,,,,,,,,,,,,,,,,,,,,,,,,,,,,,,,,,,,,,,,,0,0,1.114,0,,,,,,,,,,,,,,,,,Yes,Yes,No,Yes,No,Yes,Yes,Yes,Yes,,,,,,,,,,,,,,,,,,,,,,,,,,,,,,,,,,,,,,,,,,,,,,,,,,,,,,,,,,,Shown an image for 1 second then asked a series of yes/no questions about details from the image.,Did you notice which hand the person was providing the treat with?,Blue,6,,44,Female
P0031,116,TRUE,2/5/24 10:16,anonymous,EN,I consent.,0,0,1.008,0,Yes,Yes,Yes,Yes,Yes,Yes,Yes,Yes,No,0,0,1.117,0,Yes,Yes,No,Yes,No,No,Yes,Yes,No,0,0,1.11,0,,,,,,,,,,,,,,,,,Yes,Yes,Yes,Yes,Yes,Yes,Yes,Yes,Yes,,,,,,,,,,,,,,,,,,,,,,,,,,,,,,,,,,,,,,,,,,,,,,,,,,,,,,,,,,,,,,,,,,,,,,,,,,,,,,,,,,,,,,,,,,,,,,,,,,,,,,,,,,,,,,,,,,,,,I was asked to look at a picture for one second then answer questions about details.,Did you notice the person's height?,Blue,6,,39,Male
P0032,332,TRUE,2/5/24 10:16,anonymous,EN,I consent.,0,0,1.008,0,Yes,Yes,Yes,Yes,Yes,No,Yes,Yes,Yes,0,0,1.116,0,Yes,Yes,Yes,Yes,Yes,Yes,Yes,Yes,Yes,,,,,,,,,,,,,,,,,,,,,,,,,,,,,,,,,,,,,,,,,,,,,,,,,,,,,,,,,,,,,,,,,,,,,,,,,,,,,,,,,,,,,,,,,,,,,,,,0,0,1.013,0,,,,,,,,,Yes,Yes,No,No,Yes,Yes,Yes,Yes,Yes,,,,,,,,,,,,,,,,,,,,,,,,,,,,,,Looking for details in a picture,Did you notice the material of the candle holder,blue,6,,35,Male
P0033,228,TRUE,2/5/24 10:16,anonymous,EN,I consent.,0,0,1.116,0,No,Yes,Yes,Yes,Yes,Yes,Yes,No,Yes,0,0,1.01,0,Yes,Yes,Yes,Yes,No,Yes,Yes,Yes,Yes,,,,,,,,,,,,,,,,,,,,,,,,,,,,,,,,,,,,,,0,0,1.113,0,,,,,,,,,Yes,Yes,Yes,Yes,No,Yes,Yes,Yes,No,,,,,,,,,,,,,,,,,,,,,,,,,,,,,,,,,,,,,,,,,,,,,,,,,,,,,,,,,,,,,,,,,,,,,,,,,,,,,,,,,,,,,,,,Determine what I noticed about an image,Do I remember the size of the fruit handled?,Blue,6,,27,Male
P0034,164,TRUE,2/5/24 10:16,anonymous,EN,I consent.,0,0,1.009,0,No,Yes,Yes,Yes,Yes,Yes,Yes,No,Yes,0,0,1.008,0,Yes,Yes,Yes,Yes,No,Yes,Yes,Yes,No,,,,,,,,,,,,,,,,,,,,,,,,,,,,,,,,,,,,,,,,,,,,,,,,,,,,,,,,,,,,,,,,,,,,,,,,,,,0,0,1.114,0,Yes,Yes,No,No,Yes,Yes,Yes,Yes,Yes,,,,,,,,,,,,,,,,,,,,,,,,,,,,,,,,,,,,,,,,,,,,,,,,,,,,,,,,,,,Respond to details of picture,Did you notice which hand the person used,Blue,6,,33,Male
P0035,668,TRUE,2/5/24 10:16,anonymous,EN,I consent.,0,0,1.03,0,No,Yes,Yes,Yes,Yes,No,Yes,Yes,Yes,0,0,1.125,0,No,Yes,Yes,Yes,No,Yes,Yes,Yes,No,,,,,,,,,,,,,,,,,,,,,,,,,,,,,,,,,,,,,,,,,,,,,,,,,,,,,,,,,,,,,,,,,,,,,,,,,,,,,,,,,,,,,,,,,,,,,,,,,,,,,,,,,,,,,,,,,,,,,,,,,,,,,0,0,1.027,0,,,,,,,,,No,Yes,No,Yes,No,No,Yes,Yes,Yes,To view images for 1 second and respond to questions about noticing details of the image.,Did you notice the person's apparent age?,Blue,6,,,
P0036,302,TRUE,2/5/24 10:17,anonymous,EN,I consent.,0,0,1.012,0,No,Yes,Yes,Yes,Yes,Yes,Yes,Yes,Yes,0,0,1.012,0,Yes,Yes,Yes,Yes,No,Yes,Yes,Yes,Yes,,,,,,,,,,,,,,,,,,,,,,,,,,,,,,,,,,,,,,,,,,,,,,,,,,,,,,,,,,,,,,,,,,,,,,,,,,,,,,,,,,,,,,,,,,,,,,,,,,,,,,,,,,,,,,,,,,,,,,,,,,,,,,,,,,,,,0,0,1.009,0,Yes,No,Yes,Yes,No,Yes,Yes,Yes,Yes,look at a picture for 1 second and recall what you saw,did you notice the color of the object,blue,6,,42,Male
P0037,298,TRUE,2/5/24 10:17,anonymous,EN,I consent.,0,0,1.009,0,No,Yes,Yes,Yes,Yes,Yes,Yes,No,No,0,0,1.013,0,Yes,Yes,Yes,No,No,No,Yes,Yes,No,,,,,,,,,,,,,,,,,,,,,,,,,,,,,,,,,,,,,,,,,,,,,,,,,,,,,,,,,,,,,,,,,,,0,0,1.12,0,,,,,,,,,Yes,Yes,Yes,Yes,No,Yes,Yes,Yes,Yes,,,,,,,,,,,,,,,,,,,,,,,,,,,,,,,,,,,,,,,,,,,,,,,,,,,,,,,,,,,To look at a picture for one second and notice as much detail as possible about the entire picture,Did I notice the color/pattern of the persons clothing?,Blue,6,Nothing to add,41,Male
P0038,196,TRUE,2/5/24 10:17,anonymous,EN,I consent.,1.09,1.09,1.121,1,No,Yes,Yes,No,Yes,No,Yes,Yes,No,0,0,1.023,0,Yes,Yes,No,Yes,No,Yes,Yes,Yes,No,,,,,,,,,,,,,,,,,,,,,,,,,,,,,,,,,,,,,,,,,,,,,,,,,,,,,,,,,,,,,,,,,,,,,,,,,,,,,,,,,,,,,,,,,,,,,,,,,,,,,,,,,,,,,,,,,,,,,,,,,,,,,,,,,,,,,0,0,1.021,0,Yes,Yes,No,Yes,No,No,Yes,Yes,Yes,I answered whether I noticed things in a picture.,Did you notice the color of the bench?,blue,6,,25,Female
P0039,246,TRUE,2/5/24 10:17,anonymous,EN,I consent.,0,0,1.112,0,Yes,Yes,Yes,Yes,No,No,Yes,Yes,Yes,0,0,1.012,0,Yes,Yes,Yes,Yes,No,Yes,Yes,Yes,Yes,,,,,,,,,0,0,1.114,0,,,,,,,,,Yes,Yes,Yes,Yes,Yes,No,No,Yes,Yes,,,,,,,,,,,,,,,,,,,,,,,,,,,,,,,,,,,,,,,,,,,,,,,,,,,,,,,,,,,,,,,,,,,,,,,,,,,,,,,,,,,,,,,,,,,,,,,,,,,,,,,,,,,,,,,,,,,,,answer details about an image after viewing it for one second,did you notice if the object was stable,blue,6,,45,Male
P0040,257,TRUE,2/5/24 10:17,anonymous,EN,I consent.,0,0,1.009,0,Yes,Yes,Yes,Yes,Yes,Yes,Yes,Yes,Yes,0.326,0.326,1.114,1,Yes,Yes,Yes,Yes,No,No,Yes,Yes,Yes,,,,,,,,,,,,,,,,,,,,,,,,,,,,,,,,,,,,,,,,,,,,,,,,,,,,,,,,,,,,,,,,,,,,,,,,,,,,,,,,,,,,,,,,,,,,,,,,,,,,,,,,,,,,,,,,,,,,,,,,,0.322,0.322,1.015,1,,,,,,,,,,,,,Yes,Yes,Yes,Yes,Yes,Yes,Yes,Yes,Yes,Describing an image what I noticed.,Did you see the clothes color pattern of the girl?,Blue,6,No comments.,30,Female
P0041,297,TRUE,2/5/24 10:18,anonymous,EN,I consent.,0,0,1.015,0,Yes,Yes,Yes,Yes,Yes,No,Yes,Yes,No,0,0,1.118,0,Yes,Yes,Yes,Yes,No,Yes,Yes,Yes,Yes,,,,,,,,,,,,,,,,,,,,,,,,,,,,,,,,,,,,,,,,,,,,,,,,,,,,,,,,,,,,,,,,,,,,,,,,,,,0,0,1.118,0,Yes,Yes,Yes,Yes,Yes,Yes,Yes,Yes,No,,,,,,,,,,,,,,,,,,,,,,,,,,,,,,,,,,,,,,,,,,,,,,,,,,,,,,,,,,,To view a picture and then answer related questions.,Did I notice the size of the animal.,blue,6,,60,Female
P0042,265,TRUE,2/5/24 10:18,anonymous,EN,I consent.,0,0,1.11,0,Yes,Yes,Yes,Yes,Yes,Yes,Yes,Yes,No,0,0,1.011,0,Yes,Yes,Yes,Yes,Yes,Yes,Yes,Yes,Yes,,,,,,,,,,,,,,,,,,,,,,,,,,,,,,0,0,1.008,0,,,,,,,,,,,,,,,,,Yes,Yes,Yes,Yes,Yes,Yes,Yes,Yes,Yes,,,,,,,,,,,,,,,,,,,,,,,,,,,,,,,,,,,,,,,,,,,,,,,,,,,,,,,,,,,,,,,,,,,,,,,,,,,,,,,,,,,,,,,,I saw a picture for 1 second. Then I had to answer questions about the picture,did you notice what hand the fruit was being handled in.,blue,6,,50,Male
P0043,142,TRUE,2/5/24 10:18,anonymous,EN,I consent.,0,0,1.01,0,No,Yes,Yes,Yes,Yes,Yes,Yes,Yes,Yes,0,0,1.108,0,Yes,Yes,Yes,Yes,No,Yes,Yes,Yes,Yes,,,,,,,,,,,,,,,,,,,,,,,,,,,,,,,,,,,,,,,,,,,,,,,,,,,,,,,,,,,,,,,,,,,,,,,,,,,,,,,,,,,,,,,,,,,,0,0,1.007,0,,,,,,,,,,,,,Yes,Yes,Yes,No,Yes,Yes,Yes,Yes,Yes,,,,,,,,,,,,,,,,,,,,,,,,,,,,,,answer questions about an image I quickly saw,if i noticed if there was a person in the picture,blue,6,,27,Female
P0044,223,TRUE,2/5/24 10:18,anonymous,EN,I consent.,0,0,1.112,0,Yes,Yes,Yes,Yes,Yes,Yes,Yes,Yes,Yes,0,0,1.009,0,No,Yes,Yes,Yes,Yes,Yes,Yes,Yes,Yes,0,0,1.012,0,,,,,,,,,,,,,,,,,Yes,Yes,No,Yes,Yes,Yes,Yes,Yes,Yes,,,,,,,,,,,,,,,,,,,,,,,,,,,,,,,,,,,,,,,,,,,,,,,,,,,,,,,,,,,,,,,,,,,,,,,,,,,,,,,,,,,,,,,,,,,,,,,,,,,,,,,,,,,,,,,,,,,,,To determine if we are able to remember specific details in an image after it disappears in 1 second. ,Was I able to determine the shape of the object?,Blue.,6,,20,Female
P0045,169,TRUE,2/5/24 10:18,anonymous,EN,I consent.,0,0,1.112,0,No,Yes,Yes,Yes,Yes,Yes,Yes,Yes,No,0,0,1.007,0,Yes,Yes,Yes,Yes,No,Yes,Yes,Yes,No,,,,,,,,,,,,,,,,,,,,,,,,,,,,,,,,,,,,,,,,,,,,,,,,,,,,,,,,,,,,,,,,,,,,,,,,,,,,,,,,,,,,,,,,0,0,1.111,0,,,,,,,,,,,,,,,,,Yes,No,No,No,Yes,Yes,Yes,No,Yes,,,,,,,,,,,,,,,,,,,,,,,,,,,,,,Quickly determining details of a displayed picture,To view a picture of a ball on a beach,Blue,6,,33,Male
P0046,158,TRUE,2/5/24 10:19,anonymous,EN,I consent.,0,0,1.01,0,No,Yes,Yes,Yes,Yes,No,Yes,Yes,No,0,0,1.008,0,Yes,Yes,Yes,Yes,Yes,Yes,Yes,Yes,No,,,,,,,,,,,,,,,,,,,,,,,,,,,,,,,,,,,,,,,,,,,,,,,,,,,,,,,,,,,,,,,0,0,1.013,0,,,,,,,,,,,,,Yes,Yes,Yes,No,No,Yes,Yes,Yes,No,,,,,,,,,,,,,,,,,,,,,,,,,,,,,,,,,,,,,,,,,,,,,,,,,,,,,,,,,,,I looked at an image for a second and then answered questions about it.,did i notice the size of the animal,blue,6,,22,Female
P0047,160,TRUE,2/5/24 10:19,anonymous,EN,I consent.,0,0,1.12,0,No,Yes,Yes,Yes,Yes,Yes,Yes,Yes,Yes,0,0,1.018,0,Yes,Yes,Yes,Yes,Yes,No,Yes,Yes,Yes,,,,,,,,,,,,,,,,,,,,,,,,,,,,,,,,,,,,,,,,,,,,,,,,,,,,,,,,,,,,,,,,,,,,,,,,,,,,,,,,,,,,,,,,,,,,,,,,,,,,,,,,,,,,,,,,,,,,,,,,,0,0,1.012,0,,,,,,,,,,,,,Yes,Yes,No,Yes,No,No,Yes,Yes,No,Answer if we noticed certain things in the images.,Was the person wearing socks?,blue,6,,36,Female
P0048,437,TRUE,2/5/24 10:19,anonymous,EN,I consent.,0,0,1.113,0,Yes,Yes,Yes,Yes,Yes,Yes,Yes,Yes,Yes,0,0,1.017,0,Yes,Yes,Yes,Yes,Yes,Yes,Yes,Yes,Yes,,,,,,,,,,,,,0,0,1.009,0,,,,,Yes,Yes,Yes,Yes,Yes,Yes,Yes,Yes,Yes,,,,,,,,,,,,,,,,,,,,,,,,,,,,,,,,,,,,,,,,,,,,,,,,,,,,,,,,,,,,,,,,,,,,,,,,,,,,,,,,,,,,,,,,,,,,,,,,,,,,,,,,,,,,,,,,,,,,,I was asked if I noticed items in a picture,If I noticed the color of the ball,blue,6,,44,Female
P0049,103,TRUE,2/5/24 10:19,anonymous,EN,I consent.,0,0,1.112,0,No,Yes,Yes,No,Yes,Yes,Yes,Yes,No,0,0,1.111,0,Yes,Yes,Yes,Yes,No,Yes,Yes,Yes,Yes,,,,,,,,,,,,,,,,,,,,,,,,,,,,,,,,,,0,0,1.009,0,,,,,,,,,,,,,Yes,Yes,No,Yes,Yes,No,Yes,Yes,Yes,,,,,,,,,,,,,,,,,,,,,,,,,,,,,,,,,,,,,,,,,,,,,,,,,,,,,,,,,,,,,,,,,,,,,,,,,,,,,,,,,,,,,,,,to pick up on details of images after just 1 second of looking,did you notice the blue objects,blue,6,,30,Male
P0050,296,TRUE,2/5/24 10:19,anonymous,EN,I consent.,0,0,1.111,0,Yes,Yes,Yes,Yes,Yes,Yes,Yes,Yes,Yes,0,0,1.012,0,Yes,Yes,No,No,No,Yes,Yes,No,Yes,,,,,,,,,0,0,1.11,0,,,,,,,,,Yes,Yes,Yes,Yes,No,Yes,No,Yes,Yes,,,,,,,,,,,,,,,,,,,,,,,,,,,,,,,,,,,,,,,,,,,,,,,,,,,,,,,,,,,,,,,,,,,,,,,,,,,,,,,,,,,,,,,,,,,,,,,,,,,,,,,,,,,,,,,,,,,,,I was shown a picture for 1 second and then was asked to answer questions about the details of the picture.,Did you notice the person's hair color?,Blue,6,,22,Male
P0051,285,TRUE,2/5/24 10:19,anonymous,EN,I consent.,0,0,1.106,0,No,Yes,Yes,No,No,No,Yes,Yes,Yes,0,0,1.009,0,Yes,Yes,Yes,Yes,No,No,Yes,Yes,Yes,,,,,,,,,,,,,,,,,,,,,,,,,,,,,,,,,,,,,,,,,,,,,,0,0,1.012,0,Yes,Yes,Yes,Yes,Yes,Yes,Yes,No,No,,,,,,,,,,,,,,,,,,,,,,,,,,,,,,,,,,,,,,,,,,,,,,,,,,,,,,,,,,,,,,,,,,,,,,,,,,,,,,,,,,,,,,,,My task was to view an image for 1 second and then answer questions about if I noticed certain details within the image.,Did I notice which  hand was handling the fruit?,Blue,6,,29,Female
P0052,331,TRUE,2/5/24 10:20,anonymous,EN,I consent.,0,0,1.11,0,Yes,Yes,Yes,Yes,Yes,Yes,Yes,Yes,Yes,0,0,1.114,0,Yes,Yes,Yes,Yes,No,No,Yes,Yes,Yes,,,,,,,,,,,,,,,,,,,,,,,,,,,,,,,,,,,,,,,,,,0,0,1.013,0,,,,,Yes,Yes,Yes,Yes,No,Yes,Yes,Yes,Yes,,,,,,,,,,,,,,,,,,,,,,,,,,,,,,,,,,,,,,,,,,,,,,,,,,,,,,,,,,,,,,,,,,,,,,,,,,,,,,,,,,,,,,,,Recall details about a picture that I saw for 1 second,Did I notice the size of the bag?,Blue,6,,52,Female
P0053,197,TRUE,2/5/24 10:20,anonymous,EN,I consent.,0,0,1.01,0,No,Yes,Yes,Yes,Yes,Yes,Yes,Yes,Yes,0,0,1.038,0,No,Yes,Yes,Yes,No,No,Yes,Yes,No,,,,,,,,,,,,,,,,,,,,,,,,,,,,,,,,,,,,,,,,,,,,,,,,,,,,,,,,,,,,,,,,,,,,,,,,,,,,,,,,,,,,,,,,,,,,,,,,,,,,,,,,0,0,1.009,0,No,Yes,Yes,Yes,Yes,No,Yes,Yes,Yes,,,,,,,,,,,,,,,,,,,,,,,,,,,,,,look at the picture for a second and try to recall the pictures details,did you notice the color of the candle,blue,6,,28,Male
P0054,220,TRUE,2/5/24 10:21,anonymous,EN,I consent.,0,0,1.011,0,Yes,Yes,Yes,Yes,Yes,Yes,Yes,Yes,Yes,0,0,1.109,0,Yes,Yes,Yes,Yes,No,Yes,Yes,Yes,Yes,,,,,,,,,,,,,,,,,,,,,,,,,,,,,,,,,,,,,,0,0,1.007,0,,,,,,,,,Yes,Yes,Yes,Yes,Yes,Yes,Yes,Yes,No,,,,,,,,,,,,,,,,,,,,,,,,,,,,,,,,,,,,,,,,,,,,,,,,,,,,,,,,,,,,,,,,,,,,,,,,,,,,,,,,,,,,,,,,View an image for 1 second and remember details about it.,If I noticed the size of the bag,blue,6,,36,Female
P0055,177,TRUE,2/5/24 10:21,anonymous,EN,I consent.,0,0,1.01,0,No,Yes,Yes,Yes,Yes,Yes,Yes,Yes,Yes,0,0,1.006,0,Yes,Yes,Yes,Yes,Yes,Yes,Yes,Yes,Yes,,,,,,,,,,,,,,,,,,,,,,,,,,,,,,,,,,,,,,,,,,,,,,,,,,,,,,,,,,,0,0,1.114,0,,,,,,,,,,,,,,,,,Yes,Yes,Yes,No,Yes,Yes,Yes,Yes,No,,,,,,,,,,,,,,,,,,,,,,,,,,,,,,,,,,,,,,,,,,,,,,,,,,,,,,,,,,,1 sec to view image and remember as much as possible,size of the fence,blue,6,,38,Male
P0056,233,TRUE,2/5/24 10:21,anonymous,EN,I consent.,0,0,1.014,0,No,Yes,Yes,Yes,Yes,Yes,Yes,Yes,No,0,0,1.013,0,Yes,Yes,Yes,Yes,Yes,No,Yes,Yes,No,,,,,,,,,,,,,,,,,,,,,,,,,,,,,,,,,,,,,,,,,,,,,,,,,,,,,,,,,,,,,,,,,,,,,,,0,0,1.012,0,,,,,Yes,Yes,No,Yes,No,Yes,Yes,No,Yes,,,,,,,,,,,,,,,,,,,,,,,,,,,,,,,,,,,,,,,,,,,,,,,,,,,,,,,,,,,To describe what was seen after viewing a picture for 1 second ,Did you notice a refrigerator?,Blue,6,,22,Male
P0057,278,TRUE,2/5/24 10:21,anonymous,EN,I consent.,0,0,1.016,0,No,Yes,Yes,Yes,Yes,Yes,Yes,No,Yes,0,0,1.021,0,Yes,Yes,Yes,Yes,No,No,Yes,No,Yes,,,,,,,,,,,,,,,,,,,,,,,,,,,,,,,,,,,,,,,,,,,,,,,,,,,,,,,,,,,,,,,,,,,,,,,,,,,,,,,,,,,,,,,,,,,,,,,,0,0,1.124,0,,,,,,,,,Yes,Yes,No,No,No,Yes,Yes,Yes,Yes,,,,,,,,,,,,,,,,,,,,,,,,,,,,,,I was asked questions about a picture I was shown for 1 second.,Did you notice the material of the candle holder?,Blue,6,,36,Female
P0058,96,TRUE,2/5/24 10:21,anonymous,EN,I consent.,0.589,0.977,1.009,2,No,Yes,Yes,No,Yes,Yes,Yes,Yes,Yes,0.835,0.835,1.107,1,No,Yes,No,No,No,No,Yes,Yes,No,,,,,,,,,,,,,,,,,,,,,,,,,,,,,,,,,,,,,,,,,,,,,,,,,,,,,,,,,,,,,,,,,,,,,,,,,,,,,,,,,,,,,,,,,,,,,,,,,,,,0.668,0.668,1.119,1,,,,,Yes,No,No,No,Yes,No,Yes,Yes,Yes,,,,,,,,,,,,,,,,,,,,,,,,,,,,,,To answer yes/no answers about photos I saw ,Did you notice the color of the background? ,Blue,6,,22,Female
P0059,182,TRUE,2/5/24 10:21,anonymous,EN,I consent.,0,0,1.012,0,Yes,Yes,Yes,Yes,Yes,Yes,Yes,Yes,Yes,0,0,1.111,0,Yes,Yes,Yes,Yes,Yes,No,Yes,Yes,Yes,,,,,0,0,1.007,0,,,,,,,,,,,,,Yes,Yes,No,Yes,Yes,Yes,Yes,Yes,Yes,,,,,,,,,,,,,,,,,,,,,,,,,,,,,,,,,,,,,,,,,,,,,,,,,,,,,,,,,,,,,,,,,,,,,,,,,,,,,,,,,,,,,,,,,,,,,,,,,,,,,,,,,,,,,,,,,,,,,I was shown an image for one second and answered questions about it afterward.,Was there a person in the image,blue,6,,36,Female
P0060,382,TRUE,2/5/24 10:21,anonymous,EN,I consent.,0,0,1.113,0,Yes,Yes,Yes,Yes,Yes,Yes,Yes,Yes,Yes,0,0,1.112,0,Yes,Yes,Yes,Yes,Yes,No,Yes,Yes,No,,,,,,,,,,,,,,,,,,,,,,,,,,,,,,,,,,,,,,,,,,,,,,,,,,,,,,,,,,,,,,,,,,,,,,,,,,,,,,,,,,,,,,,,,,,,,,,,,,,,,,,,,,,,,,,,,,,,,0,0,1.113,0,,,,,,,,,,,,,,,,,Yes,Yes,No,Yes,Yes,No,Yes,Yes,No,I was asked to view a titled image for approximately 1 second and answer yes or no questions about what I had seen.,Did I notice the size of the bench?,blue,6,,53,Male
P0061,152,TRUE,2/5/24 10:21,anonymous,EN,I consent.,0,0,1.107,0,No,Yes,Yes,Yes,Yes,No,Yes,Yes,Yes,0,0,1.008,0,Yes,Yes,Yes,Yes,Yes,Yes,Yes,Yes,No,,,,,,,,,,,,,,,,,,,,,,,,,,,,,,,,,,,,,,,,,,,,,,,,,,,,,,,,,,,,,,,,,,,,,,,,,,,,,,,,,,,,,,,,,,,,,,,,,,,,,,,,,,,,,,,,,,,,,,,,,,,,,0,0,1.009,0,,,,,,,,,Yes,No,Yes,Yes,Yes,Yes,Yes,Yes,Yes,Look at a picture for 1 second and then answer questions related to that picture.,If the woman was wearing socks or not ,blue,6,,30,Female
P0062,214,TRUE,2/5/24 10:22,anonymous,EN,I consent.,0,0,1.009,0,No,Yes,Yes,Yes,Yes,No,Yes,No,Yes,0,0,1.111,0,Yes,Yes,Yes,Yes,No,No,Yes,Yes,No,,,,,,,,,,,,,,,,,,,,,,,,,,,,,,,,,,,,,,,,,,,,,,,,,,,,,,,,,,,,,,,,,,,0,0,1.109,0,,,,,,,,,Yes,Yes,No,No,No,Yes,Yes,Yes,Yes,,,,,,,,,,,,,,,,,,,,,,,,,,,,,,,,,,,,,,,,,,,,,,,,,,,,,,,,,,,I saw an image for one second and then answered questions on what i noticed.,did you notice the color/pattern of the object,blue,6,,31,Female
P0063,152,TRUE,2/5/24 10:22,anonymous,EN,I consent.,0,0,1.033,0,Yes,Yes,Yes,Yes,Yes,Yes,Yes,Yes,Yes,0,0,1.139,0,Yes,Yes,Yes,Yes,Yes,Yes,Yes,Yes,Yes,,,,,,,,,,,,,,,,,,,,,,,,,,,,,,,,,,,,,,,,,,,,,,,,,,,,,,,,,,,,,,,,,,,,,,,,,,,,,,,,,,,,,,,,,,,,,,,,,,,,,,,,,,,,,,,,,,,,,,,,,,,,,,,,,0,0,1.037,0,,,,,Yes,Yes,No,Yes,No,Yes,Yes,Yes,Yes,Perceptions of AI generated art,Did you notice the color of the object,blue,6,,31,Male
P0064,268,TRUE,2/5/24 10:22,anonymous,EN,I consent.,0,0,1.012,0,No,Yes,Yes,Yes,No,No,Yes,Yes,Yes,0,0,1.019,0,Yes,Yes,Yes,Yes,No,Yes,Yes,Yes,Yes,,,,,,,,,,,,,,,,,0,0,1.015,0,Yes,Yes,Yes,Yes,Yes,Yes,No,Yes,Yes,,,,,,,,,,,,,,,,,,,,,,,,,,,,,,,,,,,,,,,,,,,,,,,,,,,,,,,,,,,,,,,,,,,,,,,,,,,,,,,,,,,,,,,,,,,,,,,,,,,,,,,,,,,,,,,,,,,,,I saw an image for 1 second and was asked questions about details I noticed ,Did you notice the size of the object?,Blue ,6,,30,Female
P0065,209,TRUE,2/5/24 10:23,anonymous,EN,I consent.,0,0,1.012,0,Yes,Yes,Yes,Yes,Yes,Yes,Yes,Yes,No,0,0,1.109,0,Yes,Yes,Yes,Yes,Yes,Yes,Yes,Yes,Yes,,,,,,,,,,,,,,,,,,,,,,,,,,,,,,,,,,,,,,,,,,,,,,,,,,,,,,,,,,,,,,,,,,,,,,,,,,,0,0,1.112,0,Yes,Yes,Yes,No,Yes,Yes,Yes,Yes,Yes,,,,,,,,,,,,,,,,,,,,,,,,,,,,,,,,,,,,,,,,,,,,,,,,,,,,,,,,,,,I was asked to look briefly at a picyure and answer what attributes in the photo i noticed. ,What was the sise of the animal. ,Blue,6,,62,Female
P0066,168,TRUE,2/5/24 10:24,anonymous,EN,I consent.,0,0,1.111,0,No,Yes,Yes,No,Yes,No,Yes,No,Yes,0,0,1.112,0,Yes,Yes,Yes,Yes,No,Yes,Yes,Yes,Yes,,,,,,,,,,,,,,,,,,,,,,,,,,,,,,,,,,,,,,,,,,,,,,,,,,,,,,,,,,,,,,,,,,,,,,,,,,,,,,,,,,,,,,,,,,,,,,,,,,,,,,,,,,,,,,,,,,,,,0,0,1.009,0,,,,,,,,,,,,,,,,,Yes,No,Yes,Yes,Yes,Yes,Yes,Yes,No,to evaluate quickly some AI images,Was the object stable,blue,6,,54,Male
P0067,247,TRUE,2/5/24 10:24,anonymous,EN,I consent.,0,0,1.008,0,No,Yes,Yes,Yes,Yes,Yes,Yes,Yes,No,0,0,1.112,0,Yes,Yes,Yes,Yes,Yes,Yes,Yes,Yes,Yes,,,,,,,,,,,,,,,,,,,,,,,,,,,,,,,,,,0,0,1.006,0,,,,,,,,,,,,,Yes,Yes,Yes,Yes,Yes,Yes,Yes,Yes,No,,,,,,,,,,,,,,,,,,,,,,,,,,,,,,,,,,,,,,,,,,,,,,,,,,,,,,,,,,,,,,,,,,,,,,,,,,,,,,,,,,,,,,,,After seeing an image for 1 second what I was able to actually see ans persieve. I enjoyed this.,Did you see the type of fruit he was putting in the bag and his physique,blue,6,,71,Female
P0068,146,TRUE,2/5/24 10:24,anonymous,EN,I consent.,0,0,1.007,0,Yes,Yes,Yes,Yes,Yes,Yes,Yes,Yes,No,0,0,1.007,0,Yes,Yes,Yes,Yes,Yes,No,Yes,No,No,,,,,,,,,0,0,1.107,0,,,,,,,,,No,Yes,Yes,No,No,No,No,Yes,Yes,,,,,,,,,,,,,,,,,,,,,,,,,,,,,,,,,,,,,,,,,,,,,,,,,,,,,,,,,,,,,,,,,,,,,,,,,,,,,,,,,,,,,,,,,,,,,,,,,,,,,,,,,,,,,,,,,,,,,To say whether I noticed details in an image,Did I notice the color of the object I'd seen,blue,6,,22,Female
P0069,369,TRUE,2/5/24 10:24,anonymous,EN,I consent.,0,0,1.007,0,Yes,Yes,Yes,Yes,Yes,Yes,Yes,Yes,No,0,0,1.007,0,Yes,Yes,Yes,Yes,Yes,No,Yes,Yes,Yes,,,,,,,,,,,,,,,,,,,,,,,,,,,,,,,,,,,,,,,,,,,,,,,,,,,,,,,,,,,,,,,,,,,,,,,,,,,,,,,,,,,,,,,,,,,,,,,,,,,,0,0,1.008,0,,,,,Yes,Yes,No,Yes,Yes,Yes,Yes,Yes,Yes,,,,,,,,,,,,,,,,,,,,,,,,,,,,,,I was given a description of an image then the image to look at (looks AI generated) for one second and then I was about details from that image (and if I noticed them).,Which hand the person used to light the candle.,Blue,6,,38,Female
P0070,422,TRUE,2/5/24 10:25,anonymous,EN,I consent.,0,0,1.016,0,No,Yes,Yes,Yes,Yes,Yes,Yes,Yes,Yes,0,0,1.007,0,No,No,Yes,No,No,No,Yes,No,Yes,,,,,,,,,,,,,,,,,,,,,,,,,,,,,,0,0,1.01,0,,,,,,,,,,,,,,,,,No,No,No,Yes,Yes,Yes,Yes,Yes,Yes,,,,,,,,,,,,,,,,,,,,,,,,,,,,,,,,,,,,,,,,,,,,,,,,,,,,,,,,,,,,,,,,,,,,,,,,,,,,,,,,,,,,,,,,I was to look at a picture that was shown to me only once and for only 1 second. I was then supposed to answer question on what I noticed about the photo.,Did you notice the size of the bag? ,blue,6,,32,Female
P0071,174,TRUE,2/5/24 10:25,anonymous,EN,I consent.,0,0,1.028,0,Yes,Yes,Yes,Yes,Yes,No,Yes,Yes,Yes,0,0,1.029,0,Yes,Yes,Yes,Yes,Yes,Yes,Yes,Yes,No,,,,,,,,,,,,,,,,,,,,,,,,,,,,,,,,,,,,,,,,,,,,,,,,,,,,,,,,,,,,,,,,,,,,,,,,,,,,,,,,,,,,,,,,,,,,,,,,0,0,1.139,0,,,,,,,,,Yes,Yes,No,No,Yes,Yes,Yes,Yes,Yes,,,,,,,,,,,,,,,,,,,,,,,,,,,,,,I look at a presented image for 1 second and try to notice and remember as many details as I can,"""Did you notice the number of blue items?""",blue,6,,26,Male
P0072,211,TRUE,2/5/24 10:25,anonymous,EN,I consent.,0,0,1.008,0,Yes,No,Yes,Yes,Yes,No,Yes,Yes,Yes,0,0,1.009,0,Yes,No,No,Yes,No,No,Yes,Yes,No,,,,,,,,,,,,,,,,,,,,,,,,,,,,,,,,,,,,,,,,,,,,,,,,,,,,,,,,,,,,,,,,,,,0,0,1.106,0,,,,,,,,,Yes,Yes,No,No,Yes,Yes,Yes,Yes,Yes,,,,,,,,,,,,,,,,,,,,,,,,,,,,,,,,,,,,,,,,,,,,,,,,,,,,,,,,,,,Answer yes or no questions after briefly observing a photo,Did you notice what it was sitting on,blue,6,,52,Female
P0073,200,TRUE,2/5/24 10:25,anonymous,EN,I consent.,0,0,1.006,0,No,Yes,Yes,No,Yes,Yes,Yes,Yes,Yes,0,0,1.111,0,Yes,Yes,Yes,Yes,Yes,No,Yes,Yes,Yes,,,,,,,,,,,,,,,,,,,,,,,,,,,,,,,,,,,,,,0,0,1.117,0,,,,,,,,,Yes,Yes,Yes,Yes,Yes,Yes,Yes,Yes,Yes,,,,,,,,,,,,,,,,,,,,,,,,,,,,,,,,,,,,,,,,,,,,,,,,,,,,,,,,,,,,,,,,,,,,,,,,,,,,,,,,,,,,,,,,look at a picture for 1 second and pay attention to details around the photo,Did you notice what fruit the person was holding,blue,6,,39,Male
P0074,253,TRUE,2/5/24 10:25,anonymous,EN,I consent.,0,0,1.013,0,Yes,Yes,Yes,Yes,Yes,Yes,Yes,Yes,Yes,0,0,1.009,0,Yes,Yes,Yes,Yes,Yes,Yes,Yes,Yes,Yes,0,0,1.119,0,,,,,,,,,,,,,,,,,Yes,Yes,Yes,Yes,Yes,Yes,Yes,Yes,Yes,,,,,,,,,,,,,,,,,,,,,,,,,,,,,,,,,,,,,,,,,,,,,,,,,,,,,,,,,,,,,,,,,,,,,,,,,,,,,,,,,,,,,,,,,,,,,,,,,,,,,,,,,,,,,,,,,,,,,to observe a pic  for 1 second and notice the details,What was the color of the ball,Blue with white clouds,6,,72,Female
P0075,142,TRUE,2/5/24 10:26,anonymous,EN,I consent.,0,0,1.117,0,No,Yes,Yes,Yes,Yes,Yes,Yes,Yes,Yes,0,0,1.111,0,Yes,Yes,Yes,Yes,Yes,No,Yes,Yes,Yes,,,,,,,,,,,,,,,,,,,,,,,,,,,,,,,,,,,,,,,,,,,,,,0,0,1.114,0,Yes,Yes,Yes,Yes,Yes,Yes,Yes,Yes,No,,,,,,,,,,,,,,,,,,,,,,,,,,,,,,,,,,,,,,,,,,,,,,,,,,,,,,,,,,,,,,,,,,,,,,,,,,,,,,,,,,,,,,,,View an image for 1 second and answer questions about it,Did you notice the size of the fruit,blue,6,,37,Female
P0076,277,TRUE,2/5/24 10:26,anonymous,EN,I consent.,0,0,1.014,0,Yes,No,Yes,Yes,Yes,No,Yes,Yes,No,0,0,1.109,0,Yes,No,Yes,Yes,No,No,No,Yes,Yes,,,,,,,,,,,,,,,,,,,,,,,,,,,,,,,,,,,,,,,,,,,,,,,,,,,,,,,,,,,,,,,,,,,,,,,,,,,,,,,,,,,,,,,,,,,,,,,,,,,,,,,,,,,,,,,,,,,,,,,,,,,,,0,0,1.112,0,,,,,,,,,No,No,Yes,No,Yes,No,No,Yes,No,See a picture and see if i notice everything.,Did you notice the age of the person,blue ,6,,32,Male
P0077,133,TRUE,2/5/24 10:26,anonymous,EN,I consent.,0,0,1.11,0,Yes,Yes,Yes,Yes,Yes,Yes,Yes,Yes,Yes,0,0,1.108,0,Yes,Yes,Yes,Yes,Yes,Yes,Yes,Yes,Yes,,,,,,,,,,,,,,,,,0,0,1.01,0,No,No,Yes,Yes,Yes,Yes,No,Yes,Yes,,,,,,,,,,,,,,,,,,,,,,,,,,,,,,,,,,,,,,,,,,,,,,,,,,,,,,,,,,,,,,,,,,,,,,,,,,,,,,,,,,,,,,,,,,,,,,,,,,,,,,,,,,,,,,,,,,,,,I had to look at an image for one second and really observe everything about it,Did i notice the height of the man?,Blue,6,,42,Female
P0078,269,TRUE,2/5/24 10:26,anonymous,EN,I consent.,0,0,1.008,0,Yes,Yes,Yes,Yes,Yes,Yes,Yes,Yes,Yes,0.767,0.767,1.107,1,Yes,Yes,Yes,Yes,Yes,Yes,Yes,Yes,No,,,,,,,,,,,,,,,,,,,,,,,,,,,,,,,,,,,,,,,,,,,,,,,,,,,,,,,,,,,,,,,,,,,,,,,0,0,1.105,0,,,,,Yes,Yes,Yes,Yes,Yes,Yes,Yes,Yes,Yes,,,,,,,,,,,,,,,,,,,,,,,,,,,,,,,,,,,,,,,,,,,,,,,,,,,,,,,,,,,To see a picture for one second and try to visualize as much as possible and answer questions about what I noticed from the picture after viewing it for just one second,Did you notice which hand the person was giving the treat to the animal with,blue,6,The pictures do go by quickly,49,Male
P0079,260,TRUE,2/5/24 10:26,anonymous,EN,I consent.,0,0,1.107,0,Yes,Yes,Yes,Yes,Yes,Yes,Yes,Yes,Yes,0,0,1.005,0,Yes,Yes,No,Yes,Yes,Yes,Yes,Yes,Yes,,,,,,,,,,,,,,,,,,,,,,,,,,,,,,,,,,,,,,,,,,,,,,,,,,,,,,,,,,,,,,,,,,,,,,,,,,,,,,,,,,,,,,,,,,,,,,,,,,,,,,,,,,,,,,,,,,,,,,,,,,,,,,,,,0,0,1.006,0,,,,,Yes,Yes,No,Yes,Yes,Yes,No,Yes,Yes,I had to analyze a picture and answer questions based on the details of the picture,DId you notice the color of the bench?,blue,6,,23,Female
P0080,214,TRUE,2/5/24 10:26,anonymous,EN,I consent.,0,0,1.021,0,Yes,Yes,Yes,Yes,Yes,No,Yes,No,No,0,0,1.017,0,Yes,Yes,Yes,Yes,No,No,Yes,Yes,No,,,,,,,,,,,,,,,,,,,,,,,,,,,,,,0,0,1.018,0,,,,,,,,,,,,,,,,,No,No,Yes,No,No,Yes,Yes,Yes,No,,,,,,,,,,,,,,,,,,,,,,,,,,,,,,,,,,,,,,,,,,,,,,,,,,,,,,,,,,,,,,,,,,,,,,,,,,,,,,,,,,,,,,,,I had to see an image for 1 second and answer questions about what details I did or did not notice.,Did you notice the person's apparent age?,blue,6,Excessive amount of attention questions for the length of survey.,41,Female
P0081,276,TRUE,2/5/24 10:27,anonymous,EN,I consent.,0,0,1.007,0,No,Yes,Yes,Yes,Yes,Yes,Yes,No,No,0,0,1.11,0,No,Yes,Yes,No,No,Yes,Yes,No,Yes,,,,,,,,,,,,,,,,,,,,,,,,,,,,,,,,,,,,,,,,,,,,,,,,,,,,,,,,,,,0,0,1.115,0,,,,,,,,,,,,,,,,,No,Yes,No,Yes,No,Yes,Yes,Yes,No,,,,,,,,,,,,,,,,,,,,,,,,,,,,,,,,,,,,,,,,,,,,,,,,,,,,,,,,,,,I had to look at a picture for one second and then answer questions about what I noticed in the picture.,Did I notice the build of the person?,Blue,6,,32,Non-binary / third gender
P0082,244,TRUE,2/5/24 10:27,anonymous,EN,I consent.,0,0,1.111,0,No,Yes,Yes,Yes,Yes,Yes,Yes,No,Yes,0,0,1.011,0,Yes,Yes,Yes,Yes,No,No,Yes,Yes,No,,,,,,,,,,,,,,,,,,,,,,,,,,,,,,,,,,,,,,,,,,,,,,,,,,,,,,,,,,,,,,,,,,,,,,,,,,,,,,,,,,,,,,,,0,0,1.112,0,,,,,,,,,,,,,,,,,Yes,No,No,No,Yes,Yes,Yes,Yes,No,,,,,,,,,,,,,,,,,,,,,,,,,,,,,,remembering certain things from an image that was shown for 1 second,could you tell whether the image was taken outside or inside,blue,6,thank you,51,Male
P0083,392,TRUE,2/5/24 10:27,anonymous,EN,I consent.,0,0,1.119,0,No,Yes,Yes,Yes,Yes,Yes,Yes,Yes,Yes,0,0,1.114,0,Yes,Yes,Yes,Yes,Yes,Yes,Yes,Yes,Yes,,,,,,,,,,,,,0,0,1.007,0,,,,,Yes,Yes,Yes,No,Yes,Yes,No,Yes,Yes,,,,,,,,,,,,,,,,,,,,,,,,,,,,,,,,,,,,,,,,,,,,,,,,,,,,,,,,,,,,,,,,,,,,,,,,,,,,,,,,,,,,,,,,,,,,,,,,,,,,,,,,,,,,,,,,,,,,,What we noticed in a picture that showed in a second,Did I notice the color of the table,Blue,6,,51,Female
P0084,141,TRUE,2/5/24 10:27,anonymous,EN,I consent.,0,0,1.008,0,No,Yes,Yes,Yes,Yes,Yes,Yes,Yes,Yes,0,0,1.008,0,Yes,Yes,Yes,Yes,Yes,Yes,Yes,Yes,Yes,,,,,,,,,,,,,,,,,,,,,,,,,,,,,,,,,,,,,,,,,,,,,,,,,,,,,,,,,,,,,,,,,,,,,,,,,,,,,,,,,,,,,,,,,,,,,,,,,,,,,,,,,,,,,,,,,,,,,,,,,,,,,,,,,,,,,0,0,1.012,0,No,Yes,Yes,Yes,Yes,No,Yes,Yes,No,answering yes/no questions about details we may or may not have seen on an image shown for one second,did you notice whether the person had socks on or not,blue,6,,30,Female
P0085,189,TRUE,2/5/24 10:27,anonymous,EN,I consent.,0,0,1.008,0,No,Yes,Yes,Yes,Yes,Yes,Yes,Yes,Yes,0,0,1.108,0,Yes,Yes,Yes,Yes,Yes,Yes,Yes,Yes,No,,,,,,,,,,,,,,,,,,,,,,,,,,,,,,,,,,,,,,,,,,0,0,1.009,0,,,,,Yes,Yes,Yes,No,No,No,Yes,Yes,Yes,,,,,,,,,,,,,,,,,,,,,,,,,,,,,,,,,,,,,,,,,,,,,,,,,,,,,,,,,,,,,,,,,,,,,,,,,,,,,,,,,,,,,,,,"In this study, I was asked to view a picture for a second, and then answer descriptive questions about the picture.",Did you notice the direction of the light source in the picture?,Blue,6,Thank you for a great study!,29,Male
P0086,162,TRUE,2/5/24 10:27,anonymous,EN,I consent.,0,0,1.007,0,No,Yes,Yes,Yes,Yes,Yes,Yes,Yes,No,0,0,1.114,0,Yes,Yes,Yes,Yes,No,Yes,Yes,Yes,Yes,,,,,,,,,,,,,,,,,,,,,,,,,,,,,,,,,,,,,,,,,,,,,,,,,,,,,,,,,,,,,,,,,,,,,,,,,,,,,,,,,,,,,,,,,,,,,,,,,,,,,,,,,,,,,,,,,,,,,,,,,0,0,1.016,0,,,,,,,,,,,,,Yes,Yes,No,Yes,No,No,Yes,Yes,Yes,Looking at a photo for one second and seeing what you noticed.,Did you notice whether the person was sitting or standing,Blue,6,,46,Male
P0087,229,TRUE,2/5/24 10:27,anonymous,EN,I consent.,0,0,1.008,0,No,Yes,Yes,Yes,Yes,Yes,Yes,Yes,Yes,0,0,1.114,0,Yes,Yes,Yes,Yes,No,No,Yes,Yes,Yes,,,,,,,,,,,,,,,,,,,,,,,,,,,,,,,,,,,,,,,,,,,,,,,,,,,,,,,,,,,,,,,,,,,,,,,,,,,,,,,,,,,,,,,,,,,,,,,,,,,,,,,,0,0,1.013,0,No,No,No,No,Yes,No,Yes,Yes,No,,,,,,,,,,,,,,,,,,,,,,,,,,,,,,To view a picture for one second and then answer yes/no questions about it,Did you notice the color of the object,blue,6,,77,Male
P0088,125,TRUE,2/5/24 10:28,anonymous,EN,I consent.,0,0,1.109,0,No,Yes,Yes,Yes,Yes,Yes,Yes,Yes,Yes,0,0,1.012,0,Yes,Yes,Yes,Yes,Yes,Yes,Yes,Yes,Yes,,,,,,,,,,,,,,,,,,,,,,,,,,,,,,,,,,,,,,0,0,1.11,0,,,,,,,,,Yes,Yes,Yes,Yes,Yes,Yes,Yes,Yes,Yes,,,,,,,,,,,,,,,,,,,,,,,,,,,,,,,,,,,,,,,,,,,,,,,,,,,,,,,,,,,,,,,,,,,,,,,,,,,,,,,,,,,,,,,,we got one image for one second and were asked about certain things,did i notice the color/pattern of the object,blue,6,,20,Male
P0089,107,TRUE,2/5/24 10:28,anonymous,EN,I consent.,0,0,1.023,0,No,Yes,Yes,Yes,Yes,Yes,Yes,Yes,Yes,0,0,1.019,0,Yes,Yes,Yes,Yes,Yes,No,Yes,Yes,Yes,0,0,1.122,0,,,,,,,,,,,,,,,,,Yes,Yes,Yes,Yes,Yes,No,Yes,Yes,Yes,,,,,,,,,,,,,,,,,,,,,,,,,,,,,,,,,,,,,,,,,,,,,,,,,,,,,,,,,,,,,,,,,,,,,,,,,,,,,,,,,,,,,,,,,,,,,,,,,,,,,,,,,,,,,,,,,,,,,Describe whether I noticed particular details of AI-generated images,Did you notice the height of the table?,Blue,6,,45,Male
P0090,153,TRUE,2/5/24 10:28,anonymous,EN,I consent.,0,0,1.009,0,Yes,Yes,Yes,Yes,Yes,Yes,Yes,No,No,0,0,1.007,0,Yes,Yes,Yes,Yes,Yes,Yes,Yes,Yes,No,,,,,,,,,,,,,,,,,,,,,,,,,,,,,,,,,,,,,,,,,,,,,,,,,,,,,,,,,,,,,,,,,,,,,,,,,,,0,0,1.112,0,Yes,Yes,No,Yes,No,Yes,Yes,Yes,Yes,,,,,,,,,,,,,,,,,,,,,,,,,,,,,,,,,,,,,,,,,,,,,,,,,,,,,,,,,,,See a picture for a second and answer questions about it.,What was the color of the object?,Blue,6,,38,Male
P0091,165,TRUE,2/5/24 10:28,anonymous,EN,I consent.,0,0,1.01,0,No,Yes,Yes,Yes,Yes,Yes,Yes,Yes,Yes,0,0,1.013,0,Yes,Yes,Yes,Yes,No,No,Yes,Yes,Yes,,,,,,,,,,,,,,,,,,,,,,,,,,,,,,,,,,,,,,,,,,,,,,,,,,,,,,,,,,,,,,,0,0,1.013,0,,,,,,,,,,,,,Yes,Yes,No,Yes,Yes,Yes,Yes,Yes,No,,,,,,,,,,,,,,,,,,,,,,,,,,,,,,,,,,,,,,,,,,,,,,,,,,,,,,,,,,,To say if I did or didn't notice certain details in an image after viewing it for 1 second.,Did I notice which hand she held up to feed the animal,blue,6,,30,Male
P0092,163,TRUE,2/5/24 10:28,anonymous,EN,I consent.,0.464,0.464,1.006,1,No,Yes,Yes,Yes,Yes,Yes,Yes,Yes,No,0,0,1.006,0,Yes,Yes,Yes,Yes,Yes,Yes,Yes,Yes,Yes,,,,,,,,,,,,,,,,,,,,,,,,,,,,,,,,,,,,,,,,,,,,,,,,,,,,,,,,,,,,,,,,,,,,,,,,,,,,,,,,,,,,,,,,,,,,,,,,,,,,,,,,0,0,1.006,0,Yes,Yes,Yes,Yes,Yes,No,Yes,No,No,,,,,,,,,,,,,,,,,,,,,,,,,,,,,,To see what I noticed in an image that was shown to me in 1 second,Did you notice the persons posture in the image,Blue,6,,24,Male
P0093,153,TRUE,2/5/24 10:28,anonymous,EN,I consent.,0,0,1.01,0,No,Yes,Yes,Yes,No,Yes,Yes,Yes,No,0,0,1.12,0,No,Yes,No,No,Yes,No,Yes,Yes,Yes,,,,,,,,,,,,,,,,,,,,,,,,,,,,,,,,,,,,,,,,,,,,,,,,,,,,,,,,,,,,,,,,,,,,,,,,,,,,,,,,,,,,,,,,,,,,,,,,,,,,,,,,,,,,,,,,,,,,,,,,,,,,,0,0,1.123,0,,,,,,,,,No,No,No,Yes,No,No,No,Yes,No,I answered questions about pictures,Did you notice which shoe was off?,blue,6,,24,Male
P0094,290,TRUE,2/5/24 10:28,anonymous,EN,I consent.,0,0,1.115,0,No,Yes,Yes,Yes,Yes,No,Yes,No,Yes,0,0,1.017,0,Yes,Yes,Yes,Yes,Yes,Yes,Yes,Yes,Yes,,,,,,,,,,,,,,,,,,,,,,,,,,,,,,,,,,,,,,,,,,,,,,,,,,,,,,,,,,,,,,,,,,,,,,,,,,,,,,,,,,,,,,,,,,,,0,0,1.112,0,,,,,,,,,,,,,Yes,Yes,No,No,No,Yes,Yes,No,Yes,,,,,,,,,,,,,,,,,,,,,,,,,,,,,,MEMORY POWER ABOUT SHORT TIME,YOU SAW THE CANDLE HOLDER PATTERN,BLUE,6,GOOD,39,Female
P0095,177,TRUE,2/5/24 10:29,anonymous,EN,I consent.,0,0,1.012,0,No,Yes,Yes,Yes,Yes,Yes,Yes,Yes,No,0,0,1.112,0,Yes,Yes,Yes,Yes,No,Yes,Yes,Yes,No,,,,,,,,,,,,,0,0,1.112,0,,,,,No,Yes,Yes,No,No,Yes,No,Yes,Yes,,,,,,,,,,,,,,,,,,,,,,,,,,,,,,,,,,,,,,,,,,,,,,,,,,,,,,,,,,,,,,,,,,,,,,,,,,,,,,,,,,,,,,,,,,,,,,,,,,,,,,,,,,,,,,,,,,,,,Viewing an image for one second and answering questions about details I noticed,Did you notice the color of the person's hair?,Blue,6,,37,Female
P0096,373,TRUE,2/5/24 10:29,anonymous,EN,I consent.,0,0,1.116,0,Yes,Yes,Yes,Yes,Yes,Yes,Yes,Yes,Yes,0,0,1.012,0,No,No,Yes,No,No,No,No,No,Yes,,,,,0,0,1.015,0,,,,,,,,,,,,,Yes,Yes,Yes,Yes,No,Yes,Yes,Yes,Yes,,,,,,,,,,,,,,,,,,,,,,,,,,,,,,,,,,,,,,,,,,,,,,,,,,,,,,,,,,,,,,,,,,,,,,,,,,,,,,,,,,,,,,,,,,,,,,,,,,,,,,,,,,,,,,,,,,,,,I had to recall what I saw in the picture by answering yes or no questions.,Did I notice color of the lady's hair?,blue,6,,50,Female
P0097,171,TRUE,2/5/24 10:29,anonymous,EN,I consent.,0,0,1.011,0,Yes,Yes,Yes,Yes,Yes,Yes,Yes,Yes,No,0,0,1.115,0,Yes,Yes,Yes,Yes,Yes,Yes,Yes,Yes,No,,,,,,,,,,,,,,,,,,,,,,,,,,,,,,,,,,,,,,,,,,,,,,,,,,,,,,,,,,,0,0,1.008,0,,,,,,,,,,,,,,,,,Yes,Yes,No,No,Yes,Yes,Yes,No,Yes,,,,,,,,,,,,,,,,,,,,,,,,,,,,,,,,,,,,,,,,,,,,,,,,,,,,,,,,,,,Recall specifics about an image after 1 second,Did you notice the spacing of the cage,Blue,6,,38,Male
P0098,389,TRUE,2/5/24 10:29,anonymous,EN,I consent.,0,0,1.008,0,No,Yes,Yes,Yes,Yes,No,Yes,Yes,Yes,0,0,1.007,0,No,Yes,No,Yes,No,No,Yes,No,No,,,,,,,,,,,,,,,,,,,,,,,,,,,,,,,,,,,,,,,,,,,,,,0,0,1.007,0,Yes,Yes,No,Yes,Yes,Yes,Yes,No,No,,,,,,,,,,,,,,,,,,,,,,,,,,,,,,,,,,,,,,,,,,,,,,,,,,,,,,,,,,,,,,,,,,,,,,,,,,,,,,,,,,,,,,,,See an image for one second and then answer questions about it,Did you notice the kind of fruit?,blue,6,,26,Male
P0099,165,TRUE,2/5/24 10:30,anonymous,EN,I consent.,0,0,1.008,0,Yes,Yes,Yes,Yes,Yes,Yes,Yes,Yes,Yes,0,0,1.107,0,Yes,Yes,Yes,Yes,Yes,Yes,Yes,Yes,Yes,,,,,,,,,,,,,,,,,,,,,,,,,,,,,,,,,,,,,,,,,,,,,,,,,,,,,,,,,,,,,,,,,,,0,0,1.021,0,,,,,,,,,Yes,Yes,No,Yes,Yes,Yes,Yes,Yes,Yes,,,,,,,,,,,,,,,,,,,,,,,,,,,,,,,,,,,,,,,,,,,,,,,,,,,,,,,,,,,Notice details in images for 1 second,Did you notice if the object was indoors or outdoors?,blue,6,,33,Male
P0100,379,TRUE,2/5/24 10:30,anonymous,EN,I consent.,0,0,1.112,0,Yes,Yes,Yes,Yes,Yes,Yes,Yes,Yes,Yes,0,0,1.108,0,No,Yes,Yes,Yes,No,Yes,Yes,Yes,Yes,,,,,,,,,,,,,,,,,,,,,,,,,,,,,,,,,,,,,,,,,,,,,,,,,,,,,,,,,,,,,,,,,,,,,,,,,,,,,,,,,,,,,,,,,,,,,,,,,,,,,,,,,,,,,,,,,,,,,,,,,0,0,1.006,0,,,,,,,,,,,,,Yes,No,Yes,Yes,Yes,Yes,Yes,Yes,No,I had to look at an image for 1 second and look at the details to be questioned about it immediately following.,Did you notice if the person was sitting up or down?,blue,6,,44,Female
P0101,162,TRUE,2/5/24 10:30,anonymous,EN,I consent.,0,0,1.008,0,Yes,Yes,Yes,Yes,Yes,Yes,Yes,Yes,Yes,0,0,1.007,0,Yes,Yes,Yes,Yes,Yes,Yes,Yes,Yes,Yes,,,,,,,,,,,,,,,,,,,,,,,,,,,,,,,,,,,,,,,,,,,,,,,,,,,,,,,,,,,,,,,0,0,1.008,0,,,,,,,,,,,,,Yes,Yes,No,Yes,Yes,Yes,Yes,Yes,No,,,,,,,,,,,,,,,,,,,,,,,,,,,,,,,,,,,,,,,,,,,,,,,,,,,,,,,,,,,Remember details in a picture,What kind of animal was in the picture,Blue,6,,44,Male
P0102,187,TRUE,2/5/24 10:31,anonymous,EN,I consent.,0,0,1.02,0,Yes,Yes,Yes,Yes,Yes,Yes,Yes,Yes,No,0,0,1.018,0,Yes,Yes,Yes,Yes,Yes,Yes,Yes,Yes,Yes,,,,,,,,,,,,,,,,,,,,,,,,,,,,,,0,0,1.022,0,,,,,,,,,,,,,,,,,Yes,Yes,Yes,Yes,Yes,Yes,Yes,Yes,Yes,,,,,,,,,,,,,,,,,,,,,,,,,,,,,,,,,,,,,,,,,,,,,,,,,,,,,,,,,,,,,,,,,,,,,,,,,,,,,,,,,,,,,,,,i saw a picture for a second and was asked if I noticed certain things about it.,Did you notice the physique of the person?,blue,6,,39,Male
P0103,172,TRUE,2/5/24 10:31,anonymous,EN,I consent.,0,0,1.007,0,No,Yes,Yes,Yes,Yes,Yes,Yes,Yes,No,0,0,1.112,0,No,Yes,No,Yes,No,Yes,Yes,Yes,No,,,,,,,,,,,,,,,,,,,,,,,,,,,,,,,,,,,,,,,,,,0,0,1.11,0,,,,,Yes,Yes,Yes,No,No,No,Yes,Yes,Yes,,,,,,,,,,,,,,,,,,,,,,,,,,,,,,,,,,,,,,,,,,,,,,,,,,,,,,,,,,,,,,,,,,,,,,,,,,,,,,,,,,,,,,,,"Identify the details of quickly shown images, as best as I can recall.",A question about an image.,Blue.,6,,32,Male
P0104,360,TRUE,2/5/24 10:31,anonymous,EN,I consent.,0,0,1.11,0,Yes,Yes,Yes,Yes,Yes,Yes,Yes,Yes,Yes,0,0,1.113,0,Yes,Yes,Yes,Yes,Yes,Yes,Yes,Yes,No,,,,,,,,,,,,,,,,,,,,,,,,,,,,,,,,,,,,,,,,,,,,,,,,,,,,,,,,,,,,,,,,,,,,,,,,,,,,,,,,,,,,,,,,,,,,,,,,,,,,0,0,1.112,0,,,,,Yes,Yes,No,Yes,Yes,Yes,Yes,Yes,Yes,,,,,,,,,,,,,,,,,,,,,,,,,,,,,,I was asked to describe details and things that were noticed when viewing the image for one second,Did you notice if there was a refrigerator in the kitchen/room?,Blue,6,,65,Female
P0105,203,TRUE,2/5/24 10:31,anonymous,EN,I consent.,0,0,1.112,0,Yes,Yes,Yes,Yes,Yes,Yes,Yes,Yes,Yes,0,0,1.01,0,Yes,Yes,Yes,Yes,Yes,Yes,Yes,Yes,Yes,,,,,,,,,,,,,,,,,0,0,1.006,0,Yes,Yes,No,Yes,Yes,Yes,Yes,No,Yes,,,,,,,,,,,,,,,,,,,,,,,,,,,,,,,,,,,,,,,,,,,,,,,,,,,,,,,,,,,,,,,,,,,,,,,,,,,,,,,,,,,,,,,,,,,,,,,,,,,,,,,,,,,,,,,,,,,,,Look at a picture and answer questions about details noticed or not ,Did you notice the direction of the light source ,Blue,6,,54,Male
P0106,150,TRUE,2/5/24 10:31,anonymous,EN,I consent.,0,0,1.107,0,No,Yes,Yes,Yes,Yes,No,Yes,No,Yes,0,0,1.007,0,No,Yes,No,Yes,No,Yes,Yes,No,No,,,,,,,,,,,,,,,,,,,,,,,,,,,,,,,,,,,,,,,,,,,,,,,,,,,,,,,,,,,,,,,,,,,,,,,,,,,,,,,,,,,,,,,,,,,,,,,,0,0,1.006,0,,,,,,,,,Yes,Yes,Yes,No,No,No,Yes,Yes,No,,,,,,,,,,,,,,,,,,,,,,,,,,,,,,Describe what I noticed altering seeing picture for 1 second. ,What hand is she lighting the candle with,Blue,6,,36,Female
P0107,349,TRUE,2/5/24 10:31,anonymous,EN,I consent.,0,0,1.045,0,No,Yes,Yes,Yes,Yes,Yes,Yes,No,No,0,0,1.106,0,No,Yes,Yes,Yes,Yes,No,Yes,Yes,No,,,,,,,,,,,,,,,,,,,,,,,,,,,,,,,,,,,,,,,,,,,,,,,,,,,,,,,,,,,,,,,,,,,,,,,,,,,,,,,,,,,,,,,,0,0,1.009,0,,,,,,,,,,,,,,,,,Yes,No,No,No,Yes,No,Yes,Yes,No,,,,,,,,,,,,,,,,,,,,,,,,,,,,,,I viewed images for 1 second and then answered questions about what details of the picture I remembered.,Did you notice the color of the candle?,blue,6,,60,Female
P0108,356,TRUE,2/5/24 10:31,anonymous,EN,I consent.,0,0,1.111,0,No,Yes,Yes,Yes,Yes,Yes,Yes,Yes,Yes,0,0,1.006,0,No,Yes,Yes,Yes,No,Yes,Yes,Yes,Yes,,,,,,,,,,,,,,,,,,,,,,,,,,,,,,,,,,,,,,,,,,,,,,,,,,,,,,,,,,,,,,,,,,,,,,,,,,,,,,,,,,,,,,,,,,,,,,,,,,,,,,,,,,,,,,,,,,,,,,,,,,,,,,,,,,,,,0,0,1.006,0,Yes,Yes,Yes,Yes,Yes,Yes,No,Yes,Yes,We were shown a picture for 1 second and asked different questions about what we observed and didn't observe. ,"Did we notice the material of the shoes/person's clothes, did we notice the size of the bench and which shoe the person was putting on.",Blue,6,,26,Female
P0109,377,TRUE,2/5/24 10:31,anonymous,EN,I consent.,0,0,1.114,0,No,Yes,Yes,Yes,Yes,Yes,Yes,Yes,No,0,0,1.014,0,No,Yes,Yes,Yes,No,No,Yes,Yes,No,,,,,,,,,0,0,1.006,0,,,,,,,,,Yes,Yes,Yes,Yes,Yes,No,No,Yes,Yes,,,,,,,,,,,,,,,,,,,,,,,,,,,,,,,,,,,,,,,,,,,,,,,,,,,,,,,,,,,,,,,,,,,,,,,,,,,,,,,,,,,,,,,,,,,,,,,,,,,,,,,,,,,,,,,,,,,,,The task was to see an image for 1 second and then answer yes and no questions about what I notices in the image.,Did you notice the color of the table?,blue,6,none,39,Female
P0110,125,TRUE,2/5/24 10:31,anonymous,EN,I consent.,0,0,1.122,0,No,Yes,Yes,Yes,Yes,No,Yes,Yes,No,0,0,1.021,0,Yes,Yes,Yes,Yes,Yes,Yes,Yes,Yes,No,,,,,,,,,,,,,,,,,,,,,,,,,,,,,,,,,,,,,,,,,,,,,,,,,,,,,,,,,,,,,,,,,,,,,,,,,,,,,,,,,,,,,,,,,,,,,,,,,,,,,,,,,,,,,,,,,,,,,0,0,1.025,0,,,,,,,,,,,,,,,,,Yes,Yes,Yes,Yes,No,Yes,Yes,Yes,Yes,look at details in an image and recall them,do i remember what the objects background was,blue,6,,28,Male
P0111,168,TRUE,2/5/24 10:32,anonymous,EN,I consent.,0,0,1.01,0,No,Yes,Yes,Yes,Yes,Yes,Yes,No,No,0,0,1.01,0,Yes,Yes,Yes,Yes,Yes,No,Yes,Yes,No,,,,,,,,,,,,,,,,,,,,,,,,,,,,,,,,,,0,0,1.11,0,,,,,,,,,,,,,Yes,Yes,Yes,Yes,No,Yes,Yes,No,No,,,,,,,,,,,,,,,,,,,,,,,,,,,,,,,,,,,,,,,,,,,,,,,,,,,,,,,,,,,,,,,,,,,,,,,,,,,,,,,,,,,,,,,,Taking a second of visual information and answering what I noticed about it,Did I notice the type of fruit being placed in the bag,blue,6,Good work!,27,Male
P0112,156,TRUE,2/5/24 10:32,anonymous,EN,I consent.,0,0,1.007,0,No,Yes,Yes,Yes,Yes,Yes,Yes,Yes,Yes,0,0,1.108,0,Yes,Yes,Yes,Yes,No,Yes,Yes,Yes,No,,,,,,,,,,,,,,,,,,,,,,,,,,,,,,,,,,,,,,,,,,,,,,,,,,,,,,,,,,,,,,,,,,,,,,,0,0,1.006,0,,,,,Yes,Yes,No,Yes,Yes,Yes,Yes,Yes,Yes,,,,,,,,,,,,,,,,,,,,,,,,,,,,,,,,,,,,,,,,,,,,,,,,,,,,,,,,,,,"after viewing an image for 1 second, answering a series of questions about the details I noticed",did you notice which hand the person used,blue,6,,26,Female
P0113,153,TRUE,2/5/24 10:32,anonymous,EN,I consent.,0,0,1.008,0,No,Yes,Yes,Yes,No,No,Yes,Yes,Yes,0,0,1.013,0,Yes,Yes,Yes,Yes,No,No,Yes,Yes,No,,,,,,,,,,,,,,,,,,,,,,,,,,,,,,,,,,,,,,,,,,,,,,,,,,,,,,,,,,,,,,,,,,,,,,,,,,,,,,,,,,,,,,,,,,,,,,,,,,,,,,,,,,,,,,,,,,,,,,,,,,,,,,,,,,,,,0,0,1.01,0,No,No,No,Yes,No,Yes,Yes,Yes,Yes,look at an image and answer questions about it,did you notice the size of the bench,blue,6,,57,Female
P0114,159,TRUE,2/5/24 10:32,anonymous,EN,I consent.,0,0,1.006,0,No,Yes,Yes,Yes,Yes,No,Yes,Yes,No,0,0,1.01,0,Yes,Yes,Yes,Yes,No,No,Yes,Yes,No,,,,,,,,,,,,,,,,,,,,,,,,,,,,,,,,,,0,0,1.109,0,,,,,,,,,,,,,Yes,Yes,Yes,Yes,No,Yes,Yes,Yes,Yes,,,,,,,,,,,,,,,,,,,,,,,,,,,,,,,,,,,,,,,,,,,,,,,,,,,,,,,,,,,,,,,,,,,,,,,,,,,,,,,,,,,,,,,,I saw a picture for 1 second then did a recall activity,Did I notice the color pattern of the ball,blue,6,,40,Male
P0115,168,TRUE,2/5/24 10:32,anonymous,EN,I consent.,0,0,1.119,0,Yes,Yes,Yes,Yes,Yes,Yes,Yes,Yes,No,0,0,1.009,0,Yes,Yes,Yes,Yes,Yes,Yes,Yes,Yes,Yes,,,,,,,,,,,,,,,,,,,,,,,,,,,,,,,,,,,,,,,,,,,,,,,,,,,,,,,,,,,,,,,,,,,,,,,0,0,1.007,0,,,,,Yes,Yes,Yes,Yes,Yes,Yes,Yes,Yes,Yes,,,,,,,,,,,,,,,,,,,,,,,,,,,,,,,,,,,,,,,,,,,,,,,,,,,,,,,,,,,"I was to look at an image for 1 second, then answer questions on what I noticed in the image.",Did you notice which hand the person was using?,Blue,6,No comments,35,Male
P0116,148,TRUE,2/5/24 10:32,anonymous,EN,I consent.,0,0,1.014,0,Yes,Yes,Yes,Yes,Yes,Yes,Yes,Yes,No,0,0,1.015,0,Yes,Yes,Yes,Yes,No,Yes,Yes,Yes,No,,,,,,,,,,,,,,,,,,,,,,,,,,,,,,,,,,,,,,,,,,0,0,1.116,0,,,,,Yes,No,Yes,Yes,No,Yes,Yes,Yes,No,,,,,,,,,,,,,,,,,,,,,,,,,,,,,,,,,,,,,,,,,,,,,,,,,,,,,,,,,,,,,,,,,,,,,,,,,,,,,,,,,,,,,,,,respond to questions about details after looking at photo for 1 second,did you notice if there was a person in the image,blue,6,,34,Female
P0117,139,TRUE,2/5/24 10:33,anonymous,EN,I consent.,0,0,1.007,0,No,Yes,Yes,Yes,Yes,Yes,Yes,Yes,Yes,0,0,1.008,0,Yes,Yes,Yes,Yes,Yes,Yes,Yes,Yes,Yes,,,,,,,,,,,,,,,,,,,,,,,,,,,,,,,,,,,,,,,,,,,,,,,,,,,,,,,,,,,,,,,,,,,,,,,,,,,,,,,,,,,,,,,,,,,,,,,,,,,,0,0,1.007,0,,,,,Yes,Yes,Yes,Yes,Yes,Yes,Yes,Yes,Yes,,,,,,,,,,,,,,,,,,,,,,,,,,,,,,Seeing an image and then answering questions about details in the image,What hand did the person light the candle with,blue,6,,33,Female
P0118,338,TRUE,2/5/24 10:33,anonymous,EN,I consent.,0,0,1.006,0,No,Yes,Yes,Yes,Yes,Yes,Yes,No,Yes,0,0,1.006,0,No,No,Yes,No,No,Yes,Yes,Yes,No,0,0,1.106,0,,,,,,,,,,,,,,,,,Yes,Yes,Yes,Yes,Yes,Yes,Yes,Yes,Yes,,,,,,,,,,,,,,,,,,,,,,,,,,,,,,,,,,,,,,,,,,,,,,,,,,,,,,,,,,,,,,,,,,,,,,,,,,,,,,,,,,,,,,,,,,,,,,,,,,,,,,,,,,,,,,,,,,,,,viewing a picture briefly and answering questions about it.,Did I notice the gender of the person in the photo,blue,6,,52,Female
P0119,286,TRUE,2/5/24 10:33,anonymous,EN,I consent.,0,0,1.109,0,No,Yes,Yes,Yes,Yes,Yes,Yes,No,Yes,0,0,1.008,0,Yes,Yes,Yes,Yes,No,Yes,Yes,Yes,No,,,,,0,0,1.009,0,,,,,,,,,,,,,No,Yes,Yes,Yes,Yes,Yes,Yes,Yes,Yes,,,,,,,,,,,,,,,,,,,,,,,,,,,,,,,,,,,,,,,,,,,,,,,,,,,,,,,,,,,,,,,,,,,,,,,,,,,,,,,,,,,,,,,,,,,,,,,,,,,,,,,,,,,,,,,,,,,,,My task was to look at images for ine second and then answer yes or no questions about the picture about if i noticed certain things or not.,Did you notice the color of the ball?,Blue,6,,32,Male
P0120,243,TRUE,2/5/24 10:33,anonymous,EN,I consent.,0,0,1.121,0,No,Yes,Yes,Yes,Yes,Yes,Yes,Yes,Yes,0,0,1.011,0,Yes,Yes,Yes,Yes,Yes,No,Yes,Yes,Yes,,,,,,,,,,,,,,,,,,,,,,,,,,,,,,,,,,,,,,,,,,,,,,,,,,,,,,,,,,,,,,,,,,,,,,,,,,,,,,,,,,,,,,,,,,,,,,,,,,,,,,,,,,,,,,,,,,,,,,,,,0,0,1.121,0,,,,,,,,,,,,,Yes,No,No,Yes,Yes,Yes,Yes,Yes,Yes,Look at a picture and answer questions about what you remember seeing.,Did I notice the color of the bench.,blue,6,,72,Female
P0121,198,TRUE,2/5/24 10:33,anonymous,EN,I consent.,0,0,1.011,0,No,Yes,Yes,Yes,Yes,Yes,Yes,Yes,Yes,0,0,1.112,0,Yes,No,Yes,Yes,Yes,No,Yes,Yes,No,,,,,,,,,,,,,,,,,,,,,,,,,,,,,,,,,,,,,,,,,,,,,,,,,,,,,,,,,,,,,,,,,,,,,,,,,,,,,,,,,,,,,,,,,,,,0,0,1.012,0,,,,,,,,,,,,,Yes,No,Yes,No,No,No,Yes,Yes,Yes,,,,,,,,,,,,,,,,,,,,,,,,,,,,,,see a picture for 1 seconds and comment on descriptions of it,Did you notice the build of the person?,blue,6,none,32,Male
P0122,341,TRUE,2/5/24 10:33,anonymous,EN,I consent.,0,0,1.008,0,Yes,Yes,Yes,Yes,Yes,Yes,Yes,Yes,Yes,0,0,1.112,0,Yes,Yes,Yes,Yes,Yes,Yes,Yes,Yes,Yes,,,,,,,,,,,,,,,,,,,,,,,,,,,,,,,,,,,,,,,,,,,,,,,,,,,,,,,,,,,,,,,,,,,,,,,,,,,,,,,,,,,,,,,,,,,,,,,,,,,,,,,,,,,,,,,,,,,,,,,,,,,,,,,,,0,0,1.007,0,,,,,Yes,Yes,Yes,Yes,Yes,Yes,Yes,Yes,Yes,answering yes or no about details of a picture ,If I noticed the color of the persons shirt,blue,6,,32,Female
P0123,324,TRUE,2/5/24 10:33,anonymous,EN,I consent.,0,0,1.013,0,Yes,Yes,Yes,Yes,Yes,Yes,Yes,Yes,Yes,0,0,1.11,0,Yes,Yes,Yes,Yes,Yes,No,Yes,Yes,Yes,,,,,,,,,,,,,,,,,,,,,,,,,,,,,,,,,,,,,,,,,,,,,,,,,,,,,,,,,,,,,,,,,,,,,,,,,,,,,,,,,,,,,,,,0,0,1.107,0,,,,,,,,,,,,,,,,,Yes,Yes,No,No,Yes,Yes,Yes,Yes,Yes,,,,,,,,,,,,,,,,,,,,,,,,,,,,,,My task was to see a picture for 1 second and then answer questions about what I saw in the picture.,Did you notice which hand the person lit the candle with?,blue,6,,43,Female
P0124,138,TRUE,2/5/24 10:33,anonymous,EN,I consent.,0,0,1.014,0,Yes,Yes,Yes,Yes,Yes,Yes,Yes,Yes,Yes,0,0,1.109,0,Yes,Yes,Yes,Yes,Yes,No,Yes,Yes,Yes,,,,,,,,,,,,,0,0,1.105,0,,,,,Yes,Yes,Yes,Yes,Yes,Yes,Yes,Yes,Yes,,,,,,,,,,,,,,,,,,,,,,,,,,,,,,,,,,,,,,,,,,,,,,,,,,,,,,,,,,,,,,,,,,,,,,,,,,,,,,,,,,,,,,,,,,,,,,,,,,,,,,,,,,,,,,,,,,,,,To look at an image for 1 second and see what details can be remembered.,Did you notice the color of the ball?,Blue,6,,35,Female
P0125,254,TRUE,2/5/24 10:33,anonymous,EN,I consent.,0,0,1.008,0,No,Yes,Yes,Yes,No,No,Yes,Yes,Yes,0,0,1.117,0,Yes,Yes,Yes,Yes,No,Yes,Yes,Yes,Yes,,,,,,,,,,,,,,,,,,,,,,,,,,,,,,,,,,,,,,,,,,,,,,,,,,,,,,,,,,,,,,,,,,,,,,,,,,,,,,,,,,,,,,,,,,,,,,,,,,,,,,,,0,0,1.015,0,Yes,No,Yes,No,Yes,Yes,Yes,Yes,Yes,,,,,,,,,,,,,,,,,,,,,,,,,,,,,,Look at pic answer questions,Did you notice if there were clouds,blue,6,,38,Female
P0126,138,TRUE,2/5/24 10:33,anonymous,EN,I consent.,0,0,1.115,0,No,Yes,Yes,Yes,Yes,Yes,Yes,Yes,Yes,0,0,1.015,0,Yes,Yes,Yes,Yes,Yes,No,Yes,Yes,No,,,,,,,,,,,,,,,,,,,,,,,,,,,,,,,,,,,,,,,,,,,,,,,,,,,,,,,,,,,,,,,0,0,1.112,0,,,,,,,,,,,,,Yes,Yes,No,No,No,Yes,Yes,Yes,Yes,,,,,,,,,,,,,,,,,,,,,,,,,,,,,,,,,,,,,,,,,,,,,,,,,,,,,,,,,,,View an image briefly and then answers about what you saw,Did you notice the relative size of the animal,blue,6,,34,Male
P0127,141,TRUE,2/5/24 10:33,anonymous,EN,I consent.,0,0,1.013,0,No,Yes,Yes,Yes,Yes,Yes,Yes,Yes,Yes,0,0,1.007,0,Yes,Yes,Yes,Yes,No,No,Yes,Yes,No,,,,,,,,,0,0,1.111,0,,,,,,,,,Yes,Yes,No,Yes,Yes,Yes,Yes,Yes,Yes,,,,,,,,,,,,,,,,,,,,,,,,,,,,,,,,,,,,,,,,,,,,,,,,,,,,,,,,,,,,,,,,,,,,,,,,,,,,,,,,,,,,,,,,,,,,,,,,,,,,,,,,,,,,,,,,,,,,,I had to look at an image and see if I could notice certain details. ,I was asked if I noticed the person's hair color in the picture. ,Blue,6,,44,Female
P0128,589,TRUE,2/5/24 10:34,anonymous,EN,I consent.,0,0,1.108,0,No,Yes,Yes,Yes,Yes,Yes,Yes,Yes,Yes,0,0,1.117,0,Yes,Yes,Yes,Yes,Yes,Yes,Yes,Yes,No,,,,,,,,,,,,,,,,,,,,,,,,,,,,,,,,,,,,,,,,,,,,,,,,,,,,,,,,,,,,,,,,,,,0,0,1.021,0,,,,,,,,,Yes,Yes,No,Yes,Yes,Yes,Yes,Yes,Yes,,,,,,,,,,,,,,,,,,,,,,,,,,,,,,,,,,,,,,,,,,,,,,,,,,,,,,,,,,,view and image for a second and then answer follow up questions,what the animal was being fed,blue,6,,34,Male
P0129,276,TRUE,2/5/24 10:34,anonymous,EN,I consent.,0,0,1.113,0,No,Yes,Yes,Yes,Yes,Yes,Yes,Yes,Yes,0,0,1.112,0,Yes,Yes,Yes,Yes,Yes,No,Yes,Yes,Yes,,,,,,,,,,,,,,,,,0,0,1.111,0,No,Yes,Yes,No,No,No,No,Yes,Yes,,,,,,,,,,,,,,,,,,,,,,,,,,,,,,,,,,,,,,,,,,,,,,,,,,,,,,,,,,,,,,,,,,,,,,,,,,,,,,,,,,,,,,,,,,,,,,,,,,,,,,,,,,,,,,,,,,,,,to take note of what details I saw in an image that was presented for 1 second.,Did I notice the trajectory of the ball?,Blue,6,none,79,Female
P0130,189,TRUE,2/5/24 10:34,anonymous,EN,I consent.,0,0,1.008,0,No,Yes,Yes,Yes,Yes,Yes,Yes,Yes,No,0,0,1.112,0,Yes,Yes,Yes,Yes,No,Yes,Yes,Yes,No,,,,,,,,,,,,,,,,,,,,,,,,,,,,,,,,,,,,,,,,,,,,,,,,,,,,,,,,,,,0,0,1.008,0,,,,,,,,,,,,,,,,,Yes,Yes,No,Yes,No,Yes,Yes,Yes,Yes,,,,,,,,,,,,,,,,,,,,,,,,,,,,,,,,,,,,,,,,,,,,,,,,,,,,,,,,,,,The task was to view an image for exactly one second and then answer questions about details you may or may not have noticed about the image.,Did you notice the type of treat the person was offering?,Blue,6,,24,Female
P0131,145,TRUE,2/5/24 10:34,anonymous,EN,I consent.,0,0,1.11,0,Yes,Yes,Yes,Yes,Yes,Yes,Yes,Yes,Yes,0,0,1.109,0,Yes,Yes,Yes,Yes,Yes,Yes,Yes,Yes,Yes,,,,,,,,,,,,,,,,,,,,,,,,,,,,,,,,,,,,,,,,,,,,,,,,,,,,,,,,,,,,,,,,,,,,,,,,,,,,,,,,,,,,,,,,,,,,,,,,,,,,,,,,,,,,,,,,,,,,,,,,,,,,,0,0,1.011,0,,,,,,,,,Yes,Yes,Yes,Yes,Yes,Yes,Yes,Yes,Yes,I was asked whether I noticed certain details about a picture that was presented to me for only 1 second.,Did you notice whether or not the person was wearing socks?,Blue,6,,31,Female
P0132,370,TRUE,2/5/24 10:34,anonymous,EN,I consent.,0,0,1.01,0,No,Yes,Yes,No,Yes,Yes,Yes,Yes,No,0,0,1.012,0,Yes,Yes,Yes,Yes,No,Yes,Yes,Yes,No,,,,,,,,,,,,,,,,,,,,,,,,,,,,,,,,,,,,,,,,,,,,,,0,0,1.006,0,Yes,Yes,No,No,No,Yes,No,No,No,,,,,,,,,,,,,,,,,,,,,,,,,,,,,,,,,,,,,,,,,,,,,,,,,,,,,,,,,,,,,,,,,,,,,,,,,,,,,,,,,,,,,,,,View pictures for one second and answer yes or no questions about what I noticed. ,Did you notice the number of people in the image.,blue,6,,33,Non-binary / third gender
P0133,120,TRUE,2/5/24 10:34,anonymous,EN,I consent.,0.048,0.048,1.005,1,Yes,Yes,Yes,Yes,Yes,Yes,Yes,No,Yes,0,0,1.006,0,Yes,Yes,Yes,Yes,No,Yes,Yes,Yes,Yes,,,,,,,,,,,,,,,,,,,,,,,,,,,,,,0,0,1.006,0,,,,,,,,,,,,,,,,,Yes,Yes,Yes,Yes,Yes,Yes,Yes,Yes,Yes,,,,,,,,,,,,,,,,,,,,,,,,,,,,,,,,,,,,,,,,,,,,,,,,,,,,,,,,,,,,,,,,,,,,,,,,,,,,,,,,,,,,,,,,To identify things we may or may have not seen in the images presented,Did you notice which hand the man held the fruit in?,Blue,6,,41,Male
P0134,396,TRUE,2/5/24 10:35,anonymous,EN,I consent.,0,0,1.006,0,No,Yes,Yes,Yes,Yes,Yes,Yes,Yes,No,0,0,1.013,0,Yes,Yes,Yes,Yes,Yes,Yes,Yes,Yes,No,,,,,,,,,,,,,,,,,,,,,,,,,,,,,,,,,,,,,,,,,,,,,,,,,,,,,,,,,,,,,,,,,,,,,,,,,,,,,,,,,,,,,,,,,,,,,,,,,,,,,,,,,,,,,,,,,,,,,,,,,,,,,,,,,0,0,1.108,0,,,,,Yes,Yes,Yes,Yes,No,No,No,Yes,No,I was answering if I noticed things in images after viewing for one second.,I was asked if i noticed which shoe the guy on the bench took off,blue,6,,33,Male
P0135,189,TRUE,2/5/24 10:35,anonymous,EN,I consent.,0,0,1.019,0,No,Yes,Yes,Yes,Yes,Yes,Yes,Yes,Yes,0,0,1.014,0,Yes,Yes,Yes,Yes,Yes,Yes,Yes,Yes,No,0,0,1.007,0,,,,,,,,,,,,,,,,,Yes,Yes,Yes,No,No,No,Yes,Yes,Yes,,,,,,,,,,,,,,,,,,,,,,,,,,,,,,,,,,,,,,,,,,,,,,,,,,,,,,,,,,,,,,,,,,,,,,,,,,,,,,,,,,,,,,,,,,,,,,,,,,,,,,,,,,,,,,,,,,,,,I viewed a picture for 1 second and answered questions related to it.,Did I notice the color of the ball.,Blue,6,,49,Male
P0136,123,TRUE,2/5/24 10:35,anonymous,EN,I consent.,0,0,1.008,0,Yes,Yes,Yes,Yes,No,Yes,Yes,No,No,0,0,1.007,0,Yes,Yes,Yes,Yes,Yes,No,Yes,Yes,No,,,,,,,,,,,,,,,,,,,,,,,,,,,,,,,,,,,,,,0,0,1.114,0,,,,,,,,,Yes,Yes,Yes,Yes,Yes,Yes,Yes,Yes,Yes,,,,,,,,,,,,,,,,,,,,,,,,,,,,,,,,,,,,,,,,,,,,,,,,,,,,,,,,,,,,,,,,,,,,,,,,,,,,,,,,,,,,,,,,Describing images and my observance in a second long time,What is the color of the object in the image? ,blue,6,,22,Female
P0137,226,TRUE,2/5/24 10:35,anonymous,EN,I consent.,0,0,1.01,0,Yes,Yes,Yes,Yes,Yes,Yes,Yes,No,Yes,0,0,1.108,0,Yes,Yes,Yes,Yes,Yes,Yes,Yes,Yes,Yes,,,,,0,0,1.012,0,,,,,,,,,,,,,Yes,Yes,Yes,No,Yes,Yes,No,Yes,Yes,,,,,,,,,,,,,,,,,,,,,,,,,,,,,,,,,,,,,,,,,,,,,,,,,,,,,,,,,,,,,,,,,,,,,,,,,,,,,,,,,,,,,,,,,,,,,,,,,,,,,,,,,,,,,,,,,,,,,describe an image,can you tell what gender was shown in the picture,blue,6,,26,Female
P0138,659,TRUE,2/5/24 10:35,anonymous,EN,I consent.,0,0,1.121,0,No,Yes,No,Yes,Yes,Yes,Yes,Yes,No,0,0,1.037,0,Yes,Yes,Yes,Yes,No,No,Yes,Yes,No,,,,,,,,,,,,,,,,,,,,,,,,,,,,,,,,,,,,,,,,,,,,,,,,,,,,,,,,,,,,,,,,,,,,,,,,,,,,,,,,,,,,,,,,,,,,0,0,1.132,0,,,,,,,,,,,,,Yes,Yes,No,No,No,Yes,No,Yes,No,,,,,,,,,,,,,,,,,,,,,,,,,,,,,,view a an image and respond with yes or no based on the question asked,did a notice the hand the person used in lighting the candle,blue,6,,51,Male
P0139,198,TRUE,2/5/24 10:35,anonymous,EN,I consent.,0,0,1.012,0,No,Yes,Yes,Yes,Yes,Yes,Yes,Yes,Yes,0,0,1.118,0,No,Yes,Yes,Yes,No,Yes,Yes,Yes,No,,,,,,,,,,,,,,,,,,,,,,,,,,,,,,,,,,,,,,,,,,,,,,,,,,,,,,,,,,,,,,,,,,,,,,,,,,,0,0,1.111,0,Yes,Yes,Yes,No,Yes,Yes,Yes,Yes,Yes,,,,,,,,,,,,,,,,,,,,,,,,,,,,,,,,,,,,,,,,,,,,,,,,,,,,,,,,,,,Analyze an image for 1 second and answer questions about the image in question,Did you notice the person's physique/build?,Blue,6,,31,Male
P0141,252,TRUE,2/5/24 10:36,anonymous,EN,I consent.,0,0,1.012,0,No,Yes,Yes,Yes,Yes,Yes,Yes,Yes,Yes,0,0,1.112,0,Yes,Yes,Yes,Yes,Yes,No,Yes,Yes,Yes,,,,,,,,,,,,,,,,,,,,,,,,,,,,,,,,,,,,,,,,,,,,,,,,,,,,,,,,,,,,,,,,,,,,,,,,,,,,,,,,,,,,,,,,,,,,,,,,0,0,1.108,0,,,,,,,,,Yes,Yes,Yes,No,Yes,Yes,Yes,Yes,Yes,,,,,,,,,,,,,,,,,,,,,,,,,,,,,,Looked briefly at a picture and then answered questions about details of the picture.,Did you notice the color of the candle?,Blue,6,,55,Female
P0142,255,TRUE,2/5/24 10:36,anonymous,EN,I consent.,0,0,1.106,0,Yes,Yes,Yes,Yes,Yes,Yes,Yes,Yes,Yes,0,0,1.108,0,Yes,Yes,Yes,Yes,Yes,Yes,Yes,Yes,Yes,,,,,,,,,,,,,,,,,,,,,,,,,,,,,,,,,,,,,,,,,,,,,,,,,,,,,,,,,,,,,,,,,,,,,,,,,,,,,,,,,,,,,,,,,,,,,,,,,,,,,,,,,,,,,,,,,,,,,0,0,1.106,0,,,,,,,,,,,,,,,,,Yes,Yes,Yes,Yes,Yes,Yes,Yes,Yes,Yes,to look at an image for one second and remember the characteristics of it,did i notice if the person was wearing socks or not,blue,6,cool study,58,Male
P0143,154,TRUE,2/5/24 10:36,anonymous,EN,I consent.,0,0,1.116,0,No,Yes,Yes,Yes,No,Yes,Yes,Yes,Yes,0,0,1.112,0,No,Yes,Yes,Yes,No,Yes,Yes,Yes,No,,,,,,,,,,,,,,,,,,,,,,,,,,,,,,,,,,,,,,,,,,,,,,,,,,,,,,,,,,,0,0,1.012,0,,,,,,,,,,,,,,,,,Yes,Yes,No,No,No,Yes,Yes,Yes,No,,,,,,,,,,,,,,,,,,,,,,,,,,,,,,,,,,,,,,,,,,,,,,,,,,,,,,,,,,,Answer what we noticed about a photo after seeing it for a second,Did you notice what hand the person offered the treat,blue,6,,55,Female
P0144,132,TRUE,2/5/24 10:37,anonymous,EN,I consent.,0,0,1.122,0,No,Yes,Yes,Yes,Yes,Yes,Yes,Yes,Yes,0,0,1.027,0,Yes,Yes,Yes,Yes,Yes,No,Yes,Yes,No,,,,,,,,,,,,,,,,,,,,,,,,,,,,,,,,,,,,,,,,,,,,,,,,,,,,,,,,,,,,,,,,,,,,,,,,,,,,,,,,,,,,,,,,,,,,,,,,,,,,,,,,,,,,,,,,,,,,,,,,,,,,,,,,,,,,,0,0,1.026,0,Yes,Yes,No,Yes,Yes,No,Yes,Yes,Yes,To look at an image briefly and remember details. ,Did you notice if the person was standing or sitting? ,blue,6,,28,Female
P0145,183,TRUE,2/5/24 10:37,anonymous,EN,I consent.,0,0,1.113,0,Yes,Yes,Yes,Yes,Yes,Yes,Yes,Yes,Yes,0,0,1.107,0,Yes,Yes,Yes,Yes,Yes,Yes,Yes,Yes,Yes,,,,,0,0,1.11,0,,,,,,,,,,,,,Yes,Yes,Yes,Yes,Yes,Yes,Yes,Yes,Yes,,,,,,,,,,,,,,,,,,,,,,,,,,,,,,,,,,,,,,,,,,,,,,,,,,,,,,,,,,,,,,,,,,,,,,,,,,,,,,,,,,,,,,,,,,,,,,,,,,,,,,,,,,,,,,,,,,,,,to tell whether we saw the things in the picture,Did I notice the hair color of the person.,blue,6,,57,Female
P0146,246,TRUE,2/5/24 10:37,anonymous,EN,I consent.,0,0,1.112,0,No,Yes,Yes,Yes,Yes,No,Yes,Yes,Yes,0,0,1.112,0,Yes,Yes,No,Yes,Yes,No,Yes,Yes,Yes,,,,,,,,,,,,,,,,,,,,,,,,,,,,,,,,,,,,,,,,,,,,,,,,,,,,,,,,,,,,,,,,,,,,,,,,,,,,,,,,,,,,,,,,,,,,,,,,,,,,0,0,1.01,0,,,,,Yes,Yes,No,No,Yes,Yes,Yes,Yes,Yes,,,,,,,,,,,,,,,,,,,,,,,,,,,,,,I was to recall information I saw in an image that flashed on the screen for one second.,Did you notice the shape of the candle holder?,blue,6,,34,Male
P0147,132,TRUE,2/5/24 10:37,anonymous,EN,I consent.,0,0,1.007,0,No,Yes,Yes,Yes,Yes,Yes,Yes,Yes,Yes,0,0,1.012,0,Yes,Yes,Yes,Yes,No,Yes,Yes,Yes,No,,,,,,,,,,,,,,,,,,,,,,,,,,,,,,,,,,0,0,1.008,0,,,,,,,,,,,,,Yes,Yes,Yes,Yes,No,Yes,Yes,No,Yes,,,,,,,,,,,,,,,,,,,,,,,,,,,,,,,,,,,,,,,,,,,,,,,,,,,,,,,,,,,,,,,,,,,,,,,,,,,,,,,,,,,,,,,,View an image for 1 second and answer yes/no questions about what I noticed,Did you notice whether the object was indoor or outdoor,Blue,6,,23,Female
P0148,231,TRUE,2/5/24 10:37,anonymous,EN,I consent.,0,0,1.107,0,No,Yes,Yes,Yes,Yes,No,Yes,No,No,0,0,1.107,0,Yes,Yes,No,Yes,No,Yes,Yes,Yes,Yes,,,,,,,,,,,,,,,,,,,,,,,,,,,,,,,,,,,,,,,,,,,,,,,,,,,,,,,,,,,,,,,,,,,,,,,,,,,,,,,,,,,,,,,,,,,,,,,,,,,,,,,,,,,,,,,,,,,,,0,0,1.007,0,,,,,,,,,,,,,,,,,Yes,Yes,Yes,Yes,Yes,Yes,Yes,Yes,No,Image appears for 1 second and follows a questionnaire on what we noticed in the image. ,Did you notice the size of the bench?,blue,6,,21,Female
P0149,141,TRUE,2/5/24 10:37,anonymous,EN,I consent.,0,0,1.106,0,No,No,Yes,Yes,Yes,No,Yes,Yes,Yes,0,0,1.009,0,Yes,No,Yes,Yes,No,No,Yes,Yes,Yes,,,,,,,,,,,,,,,,,,,,,,,,,,,,,,,,,,,,,,,,,,,,,,,,,,,,,,,,,,,,,,,,,,,,,,,,,,,,,,,,,,,,,,,,,,,,,,,,,,,,,,,,0,0,1.008,0,No,No,No,No,Yes,No,Yes,Yes,No,,,,,,,,,,,,,,,,,,,,,,,,,,,,,,Look at a picture and notice things,Did you notice which hand lit the candle?,Blue,6,,32,Male
P0150,159,TRUE,2/5/24 10:37,anonymous,EN,I consent.,0,0,1.125,0,Yes,Yes,Yes,Yes,Yes,Yes,Yes,Yes,No,0,0,1.122,0,Yes,Yes,Yes,Yes,Yes,No,Yes,Yes,No,,,,,,,,,,,,,,,,,,,,,,,,,,,,,,0,0,1.126,0,,,,,,,,,,,,,,,,,No,Yes,Yes,Yes,Yes,Yes,Yes,Yes,No,,,,,,,,,,,,,,,,,,,,,,,,,,,,,,,,,,,,,,,,,,,,,,,,,,,,,,,,,,,,,,,,,,,,,,,,,,,,,,,,,,,,,,,,I had one second to view an image and then was asked which details I noticed,Did I notice which hand the person picked up the fruit with?,Blue,6,,25,Male
P0151,152,TRUE,2/5/24 10:37,anonymous,EN,I consent.,0,0,1.008,0,No,Yes,Yes,Yes,Yes,Yes,Yes,Yes,Yes,0,0,1.007,0,Yes,Yes,Yes,Yes,Yes,No,Yes,Yes,Yes,,,,,,,,,,,,,,,,,,,,,,,,,,,,,,,,,,,,,,,,,,,,,,,,,,,,,,,,,,,,,,,,,,,0,0,1.007,0,,,,,,,,,Yes,Yes,No,Yes,No,Yes,Yes,Yes,Yes,,,,,,,,,,,,,,,,,,,,,,,,,,,,,,,,,,,,,,,,,,,,,,,,,,,,,,,,,,,To see an image for 1 second and then answer questions about what we remembered seeing.,Did I notice what type of treat the person was giving the animal.,blue,6,,38,Female
P0152,236,TRUE,2/5/24 10:37,anonymous,EN,I consent.,0,0,1.011,0,No,Yes,Yes,No,Yes,Yes,Yes,Yes,Yes,0,0,1.008,0,Yes,Yes,Yes,Yes,Yes,Yes,Yes,Yes,No,,,,,,,,,,,,,,,,,,,,,,,,,,,,,,,,,,,,,,,,,,,,,,,,,,,,,,,,,,,,,,,,,,,,,,,,,,,,,,,,,,,,,,,,0,0,1.108,0,,,,,,,,,,,,,,,,,Yes,Yes,Yes,Yes,Yes,Yes,No,Yes,No,,,,,,,,,,,,,,,,,,,,,,,,,,,,,,to descibe a picture and answer questions,was there a person in the picture,blue,6,,55,Female
P0153,774,TRUE,2/5/24 10:37,anonymous,EN,I consent.,0,0,1.009,0,No,Yes,Yes,No,Yes,Yes,Yes,Yes,No,0,0,1.012,0,Yes,Yes,Yes,Yes,No,Yes,Yes,Yes,No,,,,,,,,,,,,,,,,,0,0,1.112,0,No,Yes,No,No,No,No,Yes,Yes,Yes,,,,,,,,,,,,,,,,,,,,,,,,,,,,,,,,,,,,,,,,,,,,,,,,,,,,,,,,,,,,,,,,,,,,,,,,,,,,,,,,,,,,,,,,,,,,,,,,,,,,,,,,,,,,,,,,,,,,,Look at an image for 1 second and remember the details,Did you know the color of the ball,blue,6,,38,Male
P0154,216,TRUE,2/5/24 10:38,anonymous,EN,I consent.,0,0,1.015,0,No,Yes,Yes,Yes,Yes,Yes,Yes,Yes,Yes,0,0,1.115,0,Yes,Yes,Yes,Yes,Yes,Yes,Yes,Yes,Yes,,,,,,,,,0,0,1.119,0,,,,,,,,,Yes,Yes,No,Yes,No,Yes,Yes,Yes,Yes,,,,,,,,,,,,,,,,,,,,,,,,,,,,,,,,,,,,,,,,,,,,,,,,,,,,,,,,,,,,,,,,,,,,,,,,,,,,,,,,,,,,,,,,,,,,,,,,,,,,,,,,,,,,,,,,,,,,,look at a picture and then answer yes/no questions about it,Did you notice the color of the ball,blue,6,no,45,Female
P0155,204,TRUE,2/5/24 10:38,anonymous,EN,I consent.,0,0,1.026,0,Yes,Yes,Yes,Yes,Yes,Yes,Yes,Yes,No,0,0,1.145,0,Yes,Yes,Yes,Yes,Yes,Yes,Yes,Yes,Yes,,,,,,,,,,,,,,,,,,,,,,,,,,,,,,,,,,,,,,,,,,,,,,,,,,,,,,,,,,,,,,,,,,,,,,,,,,,,,,,,,,,,,,,,,,,,,,,,,,,,,,,,,,,,,,,,,,,,,,,,,0,0,1.014,0,,,,,,,,,,,,,Yes,No,No,Yes,Yes,Yes,Yes,Yes,Yes,noticing details of a picture,Did you notice the color of the object.,blue,6,no,57,Female
P0156,283,TRUE,2/5/24 10:38,anonymous,EN,I consent.,0,0,1.109,0,Yes,Yes,Yes,Yes,Yes,Yes,Yes,Yes,Yes,0,0,1.012,0,Yes,Yes,Yes,Yes,Yes,Yes,Yes,Yes,Yes,,,,,,,,,,,,,,,,,,,,,,,,,,,,,,,,,,,,,,,,,,,,,,,,,,,,,,,,,,,,,,,,,,,,,,,,,,,,,,,,,,,,,,,,,,,,,,,,,,,,,,,,,,,,,,,,,,,,,,,,,,,,,,,,,0,0,1.11,0,,,,,Yes,Yes,Yes,Yes,Yes,Yes,Yes,Yes,Yes,Answer questions about did I notice something in a picture after viewing the picture for 1 second,Did I notice if the person was wearing a shoe or not?,blue,6,,45,Female
P0157,306,TRUE,2/5/24 10:38,anonymous,EN,I consent.,0,0,1.007,0,Yes,Yes,Yes,Yes,No,No,Yes,Yes,Yes,0,0,1.008,0,No,Yes,No,Yes,No,Yes,Yes,Yes,Yes,,,,,,,,,,,,,,,,,,,,,,,,,,,,,,,,,,,,,,,,,,,,,,,,,,,,,,,,,,,,,,,,,,,,,,,,,,,,,,,,,,,,,,,,,,,,,,,,,,,,,,,,,,,,,,,,,,,,,,,,,,,,,0,0,1.109,0,,,,,,,,,Yes,No,No,Yes,No,No,Yes,Yes,Yes,to answer questions of what I observed in the picture,Did I notice the clothing  the person was wearing,blue,6,,76,Female
P0158,209,TRUE,2/5/24 10:38,anonymous,EN,I consent.,0,0,1.01,0,No,Yes,Yes,Yes,Yes,Yes,Yes,Yes,Yes,0,0,1.111,0,Yes,Yes,Yes,Yes,Yes,Yes,Yes,Yes,Yes,,,,,,,,,,,,,,,,,,,,,,,,,,,,,,,,,,,,,,,,,,,,,,,,,,,,,,,,,,,,,,,,,,,,,,,,,,,,,,,,,,,,,,,,,,,,0,0,1.109,0,,,,,,,,,,,,,Yes,No,Yes,No,Yes,Yes,Yes,Yes,Yes,,,,,,,,,,,,,,,,,,,,,,,,,,,,,,I was shown an image for one second. Before being shown the image I was told what it would be of. I was then asked questions on what I noticed out the image. ,Did you notice the age of the person lighting the candle. ,Blue,6,,25,Non-binary / third gender
P0159,451,TRUE,2/5/24 10:38,anonymous,EN,I consent.,0,0,1.127,0,No,Yes,Yes,Yes,Yes,Yes,Yes,Yes,Yes,0,0,1.009,0,Yes,No,Yes,Yes,Yes,Yes,Yes,Yes,No,,,,,,,,,,,,,,,,,,,,,,,,,,,,,,,,,,,,,,,,,,,,,,,,,,,,,,,,,,,,,,,,,,,,,,,,,,,0,0,1.015,0,Yes,Yes,No,Yes,Yes,Yes,Yes,Yes,Yes,,,,,,,,,,,,,,,,,,,,,,,,,,,,,,,,,,,,,,,,,,,,,,,,,,,,,,,,,,,"I saw an image of a woman feeding a giraffe for one second, then I answered questions about what I noticed",did I notice the spacing of the bars/mesh of the animals cage,blue,6,,35,Female
P0160,144,TRUE,2/5/24 10:38,anonymous,EN,I consent.,0,0,1.108,0,Yes,No,Yes,Yes,Yes,Yes,Yes,No,Yes,0,0,1.007,0,Yes,Yes,Yes,Yes,No,Yes,Yes,Yes,Yes,,,,,,,,,,,,,,,,,,,,,,,,,,,,,,,,,,,,,,,,,,,,,,,,,,,,,,,,,,,,,,,,,,,,,,,,,,,,,,,,,,,,,,,,,,,,,,,,,,,,,,,,,,,,,,,,,,,,,,,,,,,,,,,,,0,0,1.007,0,,,,,Yes,Yes,Yes,Yes,Yes,Yes,Yes,Yes,No,recall of image details,was the guy wearing socks,blue,6,,44,Male
P0161,295,TRUE,2/5/24 10:38,anonymous,EN,I consent.,0,0,1.006,0,Yes,Yes,Yes,Yes,Yes,Yes,Yes,Yes,Yes,0,0,1.106,0,Yes,Yes,Yes,Yes,No,No,Yes,Yes,Yes,,,,,,,,,,,,,,,,,,,,,,,,,,,,,,,,,,,,,,,,,,,,,,,,,,,,,,,,,,,,,,,,,,,,,,,,,,,,,,,,,,,,,,,,,,,,,,,,0,0,1.006,0,,,,,,,,,Yes,Yes,No,No,Yes,No,Yes,Yes,Yes,,,,,,,,,,,,,,,,,,,,,,,,,,,,,,I was to view an image for one second and answer questions about the image.,Did you notice the age of the person in the image?,blue,6,,58,Male
P0162,213,TRUE,2/5/24 10:38,anonymous,EN,I consent.,0,0,1.009,0,No,Yes,Yes,Yes,Yes,Yes,Yes,No,Yes,0,0,1.107,0,Yes,Yes,Yes,Yes,Yes,No,Yes,Yes,Yes,,,,,,,,,,,,,0,0,1.008,0,,,,,No,Yes,Yes,Yes,No,Yes,No,Yes,Yes,,,,,,,,,,,,,,,,,,,,,,,,,,,,,,,,,,,,,,,,,,,,,,,,,,,,,,,,,,,,,,,,,,,,,,,,,,,,,,,,,,,,,,,,,,,,,,,,,,,,,,,,,,,,,,,,,,,,,To memorize and observe an image for a short amount of time,What color was the object?,Blue,6,,26,Female
P0163,179,TRUE,2/5/24 10:38,anonymous,EN,I consent.,0,0,1.007,0,Yes,Yes,Yes,No,No,No,Yes,No,Yes,0,0,1.006,0,Yes,No,Yes,Yes,Yes,No,Yes,Yes,Yes,,,,,,,,,,,,,,,,,,,,,,,,,,,,,,,,,,,,,,,,,,,,,,,,,,,,,,,,,,,,,,,,,,,,,,,0,0,1.007,0,,,,,Yes,Yes,No,No,No,Yes,No,Yes,No,,,,,,,,,,,,,,,,,,,,,,,,,,,,,,,,,,,,,,,,,,,,,,,,,,,,,,,,,,,Recall details on an image,Did you notice the pattern of the clothing from the person,Blue,6,,27,Male
P0164,432,TRUE,2/5/24 10:38,anonymous,EN,I consent.,0,0,1.015,0,No,Yes,Yes,Yes,Yes,Yes,Yes,Yes,Yes,0,0,1.01,0,Yes,Yes,Yes,Yes,No,No,Yes,Yes,Yes,,,,,,,,,,,,,,,,,,,,,,,,,,,,,,,,,,,,,,,,,,,,,,,,,,,,,,,,,,,,,,,,,,,,,,,,,,,,,,,,,,,,,,,,,,,,,,,,,,,,,,,,0,0,1.116,0,Yes,No,Yes,Yes,Yes,No,Yes,Yes,No,,,,,,,,,,,,,,,,,,,,,,,,,,,,,,Look at an image for 1 second and answer questions about what I noticed in the picture.,Did you notice the age of the person in the image?,blue,6,,47,Female
P0165,322,TRUE,2/5/24 10:38,anonymous,EN,I consent.,0,0,1.009,0,No,Yes,Yes,Yes,Yes,Yes,Yes,Yes,Yes,0,0,1.014,0,Yes,Yes,Yes,Yes,No,No,Yes,Yes,Yes,,,,,,,,,,,,,,,,,,,,,,,,,,,,,,,,,,,,,,,,,,,,,,,,,,,,,,,,,,,,,,,,,,,,,,,,,,,,,,,,,,,,,,,,,,,,,,,,,,,,,,,,,,,,,,,,,,,,,,,,,0,0,1.012,0,,,,,,,,,,,,,No,No,No,Yes,Yes,No,Yes,Yes,Yes,View a picture for 1 second and describe what i remembered seeing.,Do I remember the color of the object?,blue,6,,41,Female
P0166,250,TRUE,2/5/24 10:38,anonymous,EN,I consent.,0,0,1.009,0,No,Yes,Yes,Yes,Yes,Yes,Yes,Yes,Yes,0,0,1.005,0,Yes,Yes,Yes,Yes,No,Yes,Yes,Yes,No,,,,,,,,,,,,,0,0,1.005,0,,,,,Yes,Yes,Yes,Yes,Yes,No,No,Yes,Yes,,,,,,,,,,,,,,,,,,,,,,,,,,,,,,,,,,,,,,,,,,,,,,,,,,,,,,,,,,,,,,,,,,,,,,,,,,,,,,,,,,,,,,,,,,,,,,,,,,,,,,,,,,,,,,,,,,,,,I looked at one image for one second and then answered questions about things I noticed or didn't notice about the image.,Did you notice the color of the ball?,blue,6,,49,Female
P0167,172,TRUE,2/5/24 10:38,anonymous,EN,I consent.,0,0,1.01,0,Yes,Yes,Yes,Yes,Yes,Yes,Yes,Yes,Yes,0,0,1.017,0,Yes,Yes,Yes,Yes,Yes,Yes,Yes,Yes,Yes,,,,,,,,,,,,,,,,,,,,,,,,,,,,,,,,,,,,,,,,,,,,,,,,,,,,,,,,,,,,,,,0,0,1.01,0,,,,,,,,,,,,,Yes,Yes,No,Yes,Yes,Yes,Yes,Yes,Yes,,,,,,,,,,,,,,,,,,,,,,,,,,,,,,,,,,,,,,,,,,,,,,,,,,,,,,,,,,,Yes or no questions on whether or not I noticed certain things in an image.,Do I know which hand the woman used to feed the animal?,blue,6,,35,Male
P0168,254,TRUE,2/5/24 10:39,anonymous,EN,I consent.,0,0,1.114,0,No,Yes,Yes,Yes,Yes,No,Yes,Yes,Yes,0,0,1.006,0,Yes,Yes,Yes,Yes,Yes,Yes,Yes,Yes,Yes,,,,,,,,,,,,,,,,,,,,,,,,,,,,,,,,,,,,,,,,,,0,0,1.006,0,,,,,Yes,Yes,Yes,Yes,Yes,Yes,Yes,Yes,Yes,,,,,,,,,,,,,,,,,,,,,,,,,,,,,,,,,,,,,,,,,,,,,,,,,,,,,,,,,,,,,,,,,,,,,,,,,,,,,,,,,,,,,,,,I was asked if I noticed certain things in an image. ,Did I notice the persons apparent age that was holding the fruit?,Blue,6,,44,Male
P0169,365,TRUE,2/5/24 10:39,anonymous,EN,I consent.,0,0,1.009,0,No,Yes,Yes,Yes,Yes,Yes,Yes,Yes,Yes,0,0,1.006,0,Yes,Yes,Yes,Yes,Yes,Yes,Yes,Yes,Yes,,,,,,,,,,,,,,,,,,,,,,,,,,,,,,,,,,,,,,,,,,,,,,,,,,,,,,,,,,,,,,,,,,,,,,,,,,,,,,,,,,,,,,,,,,,,0,0,1.007,0,,,,,,,,,,,,,No,No,No,No,Yes,Yes,Yes,Yes,Yes,,,,,,,,,,,,,,,,,,,,,,,,,,,,,,I was shown a picture of a woman lighting a candle and asked what I noticed about it.,Did you notice whether the object was stable? (in one of the test runs),blue,6,,54,Male
P0170,189,TRUE,2/5/24 10:39,anonymous,EN,I consent.,0,0,1.014,0,Yes,Yes,Yes,Yes,Yes,Yes,Yes,Yes,No,0,0,1.109,0,Yes,Yes,Yes,Yes,Yes,No,Yes,Yes,No,,,,,,,,,,,,,,,,,,,,,,,,,,,,,,,,,,,,,,,,,,,,,,,,,,,,,,,,,,,0,0,1.008,0,,,,,,,,,,,,,,,,,Yes,Yes,No,Yes,Yes,Yes,Yes,Yes,No,,,,,,,,,,,,,,,,,,,,,,,,,,,,,,,,,,,,,,,,,,,,,,,,,,,,,,,,,,,Answer questions about an image I was shown,Did you notice the spacing of the mesh/cage?,blue,6,,36,Female
P0171,220,TRUE,2/5/24 10:39,anonymous,EN,I consent.,0,0,1.011,0,Yes,Yes,Yes,Yes,Yes,Yes,Yes,Yes,No,0,0,1.105,0,Yes,Yes,Yes,Yes,No,No,Yes,Yes,No,0,0,1.007,0,,,,,,,,,,,,,,,,,Yes,Yes,Yes,No,Yes,Yes,No,No,Yes,,,,,,,,,,,,,,,,,,,,,,,,,,,,,,,,,,,,,,,,,,,,,,,,,,,,,,,,,,,,,,,,,,,,,,,,,,,,,,,,,,,,,,,,,,,,,,,,,,,,,,,,,,,,,,,,,,,,,To look at an image and recall what details of it could be remembered ,Do you recall the persons height,Blue,6,,43,Male
P0172,269,TRUE,2/5/24 10:39,anonymous,EN,I consent.,0,0,1.022,0,No,Yes,Yes,No,Yes,No,Yes,Yes,No,0,0,1.023,0,No,Yes,No,Yes,No,Yes,No,Yes,No,,,,,,,,,,,,,,,,,,,,,,,,,,,,,,,,,,,,,,,,,,,,,,0,0,1.031,0,No,Yes,Yes,No,No,Yes,Yes,No,Yes,,,,,,,,,,,,,,,,,,,,,,,,,,,,,,,,,,,,,,,,,,,,,,,,,,,,,,,,,,,,,,,,,,,,,,,,,,,,,,,,,,,,,,,,No answer yes or no if I noticed certain qualities ,Did you notive whether the box was in motion ?,blue ,6,,50,Male
P0173,197,TRUE,2/5/24 10:39,anonymous,EN,I consent.,0,0,1.123,0,No,Yes,Yes,Yes,Yes,Yes,Yes,Yes,Yes,0,0,1.117,0,Yes,No,Yes,Yes,No,No,Yes,Yes,No,,,,,,,,,,,,,,,,,,,,,,,,,,,,,,,,,,,,,,,,,,,,,,,,,,,,,,,,,,,,,,,,,,,,,,,,,,,,,,,,,,,,,,,,,,,,,,,,,,,,,,,,,,,,,,,,,,,,,,,,,,,,,,,,,,,,,0,0,1.123,0,Yes,Yes,No,Yes,Yes,No,No,Yes,No,Looking at images so see what I noticed.,I was asked to answer questions about things I noticed in images.,blue,6,Thanks!,42,Male
P0174,588,TRUE,2/5/24 10:39,anonymous,EN,I consent.,0,0,1.114,0,Yes,Yes,Yes,Yes,Yes,Yes,Yes,Yes,Yes,0,0,1.012,0,No,No,Yes,Yes,No,No,Yes,Yes,Yes,,,,,,,,,,,,,,,,,,,,,,,,,,,,,,,,,,,,,,,,,,,,,,0,0,1.121,0,Yes,Yes,Yes,Yes,Yes,Yes,Yes,Yes,Yes,,,,,,,,,,,,,,,,,,,,,,,,,,,,,,,,,,,,,,,,,,,,,,,,,,,,,,,,,,,,,,,,,,,,,,,,,,,,,,,,,,,,,,,,THE TASKS WAS TO PAY ATTENTION TO ALL THE DETAILS IN THE IMAGE.,I WAS ASKED IF I TOOK NOTE OF THE FRUIT THE PERSON WAS HOLDING.,BLUE,6,,28,Female
P0175,150,TRUE,2/5/24 10:39,anonymous,EN,I consent.,0,0,1.011,0,No,Yes,Yes,Yes,Yes,Yes,Yes,Yes,Yes,0,0,1.011,0,Yes,Yes,Yes,Yes,Yes,No,Yes,Yes,No,,,,,,,,,,,,,,,,,,,,,,,,,,,,,,,,,,0,0,1.011,0,,,,,,,,,,,,,Yes,Yes,Yes,Yes,No,Yes,No,Yes,No,,,,,,,,,,,,,,,,,,,,,,,,,,,,,,,,,,,,,,,,,,,,,,,,,,,,,,,,,,,,,,,,,,,,,,,,,,,,,,,,,,,,,,,,I was aked to look at a image for 1 second and answer questions,Was the object stable ?,blue,6,,43,Female
P0176,202,TRUE,2/5/24 10:39,anonymous,EN,I consent.,0,0,1.15,0,Yes,Yes,Yes,Yes,Yes,Yes,Yes,Yes,Yes,0,0,1.014,0,Yes,Yes,Yes,Yes,No,Yes,Yes,Yes,Yes,,,,,,,,,,,,,,,,,,,,,,,,,,,,,,,,,,,,,,0,0,1.008,0,,,,,,,,,Yes,Yes,No,Yes,No,Yes,Yes,Yes,No,,,,,,,,,,,,,,,,,,,,,,,,,,,,,,,,,,,,,,,,,,,,,,,,,,,,,,,,,,,,,,,,,,,,,,,,,,,,,,,,,,,,,,,,what i noticed for picture,did i notice what color or texture was the object,blue,6,,38,Male
P0177,341,TRUE,2/5/24 10:39,anonymous,EN,I consent.,0,0,1.015,0,No,Yes,Yes,Yes,Yes,Yes,Yes,Yes,Yes,0,0,1.018,0,Yes,Yes,Yes,Yes,No,Yes,Yes,Yes,Yes,,,,,,,,,,,,,,,,,0,0,1.018,0,Yes,Yes,No,No,No,No,Yes,No,Yes,,,,,,,,,,,,,,,,,,,,,,,,,,,,,,,,,,,,,,,,,,,,,,,,,,,,,,,,,,,,,,,,,,,,,,,,,,,,,,,,,,,,,,,,,,,,,,,,,,,,,,,,,,,,,,,,,,,,,I viewed images for one second and tried to remember details,Did I notice the color of the ball,Blue,6,,31,Female
P0178,218,TRUE,2/5/24 10:40,anonymous,EN,I consent.,0,0,1.115,0,Yes,Yes,Yes,Yes,Yes,Yes,Yes,Yes,Yes,0,0,1.013,0,Yes,Yes,Yes,Yes,Yes,Yes,Yes,Yes,Yes,,,,,,,,,,,,,,,,,,,,,,,,,,,,,,,,,,,,,,,,,,,,,,,,,,,,,,,,,,,,,,,,,,,,,,,,,,,,,,,,,,,,,,,,,,,,,,,,,,,,,,,,,,,,,,,,,,,,,0,0,1.011,0,,,,,,,,,,,,,,,,,Yes,Yes,Yes,Yes,Yes,Yes,Yes,Yes,Yes,I was to look at an image for 1 second and the describe if I've seen certain details in the image or not.,Did you notice what color the bench was?,Blue,6,,31,Male
P0179,337,TRUE,2/5/24 10:40,anonymous,EN,I consent.,0,0,1.125,0,Yes,Yes,Yes,Yes,Yes,Yes,Yes,Yes,Yes,0,0,1.03,0,Yes,Yes,Yes,Yes,Yes,No,Yes,Yes,Yes,,,,,,,,,,,,,,,,,,,,,,,,,,,,,,0,0,1.018,0,,,,,,,,,,,,,,,,,Yes,Yes,Yes,Yes,No,Yes,Yes,Yes,Yes,,,,,,,,,,,,,,,,,,,,,,,,,,,,,,,,,,,,,,,,,,,,,,,,,,,,,,,,,,,,,,,,,,,,,,,,,,,,,,,,,,,,,,,,I had to describe if I noticed certain things in images.,Did you notice the color of the person's shirt?,Blue,6,,28,Female
P0180,203,TRUE,2/5/24 10:40,anonymous,EN,I consent.,0,0,1.118,0,No,Yes,Yes,Yes,Yes,No,Yes,Yes,Yes,0,0,1.114,0,Yes,Yes,Yes,Yes,No,No,Yes,Yes,No,,,,,0,0,1.017,0,,,,,,,,,,,,,Yes,Yes,Yes,Yes,Yes,Yes,No,Yes,Yes,,,,,,,,,,,,,,,,,,,,,,,,,,,,,,,,,,,,,,,,,,,,,,,,,,,,,,,,,,,,,,,,,,,,,,,,,,,,,,,,,,,,,,,,,,,,,,,,,,,,,,,,,,,,,,,,,,,,,To see if we noticed certain details in a picture.,Did you notice the color of the ball,blue,6,,54,Female
P0181,277,TRUE,2/5/24 10:40,anonymous,EN,I consent.,0,0,1.013,0,Yes,Yes,Yes,Yes,Yes,Yes,Yes,Yes,No,0,0,1.016,0,Yes,Yes,Yes,Yes,Yes,Yes,Yes,Yes,Yes,,,,,,,,,,,,,,,,,,,,,,,,,,,,,,,,,,,,,,,,,,,,,,,,,,,,,,,,,,,,,,,,,,,,,,,,,,,,,,,,,,,,,,,,,,,,,,,,,,,,,,,,,,,,,,,,,,,,,,,,,,,,,0,0,1.012,0,,,,,,,,,Yes,No,No,Yes,Yes,No,Yes,Yes,Yes,to look at a picture for one second and recall what you remember,Do you remember the color of the bench?,blue,6,,43,Female
P0182,828,TRUE,2/5/24 10:40,anonymous,EN,I consent.,0,0,1.112,0,Yes,Yes,Yes,Yes,Yes,Yes,Yes,Yes,Yes,0,0,1.121,0,Yes,Yes,Yes,Yes,Yes,No,Yes,Yes,Yes,,,,,,,,,,,,,,,,,,,,,,,,,,,,,,,,,,,,,,,,,,,,,,,,,,,,,,,,,,,,,,,0,0,1.109,0,,,,,,,,,,,,,Yes,Yes,No,Yes,No,Yes,Yes,Yes,Yes,,,,,,,,,,,,,,,,,,,,,,,,,,,,,,,,,,,,,,,,,,,,,,,,,,,,,,,,,,,viewing images and asking about the details ,did you notice the person physique,Blue,6,,43,Male
P0183,271,TRUE,2/5/24 10:40,anonymous,EN,I consent.,0,0,1.112,0,No,Yes,Yes,Yes,Yes,Yes,Yes,Yes,No,0,0,1.005,0,Yes,Yes,Yes,Yes,Yes,Yes,Yes,Yes,Yes,,,,,,,,,,,,,,,,,,,,,,,,,,,,,,,,,,,,,,,,,,,,,,,,,,,,,,,,,,,,,,,,,,,,,,,,,,,,,,,,,,,,,,,,,,,,,,,,0,0,1.008,0,,,,,,,,,Yes,Yes,Yes,No,Yes,Yes,Yes,Yes,Yes,,,,,,,,,,,,,,,,,,,,,,,,,,,,,,My task was to look at an image for 1 second and answer questions about what I saw.,I was asked what the size of the candle was in the image of someone lighting a candle.,blue,6,no problems,61,Female
P0184,218,TRUE,2/5/24 10:40,anonymous,EN,I consent.,0,0,1.111,0,Yes,Yes,Yes,Yes,No,No,Yes,Yes,Yes,0,0,1.012,0,Yes,Yes,No,Yes,No,Yes,Yes,Yes,Yes,,,,,,,,,0,0,1.01,0,,,,,,,,,Yes,Yes,Yes,No,Yes,No,No,Yes,Yes,,,,,,,,,,,,,,,,,,,,,,,,,,,,,,,,,,,,,,,,,,,,,,,,,,,,,,,,,,,,,,,,,,,,,,,,,,,,,,,,,,,,,,,,,,,,,,,,,,,,,,,,,,,,,,,,,,,,,to describe if i saw certain aspects of an image that was only shown for 1 second ,did you notice the color of the object ,blue ,6,,25,Male
P0185,457,TRUE,2/5/24 10:40,anonymous,EN,I consent.,0,0,1.009,0,Yes,Yes,Yes,Yes,Yes,No,Yes,No,Yes,0,0,1.118,0,Yes,Yes,Yes,Yes,Yes,No,Yes,Yes,Yes,,,,,,,,,,,,,,,,,,,,,,,,,,,,,,,,,,,,,,,,,,0,0,1.107,0,,,,,Yes,Yes,Yes,No,Yes,Yes,Yes,No,Yes,,,,,,,,,,,,,,,,,,,,,,,,,,,,,,,,,,,,,,,,,,,,,,,,,,,,,,,,,,,,,,,,,,,,,,,,,,,,,,,,,,,,,,,,View an image for 1 second then report details i noticed.,Did you notice the color or texture of the bag in the image (yes) or (no)?,Blue,6,,44,Male
P0186,252,TRUE,2/5/24 10:40,anonymous,EN,I consent.,0,0,1.015,0,No,Yes,Yes,Yes,Yes,Yes,Yes,Yes,Yes,0,0,1.008,0,Yes,Yes,Yes,Yes,Yes,Yes,Yes,Yes,No,,,,,,,,,,,,,,,,,,,,,,,,,,,,,,,,,,,,,,,,,,,,,,,,,,,,,,,,,,,,,,,,,,,,,,,,,,,0,0,1.008,0,Yes,Yes,Yes,No,Yes,Yes,Yes,Yes,Yes,,,,,,,,,,,,,,,,,,,,,,,,,,,,,,,,,,,,,,,,,,,,,,,,,,,,,,,,,,,Recall details of a photo after seeing it for 1 second,"Did you notice the color of something, the placement of something, the detail of an object, etc.",Blue,6,,36,Male
P0187,255,TRUE,2/5/24 10:40,anonymous,EN,I consent.,0,0,1.01,0,No,Yes,Yes,Yes,No,No,Yes,Yes,No,0,0,1.008,0,Yes,Yes,Yes,Yes,No,No,Yes,Yes,No,,,,,,,,,,,,,,,,,,,,,,,,,,,,,,,,,,,,,,,,,,,,,,,,,,,,,,,,,,,,,,,,,,,,,,,,,,,,,,,,,,,,,,,,0,0,1.006,0,,,,,,,,,,,,,,,,,No,No,No,No,Yes,Yes,Yes,Yes,No,,,,,,,,,,,,,,,,,,,,,,,,,,,,,,Looking at a picture for 1 second and recalling details from the picture,Did you notice what hand the man was lighting the candle with,Blue,6,,40,Female
P0188,176,TRUE,2/5/24 10:40,anonymous,EN,I consent.,0,0,1.01,0,No,Yes,Yes,Yes,Yes,Yes,Yes,Yes,Yes,0,0,1.015,0,Yes,Yes,Yes,Yes,No,No,Yes,No,Yes,,,,,,,,,,,,,,,,,,,,,,,,,,,,,,,,,,,,,,,,,,,,,,,,,,,,,,,,,,,,,,,,,,,,,,,,,,,0,0,1.006,0,Yes,Yes,No,No,Yes,Yes,Yes,Yes,No,,,,,,,,,,,,,,,,,,,,,,,,,,,,,,,,,,,,,,,,,,,,,,,,,,,,,,,,,,,Notice the different aspects of the picture,Did you notice if the objext was indoors or outdoors,blue,6,,58,Female
P0189,272,TRUE,2/5/24 10:40,anonymous,EN,I consent.,0,0,1.008,0,No,Yes,Yes,Yes,Yes,Yes,Yes,Yes,No,0,0,1.009,0,Yes,Yes,Yes,Yes,Yes,Yes,Yes,Yes,Yes,,,,,,,,,,,,,,,,,,,,,,,,,,,,,,,,,,,,,,,,,,,,,,,,,,,,,,,,,,,,,,,,,,,,,,,,,,,,,,,,,,,,,,,,,,,,,,,,,,,,0,0,1.11,0,,,,,Yes,Yes,Yes,Yes,Yes,Yes,Yes,Yes,Yes,,,,,,,,,,,,,,,,,,,,,,,,,,,,,,whether or not i noticed details in a picture,did I notice the background image,blue,6,,38,Female
P0190,280,TRUE,2/5/24 10:40,anonymous,EN,I consent.,0,0,1.009,0,No,Yes,Yes,Yes,Yes,Yes,Yes,Yes,Yes,0,0,1.006,0,Yes,Yes,Yes,Yes,Yes,Yes,Yes,Yes,Yes,,,,,0,0,1.006,0,,,,,,,,,,,,,Yes,Yes,Yes,Yes,Yes,Yes,No,Yes,Yes,,,,,,,,,,,,,,,,,,,,,,,,,,,,,,,,,,,,,,,,,,,,,,,,,,,,,,,,,,,,,,,,,,,,,,,,,,,,,,,,,,,,,,,,,,,,,,,,,,,,,,,,,,,,,,,,,,,,,look at a picture for 1 second and notice as many details as possible in order to answer questions about the picture.,Did you notice the color of her hair?,blue,6,,67,Female
P0191,210,TRUE,2/5/24 10:40,anonymous,EN,I consent.,0,0,1.011,0,No,Yes,Yes,Yes,Yes,No,Yes,Yes,Yes,0,0,1.01,0,Yes,Yes,No,Yes,Yes,Yes,Yes,Yes,Yes,,,,,,,,,,,,,,,,,,,,,,,,,,,,,,,,,,,,,,,,,,0,0,1.01,0,,,,,Yes,Yes,Yes,Yes,Yes,Yes,Yes,Yes,No,,,,,,,,,,,,,,,,,,,,,,,,,,,,,,,,,,,,,,,,,,,,,,,,,,,,,,,,,,,,,,,,,,,,,,,,,,,,,,,,,,,,,,,,Observe as much details as possible when an image flashes for 1 second,Did you notice the color of the object?,Blue,6,,44,Female
P0192,140,TRUE,2/5/24 10:40,anonymous,EN,I consent.,0,0,1.009,0,No,Yes,Yes,Yes,No,No,Yes,Yes,Yes,0,0,1.006,0,Yes,Yes,Yes,Yes,No,Yes,Yes,No,No,,,,,,,,,,,,,,,,,,,,,,,,,,,,,,,,,,,,,,,,,,,,,,,,,,,,,,,,,,,,,,,,,,,,,,,,,,,,,,,,,,,,,,,,,,,,,,,,,,,,0,0,1.008,0,,,,,Yes,Yes,No,No,Yes,Yes,Yes,Yes,No,,,,,,,,,,,,,,,,,,,,,,,,,,,,,,I looked at a specific image for a second and was then asked questions about the details of the image.,If I noticed the material the object was made out of.,Blue,6,,42,Female
P0193,372,TRUE,2/5/24 10:41,anonymous,EN,I consent.,0,0,1.008,0,Yes,Yes,Yes,Yes,Yes,No,Yes,No,Yes,0,0,1.006,0,Yes,Yes,Yes,Yes,No,Yes,Yes,Yes,Yes,,,,,,,,,,,,,,,,,,,,,,,,,,,,,,,,,,,,,,,,,,,,,,,,,,,,,,,,,,,,,,,,,,,,,,,,,,,,,,,,,,,,,,,,,,,,,,,,,,,,,,,,,,,,,,,,,,,,,,,,,,,,,0,0,1.006,0,,,,,,,,,Yes,Yes,Yes,Yes,Yes,Yes,Yes,Yes,No,Viewing picture for 1 min and then answering questions about the object in the picture.,Was the person standing or sitting?,Blue,6,Thanks for the study it interesting!,58,Female
P0194,208,TRUE,2/5/24 10:41,anonymous,EN,I consent.,0,0,1.008,0,No,Yes,Yes,Yes,Yes,Yes,Yes,Yes,Yes,0,0,1.014,0,Yes,Yes,Yes,Yes,No,Yes,Yes,Yes,No,,,,,,,,,,,,,,,,,,,,,,,,,,,,,,,,,,,,,,,,,,,,,,,,,,,,,,,,,,,,,,,,,,,,,,,,,,,,,,,,,,,,,,,,,,,,,,,,,,,,,,,,,,,,,,,,,,,,,,,,,,,,,,,,,0,0,1.111,0,,,,,Yes,Yes,Yes,Yes,No,Yes,Yes,Yes,Yes,see an image for one second and answer yes or no questions about them,Did I notice the size of the object.,blue,6,,31,Male
P0195,157,TRUE,2/5/24 10:41,anonymous,EN,I consent.,0,0,1.012,0,No,Yes,Yes,Yes,Yes,Yes,Yes,Yes,No,0,0,1.018,0,Yes,Yes,Yes,Yes,Yes,Yes,Yes,Yes,Yes,,,,,,,,,,,,,,,,,,,,,,,,,,,,,,,,,,,,,,,,,,,,,,,,,,,,,,,,,,,,,,,0,0,1.01,0,,,,,,,,,,,,,Yes,Yes,No,Yes,Yes,Yes,Yes,Yes,Yes,,,,,,,,,,,,,,,,,,,,,,,,,,,,,,,,,,,,,,,,,,,,,,,,,,,,,,,,,,,I had to look at a picture for one second and then state if I noticed certain things within the picture.,Did I notice what the person was feeding the animal.,Blue,6,,42,Male
P0196,373,TRUE,2/5/24 10:41,anonymous,EN,I consent.,0,0,1.015,0,No,Yes,Yes,Yes,Yes,Yes,Yes,Yes,Yes,0,0,1.113,0,Yes,Yes,Yes,Yes,Yes,No,Yes,Yes,No,,,,,,,,,,,,,,,,,,,,,,,,,,,,,,,,,,,,,,0,0,1.007,0,,,,,,,,,Yes,Yes,Yes,Yes,Yes,Yes,Yes,Yes,No,,,,,,,,,,,,,,,,,,,,,,,,,,,,,,,,,,,,,,,,,,,,,,,,,,,,,,,,,,,,,,,,,,,,,,,,,,,,,,,,,,,,,,,,To answer questions about an image I saw,Did you notice a refrigerator. ,blue,6,,33,Female
P0197,362,TRUE,2/5/24 10:41,anonymous,EN,I consent.,0,0,1.125,0,Yes,Yes,Yes,Yes,Yes,Yes,Yes,Yes,Yes,0,0,1.018,0,Yes,Yes,Yes,Yes,Yes,No,Yes,Yes,Yes,,,,,,,,,,,,,,,,,,,,,,,,,,,,,,,,,,,,,,,,,,,,,,,,,,,,,,,,,,,,,,,,,,,0,0,1.123,0,,,,,,,,,Yes,Yes,No,Yes,No,Yes,No,Yes,Yes,,,,,,,,,,,,,,,,,,,,,,,,,,,,,,,,,,,,,,,,,,,,,,,,,,,,,,,,,,,To obsere an image for 1 second and pick options on observations,Did you notice the size of the mesh,Blue,6,,43,Male
P0198,126,TRUE,2/5/24 10:41,anonymous,EN,I consent.,0,0,1.01,0,No,Yes,Yes,Yes,Yes,Yes,Yes,No,Yes,0,0,1.107,0,Yes,Yes,Yes,Yes,No,Yes,Yes,Yes,Yes,,,,,,,,,,,,,,,,,,,,,,,,,,,,,,,,,,,,,,,,,,,,,,,,,,,,,,,,,,,,,,,,,,,,,,,,,,,,,,,,,,,,,,,,,,,,,,,,,,,,,,,,,,,,,,,,,,,,,,,,,0,0,1.007,0,,,,,,,,,,,,,Yes,Yes,Yes,Yes,Yes,Yes,Yes,Yes,Yes,noticing certain scenarios within the picture shown,did you notice which shoe the person took off?,blue,6,,27,Male
P0199,269,TRUE,2/5/24 10:41,anonymous,EN,I consent.,0,0,1.031,0,Yes,Yes,Yes,Yes,Yes,No,Yes,No,No,0,0,1.016,0,Yes,Yes,No,Yes,Yes,Yes,Yes,Yes,Yes,,,,,,,,,,,,,,,,,,,,,,,,,,,,,,,,,,,,,,,,,,,,,,,,,,,,,,,,,,,,,,,,,,,,,,,,,,,,,,,,,,,,,,,,,,,,,,,,,,,,,,,,,,,,,,,,,,,,,0,0,1.007,0,,,,,,,,,,,,,,,,,Yes,Yes,No,Yes,Yes,Yes,No,Yes,Yes,Look at a picture for one second and answer questions if I noticed certain details.,Did you notice the size of the bench?,Blue,6,,25,Male
P0200,323,TRUE,2/5/24 10:41,anonymous,EN,I consent.,0,0,1.01,0,No,Yes,Yes,No,No,Yes,Yes,Yes,No,0,0,1.01,0,Yes,Yes,Yes,Yes,No,No,Yes,Yes,Yes,,,,,,,,,,,,,,,,,0.686,0.686,1.005,1,Yes,Yes,No,Yes,Yes,Yes,Yes,Yes,Yes,,,,,,,,,,,,,,,,,,,,,,,,,,,,,,,,,,,,,,,,,,,,,,,,,,,,,,,,,,,,,,,,,,,,,,,,,,,,,,,,,,,,,,,,,,,,,,,,,,,,,,,,,,,,,,,,,,,,,Answer questions about what I saw briefly in an image,What color the person's hair was?,Blue,6,,34,Male
P0201,433,TRUE,2/5/24 10:41,anonymous,EN,I consent.,0,0,1.011,0,Yes,Yes,Yes,Yes,Yes,Yes,Yes,Yes,Yes,0,0,1.114,0,Yes,Yes,Yes,Yes,No,Yes,Yes,Yes,Yes,,,,,,,,,,,,,,,,,,,,,,,,,,,,,,,,,,,,,,,,,,,,,,,,,,,,,,,,,,,,,,,,,,,,,,,0,0,1.01,0,,,,,Yes,Yes,Yes,Yes,Yes,Yes,Yes,Yes,Yes,,,,,,,,,,,,,,,,,,,,,,,,,,,,,,,,,,,,,,,,,,,,,,,,,,,,,,,,,,,To look at an image for 1 second and answer questions about the image,Did you notice the background,blue,6,,43,Female
P0202,316,TRUE,2/5/24 10:41,anonymous,EN,I consent.,0,0,1.006,0,Yes,Yes,Yes,Yes,Yes,No,Yes,No,Yes,0,0,1.106,0,Yes,Yes,No,Yes,Yes,Yes,Yes,No,Yes,,,,,0,0,1.005,0,,,,,,,,,,,,,Yes,Yes,Yes,Yes,No,Yes,Yes,Yes,Yes,,,,,,,,,,,,,,,,,,,,,,,,,,,,,,,,,,,,,,,,,,,,,,,,,,,,,,,,,,,,,,,,,,,,,,,,,,,,,,,,,,,,,,,,,,,,,,,,,,,,,,,,,,,,,,,,,,,,,"View an image for 1 second, and then declare the details that I noticed within the picture.",Did you notice the color of the object?,Blue,6,"I think this study would be a lot better if the images were preloaded because I think the times were actually slightly less than a second. (Could just be a perception bias based on being under time constrictions, however.)",23,Male
P0203,206,TRUE,2/5/24 10:42,anonymous,EN,I consent.,0,0,1.01,0,Yes,Yes,Yes,Yes,Yes,Yes,Yes,Yes,Yes,0,0,1.113,0,Yes,Yes,Yes,Yes,Yes,Yes,Yes,Yes,Yes,,,,,,,,,,,,,,,,,,,,,,,,,,,,,,,,,,,,,,,,,,,,,,,,,,,,,,,,,,,,,,,,,,,,,,,,,,,,,,,,,,,,,,,,,,,,0,0,1.107,0,,,,,,,,,,,,,Yes,Yes,Yes,Yes,Yes,Yes,Yes,Yes,Yes,,,,,,,,,,,,,,,,,,,,,,,,,,,,,,"observe an image for one second, then answer questions about it.",did you notice the apparent age of the person.,blue,6,"very fun, thanks.",49,Female
P0204,380,TRUE,2/5/24 10:42,anonymous,EN,I consent.,0,0,1.007,0,Yes,Yes,Yes,Yes,Yes,Yes,Yes,Yes,Yes,0,0,1.01,0,Yes,Yes,Yes,Yes,No,Yes,Yes,Yes,No,,,,,,,,,,,,,,,,,,,,,,,,,,,,,,,,,,,,,,,,,,,,,,,,,,,,,,,,,,,,,,,,,,,,,,,,,,,,,,,,,,,,,,,,0,0,1.006,0,,,,,,,,,,,,,,,,,Yes,Yes,Yes,Yes,Yes,Yes,Yes,Yes,No,,,,,,,,,,,,,,,,,,,,,,,,,,,,,,To notice all the details of an image,Asked if I had noticed certain items about an image,blue,6,None. Thank you!,44,Female
P0205,232,TRUE,2/5/24 10:42,anonymous,EN,I consent.,0,0,1.009,0,Yes,Yes,Yes,Yes,Yes,Yes,Yes,Yes,Yes,0,0,1.011,0,No,Yes,Yes,Yes,No,Yes,Yes,No,No,,,,,,,,,,,,,,,,,,,,,,,,,,,,,,,,,,0,0,1.009,0,,,,,,,,,,,,,Yes,Yes,Yes,No,Yes,No,Yes,Yes,Yes,,,,,,,,,,,,,,,,,,,,,,,,,,,,,,,,,,,,,,,,,,,,,,,,,,,,,,,,,,,,,,,,,,,,,,,,,,,,,,,,,,,,,,,,I was shown an image for 1 second and asked if I'd noticed certain details in that image.,Did I notice a refrigerator in the image?,blue,6,,51,Female
P0206,128,TRUE,2/5/24 10:42,anonymous,EN,I consent.,0,0,1.117,0,Yes,No,Yes,Yes,Yes,Yes,Yes,No,No,0,0,1.008,0,Yes,Yes,No,Yes,No,Yes,Yes,Yes,Yes,,,,,,,,,,,,,,,,,,,,,,,,,,,,,,,,,,,,,,,,,,,,,,,,,,,,,,,,,,,,,,,,,,,,,,,,,,,,,,,,,,,,,,,,,,,,,,,,0,0,1.015,0,,,,,,,,,No,No,No,No,Yes,Yes,Yes,Yes,Yes,,,,,,,,,,,,,,,,,,,,,,,,,,,,,,describe details in a photo,if i could tell what texture the object was,blue,6,,28,Female
P0207,194,TRUE,2/5/24 10:42,anonymous,EN,I consent.,0,0,1.007,0,No,Yes,Yes,Yes,Yes,Yes,Yes,Yes,No,0,0,1.007,0,Yes,Yes,Yes,Yes,No,Yes,Yes,Yes,Yes,,,,,,,,,,,,,,,,,,,,,,,,,,,,,,,,,,,,,,,,,,,,,,,,,,,,,,,,,,,,,,,,,,,,,,,0,0,1.007,0,,,,,Yes,Yes,No,Yes,No,Yes,Yes,Yes,No,,,,,,,,,,,,,,,,,,,,,,,,,,,,,,,,,,,,,,,,,,,,,,,,,,,,,,,,,,,In this study I was presented with an image for 1 second and then was asked whether or not I noticed specific aspects of the image.,Did I notice the physique/build of the person in the image?,blue,6,,33,Female
P0208,244,TRUE,2/5/24 10:42,anonymous,EN,I consent.,0,0,1.013,0,Yes,Yes,Yes,Yes,Yes,Yes,Yes,Yes,Yes,0,0,1.11,0,Yes,Yes,Yes,Yes,Yes,Yes,Yes,Yes,Yes,,,,,,,,,,,,,,,,,,,,,,,,,,,,,,,,,,,,,,,,,,,,,,,,,,,,,,,,,,,,,,,,,,,,,,,,,,,,,,,,,,,,,,,,,,,,,,,,,,,,,,,,0,0,1.013,0,Yes,Yes,Yes,Yes,Yes,Yes,Yes,Yes,Yes,,,,,,,,,,,,,,,,,,,,,,,,,,,,,,I was asked after seeing a object for one second what did I remember seeing,Did I know how many blue objects I saw in a picture,blue,6,,48,Female
P0209,189,TRUE,2/5/24 10:43,anonymous,EN,I consent.,0,0,1.022,0,No,Yes,Yes,Yes,Yes,Yes,Yes,Yes,Yes,0,0,1.017,0,Yes,Yes,Yes,Yes,Yes,Yes,Yes,Yes,No,,,,,,,,,,,,,,,,,,,,,,,,,,,,,,,,,,,,,,,,,,,,,,0,0,1.019,0,Yes,Yes,Yes,Yes,No,Yes,Yes,Yes,No,,,,,,,,,,,,,,,,,,,,,,,,,,,,,,,,,,,,,,,,,,,,,,,,,,,,,,,,,,,,,,,,,,,,,,,,,,,,,,,,,,,,,,,,My task was to answer questions about what I noticed in a picture that was displayed for one second.,Did I notice physique of the person in the picture.,Blue,6,,32,Male
P0210,361,TRUE,2/5/24 10:43,anonymous,EN,I consent.,0,0,1.113,0,No,Yes,Yes,Yes,Yes,Yes,Yes,Yes,Yes,0,0,1.011,0,Yes,Yes,No,Yes,No,Yes,Yes,Yes,No,,,,,,,,,,,,,0,0,1.008,0,,,,,Yes,Yes,Yes,Yes,Yes,Yes,Yes,Yes,Yes,,,,,,,,,,,,,,,,,,,,,,,,,,,,,,,,,,,,,,,,,,,,,,,,,,,,,,,,,,,,,,,,,,,,,,,,,,,,,,,,,,,,,,,,,,,,,,,,,,,,,,,,,,,,,,,,,,,,,I had to say if I noticed details in a photo,Did I notice the size of the table,blue,6,,22,Female
P0211,499,TRUE,2/5/24 10:43,anonymous,EN,I consent.,0,0,1.007,0,Yes,Yes,Yes,Yes,Yes,Yes,Yes,Yes,Yes,0,0,1.008,0,Yes,Yes,Yes,Yes,Yes,Yes,Yes,Yes,Yes,,,,,,,,,0,0,1.108,0,,,,,,,,,Yes,Yes,Yes,Yes,Yes,Yes,Yes,Yes,Yes,,,,,,,,,,,,,,,,,,,,,,,,,,,,,,,,,,,,,,,,,,,,,,,,,,,,,,,,,,,,,,,,,,,,,,,,,,,,,,,,,,,,,,,,,,,,,,,,,,,,,,,,,,,,,,,,,,,,,Identify the main subject and any other items in the image,Did you notice the gender of the person in the image,Blue,6,Happy to contribute,59,Male
P0212,470,TRUE,2/5/24 10:43,anonymous,EN,I consent.,0,0,1.023,0,No,Yes,Yes,Yes,Yes,Yes,Yes,Yes,Yes,0,0,1.028,0,Yes,Yes,Yes,Yes,Yes,Yes,Yes,Yes,Yes,,,,,,,,,,,,,,,,,,,,,,,,,,,,,,,,,,,,,,,,,,,,,,,,,,,,,,,,,,,0,0,1.134,0,,,,,,,,,,,,,,,,,Yes,Yes,Yes,Yes,No,Yes,Yes,Yes,Yes,,,,,,,,,,,,,,,,,,,,,,,,,,,,,,,,,,,,,,,,,,,,,,,,,,,,,,,,,,,To look at an image for one second and then to answer questions about whether I could recall certain details about the image.,Did I notice what hand the person used to serve the animal the treat?,Blue,6,,45,Female
P0213,178,TRUE,2/5/24 10:43,anonymous,EN,I consent.,0,0,1.009,0,No,Yes,Yes,Yes,Yes,Yes,Yes,No,Yes,0,0,1.11,0,Yes,Yes,Yes,Yes,No,Yes,Yes,Yes,No,,,,,,,,,,,,,,,,,,,,,,,,,,,,,,,,,,,,,,,,,,,,,,,,,,,,,,,,,,,,,,,,,,,,,,,,,,,,,,,,,,,,,,,,,,,,,,,,,,,,,,,,,,,,,,,,,,,,,,,,,,,,,,,,,,,,,0,0,1.12,0,Yes,No,Yes,Yes,No,No,Yes,Yes,Yes,look at a picture and see what details i remember,which foot she took the shoe off of,blue,6,,34,Male
P0214,213,TRUE,2/5/24 10:43,anonymous,EN,I consent.,0,0,1.012,0,No,Yes,Yes,Yes,Yes,No,Yes,No,Yes,0,0,1.009,0,Yes,Yes,Yes,Yes,No,Yes,Yes,Yes,No,,,,,,,,,,,,,,,,,,,,,,,,,,,,,,,,,,,,,,,,,,,,,,,,,,,,,,,,,,,,,,,0,0,1.112,0,,,,,,,,,,,,,Yes,Yes,No,Yes,Yes,Yes,Yes,Yes,No,,,,,,,,,,,,,,,,,,,,,,,,,,,,,,,,,,,,,,,,,,,,,,,,,,,,,,,,,,,"Look at an image for 1 second and then answer questions related to the image, to see how much details we can notice or keep in mind",If I know what hand the woman was using to feed the animal in the photo,Blue,6,,37,Male
P0215,201,TRUE,2/5/24 10:43,anonymous,EN,I consent.,0,0,1.01,0,Yes,Yes,Yes,Yes,No,Yes,Yes,No,Yes,0,0,1.115,0,Yes,Yes,Yes,Yes,Yes,Yes,Yes,Yes,Yes,0,0,1.112,0,,,,,,,,,,,,,,,,,Yes,Yes,Yes,Yes,Yes,No,Yes,Yes,Yes,,,,,,,,,,,,,,,,,,,,,,,,,,,,,,,,,,,,,,,,,,,,,,,,,,,,,,,,,,,,,,,,,,,,,,,,,,,,,,,,,,,,,,,,,,,,,,,,,,,,,,,,,,,,,,,,,,,,,I was asked to look at a picture for one second and then ask questions of yes o no about stuff i noticed in the picture,Did you notice the color of the hair of the person?,blue,6,,43,Male
P0216,153,TRUE,2/5/24 10:43,anonymous,EN,I consent.,0,0,1.01,0,No,Yes,Yes,Yes,Yes,Yes,Yes,Yes,Yes,0,0,1.01,0,Yes,Yes,Yes,Yes,Yes,Yes,Yes,Yes,Yes,,,,,,,,,,,,,,,,,,,,,,,,,,,,,,,,,,,,,,,,,,,,,,,,,,,,,,,,,,,,,,,,,,,,,,,0,0,1.017,0,,,,,Yes,Yes,Yes,Yes,No,Yes,No,Yes,Yes,,,,,,,,,,,,,,,,,,,,,,,,,,,,,,,,,,,,,,,,,,,,,,,,,,,,,,,,,,,I looked at images and said if I saw certain characteristics ,If I saw a blue object ,Blue ,6,,25,Female
P0217,236,TRUE,2/5/24 10:43,anonymous,EN,I consent.,0,0,1.009,0,Yes,Yes,Yes,Yes,Yes,Yes,Yes,Yes,Yes,0,0,1.013,0,Yes,Yes,Yes,Yes,Yes,Yes,Yes,Yes,Yes,,,,,,,,,,,,,,,,,,,,,,,,,,,,,,,,,,,,,,,,,,,,,,,,,,,,,,,,,,,0,0,1.109,0,,,,,,,,,,,,,,,,,Yes,Yes,Yes,Yes,Yes,Yes,Yes,Yes,Yes,,,,,,,,,,,,,,,,,,,,,,,,,,,,,,,,,,,,,,,,,,,,,,,,,,,,,,,,,,,I was asked to look at different pictures then recall certain elements,Did you notice the size of the mesh of the cage the animal was in,Blue,6,,37,Female
P0218,212,TRUE,2/5/24 10:43,anonymous,EN,I consent.,0,0,1.009,0,No,Yes,Yes,Yes,Yes,No,Yes,Yes,Yes,0,0,1.112,0,Yes,Yes,Yes,Yes,Yes,Yes,Yes,Yes,No,,,,,,,,,,,,,,,,,,,,,,,,,,,,,,,,,,,,,,,,,,,,,,,,,,,,,,,,,,,,,,,,,,,,,,,,,,,,,,,,,,,,,,,,,,,,,,,,0,0,1.007,0,,,,,,,,,Yes,Yes,No,No,Yes,No,No,Yes,No,,,,,,,,,,,,,,,,,,,,,,,,,,,,,,Trying to remember details after viewing an image for one second,What color was a candle?,Blue,6,,33,Male
P0219,178,TRUE,2/5/24 10:44,anonymous,EN,I consent.,0,0,1.022,0,No,Yes,Yes,Yes,Yes,No,Yes,Yes,Yes,0,0,1.021,0,Yes,Yes,Yes,Yes,No,Yes,Yes,Yes,Yes,,,,,,,,,0,0,1.008,0,,,,,,,,,No,Yes,Yes,Yes,No,No,Yes,Yes,Yes,,,,,,,,,,,,,,,,,,,,,,,,,,,,,,,,,,,,,,,,,,,,,,,,,,,,,,,,,,,,,,,,,,,,,,,,,,,,,,,,,,,,,,,,,,,,,,,,,,,,,,,,,,,,,,,,,,,,,I was shown an image for 1 second and then asked questions about what I saw. ,I was asked if I remembered the texture of an object. ,Blue,6,No comment. ,24,Female
P0220,195,TRUE,2/5/24 10:44,anonymous,EN,I consent.,0,0,1.007,0,Yes,Yes,Yes,Yes,Yes,Yes,Yes,Yes,Yes,0,0,1.106,0,Yes,Yes,Yes,Yes,Yes,Yes,Yes,Yes,Yes,,,,,,,,,,,,,,,,,,,,,,,,,,,,,,,,,,,,,,,,,,,,,,,,,,,,,,,,,,,,,,,,,,,,,,,,,,,,,,,,,,,,,,,,,,,,,,,,,,,,,,,,,,,,,,,,,,,,,0,0,1.106,0,,,,,,,,,,,,,,,,,Yes,Yes,No,Yes,Yes,Yes,Yes,Yes,Yes,look at a picture for 1 second,did you notice the foot without a sock.,blue,6,,40,Male
P0221,178,TRUE,2/5/24 10:44,anonymous,EN,I consent.,0,0,1.013,0,Yes,Yes,Yes,Yes,Yes,Yes,Yes,Yes,Yes,0,0,1.107,0,Yes,Yes,Yes,Yes,Yes,Yes,Yes,Yes,Yes,,,,,,,,,,,,,,,,,,,,,,,,,,,,,,,,,,0,0,1.108,0,,,,,,,,,,,,,Yes,Yes,Yes,Yes,Yes,Yes,Yes,Yes,Yes,,,,,,,,,,,,,,,,,,,,,,,,,,,,,,,,,,,,,,,,,,,,,,,,,,,,,,,,,,,,,,,,,,,,,,,,,,,,,,,,,,,,,,,,see an image for 1 second then answer if i noticed certain things/aspects about the image,if i noticed a person on an image,blue,6,,23,Female
P0222,200,TRUE,2/5/24 10:44,anonymous,EN,I consent.,0,0,1.008,0,No,Yes,Yes,Yes,Yes,Yes,Yes,Yes,Yes,0,0,1.012,0,Yes,Yes,Yes,Yes,Yes,Yes,Yes,Yes,No,,,,,,,,,,,,,,,,,,,,,,,,,,,,,,,,,,,,,,,,,,0,0,1.007,0,,,,,Yes,Yes,Yes,Yes,Yes,Yes,Yes,Yes,No,,,,,,,,,,,,,,,,,,,,,,,,,,,,,,,,,,,,,,,,,,,,,,,,,,,,,,,,,,,,,,,,,,,,,,,,,,,,,,,,,,,,,,,,view a image for one second and try to remember the details,DId you notice what kind of fruit there was,blue,6,,39,Male
P0223,121,TRUE,2/5/24 10:44,anonymous,EN,I consent.,1.048,1.048,1.113,1,Yes,Yes,Yes,Yes,Yes,Yes,Yes,No,Yes,0,0,1.009,0,Yes,No,Yes,Yes,No,No,No,No,No,0.56,0.56,1.007,1,,,,,,,,,,,,,,,,,Yes,No,Yes,Yes,Yes,No,No,Yes,Yes,,,,,,,,,,,,,,,,,,,,,,,,,,,,,,,,,,,,,,,,,,,,,,,,,,,,,,,,,,,,,,,,,,,,,,,,,,,,,,,,,,,,,,,,,,,,,,,,,,,,,,,,,,,,,,,,,,,,,remember the image,did you notice the gender of the person,Blue,6,,22,Male
P0224,414,TRUE,2/5/24 10:44,anonymous,EN,I consent.,0,0,1.017,0,Yes,Yes,Yes,No,No,No,Yes,No,No,0,0,1.022,0,Yes,Yes,No,Yes,Yes,Yes,Yes,Yes,Yes,,,,,,,,,,,,,,,,,,,,,,,,,,,,,,0,0,1.026,0,,,,,,,,,,,,,,,,,Yes,Yes,Yes,Yes,Yes,Yes,Yes,Yes,Yes,,,,,,,,,,,,,,,,,,,,,,,,,,,,,,,,,,,,,,,,,,,,,,,,,,,,,,,,,,,,,,,,,,,,,,,,,,,,,,,,,,,,,,,,To view an image for 1 second and then answer questions about it.,"Did you notice how the person held the bag (over their shoulder, in their hand)",Blue,6,No tech issues!,48,Male
P0225,237,TRUE,2/5/24 10:44,anonymous,EN,I consent.,0,0,1.006,0,No,Yes,Yes,Yes,Yes,No,Yes,No,Yes,0,0,1.006,0,Yes,Yes,Yes,Yes,Yes,Yes,Yes,Yes,No,,,,,,,,,,,,,,,,,,,,,,,,,,,,,,,,,,,,,,,,,,,,,,,,,,,,,,,,,,,,,,,,,,,,,,,,,,,,,,,,,,,,,,,,,,,,0,0,1.006,0,,,,,,,,,,,,,Yes,No,No,No,Yes,Yes,Yes,Yes,No,,,,,,,,,,,,,,,,,,,,,,,,,,,,,,I looked at an image for one second and then had to answer questions about what I noticed in the picture. ,Did you notice the shape of the candle holder?,blue,6,,37,Male
P0226,189,TRUE,2/5/24 10:44,anonymous,EN,I consent.,0,0,1.017,0,No,Yes,Yes,Yes,Yes,Yes,Yes,Yes,Yes,0,0,1.114,0,Yes,Yes,Yes,Yes,No,Yes,Yes,Yes,Yes,,,,,,,,,,,,,,,,,,,,,,,,,,,,,,,,,,,,,,,,,,,,,,,,,,,,,,,,,,,,,,,,,,,,,,,,,,,,,,,,,,,,,,,,,,,,,,,,,,,,,,,,,,,,,,,,,,,,,,,,,,,,,,,,,0,0,1.111,0,,,,,Yes,Yes,No,Yes,Yes,Yes,Yes,Yes,No,Answering questions if i noticed certain details in briefly shown pictures.,Did I notice the size of the bench?,Blue,6,,35,Male
P0227,191,TRUE,2/5/24 10:44,anonymous,EN,I consent.,0,0,1.113,0,No,Yes,Yes,Yes,Yes,Yes,Yes,Yes,Yes,0,0,1.023,0,Yes,Yes,Yes,Yes,Yes,Yes,Yes,Yes,Yes,,,,,,,,,,,,,,,,,,,,,,,,,,,,,,,,,,,,,,,,,,,,,,,,,,,,,,,,,,,,,,,,,,,0,0,1.11,0,,,,,,,,,Yes,Yes,No,Yes,Yes,Yes,Yes,Yes,Yes,,,,,,,,,,,,,,,,,,,,,,,,,,,,,,,,,,,,,,,,,,,,,,,,,,,,,,,,,,,I had to answer questions about what I saw in an image that was only displayed for 1 second,Did you notice the kind of treat in the person's hand,Blue,6,,32,Female
P0228,231,TRUE,2/5/24 10:45,anonymous,EN,I consent.,0,0,1.119,0,Yes,Yes,Yes,Yes,Yes,Yes,Yes,Yes,No,0,0,1.01,0,Yes,Yes,Yes,Yes,No,No,Yes,Yes,No,,,,,,,,,,,,,,,,,,,,,,,,,,,,,,,,,,,,,,,,,,,,,,,,,,,,,,,,,,,,,,,,,,,,,,,,,,,,,,,,,,,,,,,,,,,,,,,,,,,,0,0,1.007,0,,,,,Yes,Yes,No,No,Yes,Yes,Yes,Yes,No,,,,,,,,,,,,,,,,,,,,,,,,,,,,,,answer questions about what you remember about seeing an image for 1 second,do you remember what hand the person used to light the candle,blue,6,Thanks and good luck with the study.,,
P0229,202,TRUE,2/5/24 10:45,anonymous,EN,I consent.,0,0,1.019,0,Yes,Yes,Yes,Yes,Yes,No,Yes,Yes,Yes,0,0,1.009,0,Yes,Yes,Yes,Yes,Yes,Yes,Yes,Yes,Yes,,,,,,,,,,,,,,,,,,,,,,,,,,,,,,,,,,,,,,,,,,,,,,,,,,,,,,,,,,,,,,,,,,,,,,,,,,,0,0,1.01,0,Yes,Yes,Yes,Yes,No,Yes,Yes,Yes,Yes,,,,,,,,,,,,,,,,,,,,,,,,,,,,,,,,,,,,,,,,,,,,,,,,,,,,,,,,,,,To describe what we saw in the image that flashed for 1 second,Did you notice what was in the person's hand?,Blue,6,,29,Female
P0230,260,TRUE,2/5/24 10:45,anonymous,EN,I consent.,0,0,1.006,0,Yes,Yes,Yes,Yes,Yes,Yes,Yes,Yes,Yes,0,0,1.106,0,Yes,Yes,Yes,Yes,Yes,Yes,Yes,Yes,No,,,,,,,,,,,,,,,,,,,,,,,,,,,,,,,,,,,,,,,,,,,,,,0,0,1.006,0,Yes,Yes,Yes,Yes,Yes,Yes,Yes,Yes,Yes,,,,,,,,,,,,,,,,,,,,,,,,,,,,,,,,,,,,,,,,,,,,,,,,,,,,,,,,,,,,,,,,,,,,,,,,,,,,,,,,,,,,,,,,Look at a picture for 1 second and then answer questions about it,What hand was the bag in?,Blue,6,,30,Male
P0231,215,TRUE,2/5/24 10:45,anonymous,EN,I consent.,0,0,1.112,0,No,Yes,Yes,Yes,Yes,Yes,Yes,Yes,Yes,0,0,1.008,0,Yes,Yes,Yes,Yes,No,Yes,Yes,Yes,Yes,,,,,,,,,,,,,0,0,1.01,0,,,,,Yes,Yes,Yes,Yes,Yes,Yes,No,Yes,Yes,,,,,,,,,,,,,,,,,,,,,,,,,,,,,,,,,,,,,,,,,,,,,,,,,,,,,,,,,,,,,,,,,,,,,,,,,,,,,,,,,,,,,,,,,,,,,,,,,,,,,,,,,,,,,,,,,,,,,To notice details of a picture that I was only shown for 1 second,did you notice if the object was inside or outside?,blue,6,,28,Female
P0232,122,TRUE,2/5/24 10:45,anonymous,EN,I consent.,0,0,1.112,0,No,Yes,Yes,Yes,Yes,Yes,Yes,Yes,No,0,0,1.006,0,Yes,No,Yes,Yes,No,Yes,Yes,Yes,No,,,,,,,,,,,,,,,,,,,,,,,,,,,,,,,,,,,,,,,,,,,,,,,,,,,,,,,,,,,,,,,,,,,,,,,,,,,,,,,,,,,,,,,,,,,,,,,,,,,,,,,,,,,,,,,,,,,,,,,,,,,,,0,0,1.111,0,,,,,,,,,Yes,Yes,No,Yes,No,Yes,Yes,Yes,No,seeing a picture for one second and noting what details I may or may not have noticed,did you notice the color of the bench,blue,6,,23,Male
P0233,152,TRUE,2/5/24 10:45,anonymous,EN,I consent.,0,0,1.026,0,Yes,Yes,Yes,Yes,Yes,Yes,Yes,Yes,Yes,0,0,1.02,0,Yes,Yes,Yes,Yes,Yes,No,Yes,Yes,No,,,,,,,,,,,,,,,,,0,0,1.027,0,Yes,Yes,Yes,No,No,No,No,Yes,Yes,,,,,,,,,,,,,,,,,,,,,,,,,,,,,,,,,,,,,,,,,,,,,,,,,,,,,,,,,,,,,,,,,,,,,,,,,,,,,,,,,,,,,,,,,,,,,,,,,,,,,,,,,,,,,,,,,,,,,To look at an image and see if I noticed certain details about it,Did you notice the shape of the table,blue,6,,49,Male
P0234,201,TRUE,2/5/24 10:45,anonymous,EN,I consent.,0,0,1.126,0,No,Yes,Yes,Yes,Yes,Yes,Yes,Yes,Yes,0,0,1.128,0,Yes,Yes,Yes,Yes,No,Yes,Yes,Yes,No,,,,,,,,,,,,,,,,,,,,,,,,,,,,,,,,,,,,,,,,,,,,,,,,,,,,,,,,,,,,,,,,,,,,,,,,,,,,,,,,,,,,,,,,,,,,,,,,,,,,,,,,,,,,,,,,,,,,,,,,,0,0,1.023,0,,,,,,,,,,,,,Yes,No,Yes,Yes,Yes,No,Yes,Yes,Yes,Recall details of images.,Did you notice the material of the object?,blue,6,,60,Male
P0235,197,TRUE,2/5/24 10:45,anonymous,EN,I consent.,0,0,1.016,0,No,Yes,Yes,Yes,No,Yes,Yes,No,Yes,0,0,1.01,0,Yes,Yes,No,Yes,No,No,Yes,Yes,No,,,,,,,,,,,,,,,,,,,,,,,,,,,,,,,,,,,,,,,,,,,,,,,,,,,,,,,,,,,,,,,,,,,,,,,,,,,,,,,,,,,,,,,,,,,,,,,,,,,,,,,,0,0,1.114,0,No,No,No,No,Yes,No,Yes,Yes,No,,,,,,,,,,,,,,,,,,,,,,,,,,,,,,I was to view an image for one second and answer whether I remembered certain aspects of the image. ,Do I remember the apparent age of the man in the photo. ,blue,6,,38,Male
P0236,252,TRUE,2/5/24 10:45,anonymous,EN,I consent.,0,0,1.111,0,Yes,Yes,Yes,Yes,Yes,Yes,Yes,Yes,Yes,0,0,1.112,0,Yes,Yes,Yes,Yes,No,No,Yes,Yes,No,,,,,,,,,,,,,,,,,,,,,,,,,,,,,,0,0,1.012,0,,,,,,,,,,,,,,,,,Yes,Yes,Yes,No,No,Yes,Yes,Yes,No,,,,,,,,,,,,,,,,,,,,,,,,,,,,,,,,,,,,,,,,,,,,,,,,,,,,,,,,,,,,,,,,,,,,,,,,,,,,,,,,,,,,,,,,To identify details of fast-flashing images.,Did you notice which hand the subject held the fruit in?,blue,6,,47,Male
P0237,199,TRUE,2/5/24 10:45,anonymous,EN,I consent.,0,0,1.011,0,Yes,Yes,Yes,Yes,Yes,No,Yes,Yes,Yes,0,0,1.117,0,No,Yes,No,Yes,No,Yes,Yes,Yes,No,,,,,,,,,,,,,,,,,,,,,,,,,,,,,,,,,,,,,,0,0,1.007,0,,,,,,,,,No,Yes,Yes,Yes,Yes,Yes,Yes,Yes,Yes,,,,,,,,,,,,,,,,,,,,,,,,,,,,,,,,,,,,,,,,,,,,,,,,,,,,,,,,,,,,,,,,,,,,,,,,,,,,,,,,,,,,,,,,I was shown a picture for one second and then answered questions about it.,Did you notice if the object was in motion?,Blue,6,,28,Non-binary / third gender
P0238,213,TRUE,2/5/24 10:45,anonymous,EN,I consent.,0,0,1.014,0,No,Yes,Yes,Yes,Yes,No,Yes,No,Yes,0,0,1.009,0,Yes,Yes,No,Yes,No,No,Yes,Yes,Yes,,,,,,,,,,,,,,,,,,,,,,,,,,,,,,,,,,,,,,,,,,,,,,,,,,,,,,,,,,,0,0,1.115,0,,,,,,,,,,,,,,,,,Yes,Yes,No,No,Yes,Yes,Yes,Yes,Yes,,,,,,,,,,,,,,,,,,,,,,,,,,,,,,,,,,,,,,,,,,,,,,,,,,,,,,,,,,,To look at an image for one second and to describe in a questionnaire what details we noticed in that image.,Did you notice the age of the person in the image,Blue,6,,38,Male
P0239,252,TRUE,2/5/24 10:46,anonymous,EN,I consent.,0,0,1.015,0,Yes,Yes,Yes,Yes,Yes,Yes,Yes,No,No,0,0,1.114,0,Yes,Yes,Yes,Yes,No,Yes,Yes,Yes,No,,,,,,,,,,,,,,,,,,,,,,,,,,,,,,,,,,,,,,,,,,,,,,0,0,1.01,0,Yes,Yes,No,Yes,Yes,No,Yes,Yes,Yes,,,,,,,,,,,,,,,,,,,,,,,,,,,,,,,,,,,,,,,,,,,,,,,,,,,,,,,,,,,,,,,,,,,,,,,,,,,,,,,,,,,,,,,,My task is to recall what I did and did not notice about an image that I viewed for one second.,Did you notice if there was a refrigerator in the image? ,Blue,6,Thanks!,32,Female
P0240,199,TRUE,2/5/24 10:46,anonymous,EN,I consent.,0,0,1.007,0,Yes,Yes,Yes,Yes,Yes,Yes,Yes,Yes,No,0,0,1.108,0,Yes,Yes,Yes,Yes,Yes,Yes,Yes,Yes,Yes,,,,,,,,,,,,,,,,,,,,,,,,,,,,,,,,,,,,,,,,,,,,,,,,,,,,,,,,,,,,,,,,,,,,,,,,,,,,,,,,,,,,,,,,,,,,0,0,1.007,0,,,,,,,,,,,,,Yes,No,No,No,Yes,Yes,Yes,Yes,Yes,,,,,,,,,,,,,,,,,,,,,,,,,,,,,,Look at a photo for one second and answer questions about details seen in the photo,Did you notice the material of the candle holder,blue,6,,24,Female
P0241,192,TRUE,2/5/24 10:46,anonymous,EN,I consent.,0,0,1.008,0,Yes,Yes,Yes,Yes,Yes,Yes,Yes,Yes,Yes,0,0,1.009,0,Yes,Yes,No,Yes,Yes,Yes,Yes,Yes,Yes,,,,,,,,,0,0,1.008,0,,,,,,,,,Yes,Yes,Yes,Yes,Yes,Yes,Yes,Yes,Yes,,,,,,,,,,,,,,,,,,,,,,,,,,,,,,,,,,,,,,,,,,,,,,,,,,,,,,,,,,,,,,,,,,,,,,,,,,,,,,,,,,,,,,,,,,,,,,,,,,,,,,,,,,,,,,,,,,,,,to view an image for 1 second and then answer whether you noticed certain details in the picture,Did you notice whether there was a refrigerator in the picture?,blue,6,no,28,Female
P0242,123,TRUE,2/5/24 10:46,anonymous,EN,I consent.,0,0,1.143,0,No,Yes,Yes,Yes,Yes,Yes,Yes,Yes,No,0,0,1.019,0,Yes,No,Yes,Yes,No,Yes,Yes,Yes,No,,,,,,,,,,,,,,,,,,,,,,,,,,,,,,0,0,1.027,0,,,,,,,,,,,,,,,,,Yes,Yes,Yes,No,No,No,Yes,Yes,Yes,,,,,,,,,,,,,,,,,,,,,,,,,,,,,,,,,,,,,,,,,,,,,,,,,,,,,,,,,,,,,,,,,,,,,,,,,,,,,,,,,,,,,,,,View an image for 1 second and answer whether I noticed certain details or not,What the fruit that the person was handling was,Blue,6,,22,Female
P0243,264,TRUE,2/5/24 10:46,anonymous,EN,I consent.,0,0,1.031,0,Yes,Yes,Yes,Yes,Yes,Yes,Yes,No,Yes,0,0,1.123,0,Yes,Yes,Yes,Yes,No,No,Yes,Yes,Yes,,,,,,,,,,,,,,,,,,,,,,,,,,,,,,,,,,,,,,0,0,1.025,0,,,,,,,,,Yes,Yes,Yes,No,No,No,No,Yes,Yes,,,,,,,,,,,,,,,,,,,,,,,,,,,,,,,,,,,,,,,,,,,,,,,,,,,,,,,,,,,,,,,,,,,,,,,,,,,,,,,,,,,,,,,,To report certain detail I noticed in pictures shown for 1 second,Did you notice whether the picture was taken indoors or outdoors,blue,6,,37,Male
P0244,165,TRUE,2/5/24 10:46,anonymous,EN,I consent.,0,0,1.005,0,Yes,Yes,Yes,No,No,Yes,Yes,Yes,Yes,0,0,1.008,0,Yes,Yes,Yes,Yes,Yes,No,Yes,Yes,Yes,,,,,,,,,,,,,,,,,0,0,1.107,0,Yes,Yes,Yes,Yes,Yes,Yes,Yes,No,Yes,,,,,,,,,,,,,,,,,,,,,,,,,,,,,,,,,,,,,,,,,,,,,,,,,,,,,,,,,,,,,,,,,,,,,,,,,,,,,,,,,,,,,,,,,,,,,,,,,,,,,,,,,,,,,,,,,,,,,See an image for 1 second and tell what I noticed.,Did I notice which way the object was moving.,Blue,6,,35,Male
P0245,227,TRUE,2/5/24 10:46,anonymous,EN,I consent.,0,0,1.11,0,No,Yes,Yes,Yes,Yes,Yes,Yes,Yes,Yes,0,0,1.014,0,Yes,Yes,Yes,Yes,Yes,Yes,Yes,Yes,No,,,,,,,,,,,,,0,0,1.007,0,,,,,Yes,Yes,No,Yes,Yes,Yes,No,Yes,Yes,,,,,,,,,,,,,,,,,,,,,,,,,,,,,,,,,,,,,,,,,,,,,,,,,,,,,,,,,,,,,,,,,,,,,,,,,,,,,,,,,,,,,,,,,,,,,,,,,,,,,,,,,,,,,,,,,,,,,I viewed an image for one second and answered yes or no questions about the image.,Did you notice the gender of the person?,blue,6,,32,Male
P0246,229,TRUE,2/5/24 10:46,anonymous,EN,I consent.,0,0,1.124,0,Yes,Yes,Yes,Yes,Yes,Yes,Yes,Yes,Yes,0,0,1.026,0,No,Yes,Yes,Yes,Yes,Yes,Yes,Yes,No,,,,,,,,,,,,,,,,,,,,,,,,,,,,,,,,,,,,,,,,,,,,,,,,,,,,,,,,,,,,,,,,,,,,,,,,,,,,,,,,,,,,,,,,,,,,,,,,,,,,,,,,,,,,,,,,,,,,,,,,,,,,,,,,,0,0,1.022,0,,,,,Yes,Yes,Yes,Yes,Yes,Yes,Yes,Yes,Yes,I viewed a photo for one second and answered questions about what I remembered about them.,Did you notice the color of the bench?,Blue,6,,25,Female
P0247,199,TRUE,2/5/24 10:46,anonymous,EN,I consent.,0,0,1.015,0,No,Yes,Yes,Yes,Yes,No,Yes,Yes,Yes,0,0,1.118,0,Yes,Yes,No,Yes,Yes,No,Yes,Yes,Yes,,,,,,,,,,,,,,,,,,,,,,,,,,,,,,,,,,,,,,,,,,,,,,,,,,,,,,,,,,,,,,,,,,,,,,,,,,,,,,,,,,,,,,,,,,,,,,,,,,,,,,,,,,,,,,,,,,,,,,,,,,,,,,,,,,,,,0,0,1.021,0,Yes,Yes,Yes,Yes,No,No,Yes,Yes,Yes,Observe an image for 1 second and answer questions regarding details of the image,Did you notice the color of the bench?,Blue,6,,52,Female
P0248,223,TRUE,2/5/24 10:46,anonymous,EN,I consent.,0,0,1.108,0,No,Yes,Yes,Yes,Yes,Yes,Yes,Yes,Yes,0,0,1.107,0,Yes,Yes,Yes,Yes,Yes,No,Yes,Yes,Yes,,,,,,,,,,,,,,,,,,,,,,,,,,,,,,,,,,,,,,,,,,,,,,,,,,,,,,,,,,,,,,,,,,,0,0,1.107,0,,,,,,,,,Yes,Yes,Yes,Yes,Yes,Yes,Yes,Yes,Yes,,,,,,,,,,,,,,,,,,,,,,,,,,,,,,,,,,,,,,,,,,,,,,,,,,,,,,,,,,,Answering yes or no questions about an image.,Did you notice the type of animal in the image.,blue,6,,34,Female
P0249,224,TRUE,2/5/24 10:46,anonymous,EN,I consent.,0,0,1.012,0,Yes,Yes,Yes,Yes,Yes,Yes,Yes,Yes,Yes,0,0,1.013,0,Yes,Yes,Yes,Yes,Yes,No,Yes,Yes,Yes,,,,,,,,,,,,,,,,,,,,,,,,,,,,,,,,,,,,,,,,,,,,,,,,,,,,,,,,,,,,,,,,,,,,,,,,,,,,,,,,,,,,,,,,,,,,,,,,,,,,,,,,0,0,1.014,0,Yes,Yes,Yes,Yes,Yes,Yes,Yes,Yes,Yes,,,,,,,,,,,,,,,,,,,,,,,,,,,,,,The task was about making decision on a image.,Did you notice the size of the candle?,Blue,6,No comments.,38,Male
P0250,286,TRUE,2/5/24 10:46,anonymous,EN,I consent.,0,0,1.008,0,No,Yes,Yes,Yes,Yes,Yes,Yes,Yes,No,0,0,1.007,0,Yes,Yes,Yes,Yes,Yes,No,Yes,Yes,Yes,,,,,,,,,,,,,,,,,,,,,,,,,,,,,,,,,,,,,,,,,,,,,,,,,,,,,,,,,,,,,,,,,,,,,,,,,,,,,,,,,,,,,,,,,,,,,,,,0,0,1.007,0,,,,,,,,,No,No,No,No,Yes,Yes,Yes,Yes,Yes,,,,,,,,,,,,,,,,,,,,,,,,,,,,,,Shown an image for 1 second and asked about things that did or did not appear in the image.,Did you notice what the person was lighting the candle with?,Blue,6,,43,Female
P0251,196,TRUE,2/5/24 10:46,anonymous,EN,I consent.,0,0,1.012,0,No,Yes,Yes,No,Yes,Yes,Yes,Yes,No,0,0,1.007,0,No,Yes,Yes,Yes,No,No,Yes,Yes,Yes,0,0,1.112,0,,,,,,,,,,,,,,,,,No,Yes,Yes,No,No,No,No,Yes,No,,,,,,,,,,,,,,,,,,,,,,,,,,,,,,,,,,,,,,,,,,,,,,,,,,,,,,,,,,,,,,,,,,,,,,,,,,,,,,,,,,,,,,,,,,,,,,,,,,,,,,,,,,,,,,,,,,,,,view an image for 1 second,did i notice their hair color,blue,6,,45,Male
P0252,123,TRUE,2/5/24 10:46,anonymous,EN,I consent.,0,0,1.009,0,No,Yes,Yes,Yes,Yes,Yes,Yes,Yes,Yes,0,0,1.108,0,Yes,Yes,Yes,Yes,No,Yes,Yes,Yes,Yes,,,,,,,,,,,,,,,,,,,,,,,,,,,,,,,,,,0,0,1.107,0,,,,,,,,,,,,,Yes,Yes,Yes,No,No,No,No,No,No,,,,,,,,,,,,,,,,,,,,,,,,,,,,,,,,,,,,,,,,,,,,,,,,,,,,,,,,,,,,,,,,,,,,,,,,,,,,,,,,,,,,,,,,Look at an image for 1 second and tell if I noticed certain details.,What kind of fruit was in the image?,Blue,6,,26,Female
P0253,110,TRUE,2/5/24 10:46,anonymous,EN,I consent.,0,0,1.014,0,No,Yes,Yes,Yes,Yes,No,Yes,Yes,Yes,0,0,1.01,0,No,No,Yes,Yes,No,Yes,Yes,No,No,,,,,,,,,,,,,,,,,,,,,,,,,,,,,,,,,,,,,,,,,,,,,,,,,,,,,,,,,,,,,,,,,,,,,,,,,,,,,,,,,,,,,,,,0,0,1.111,0,,,,,,,,,,,,,,,,,Yes,Yes,Yes,No,Yes,Yes,No,Yes,Yes,,,,,,,,,,,,,,,,,,,,,,,,,,,,,,Briefly look at image and see if you noticed certain aspects of it,Size of the candle,Blue,6,,35,Male
P0254,185,TRUE,2/5/24 10:47,anonymous,EN,I consent.,0,0,1.006,0,Yes,Yes,Yes,Yes,No,No,Yes,Yes,Yes,0,0,1.107,0,Yes,Yes,No,Yes,No,Yes,Yes,Yes,No,,,,,,,,,,,,,,,,,,,,,,,,,,,,,,,,,,,,,,,,,,0,0,1.006,0,,,,,Yes,Yes,Yes,Yes,Yes,Yes,Yes,Yes,Yes,,,,,,,,,,,,,,,,,,,,,,,,,,,,,,,,,,,,,,,,,,,,,,,,,,,,,,,,,,,,,,,,,,,,,,,,,,,,,,,,,,,,,,,,Saw a picture for 1 second and asked to say yes or no on details if I recalled seeing them,Did you notice the left or right hand holding the fruit?,Blue,6,,30,Male
P0255,161,TRUE,2/5/24 10:47,anonymous,EN,I consent.,0,0,1.112,0,Yes,Yes,Yes,Yes,Yes,Yes,Yes,Yes,Yes,0,0,1.011,0,Yes,Yes,Yes,Yes,Yes,Yes,Yes,Yes,Yes,,,,,,,,,,,,,,,,,,,,,,,,,,,,,,,,,,,,,,,,,,,,,,,,,,,,,,,,,,,,,,,,,,,,,,,,,,,,,,,,,,,,,,,,,,,,,,,,,,,,,,,,,,,,,,,,,,,,,,,,,0,0,1.01,0,,,,,,,,,,,,,Yes,Yes,Yes,Yes,Yes,Yes,Yes,Yes,Yes,Notice the details about an image after 1 second,The color of the shoe,Blue,6,,47,Male
P0256,137,TRUE,2/5/24 10:47,anonymous,EN,I consent.,0,0,2.878,0,Yes,Yes,Yes,Yes,Yes,Yes,Yes,Yes,Yes,0,0,1.006,0,Yes,Yes,Yes,Yes,Yes,Yes,Yes,No,Yes,,,,,,,,,,,,,,,,,,,,,,,,,,,,,,,,,,,,,,,,,,,,,,,,,,,,,,,,,,,,,,,,,,,,,,,0,0,1.006,0,,,,,Yes,Yes,Yes,No,Yes,Yes,No,Yes,Yes,,,,,,,,,,,,,,,,,,,,,,,,,,,,,,,,,,,,,,,,,,,,,,,,,,,,,,,,,,,answered questions on images,did you noticed if people are in the frame,blue,6,,24,Male
P0257,602,TRUE,2/5/24 10:47,anonymous,EN,I consent.,0,0,1.009,0,Yes,Yes,Yes,Yes,Yes,Yes,Yes,No,No,0,0,1.113,0,Yes,Yes,No,Yes,Yes,Yes,Yes,Yes,No,,,,,,,,,,,,,,,,,,,,,,,,,,,,,,,,,,,,,,,,,,,,,,,,,,,,,,,,,,,,,,,,,,,0,0,1.013,0,,,,,,,,,Yes,Yes,No,Yes,No,Yes,Yes,Yes,Yes,,,,,,,,,,,,,,,,,,,,,,,,,,,,,,,,,,,,,,,,,,,,,,,,,,,,,,,,,,,I was shown a image for one second. Then had to answer yes or no questions if I seen certain things in the image.,Could you tell what animal was in the image?,Blue.,6,,20,Female
P0258,238,TRUE,2/5/24 10:47,anonymous,EN,I consent.,0,0,1.12,0,Yes,Yes,Yes,Yes,Yes,No,Yes,No,Yes,0,0,1.01,0,Yes,Yes,Yes,Yes,Yes,Yes,Yes,Yes,Yes,,,,,0,0,1.009,0,,,,,,,,,,,,,Yes,Yes,Yes,Yes,Yes,Yes,No,Yes,Yes,,,,,,,,,,,,,,,,,,,,,,,,,,,,,,,,,,,,,,,,,,,,,,,,,,,,,,,,,,,,,,,,,,,,,,,,,,,,,,,,,,,,,,,,,,,,,,,,,,,,,,,,,,,,,,,,,,,,,Look briefly at a picture (1 second) and answer questions based on the detail that you noticed.,Did you notice the trajectory of the ball?,Blue,6,,23,Male
P0259,185,TRUE,2/5/24 10:47,anonymous,EN,I consent.,0,0,1.009,0,No,No,Yes,Yes,Yes,No,Yes,No,Yes,0,0,1.008,0,Yes,Yes,Yes,Yes,Yes,Yes,Yes,Yes,No,,,,,,,,,,,,,,,,,,,,,,,,,,,,,,,,,,,,,,,,,,,,,,,,,,,,,,,,,,,,,,,0,0,1.006,0,,,,,,,,,,,,,Yes,Yes,Yes,Yes,No,Yes,Yes,Yes,Yes,,,,,,,,,,,,,,,,,,,,,,,,,,,,,,,,,,,,,,,,,,,,,,,,,,,,,,,,,,,paying attention to detail in a picture we are briefly shown,If I noticed the pattern on the person's clothes,blue,6,none,26,Non-binary / third gender
P0260,220,TRUE,2/5/24 10:47,anonymous,EN,I consent.,0,0,1.021,0,Yes,Yes,No,Yes,Yes,Yes,Yes,Yes,Yes,0,0,1.024,0,Yes,Yes,Yes,Yes,Yes,Yes,Yes,No,Yes,,,,,,,,,,,,,,,,,,,,,,,,,,,,,,,,,,,,,,,,,,,,,,,,,,,,,,,,,,,,,,,,,,,,,,,,,,,0,0,1.124,0,Yes,No,Yes,Yes,Yes,Yes,Yes,Yes,Yes,,,,,,,,,,,,,,,,,,,,,,,,,,,,,,,,,,,,,,,,,,,,,,,,,,,,,,,,,,,1 second. After viewing each image,age,blue,6,no,29,Female
P0261,178,TRUE,2/5/24 10:47,anonymous,EN,I consent.,0,0,1.011,0,No,Yes,Yes,Yes,Yes,Yes,Yes,Yes,No,0,0,1.007,0,Yes,Yes,Yes,Yes,No,Yes,Yes,Yes,No,,,,,,,,,,,,,,,,,,,,,,,,,,,,,,,,,,,,,,,,,,,,,,,,,,,,,,,,,,,,,,,,,,,,,,,,,,,,,,,,,,,,,,,,0,0,1.008,0,,,,,,,,,,,,,,,,,No,No,No,Yes,Yes,No,Yes,Yes,Yes,,,,,,,,,,,,,,,,,,,,,,,,,,,,,,I looked at a picture for 1 second and had to say what details I noticed,Did you notice the size of the candle?,Blue,6,,25,Female
P0262,236,TRUE,2/5/24 10:47,anonymous,EN,I consent.,0,0,1.122,0,No,Yes,Yes,Yes,Yes,Yes,Yes,No,Yes,0,0,1.114,0,No,No,No,No,No,No,Yes,No,No,,,,,,,,,,,,,,,,,,,,,,,,,,,,,,,,,,,,,,,,,,,,,,,,,,,,,,,,,,,,,,,0,0,1.013,0,,,,,,,,,,,,,Yes,Yes,No,No,No,Yes,Yes,Yes,No,,,,,,,,,,,,,,,,,,,,,,,,,,,,,,,,,,,,,,,,,,,,,,,,,,,,,,,,,,,Examine images and report whether I noticed certain details ,Did you notice the person's build,Blue,6,,36,Female
P0263,358,TRUE,2/5/24 10:47,anonymous,EN,I consent.,0,0,1.115,0,No,Yes,Yes,Yes,Yes,No,Yes,No,No,0,0,1.114,0,Yes,Yes,Yes,Yes,No,No,Yes,No,No,,,,,,,,,,,,,,,,,,,,,,,,,,,,,,,,,,,,,,,,,,,,,,,,,,,,,,,,,,,,,,,,,,,,,,,,,,,,,,,,,,,,,,,,,,,,,,,,,,,,,,,,,,,,,,,,,,,,,,,,,,,,,0,0,1.013,0,,,,,,,,,Yes,No,Yes,Yes,No,No,Yes,Yes,Yes,To view an image for 1 second and then answer some questions.,If I noticed the apparent age of the girl in the image.,blue,6,,37,Male
P0264,106,TRUE,2/5/24 10:47,anonymous,EN,I consent.,0,0,1.107,0,No,Yes,Yes,Yes,Yes,No,Yes,No,No,0,0,1.008,0,Yes,Yes,No,Yes,No,Yes,Yes,Yes,Yes,,,,,,,,,,,,,,,,,,,,,,,,,,,,,,,,,,,,,,,,,,,,,,,,,,,,,,,,,,,0,0,1.009,0,,,,,,,,,,,,,,,,,No,Yes,No,Yes,Yes,Yes,Yes,Yes,Yes,,,,,,,,,,,,,,,,,,,,,,,,,,,,,,,,,,,,,,,,,,,,,,,,,,,,,,,,,,,look at pictures for one second to see what I could remember,Do i remember the color of certain objects,blue,6,,24,Male
P0265,167,TRUE,2/5/24 10:48,anonymous,EN,I consent.,0,0,1.124,0,No,Yes,Yes,Yes,Yes,Yes,Yes,Yes,No,0,0,1.027,0,Yes,Yes,Yes,Yes,Yes,No,Yes,Yes,No,0,0,1.025,0,,,,,,,,,,,,,,,,,Yes,Yes,No,No,Yes,Yes,No,Yes,Yes,,,,,,,,,,,,,,,,,,,,,,,,,,,,,,,,,,,,,,,,,,,,,,,,,,,,,,,,,,,,,,,,,,,,,,,,,,,,,,,,,,,,,,,,,,,,,,,,,,,,,,,,,,,,,,,,,,,,,"I was shown a picture for 1 second, and then I was asked whether or not I remembered certain details about the picture.",Did you notice the height of the person?,Blue,6,,27,Male
P0266,521,TRUE,2/5/24 10:48,anonymous,EN,I consent.,0,0,1.013,0,Yes,Yes,Yes,Yes,Yes,No,Yes,Yes,No,0,0,1.014,0,No,Yes,No,Yes,Yes,No,Yes,Yes,No,,,,,,,,,,,,,,,,,,,,,,,,,,,,,,,,,,,,,,,,,,,,,,,,,,,,,,,,,,,,,,,,,,,,,,,,,,,,,,,,,,,,,,,,,,,,,,,,,,,,0,0,1.014,0,,,,,Yes,Yes,Yes,No,Yes,Yes,Yes,Yes,Yes,,,,,,,,,,,,,,,,,,,,,,,,,,,,,,see an image for 1 second then answer questions honestly on what you observed,did you see which hand (left/right) lit the candle?,blue,6,,72,Female
P0267,324,TRUE,2/5/24 10:48,anonymous,EN,I consent.,0,0,1.106,0,Yes,Yes,Yes,Yes,Yes,Yes,Yes,Yes,No,0,0,1.005,0,Yes,Yes,Yes,Yes,Yes,Yes,Yes,Yes,No,,,,,,,,,,,,,,,,,,,,,,,,,,,,,,,,,,,,,,,,,,,,,,,,,,,,,,,,,,,,,,,,,,,,,,,,,,,,,,,,,,,,,,,,,,,,,,,,,,,,,,,,,,,,,,,,,,,,,0,0,1.109,0,,,,,,,,,,,,,,,,,Yes,No,No,Yes,Yes,Yes,Yes,Yes,Yes,To look at a photo for 1 second and answer questions about what I noticed in the photo,Did I notice what color was the bench the man was sitting on?,blue,6,,26,Female
P0269,274,TRUE,2/5/24 10:48,anonymous,EN,I consent.,0,0,1.02,0,Yes,Yes,Yes,Yes,No,No,Yes,Yes,Yes,0.075,0.982,1.012,2,Yes,Yes,Yes,Yes,No,Yes,Yes,Yes,No,,,,,,,,,,,,,,,,,,,,,,,,,,,,,,,,,,,,,,,,,,,,,,,,,,,,,,,,,,,,,,,,,,,,,,,,,,,,,,,,,,,,,,,,,,,,,,,,,,,,0.476,0.476,1.013,1,,,,,Yes,No,Yes,No,Yes,Yes,Yes,Yes,No,,,,,,,,,,,,,,,,,,,,,,,,,,,,,,"I was shown an image for one second, and had to answer questions about certain details within the image. ",Did I notice the apparent age of the person?,Blue,6,,29,Male
P0270,203,TRUE,2/5/24 10:48,anonymous,EN,I consent.,0,0,1.006,0,No,Yes,Yes,Yes,No,Yes,Yes,No,No,0,0,1.111,0,Yes,Yes,Yes,No,No,No,Yes,No,Yes,,,,,0,0,1.007,0,,,,,,,,,,,,,Yes,Yes,Yes,Yes,No,No,No,Yes,Yes,,,,,,,,,,,,,,,,,,,,,,,,,,,,,,,,,,,,,,,,,,,,,,,,,,,,,,,,,,,,,,,,,,,,,,,,,,,,,,,,,,,,,,,,,,,,,,,,,,,,,,,,,,,,,,,,,,,,,A 1 sec image is shown and questions are given on what detail you noticed.,Did you notice if the object is indoors or outdoors?,blue,6,,26,Female
P0271,241,TRUE,2/5/24 10:48,anonymous,EN,I consent.,0,0,1.012,0,Yes,Yes,Yes,No,Yes,Yes,Yes,Yes,Yes,0,0,1.011,0,Yes,Yes,Yes,Yes,No,Yes,Yes,Yes,No,,,,,,,,,,,,,,,,,,,,,,,,,,,,,,,,,,,,,,,,,,,,,,,,,,,,,,,,,,,,,,,,,,,,,,,,,,,,,,,,,,,,,,,,,,,,,,,,,,,,,,,,,,,,,,,,,,,,,,,,,,,,,,,,,0,0,1.005,0,,,,,Yes,Yes,No,Yes,No,Yes,Yes,Yes,Yes,Determine if I noticed certain details in scenery images that disappeared after one second of being on-screen.,Did you notice which shoe that man took off in the image?,blue,6,no comments,42,Male
P0272,113,TRUE,2/5/24 10:48,anonymous,EN,I consent.,0,0,1.111,0,No,Yes,Yes,Yes,Yes,Yes,Yes,Yes,No,0,0,1.007,0,Yes,Yes,Yes,Yes,No,Yes,Yes,Yes,No,,,,,,,,,,,,,0,0,1.008,0,,,,,Yes,Yes,Yes,Yes,Yes,Yes,No,Yes,Yes,,,,,,,,,,,,,,,,,,,,,,,,,,,,,,,,,,,,,,,,,,,,,,,,,,,,,,,,,,,,,,,,,,,,,,,,,,,,,,,,,,,,,,,,,,,,,,,,,,,,,,,,,,,,,,,,,,,,,I had to recall image details after only seeing the image for 1 second.,Do you remember the color of the ball?,blue,6,,30,Female
P0273,1013,TRUE,2/5/24 10:48,anonymous,EN,I consent.,0,0,1.108,0,Yes,Yes,Yes,Yes,Yes,Yes,Yes,Yes,No,0,0,1.108,0,Yes,Yes,Yes,Yes,Yes,Yes,Yes,Yes,Yes,,,,,,,,,,,,,,,,,,,,,,,,,,,,,,,,,,,,,,,,,,,,,,,,,,,,,,,,,,,,,,,,,,,,,,,,,,,,,,,,,,,,,,,,,,,,,,,,,,,,,,,,,,,,,,,,,,,,,,,,,,,,,,,,,,,,,0,0,1.006,0,No,Yes,Yes,Yes,No,No,Yes,Yes,Yes,"I saw a few secondsof a picutre, then answered questions about it.",I was asked if  noticed the color of an object,blue,6,,26,Male
P0274,162,TRUE,2/5/24 10:48,anonymous,EN,I consent.,0,0,1.027,0,Yes,Yes,Yes,Yes,Yes,Yes,Yes,Yes,Yes,0,0,1.019,0,Yes,Yes,Yes,Yes,Yes,Yes,Yes,Yes,Yes,,,,,,,,,,,,,,,,,,,,,,,,,,,,,,0,0,1.026,0,,,,,,,,,,,,,,,,,Yes,Yes,Yes,No,No,No,Yes,Yes,Yes,,,,,,,,,,,,,,,,,,,,,,,,,,,,,,,,,,,,,,,,,,,,,,,,,,,,,,,,,,,,,,,,,,,,,,,,,,,,,,,,,,,,,,,,View an image for 1 second and answer questions about it.,Did you notice the physique of the person?,Blue,6,,23,Non-binary / third gender
P0275,368,TRUE,2/5/24 10:48,anonymous,EN,I consent.,0,0,1.008,0,No,Yes,Yes,Yes,Yes,Yes,Yes,Yes,Yes,0,0,1.011,0,Yes,Yes,Yes,Yes,Yes,Yes,Yes,Yes,No,,,,,,,,,,,,,,,,,0,0,1.012,0,Yes,Yes,Yes,Yes,Yes,Yes,Yes,Yes,Yes,,,,,,,,,,,,,,,,,,,,,,,,,,,,,,,,,,,,,,,,,,,,,,,,,,,,,,,,,,,,,,,,,,,,,,,,,,,,,,,,,,,,,,,,,,,,,,,,,,,,,,,,,,,,,,,,,,,,,"I was asked to looked at an image for 1 second, and asked questions about what I recalled seeing.",Did I notice the gender of the person in the picture.,blue,6,No,44,Female
P0276,180,TRUE,2/5/24 10:48,anonymous,EN,I consent.,0,0,1.006,0,No,Yes,Yes,Yes,Yes,Yes,Yes,Yes,Yes,0,0,1.007,0,Yes,Yes,Yes,Yes,Yes,Yes,Yes,Yes,No,,,,,,,,,,,,,,,,,,,,,,,,,,,,,,,,,,,,,,,,,,,,,,,,,,,,,,,,,,,,,,,,,,,,,,,,,,,,,,,,,,,,,,,,,,,,,,,,,,,,,,,,,,,,,,,,,,,,,,,,,,,,,,,,,,,,,0.587,0.587,1.007,1,Yes,Yes,No,Yes,No,Yes,Yes,Yes,No,look at a picture for 1 second and remember details about it,Did you notice the color of the bench,blue,6,,49,Female
P0277,193,TRUE,2/5/24 10:49,anonymous,EN,I consent.,0,0,1.009,0,Yes,Yes,Yes,Yes,Yes,Yes,Yes,Yes,Yes,0,0,1.011,0,Yes,Yes,Yes,Yes,No,Yes,Yes,Yes,No,,,,,,,,,,,,,,,,,,,,,,,,,,,,,,,,,,,,,,,,,,,,,,,,,,,,,,,,,,,,,,,,,,,,,,,,,,,,,,,,,,,,,,,,,,,,0,0,1.008,0,,,,,,,,,,,,,Yes,No,No,No,Yes,Yes,Yes,Yes,Yes,,,,,,,,,,,,,,,,,,,,,,,,,,,,,,"Seeing a picture for only one second, then determining what details I noticed in the image.",Did I notice if there was a cloud in the sky of an image?,blue,6,,20,Female
P0278,274,TRUE,2/5/24 10:49,anonymous,EN,I consent.,0,0,1.008,0,No,Yes,Yes,Yes,Yes,Yes,Yes,Yes,No,0,0,1.01,0,Yes,Yes,Yes,Yes,Yes,No,Yes,Yes,Yes,,,,,,,,,,,,,,,,,,,,,,,,,,,,,,,,,,,,,,,,,,,,,,,,,,,,,,,,,,,,,,,,,,,0,0,1.115,0,,,,,,,,,Yes,Yes,No,No,No,Yes,Yes,Yes,Yes,,,,,,,,,,,,,,,,,,,,,,,,,,,,,,,,,,,,,,,,,,,,,,,,,,,,,,,,,,,I looked at a photo for 1 second and answered questions about it.,Did I notice which hand she was using.,Blue,6,,52,Male
P0279,256,TRUE,2/5/24 10:49,anonymous,EN,I consent.,0,0,1.01,0,Yes,Yes,Yes,Yes,Yes,No,Yes,Yes,Yes,0,0,1.012,0,Yes,Yes,No,Yes,No,Yes,Yes,Yes,Yes,,,,,,,,,,,,,,,,,,,,,,,,,,,,,,,,,,,,,,,,,,,,,,,,,,,,,,,,,,,,,,,,,,,,,,,,,,,,,,,,,,,,,,,,,,,,,,,,,,,,,,,,,,,,,,,,,,,,,0,0,1.015,0,,,,,,,,,,,,,,,,,Yes,Yes,Yes,Yes,Yes,Yes,Yes,Yes,Yes,to briefly study a picture and then answer questions according to what you saw,Did I notice the color of the bench,blue,6,,67,Female
P0280,221,TRUE,2/5/24 10:49,anonymous,EN,I consent.,0,0,1.112,0,No,Yes,Yes,Yes,Yes,Yes,Yes,Yes,No,0,0,1.111,0,Yes,Yes,Yes,Yes,No,No,Yes,Yes,Yes,,,,,,,,,,,,,,,,,,,,,,,,,,,,,,,,,,,,,,,,,,,,,,,,,,,,,,,,,,,,,,,,,,,,,,,,,,,0,0,1.008,0,Yes,Yes,No,No,No,Yes,Yes,Yes,Yes,,,,,,,,,,,,,,,,,,,,,,,,,,,,,,,,,,,,,,,,,,,,,,,,,,,,,,,,,,,"i saw an image for a second and was asked questions about things i observed. there were two trials: a red ball on a beach, and a blue cube on a kitchen counter. the task was observing a lady feeding a giraffe.",did i notice which hand was used to feed the giraffe?,blue,6,,38,Male
P0281,188,TRUE,2/5/24 10:49,anonymous,EN,I consent.,0,0,1.107,0,No,Yes,Yes,Yes,Yes,Yes,Yes,Yes,No,0,0,1.107,0,Yes,Yes,Yes,Yes,Yes,Yes,Yes,Yes,No,,,,,,,,,,,,,0,0,1.007,0,,,,,Yes,Yes,Yes,Yes,No,Yes,No,Yes,Yes,,,,,,,,,,,,,,,,,,,,,,,,,,,,,,,,,,,,,,,,,,,,,,,,,,,,,,,,,,,,,,,,,,,,,,,,,,,,,,,,,,,,,,,,,,,,,,,,,,,,,,,,,,,,,,,,,,,,,look at an image and answer questions about what you notice.,did you notice the gender of the person?,blue,6,none,32,Male
P0282,189,TRUE,2/5/24 10:49,anonymous,EN,I consent.,0,0,1.021,0,No,Yes,Yes,No,Yes,No,Yes,Yes,No,0,0,1.02,0,Yes,Yes,Yes,Yes,No,No,Yes,No,No,,,,,0,0,1.116,0,,,,,,,,,,,,,No,Yes,Yes,Yes,No,No,No,Yes,Yes,,,,,,,,,,,,,,,,,,,,,,,,,,,,,,,,,,,,,,,,,,,,,,,,,,,,,,,,,,,,,,,,,,,,,,,,,,,,,,,,,,,,,,,,,,,,,,,,,,,,,,,,,,,,,,,,,,,,,Look at an image for 1 second and answer questions about it after,Did you notice the shape of the table,Blue,6,,30,Female
P0283,283,TRUE,2/5/24 10:49,anonymous,EN,I consent.,0,0,1.01,0,No,Yes,Yes,Yes,Yes,Yes,Yes,Yes,No,0,0,1.014,0,No,Yes,Yes,Yes,Yes,No,Yes,Yes,Yes,,,,,,,,,,,,,,,,,,,,,,,,,,,,,,,,,,,,,,,,,,,,,,,,,,,,,,,,,,,,,,,,,,,,,,,,,,,,,,,,,,,,,,,,,,,,,,,,,,,,,,,,0,0,1.006,0,No,Yes,No,No,Yes,No,Yes,Yes,Yes,,,,,,,,,,,,,,,,,,,,,,,,,,,,,,I was asked to view an image for 1 second and answer yes/no questions about what I saw.,Did you notice the apparent age of the person?,blue,6,,51,Female
P0284,187,TRUE,2/5/24 10:49,anonymous,EN,I consent.,0,0,1.012,0,Yes,Yes,Yes,Yes,Yes,Yes,Yes,Yes,Yes,0,0,1.122,0,Yes,Yes,Yes,Yes,No,Yes,Yes,Yes,No,,,,,,,,,,,,,,,,,,,,,,,,,,,,,,,,,,,,,,,,,,,,,,,,,,,,,,,,,,,,,,,,,,,0,0,1.116,0,,,,,,,,,Yes,Yes,No,Yes,No,Yes,Yes,Yes,Yes,,,,,,,,,,,,,,,,,,,,,,,,,,,,,,,,,,,,,,,,,,,,,,,,,,,,,,,,,,,View a pic for a second and answer questions related to it,Did you notice what hand the food was in,Blie,6,,44,Female
P0285,201,TRUE,2/5/24 10:49,anonymous,EN,I consent.,0,0,1.02,0,No,Yes,Yes,Yes,Yes,Yes,Yes,Yes,Yes,0.677,0.677,1.117,1,Yes,Yes,Yes,Yes,Yes,Yes,Yes,Yes,Yes,,,,,,,,,,,,,,,,,,,,,,,,,,,,,,,,,,,,,,,,,,,,,,,,,,,,,,,,,,,,,,,,,,,,,,,,,,,,,,,,,,,,,,,,,,,,,,,,,,,,,,,,,,,,,,,,,,,,,,,,,0.691,0.691,1.018,1,,,,,,,,,,,,,No,Yes,No,Yes,Yes,No,Yes,Yes,No,"Look at an image for one second, then answer questions about whether I noticed certain things in the image.",Did I notice whether a person was sitting or standing in the image?,Blue,6,,21,Female
P0286,212,TRUE,2/5/24 10:49,anonymous,EN,I consent.,0,0,1.112,0,Yes,Yes,Yes,Yes,No,No,Yes,Yes,No,0,0,1.007,0,Yes,Yes,Yes,Yes,No,Yes,Yes,Yes,No,,,,,,,,,,,,,,,,,,,,,,,,,,,,,,,,,,,,,,,,,,,,,,,,,,,,,,,,,,,,,,,,,,,,,,,,,,,,,,,,,,,,,,,,,,,,0,0,1.005,0,,,,,,,,,,,,,No,No,No,No,Yes,Yes,Yes,Yes,Yes,,,,,,,,,,,,,,,,,,,,,,,,,,,,,,pick details of briefly shown photo,did you notice a person in the picture,blue,6,,70,Male
P0287,295,TRUE,2/5/24 10:49,anonymous,EN,I consent.,0,0,1.011,0,No,Yes,Yes,Yes,Yes,Yes,Yes,Yes,Yes,0,0,1.007,0,Yes,Yes,Yes,Yes,No,No,Yes,Yes,Yes,,,,,,,,,,,,,,,,,,,,,,,,,,,,,,,,,,,,,,,,,,,,,,,,,,,,,,,,,,,,,,,,,,,,,,,,,,,,,,,,,,,,,,,,,,,,,,,,,,,,,,,,,,,,,,,,,,,,,,,,,,,,,,,,,,,,,0,0,1.012,0,Yes,No,Yes,Yes,Yes,Yes,Yes,Yes,Yes,To remember details after viewing a picture for one second,Was the person wearing socks,blue,6,,66,Female
P0288,199,TRUE,2/5/24 10:49,anonymous,EN,I consent.,0,0,1.007,0,No,Yes,Yes,Yes,Yes,Yes,Yes,Yes,Yes,0,0,1.005,0,No,Yes,Yes,Yes,No,No,Yes,Yes,Yes,,,,,,,,,,,,,,,,,,,,,,,,,,,,,,,,,,,,,,,,,,,,,,,,,,,,,,,,,,,0,0,1.115,0,,,,,,,,,,,,,,,,,No,Yes,No,No,No,Yes,Yes,Yes,Yes,,,,,,,,,,,,,,,,,,,,,,,,,,,,,,,,,,,,,,,,,,,,,,,,,,,,,,,,,,,To remember details of a picture shown to us for 1 second,Did you notice the color of the object?,blue,6,,50,Female
P0289,251,TRUE,2/5/24 10:49,anonymous,EN,I consent.,0,0,1.108,0,Yes,Yes,Yes,Yes,Yes,Yes,Yes,Yes,No,0,0,1.108,0,Yes,Yes,Yes,Yes,Yes,Yes,Yes,Yes,No,,,,,,,,,,,,,,,,,,,,,,,,,,,,,,,,,,,,,,,,,,0,0,1.007,0,,,,,Yes,Yes,No,Yes,No,Yes,Yes,Yes,Yes,,,,,,,,,,,,,,,,,,,,,,,,,,,,,,,,,,,,,,,,,,,,,,,,,,,,,,,,,,,,,,,,,,,,,,,,,,,,,,,,,,,,,,,,to observe the details and say yes or no to what we saw in the picture,Did you see a refrigerator?,blue,6,just thank you for a fun study!,75,Female
P0290,474,TRUE,2/5/24 10:49,anonymous,EN,I consent.,0,0,1.016,0,No,No,Yes,Yes,No,Yes,Yes,Yes,Yes,0,0,1.006,0,No,Yes,Yes,Yes,No,Yes,Yes,Yes,Yes,,,,,,,,,,,,,,,,,,,,,,,,,,,,,,,,,,,,,,0,0,1.016,0,,,,,,,,,No,Yes,No,Yes,No,Yes,Yes,Yes,Yes,,,,,,,,,,,,,,,,,,,,,,,,,,,,,,,,,,,,,,,,,,,,,,,,,,,,,,,,,,,,,,,,,,,,,,,,,,,,,,,,,,,,,,,,To remember as many details as possible in one second.,The size of the fruit being put in the bag.,blue,6,,57,Male
P0291,260,TRUE,2/5/24 10:49,anonymous,EN,I consent.,0,0,1.013,0,Yes,Yes,Yes,Yes,Yes,Yes,Yes,Yes,No,0,0,1.014,0,No,Yes,Yes,Yes,No,Yes,Yes,Yes,No,,,,,,,,,,,,,,,,,,,,,,,,,,,,,,,,,,0,0,1.119,0,,,,,,,,,,,,,Yes,Yes,No,Yes,No,No,No,No,Yes,,,,,,,,,,,,,,,,,,,,,,,,,,,,,,,,,,,,,,,,,,,,,,,,,,,,,,,,,,,,,,,,,,,,,,,,,,,,,,,,,,,,,,,,I looked at a picture for 1 second and answered yes or no questions about it,Did you notice the type of fruit the person was putting in the bag,blue,6,,23,Male
P0292,287,TRUE,2/5/24 10:50,anonymous,EN,I consent.,0,0,1.11,0,Yes,Yes,Yes,Yes,Yes,Yes,Yes,No,No,0,0,1.113,0,Yes,Yes,Yes,Yes,No,No,Yes,Yes,No,,,,,,,,,,,,,,,,,,,,,,,,,,,,,,,,,,,,,,,,,,,,,,0,0,1.014,0,Yes,Yes,Yes,Yes,No,Yes,Yes,Yes,Yes,,,,,,,,,,,,,,,,,,,,,,,,,,,,,,,,,,,,,,,,,,,,,,,,,,,,,,,,,,,,,,,,,,,,,,,,,,,,,,,,,,,,,,,,"I saw a picture for one second, then I answered questions about what I noticed in the picture.",Did you notice the apparent age of the person in the photo?,Blue,6,,54,Female
P0293,430,TRUE,2/5/24 10:50,anonymous,EN,I consent.,0,0,1.011,0,No,Yes,Yes,Yes,Yes,Yes,Yes,Yes,Yes,0,0,1.007,0,Yes,Yes,No,Yes,No,No,Yes,Yes,Yes,,,,,,,,,,,,,,,,,,,,,,,,,,,,,,,,,,,,,,,,,,,,,,,,,,,,,,,,,,,,,,,,,,,,,,,0,0,1.011,0,,,,,Yes,Yes,Yes,Yes,No,Yes,No,Yes,Yes,,,,,,,,,,,,,,,,,,,,,,,,,,,,,,,,,,,,,,,,,,,,,,,,,,,,,,,,,,,view an image for one second and answer questions about that image afterwards,Did you notice if the object was indoors or outdoors?,blue,6,,48,Female
P0294,270,TRUE,2/5/24 10:50,anonymous,EN,I consent.,0,0,1.01,0,Yes,Yes,Yes,Yes,Yes,Yes,Yes,No,Yes,0,0,1.01,0,Yes,Yes,Yes,Yes,No,Yes,Yes,Yes,No,,,,,,,,,,,,,,,,,,,,,,,,,,,,,,,,,,0,0,1.009,0,,,,,,,,,,,,,Yes,Yes,Yes,Yes,Yes,Yes,Yes,Yes,No,,,,,,,,,,,,,,,,,,,,,,,,,,,,,,,,,,,,,,,,,,,,,,,,,,,,,,,,,,,,,,,,,,,,,,,,,,,,,,,,,,,,,,,,"My task was to look at a picture for 1 second, and answer questions based on what I saw in said picture.",Did I notice if there were clouds in the sky.,Blue,6,Thank you for allowing me to participate!,33,Male
P0295,421,TRUE,2/5/24 10:50,anonymous,EN,I consent.,0,0,1.006,0,No,Yes,Yes,Yes,Yes,Yes,Yes,Yes,Yes,0,0,1.007,0,Yes,Yes,Yes,Yes,No,No,Yes,Yes,Yes,,,,,,,,,0,0,1.106,0,,,,,,,,,Yes,Yes,Yes,Yes,No,No,No,Yes,Yes,,,,,,,,,,,,,,,,,,,,,,,,,,,,,,,,,,,,,,,,,,,,,,,,,,,,,,,,,,,,,,,,,,,,,,,,,,,,,,,,,,,,,,,,,,,,,,,,,,,,,,,,,,,,,,,,,,,,,My task was to look at an image for 1 second and answer questions about what I observed. ,"I was asked questions such as ""did you notice the gender of the person"", ""did you notice the color of the ball?"", and ""did you notice the trajectory of the ball?""",Blue,6,I enjoyed the study and didn't experience any issues.,25,Male
P0296,170,TRUE,2/5/24 10:50,anonymous,EN,I consent.,0,0,1.019,0,No,Yes,Yes,No,Yes,Yes,Yes,Yes,Yes,0,0,1.023,0,Yes,Yes,Yes,Yes,No,Yes,Yes,Yes,No,,,,,,,,,,,,,,,,,,,,,,,,,,,,,,,,,,,,,,,,,,,,,,,,,,,,,,,,,,,,,,,,,,,,,,,,,,,0,0,1.023,0,Yes,Yes,No,Yes,Yes,Yes,Yes,Yes,No,,,,,,,,,,,,,,,,,,,,,,,,,,,,,,,,,,,,,,,,,,,,,,,,,,,,,,,,,,,I was asked to view an image for one second and then answer questions about the image.,Did you notice the pattern of the object?,Blue,6,,36,Male
P0297,212,TRUE,2/5/24 10:50,anonymous,EN,I consent.,0,0,1.022,0,No,Yes,Yes,Yes,No,Yes,Yes,Yes,No,0,0,1.02,0,Yes,Yes,Yes,Yes,No,No,Yes,Yes,No,,,,,,,,,0,0,1.025,0,,,,,,,,,No,Yes,Yes,Yes,No,No,No,Yes,Yes,,,,,,,,,,,,,,,,,,,,,,,,,,,,,,,,,,,,,,,,,,,,,,,,,,,,,,,,,,,,,,,,,,,,,,,,,,,,,,,,,,,,,,,,,,,,,,,,,,,,,,,,,,,,,,,,,,,,,answering questions about pictures,did you notice the color of the table,blue,6,,40,Male
P0298,220,TRUE,2/5/24 10:50,anonymous,EN,I consent.,0,0,1.007,0,Yes,Yes,Yes,Yes,Yes,Yes,Yes,Yes,Yes,0,0,1.114,0,Yes,Yes,Yes,Yes,Yes,Yes,Yes,Yes,Yes,,,,,,,,,,,,,,,,,,,,,,,,,,,,,,,,,,,,,,,,,,,,,,,,,,,,,,,,,,,,,,,,,,,,,,,,,,,,,,,,,,,,,,,,,,,,,,,,,,,,,,,,,,,,,,,,,,,,,0,0,1.105,0,,,,,,,,,,,,,,,,,Yes,Yes,No,Yes,Yes,No,Yes,Yes,Yes,My task was to view an image for one second and then answer questions about whether or not I noticed certain aspects of the image.,Did you notice which shoe (the left or the right) the person took off? Yes/No,Blue,6,,38,Male
P0299,179,TRUE,2/5/24 10:50,anonymous,EN,I consent.,0,0,1.008,0,Yes,Yes,Yes,Yes,Yes,Yes,Yes,Yes,Yes,0,0,1.108,0,Yes,Yes,Yes,Yes,Yes,Yes,Yes,Yes,Yes,,,,,,,,,,,,,,,,,,,,,,,,,,,,,,0,0,1.006,0,,,,,,,,,,,,,,,,,Yes,Yes,Yes,Yes,No,Yes,Yes,Yes,Yes,,,,,,,,,,,,,,,,,,,,,,,,,,,,,,,,,,,,,,,,,,,,,,,,,,,,,,,,,,,,,,,,,,,,,,,,,,,,,,,,,,,,,,,,Answers questions after viewing a picture for one second.,Did I notice if it was indoors or outdoors?,blue,6,,52,Female
P0300,241,TRUE,2/5/24 10:50,anonymous,EN,I consent.,0,0,1.011,0,No,Yes,Yes,Yes,Yes,Yes,Yes,Yes,Yes,0,0,1.116,0,Yes,Yes,Yes,Yes,Yes,No,Yes,Yes,No,,,,,,,,,,,,,,,,,,,,,,,,,,,,,,,,,,,,,,,,,,,,,,,,,,,,,,,,,,,,,,,,,,,,,,,,,,,,,,,,,,,,,,,,,,,,,,,,,,,,,,,,,,,,,,,,,,,,,,,,,,,,,,,,,0,0,1.013,0,,,,,Yes,Yes,Yes,Yes,Yes,Yes,Yes,Yes,Yes,"I was shown a picture for one second, then asked questions about details I may or may not have noticed in the picture.",Did I notice is the person the bench was wearing socks.,blue,6,,68,Male
P0301,169,TRUE,2/5/24 10:50,anonymous,EN,I consent.,0,0,1.121,0,No,Yes,Yes,No,Yes,Yes,Yes,No,Yes,0,0,1.006,0,No,Yes,Yes,Yes,No,Yes,Yes,Yes,Yes,,,,,,,,,,,,,,,,,,,,,,,,,,,,,,,,,,,,,,,,,,0,0,1.006,0,,,,,No,No,No,No,No,No,Yes,Yes,Yes,,,,,,,,,,,,,,,,,,,,,,,,,,,,,,,,,,,,,,,,,,,,,,,,,,,,,,,,,,,,,,,,,,,,,,,,,,,,,,,,,,,,,,,,"Noticing size, color etc of objects",Notice an objects color,Blue,6,,45,Female
P0302,167,TRUE,2/5/24 10:50,anonymous,EN,I consent.,0,0,1.006,0,Yes,Yes,Yes,Yes,Yes,Yes,Yes,No,Yes,0,0,1.106,0,Yes,Yes,Yes,Yes,Yes,Yes,Yes,Yes,No,,,,,,,,,,,,,,,,,,,,,,,,,,,,,,,,,,,,,,,,,,,,,,,,,,,,,,,,,,,,,,,,,,,,,,,0,0,1.008,0,,,,,Yes,Yes,No,Yes,Yes,Yes,Yes,Yes,Yes,,,,,,,,,,,,,,,,,,,,,,,,,,,,,,,,,,,,,,,,,,,,,,,,,,,,,,,,,,,Answer is you noticed a certain attribute about a picture,Which hand the person was using.,Blue,6,no,37,Male
P0303,214,TRUE,2/5/24 10:50,anonymous,EN,I consent.,0,0,1.016,0,No,Yes,Yes,Yes,Yes,Yes,Yes,Yes,Yes,0,0,1.012,0,Yes,Yes,Yes,Yes,Yes,Yes,Yes,Yes,No,0,0,1.112,0,,,,,,,,,,,,,,,,,No,Yes,Yes,Yes,Yes,Yes,Yes,Yes,Yes,,,,,,,,,,,,,,,,,,,,,,,,,,,,,,,,,,,,,,,,,,,,,,,,,,,,,,,,,,,,,,,,,,,,,,,,,,,,,,,,,,,,,,,,,,,,,,,,,,,,,,,,,,,,,,,,,,,,,See images for 1 second and then answer questions about the details ,Did you notice the color of the ball?,Blue,6,,23,Female
P0304,425,TRUE,2/5/24 10:50,anonymous,EN,I consent.,0,0,1.014,0,No,Yes,Yes,Yes,Yes,No,Yes,No,No,0,0,1.009,0,Yes,Yes,Yes,Yes,No,Yes,Yes,Yes,No,,,,,,,,,,,,,,,,,,,,,,,,,,,,,,,,,,,,,,,,,,,,,,,,,,,,,,,,,,,,,,,,,,,,,,,,,,,,,,,,,,,,,,,,,,,,,,,,,,,,0,0,1.121,0,,,,,Yes,Yes,Yes,No,Yes,Yes,No,Yes,No,,,,,,,,,,,,,,,,,,,,,,,,,,,,,,asked to say what i noticed after seeing a picture for 1 second,Did you notice what color the object was,blue,6,,37,Female
P0305,255,TRUE,2/5/24 10:50,anonymous,EN,I consent.,0,0,1.109,0,No,Yes,Yes,Yes,No,No,Yes,Yes,No,0,0,1.106,0,Yes,Yes,Yes,Yes,Yes,No,Yes,Yes,No,,,,,,,,,,,,,,,,,,,,,,,,,,,,,,,,,,,,,,,,,,,,,,,,,,,,,,,,,,,,,,,,,,,,,,,,,,,,,,,,,,,,,,,,0,0,1.006,0,,,,,,,,,,,,,,,,,Yes,Yes,Yes,No,Yes,Yes,Yes,Yes,Yes,,,,,,,,,,,,,,,,,,,,,,,,,,,,,,document how much detail you could observe in an image in one second,Did you notice which hand was used to light the candle?,blue,6,,29,Female
P0306,219,TRUE,2/5/24 10:50,anonymous,EN,I consent.,0,0,1.013,0,Yes,Yes,Yes,Yes,Yes,Yes,Yes,Yes,Yes,0,0,1.012,0,Yes,Yes,Yes,Yes,Yes,No,Yes,No,Yes,,,,,,,,,,,,,,,,,,,,,,,,,,,,,,,,,,,,,,,,,,,,,,,,,,,,,,,,,,,,,,,,,,,,,,,,,,,,,,,,,,,,,,,,,,,,,,,,,,,,,,,,,,,,,,,,,,,,,,,,,0,0,1.008,0,,,,,,,,,,,,,Yes,No,Yes,Yes,No,No,Yes,Yes,Yes,pictures shown for 1 second and I had to recall what i noticed.,Did you notice the size of the bench?,blue,6,,56,Female
P0307,227,TRUE,2/5/24 10:50,anonymous,EN,I consent.,0,0,1.119,0,No,Yes,Yes,Yes,Yes,Yes,Yes,No,No,0,0,1.121,0,No,Yes,Yes,Yes,No,Yes,Yes,Yes,No,,,,,,,,,,,,,,,,,,,,,,,,,,,,,,,,,,,,,,,,,,,,,,,,,,,,,,,,,,,,,,,,,,,,,,,,,,,,,,,,,,,,,,,,,,,,,,,,,,,,,,,,,,,,,,,,,,,,,,,,,,,,,0,0,1.011,0,,,,,,,,,Yes,No,No,Yes,Yes,No,Yes,Yes,Yes,look at an image for 1 second then answer whether you noticed certain aspects,did you notice the color of the object,blue,6,,27,Female
P0308,155,TRUE,2/5/24 10:50,anonymous,EN,I consent.,0,0,1.124,0,No,Yes,Yes,Yes,Yes,Yes,Yes,Yes,No,0,0,1.114,0,Yes,Yes,Yes,Yes,Yes,Yes,Yes,Yes,No,,,,,,,,,,,,,,,,,,,,,,,,,,,,,,,,,,,,,,,,,,,,,,,,,,,,,,,,,,,,,,,,,,,,,,,,,,,,,,,,,,,,,,,,,,,,,,,,,,,,0,0,1.11,0,,,,,Yes,Yes,No,No,Yes,Yes,No,Yes,Yes,,,,,,,,,,,,,,,,,,,,,,,,,,,,,,describing what I saw in a photo,Did I notice the material of the candle holder.,blue,6,,54,Male
P0310,223,TRUE,2/5/24 10:51,anonymous,EN,I consent.,0,0,1.019,0,No,Yes,Yes,Yes,Yes,No,Yes,Yes,Yes,0,0,1.028,0,Yes,Yes,Yes,Yes,No,No,Yes,Yes,Yes,,,,,,,,,,,,,0,0,1.125,0,,,,,Yes,Yes,Yes,Yes,Yes,Yes,Yes,No,Yes,,,,,,,,,,,,,,,,,,,,,,,,,,,,,,,,,,,,,,,,,,,,,,,,,,,,,,,,,,,,,,,,,,,,,,,,,,,,,,,,,,,,,,,,,,,,,,,,,,,,,,,,,,,,,,,,,,,,,paying attention to details of an image,did you notice the color of the ball,blue,6,,58,Female
P0311,267,TRUE,2/5/24 10:51,anonymous,EN,I consent.,0,0,1.02,0,No,Yes,Yes,Yes,No,No,Yes,Yes,No,0,0,1.022,0,No,Yes,No,Yes,No,No,Yes,No,Yes,,,,,,,,,,,,,,,,,,,,,,,,,,,,,,,,,,,,,,,,,,,,,,,,,,,,,,,,,,,,,,,,,,,,,,,,,,,,,,,,,,,,,,,,0,0,1.113,0,,,,,,,,,,,,,,,,,No,Yes,No,No,Yes,No,Yes,Yes,Yes,,,,,,,,,,,,,,,,,,,,,,,,,,,,,,View a photo for 1 second and then answer questions about the photo,Did you notice what the candle was being lit with?,blue,6,,50,Female
P0312,295,TRUE,2/5/24 10:51,anonymous,EN,I consent.,0,0,1.12,0,Yes,Yes,Yes,Yes,Yes,Yes,Yes,Yes,No,0,0,1.111,0,Yes,Yes,Yes,Yes,Yes,Yes,Yes,Yes,Yes,,,,,,,,,,,,,,,,,,,,,,,,,,,,,,,,,,,,,,,,,,,,,,,,,,,,,,,,,,,,,,,0,0,1.121,0,,,,,,,,,,,,,Yes,Yes,No,Yes,Yes,Yes,Yes,Yes,Yes,,,,,,,,,,,,,,,,,,,,,,,,,,,,,,,,,,,,,,,,,,,,,,,,,,,,,,,,,,,describe an object and its surroundings,where was the object sitting on,blue,6,,45,Male
P0313,250,TRUE,2/5/24 10:51,anonymous,EN,I consent.,0,0,1.005,0,No,Yes,Yes,Yes,Yes,No,Yes,Yes,Yes,0,0,1.006,0,Yes,Yes,Yes,Yes,Yes,No,Yes,Yes,Yes,,,,,,,,,,,,,,,,,,,,,,,,,,,,,,,,,,,,,,,,,,,,,,,,,,,,,,,,,,,,,,,,,,,,,,,,,,,,,,,,,,,,,,,,,,,,,,,,0,0,1.005,0,,,,,,,,,Yes,Yes,No,No,Yes,Yes,Yes,Yes,Yes,,,,,,,,,,,,,,,,,,,,,,,,,,,,,,I looked at a photo for 1 second and then answered questions on what I noticed form briefly looking at said photo,Did you notice the build/physique of the person in the photo? ,blue,6,Were those photos AI generated?,30,Male
P0314,322,TRUE,2/5/24 10:51,anonymous,EN,I consent.,0,0,1.117,0,Yes,No,Yes,No,Yes,Yes,Yes,Yes,Yes,0,0,1.018,0,Yes,Yes,Yes,Yes,Yes,Yes,Yes,No,Yes,,,,,,,,,,,,,,,,,,,,,,,,,,,,,,,,,,,,,,,,,,,,,,0,0,1.013,0,No,No,Yes,Yes,Yes,Yes,Yes,Yes,Yes,,,,,,,,,,,,,,,,,,,,,,,,,,,,,,,,,,,,,,,,,,,,,,,,,,,,,,,,,,,,,,,,,,,,,,,,,,,,,,,,,,,,,,,,I was to indicate if I noticed certain things after a one second view of an image,Did I notice if there was a refrigerator,blue,6,thanks and be well!,53,Female
P0315,257,TRUE,2/5/24 10:51,anonymous,EN,I consent.,0,0,1.008,0,No,Yes,Yes,Yes,Yes,Yes,Yes,Yes,Yes,0,0,1.006,0,Yes,Yes,Yes,Yes,No,Yes,Yes,Yes,No,,,,,,,,,,,,,,,,,,,,,,,,,,,,,,,,,,,,,,,,,,,,,,,,,,,,,,,,,,,,,,,,,,,,,,,,,,,0,0,1.107,0,Yes,Yes,No,No,Yes,Yes,Yes,Yes,No,,,,,,,,,,,,,,,,,,,,,,,,,,,,,,,,,,,,,,,,,,,,,,,,,,,,,,,,,,,Answering what was noticed in the picture,Did you notice a refrigerator in the room,Blue,6,,54,Male
P0316,506,TRUE,2/5/24 10:51,anonymous,EN,I consent.,0,0,1.021,0,No,Yes,Yes,Yes,Yes,Yes,Yes,Yes,Yes,0.855,0.855,1.122,1,Yes,Yes,Yes,Yes,Yes,Yes,Yes,Yes,No,0.509,0.509,1.126,1,,,,,,,,,,,,,,,,,Yes,Yes,Yes,Yes,Yes,No,Yes,Yes,Yes,,,,,,,,,,,,,,,,,,,,,,,,,,,,,,,,,,,,,,,,,,,,,,,,,,,,,,,,,,,,,,,,,,,,,,,,,,,,,,,,,,,,,,,,,,,,,,,,,,,,,,,,,,,,,,,,,,,,,"I was shown a picture for one second, and I was asked if I noticed specific details.",Did you notice if there were clouds in the sky?,Blue,6,,46,Male
P0317,240,TRUE,2/5/24 10:51,anonymous,EN,I consent.,0,0,1.111,0,Yes,Yes,Yes,Yes,Yes,Yes,Yes,Yes,No,0,0,1.007,0,Yes,Yes,Yes,Yes,Yes,Yes,Yes,Yes,Yes,,,,,,,,,,,,,,,,,,,,,,,,,,,,,,,,,,,,,,,,,,,,,,,,,,,,,,,,,,,,,,,,,,,,,,,,,,,,,,,,,,,,,,,,,,,,,,,,,,,,,,,,,,,,,,,,,,,,,0,0,1.112,0,,,,,,,,,,,,,,,,,Yes,Yes,Yes,Yes,Yes,Yes,Yes,Yes,Yes,I had to look at an image for a short period and see what I noticed when seeing it.,Did I notice the size of the bench?,Blue,6,No,28,Male
P0318,264,TRUE,2/5/24 10:52,anonymous,EN,I consent.,0,0,1.006,0,Yes,Yes,Yes,Yes,No,Yes,Yes,Yes,No,0,0,1.006,0,Yes,Yes,Yes,Yes,No,Yes,Yes,Yes,No,,,,,,,,,,,,,,,,,,,,,,,,,,,,,,,,,,,,,,,,,,,,,,,,,,,,,,,,,,,0,0,1.007,0,,,,,,,,,,,,,,,,,Yes,Yes,No,No,Yes,Yes,No,Yes,No,,,,,,,,,,,,,,,,,,,,,,,,,,,,,,,,,,,,,,,,,,,,,,,,,,,,,,,,,,,Describe what you see in a picture with the picture only being shown for 1 second.,Could you tell if the object was indoors our outdoors,Blue,6,Great study enjoyed taking it everything went perfect.,37,Male
P0319,275,TRUE,2/5/24 10:52,anonymous,EN,I consent.,0,0,1.021,0,Yes,Yes,Yes,Yes,Yes,Yes,Yes,Yes,Yes,0,0,1.011,0,Yes,Yes,Yes,Yes,Yes,Yes,Yes,Yes,Yes,,,,,,,,,,,,,,,,,,,,,,,,,,,,,,,,,,,,,,0,0,1.115,0,,,,,,,,,Yes,Yes,Yes,Yes,Yes,Yes,Yes,Yes,Yes,,,,,,,,,,,,,,,,,,,,,,,,,,,,,,,,,,,,,,,,,,,,,,,,,,,,,,,,,,,,,,,,,,,,,,,,,,,,,,,,,,,,,,,,Giving brief details of an object ,If i notice the size of the object,bleu ,6,,49,Male
P0320,197,TRUE,2/5/24 10:52,anonymous,EN,I consent.,0,0,1.008,0,No,Yes,Yes,Yes,Yes,No,Yes,No,No,0,0,1.109,0,No,Yes,No,Yes,No,No,Yes,No,Yes,,,,,,,,,,,,,,,,,,,,,,,,,,,,,,,,,,,,,,,,,,0,0,1.006,0,,,,,Yes,Yes,Yes,Yes,No,No,Yes,No,No,,,,,,,,,,,,,,,,,,,,,,,,,,,,,,,,,,,,,,,,,,,,,,,,,,,,,,,,,,,,,,,,,,,,,,,,,,,,,,,,,,,,,,,,to look at an image and answer questions,Did you notice the person's apparent age?,blue,6,,22,Female
P0321,157,TRUE,2/5/24 10:52,anonymous,EN,I consent.,0,0,1.11,0,Yes,Yes,Yes,Yes,Yes,Yes,Yes,Yes,Yes,0,0,1.109,0,Yes,Yes,Yes,Yes,Yes,Yes,Yes,Yes,Yes,,,,,,,,,,,,,,,,,,,,,,,,,,,,,,,,,,,,,,,,,,,,,,,,,,,,,,,,,,,,,,,,,,,,,,,,,,,,,,,,,,,,,,,,,,,,,,,,,,,,,,,,,,,,,,,,,,,,,0,0,1.108,0,,,,,,,,,,,,,,,,,Yes,Yes,Yes,Yes,Yes,No,No,Yes,No,Noticing details in a quick footage of an image.,Did you notice whether the person in the image was sitting or not?,Blue,6,,27,Male
P0322,210,TRUE,2/5/24 10:52,anonymous,EN,I consent.,0,0,1.107,0,No,Yes,Yes,Yes,Yes,No,Yes,Yes,Yes,0,0,1.115,0,No,Yes,Yes,Yes,No,Yes,Yes,Yes,Yes,,,,,,,,,,,,,,,,,,,,,,,,,,,,,,,,,,,,,,,,,,,,,,,,,,,,,,,,,,,,,,,,,,,0,0,1.009,0,,,,,,,,,Yes,Yes,No,Yes,No,Yes,Yes,Yes,Yes,,,,,,,,,,,,,,,,,,,,,,,,,,,,,,,,,,,,,,,,,,,,,,,,,,,,,,,,,,,"Look at an image for 1 second, and then answer questions regarding details that I did or did not notice in the image.",Did you notice which hand the person offered the treat to the animal with.,blue,6,Everything was clear. Thank you!,32,Female
P0323,239,TRUE,2/5/24 10:52,anonymous,EN,I consent.,0,0,1.009,0,No,Yes,Yes,Yes,Yes,Yes,Yes,Yes,Yes,0,0,1.108,0,No,Yes,No,Yes,No,No,Yes,No,Yes,,,,,,,,,,,,,,,,,,,,,,,,,,,,,,,,,,,,,,,,,,,,,,,,,,,,,,,,,,,,,,,,,,,,,,,,,,,,,,,,,,,,,,,,,,,,,,,,0,0,1.108,0,,,,,,,,,No,No,No,No,Yes,Yes,Yes,Yes,No,,,,,,,,,,,,,,,,,,,,,,,,,,,,,,To view a picture for one second and then answer questions asking whether you saw specific details about the image,Did you notice what was used to light the candle?,blue,6,,30,Male
P0324,198,TRUE,2/5/24 10:52,anonymous,EN,I consent.,0,0,1.108,0,No,Yes,Yes,Yes,Yes,Yes,Yes,Yes,No,0,0,1.006,0,Yes,Yes,Yes,Yes,No,Yes,Yes,Yes,Yes,,,,,,,,,,,,,,,,,,,,,,,,,,,,,,,,,,,,,,,,,,,,,,,,,,,,,,,,,,,,,,,,,,,,,,,,,,,,,,,,,,,,,,,,,,,,,,,,,,,,,,,,0,0,1.007,0,Yes,Yes,Yes,No,Yes,Yes,Yes,Yes,Yes,,,,,,,,,,,,,,,,,,,,,,,,,,,,,,answer questions about images,did you notice the shape of the candle,blue,6,,39,Female
P0325,242,TRUE,2/5/24 10:52,anonymous,EN,I consent.,0,0,1.108,0,Yes,Yes,Yes,No,Yes,No,Yes,Yes,Yes,0,0,1.008,0,No,Yes,No,Yes,No,Yes,Yes,Yes,Yes,,,,,,,,,,,,,,,,,,,,,,,,,,,,,,,,,,,,,,,,,,,,,,,,,,,,,,,,,,,,,,,,,,,,,,,,,,,,,,,,,,,,,,,,,,,,,,,,,,,,,,,,,,,,,,,,,,,,,,,,,,,,,,,,,0,0,1.007,0,,,,,Yes,Yes,No,Yes,Yes,Yes,Yes,Yes,Yes,"An image appears for a second, and later I ask about the details of this image that I noticed",Did you notice the shape of the body in the picture?,blue,6,,35,Male
P0326,175,TRUE,2/5/24 10:52,anonymous,EN,I consent.,0,0,1.009,0,Yes,Yes,Yes,Yes,Yes,Yes,Yes,No,Yes,0,0,1.008,0,Yes,Yes,Yes,Yes,No,Yes,Yes,Yes,Yes,,,,,,,,,,,,,,,,,,,,,,,,,,,,,,,,,,,,,,,,,,,,,,,,,,,,,,,,,,,,,,,,,,,,,,,0,0,1.007,0,,,,,Yes,Yes,No,No,Yes,Yes,Yes,Yes,Yes,,,,,,,,,,,,,,,,,,,,,,,,,,,,,,,,,,,,,,,,,,,,,,,,,,,,,,,,,,,Do ID as much visual information from an image in the space of 1 second. The images looked AI generated. ,Did you notice the build of the figure giving the animal a treat?,Blue,6,,35,Male
P0327,250,TRUE,2/5/24 10:52,anonymous,EN,I consent.,0,0,1.007,0,No,Yes,Yes,Yes,No,No,Yes,Yes,Yes,0,0,1.006,0,Yes,Yes,No,Yes,No,Yes,Yes,Yes,Yes,,,,,,,,,,,,,,,,,,,,,,,,,,,,,,,,,,,,,,,,,,,,,,,,,,,,,,,,,,,,,,,0,0,1.007,0,,,,,,,,,,,,,Yes,Yes,No,No,No,Yes,Yes,Yes,No,,,,,,,,,,,,,,,,,,,,,,,,,,,,,,,,,,,,,,,,,,,,,,,,,,,,,,,,,,,to observe pictures for a brief time and remember what you observed,Did I notice what type of animal was in the cage,blue,6,no,52,Female
P0328,165,TRUE,2/5/24 10:52,anonymous,EN,I consent.,0,0,1.012,0,No,Yes,Yes,Yes,Yes,Yes,Yes,Yes,Yes,0,0,1.107,0,Yes,Yes,Yes,Yes,Yes,Yes,Yes,Yes,No,,,,,,,,,,,,,,,,,,,,,,,,,,,,,,,,,,,,,,,,,,,,,,,,,,,,,,,,,,,,,,,,,,,,,,,,,,,,,,,,,,,,,,,,,,,,,,,,,,,,0,0,1.008,0,,,,,Yes,Yes,No,No,No,No,Yes,Yes,Yes,,,,,,,,,,,,,,,,,,,,,,,,,,,,,,Pay attention to images for 1 second and recall details about them.,Did you notice the person's apparent age?,Blue,6,,26,Female
P0330,287,TRUE,2/5/24 10:52,anonymous,EN,I consent.,0,0,1.12,0,No,Yes,Yes,Yes,Yes,No,Yes,Yes,No,0,0,1.012,0,Yes,Yes,Yes,Yes,Yes,Yes,Yes,Yes,No,,,,,0,0,1.12,0,,,,,,,,,,,,,Yes,Yes,Yes,No,Yes,No,Yes,Yes,Yes,,,,,,,,,,,,,,,,,,,,,,,,,,,,,,,,,,,,,,,,,,,,,,,,,,,,,,,,,,,,,,,,,,,,,,,,,,,,,,,,,,,,,,,,,,,,,,,,,,,,,,,,,,,,,,,,,,,,,View an image for one second and then answer questions about it.,Did you notice the shape of the table,blue,6,,33,Male
P0331,281,TRUE,2/5/24 10:52,anonymous,EN,I consent.,0,0,1.009,0,No,Yes,Yes,Yes,Yes,Yes,Yes,No,Yes,0,0,1.113,0,Yes,Yes,Yes,Yes,Yes,No,Yes,Yes,Yes,,,,,,,,,,,,,,,,,,,,,,,,,,,,,,0,0,1.113,0,,,,,,,,,,,,,,,,,No,Yes,Yes,Yes,Yes,Yes,Yes,Yes,Yes,,,,,,,,,,,,,,,,,,,,,,,,,,,,,,,,,,,,,,,,,,,,,,,,,,,,,,,,,,,,,,,,,,,,,,,,,,,,,,,,,,,,,,,,Remember details of an image only seen for 1 second,did you notice if there were clouds,Blue,6,,50,Female
P0332,449,TRUE,2/5/24 10:52,anonymous,EN,I consent.,0,0,1.12,0,No,Yes,Yes,Yes,No,No,Yes,No,Yes,0,0,1.009,0,Yes,Yes,No,No,No,Yes,Yes,No,No,,,,,,,,,,,,,,,,,,,,,,,,,,,,,,,,,,,,,,,,,,,,,,,,,,,,,,,,,,,,,,,,,,,,,,,,,,,0,0,1.012,0,Yes,Yes,Yes,Yes,Yes,Yes,Yes,Yes,No,,,,,,,,,,,,,,,,,,,,,,,,,,,,,,,,,,,,,,,,,,,,,,,,,,,,,,,,,,,answer questions about what I saw,Did I notice if there was a fridge?,blue,6,,40,Female
P0333,315,TRUE,2/5/24 10:52,anonymous,EN,I consent.,0,0,1.012,0,No,Yes,Yes,Yes,Yes,Yes,Yes,Yes,Yes,0,0,1.107,0,Yes,Yes,Yes,Yes,Yes,No,Yes,Yes,No,,,,,,,,,,,,,,,,,,,,,,,,,,,,,,,,,,,,,,,,,,,,,,,,,,,,,,,,,,,,,,,,,,,,,,,,,,,,,,,,,,,,,,,,,,,,,,,,,,,,,,,,,,,,,,,,,,,,,,,,,,,,,,,,,,,,,0,0,1.007,0,Yes,No,Yes,Yes,No,Yes,Yes,Yes,Yes,I was to look at an image for 1 second and then asked whether or not I noticed certain details ,Did you notice the color of the bench?,blue,6,,52,Female
P0334,348,TRUE,2/5/24 10:52,anonymous,EN,I consent.,0,0,1.012,0,No,Yes,Yes,Yes,Yes,Yes,Yes,Yes,No,0,0,1.011,0,Yes,Yes,Yes,Yes,Yes,No,Yes,Yes,Yes,,,,,0,0,1.117,0,,,,,,,,,,,,,Yes,Yes,Yes,No,No,No,No,Yes,Yes,,,,,,,,,,,,,,,,,,,,,,,,,,,,,,,,,,,,,,,,,,,,,,,,,,,,,,,,,,,,,,,,,,,,,,,,,,,,,,,,,,,,,,,,,,,,,,,,,,,,,,,,,,,,,,,,,,,,,Answer yes or no questions after seeing an image for 1 second. ,Did you notice the material of the object?,Blue,6,"none, thanks! :)",29,Female
P0335,289,TRUE,2/5/24 10:52,anonymous,EN,I consent.,0,0,1.009,0,No,Yes,Yes,Yes,Yes,Yes,Yes,Yes,Yes,0,0,1.106,0,Yes,Yes,Yes,Yes,Yes,Yes,Yes,Yes,Yes,,,,,,,,,,,,,,,,,,,,,,,,,,,,,,,,,,,,,,,,,,,,,,,,,,,,,,,,,,,,,,,,,,,,,,,,,,,,,,,,,,,,,,,,,,,,,,,,,,,,,,,,,,,,,,,,,,,,,0,0,1.012,0,,,,,,,,,,,,,,,,,Yes,Yes,No,Yes,Yes,Yes,Yes,Yes,Yes,what people pay attention to with limited time,did you notice the material of the shoes,blue,6,,27,Male
P0336,170,TRUE,2/5/24 10:52,anonymous,EN,I consent.,0,0,1.016,0,No,Yes,Yes,Yes,Yes,No,Yes,Yes,No,0,0,1.11,0,Yes,Yes,Yes,Yes,No,Yes,Yes,Yes,Yes,,,,,,,,,,,,,,,,,,,,,,,,,,,,,,,,,,,,,,,,,,,,,,,,,,,,,,,,,,,,,,,,,,,,,,,,,,,,,,,,,,,,,,,,,,,,,,,,,,,,,,,,,,,,,,,,,,,,,,,,,,,,,0,0,1.112,0,,,,,,,,,Yes,Yes,Yes,Yes,No,No,No,Yes,Yes,Identify key components of images,Did you notice what type of shoes the person was wearing,Blue,6,,26,Male
P0337,418,TRUE,2/5/24 10:52,anonymous,EN,I consent.,0,0,1.12,0,Yes,Yes,Yes,Yes,Yes,Yes,Yes,Yes,Yes,0,0,1.116,0,Yes,Yes,Yes,Yes,No,Yes,Yes,Yes,Yes,,,,,,,,,,,,,,,,,0,0,1.006,0,Yes,Yes,Yes,Yes,No,No,Yes,No,Yes,,,,,,,,,,,,,,,,,,,,,,,,,,,,,,,,,,,,,,,,,,,,,,,,,,,,,,,,,,,,,,,,,,,,,,,,,,,,,,,,,,,,,,,,,,,,,,,,,,,,,,,,,,,,,,,,,,,,,I was asked to observe an image for a second and then report whether or not I noticed specific details of the image on the following page.,Did you notice shape of the table?,blue,6,,40,Male
P0338,923,TRUE,2/5/24 10:52,anonymous,EN,I consent.,0,0,1.011,0,No,Yes,Yes,No,Yes,No,Yes,Yes,No,0,0,1.124,0,Yes,Yes,No,Yes,No,No,Yes,Yes,Yes,,,,,,,,,,,,,,,,,,,,,,,,,,,,,,,,,,,,,,,,,,,,,,,,,,,,,,,,,,,,,,,,,,,,,,,,,,,,,,,,,,,,,,,,,,,,,,,,,,,,,,,,0,0,1.111,0,Yes,Yes,Yes,Yes,No,Yes,Yes,Yes,No,,,,,,,,,,,,,,,,,,,,,,,,,,,,,,View a photo for 1 second then answer questions about what I did or didn't notice. ,Did you notice what the ball was sitting on. ,Blue,6,I would love to be able to see the photo of the man lighting the candle again. I liked it.,58,Female
P0339,422,TRUE,2/5/24 10:53,anonymous,EN,I consent.,0,0,1.122,0,No,Yes,Yes,Yes,Yes,No,Yes,No,Yes,0,0,1.023,0,Yes,Yes,Yes,Yes,Yes,Yes,Yes,Yes,Yes,,,,,,,,,,,,,,,,,,,,,,,,,,,,,,,,,,,,,,,,,,,,,,,,,,,,,,,,,,,,,,,,,,,,,,,,,,,,,,,,,,,,,,,,,,,,,,,,,,,,,,,,,,,,,,,,,,,,,,,,,0,0,1.026,0,,,,,,,,,,,,,Yes,Yes,Yes,Yes,Yes,Yes,Yes,Yes,No,I had to answer questions about an image that was briefly shown to me.,Did you notice which shoe the person took off?,Blue,6,Thanks for having me!,34,Male
P0340,167,TRUE,2/5/24 10:53,anonymous,EN,I consent.,0.729,0.729,1.009,1,No,Yes,Yes,Yes,Yes,Yes,Yes,Yes,Yes,0,0,1.008,0,Yes,Yes,Yes,Yes,No,No,Yes,Yes,Yes,,,,,,,,,,,,,,,,,,,,,,,,,,,,,,,,,,,,,,,,,,,,,,,,,,,,,,,,,,,,,,,,,,,,,,,,,,,,,,,,,,,,,,,,,,,,,,,,,,,,,,,,,,,,,,,,,,,,,,,,,0.821,0.821,1.007,1,,,,,,,,,,,,,Yes,No,Yes,Yes,No,No,Yes,Yes,No,view an image for one second and then mark if I noticed certain things,Did I notice the person's build,blue,6,,43,Female
P0341,209,TRUE,2/5/24 10:53,anonymous,EN,I consent.,0,0,1.012,0,No,Yes,Yes,Yes,Yes,Yes,Yes,No,Yes,0,0,1.108,0,Yes,Yes,Yes,Yes,Yes,No,Yes,Yes,Yes,,,,,,,,,0,0,1.108,0,,,,,,,,,Yes,Yes,No,Yes,Yes,Yes,Yes,Yes,Yes,,,,,,,,,,,,,,,,,,,,,,,,,,,,,,,,,,,,,,,,,,,,,,,,,,,,,,,,,,,,,,,,,,,,,,,,,,,,,,,,,,,,,,,,,,,,,,,,,,,,,,,,,,,,,,,,,,,,,Looking at an image and then answering questions about what I noticed,Did you notice the gender of the person?,blue,6,thanks,39,Female
P0342,161,TRUE,2/5/24 10:53,anonymous,EN,I consent.,0,0,1.015,0,No,Yes,Yes,Yes,Yes,No,Yes,No,No,0,0,1.016,0,Yes,Yes,Yes,Yes,Yes,Yes,Yes,Yes,Yes,,,,,,,,,,,,,,,,,,,,,,,,,,,,,,,,,,,,,,,,,,0,0,1.112,0,,,,,Yes,Yes,Yes,Yes,No,Yes,Yes,Yes,Yes,,,,,,,,,,,,,,,,,,,,,,,,,,,,,,,,,,,,,,,,,,,,,,,,,,,,,,,,,,,,,,,,,,,,,,,,,,,,,,,,,,,,,,,,I was to pay as much attention as possible to an image for one second. ,Did you notice the build of the person?,Blue.,6,No comment. ,24,Female
P0343,335,TRUE,2/5/24 10:53,anonymous,EN,I consent.,0,0,1.129,0,Yes,Yes,Yes,Yes,Yes,No,Yes,Yes,Yes,0,0,1.024,0,Yes,Yes,Yes,Yes,Yes,Yes,Yes,Yes,Yes,,,,,,,,,,,,,,,,,0,0,1.132,0,Yes,Yes,Yes,Yes,Yes,Yes,Yes,Yes,Yes,,,,,,,,,,,,,,,,,,,,,,,,,,,,,,,,,,,,,,,,,,,,,,,,,,,,,,,,,,,,,,,,,,,,,,,,,,,,,,,,,,,,,,,,,,,,,,,,,,,,,,,,,,,,,,,,,,,,,I was shown a series of images for 1 second each and then asked about what I noticed in each image.,Did you notice the size of the ball?,Blue,6,The person in the last photo was clearly computer generated.,39,Female
P0344,244,TRUE,2/5/24 10:53,anonymous,EN,I consent.,0,0,1.014,0,Yes,Yes,Yes,Yes,Yes,Yes,Yes,Yes,Yes,0,0,1.017,0,Yes,Yes,Yes,Yes,Yes,Yes,Yes,Yes,Yes,,,,,,,,,,,,,,,,,,,,,,,,,,,,,,,,,,,,,,,,,,,,,,,,,,,,,,,,,,,,,,,,,,,,,,,,,,,,,,,,,,,,,,,,,,,,,,,,0,0,1.008,0,,,,,,,,,Yes,No,No,No,Yes,Yes,Yes,Yes,Yes,,,,,,,,,,,,,,,,,,,,,,,,,,,,,,Describing details from a pic.,Did you recognize the direction of the light source?,Blue,6,,33,Male
P0345,223,TRUE,2/5/24 10:53,anonymous,EN,I consent.,0,0,1.11,0,Yes,Yes,Yes,Yes,Yes,Yes,Yes,No,Yes,0,0,1.113,0,Yes,Yes,Yes,Yes,Yes,Yes,Yes,Yes,No,,,,,,,,,,,,,,,,,,,,,,,,,,,,,,,,,,,,,,,,,,,,,,,,,,,,,,,,,,,,,,,,,,,,,,,0,0,1.007,0,,,,,Yes,Yes,No,Yes,No,Yes,Yes,Yes,No,,,,,,,,,,,,,,,,,,,,,,,,,,,,,,,,,,,,,,,,,,,,,,,,,,,,,,,,,,,To note what I noticed when I looked at the image.,Did I notice which hand was held out?,Blue,6,I found it fun.  The images were of beautiful quality is what I noticed.  ,59,Female
P0346,108,TRUE,2/5/24 10:53,anonymous,EN,I consent.,0,0,1.115,0,No,Yes,Yes,Yes,Yes,Yes,Yes,No,Yes,0,0,1.118,0,Yes,Yes,Yes,Yes,No,No,Yes,Yes,Yes,,,,,,,,,,,,,,,,,,,,,,,,,,,,,,,,,,,,,,,,,,,,,,,,,,,,,,,,,,,,,,,,,,,,,,,,,,,,,,,,,,,,,,,,,,,,,,,,,,,,,,,,,,,,,,,,,,,,,,,,,,,,,0,0,1.02,0,,,,,,,,,Yes,No,Yes,Yes,No,No,Yes,Yes,Yes,look at an image for 1 second and recall what i remember,did you notice if the person was wearing socks?,blue,6,,30,Male
P0347,149,TRUE,2/5/24 10:53,anonymous,EN,I consent.,0,0,1.014,0,No,Yes,Yes,Yes,Yes,Yes,Yes,Yes,Yes,0,0,1.113,0,Yes,Yes,Yes,Yes,No,Yes,Yes,Yes,No,,,,,,,,,,,,,,,,,,,,,,,,,,,,,,,,,,0,0,1.107,0,,,,,,,,,,,,,Yes,Yes,Yes,No,No,Yes,Yes,Yes,Yes,,,,,,,,,,,,,,,,,,,,,,,,,,,,,,,,,,,,,,,,,,,,,,,,,,,,,,,,,,,,,,,,,,,,,,,,,,,,,,,,,,,,,,,,Briefly view an image and then answer whether I noticed specific details about the image.,Whether I noticed which hand the person handled the fruit with.,Blue,6,,36,Female
P0348,205,TRUE,2/5/24 10:53,anonymous,EN,I consent.,0,0,1.01,0,No,Yes,Yes,Yes,Yes,Yes,Yes,Yes,Yes,0,0,1.118,0,Yes,Yes,Yes,Yes,Yes,Yes,Yes,Yes,Yes,,,,,,,,,,,,,,,,,,,,,,,,,,,,,,,,,,,,,,,,,,,,,,,,,,,,,,,,,,,0,0,1.12,0,,,,,,,,,,,,,,,,,Yes,Yes,No,Yes,No,Yes,No,Yes,No,,,,,,,,,,,,,,,,,,,,,,,,,,,,,,,,,,,,,,,,,,,,,,,,,,,,,,,,,,,Noticing details in a picture,Did I notice the material of an object,Blue,6,,40,Male
P0349,105,TRUE,2/5/24 10:53,anonymous,EN,I consent.,0,0,1.008,0,No,Yes,Yes,Yes,Yes,Yes,Yes,Yes,No,0,0,1.007,0,Yes,Yes,Yes,Yes,Yes,Yes,Yes,Yes,No,,,,,,,,,,,,,,,,,,,,,,,,,,,,,,0,0,1.008,0,,,,,,,,,,,,,,,,,Yes,No,Yes,Yes,Yes,No,Yes,Yes,No,,,,,,,,,,,,,,,,,,,,,,,,,,,,,,,,,,,,,,,,,,,,,,,,,,,,,,,,,,,,,,,,,,,,,,,,,,,,,,,,,,,,,,,,to describe pictures ,it asked me if i remembered the persons approx age,blue,6,,26,Female
P0350,256,TRUE,2/5/24 10:53,anonymous,EN,I consent.,0,0,1.122,0,Yes,Yes,Yes,Yes,Yes,Yes,Yes,Yes,Yes,0,0,1.035,0,Yes,Yes,Yes,Yes,Yes,Yes,Yes,Yes,Yes,,,,,,,,,,,,,,,,,,,,,,,,,,,,,,,,,,,,,,,,,,,,,,,,,,,,,,,,,,,,,,,,,,,,,,,,,,,,,,,,,,,,,,,,0,0,1.025,0,,,,,,,,,,,,,,,,,Yes,Yes,Yes,Yes,Yes,Yes,Yes,Yes,Yes,,,,,,,,,,,,,,,,,,,,,,,,,,,,,,To see a picture for 1 second and remember as much as possible about the image. ,Did you notice the physique of the person?,Blue,6,There were no problems. The study was easy to understand.,40,Male
P0351,226,TRUE,2/5/24 10:53,anonymous,EN,I consent.,0,0,1.016,0,No,Yes,Yes,Yes,Yes,Yes,Yes,Yes,Yes,0,0,1.012,0,Yes,Yes,Yes,Yes,No,No,Yes,Yes,No,0,0,1.014,0,,,,,,,,,,,,,,,,,No,Yes,Yes,Yes,Yes,Yes,Yes,Yes,No,,,,,,,,,,,,,,,,,,,,,,,,,,,,,,,,,,,,,,,,,,,,,,,,,,,,,,,,,,,,,,,,,,,,,,,,,,,,,,,,,,,,,,,,,,,,,,,,,,,,,,,,,,,,,,,,,,,,,I looked at images for one second and answered questions about what I noticed.,DId I notice the color of the table?,blue,6,,49,Female
P0352,200,TRUE,2/5/24 10:53,anonymous,EN,I consent.,0,0,1.109,0,No,Yes,Yes,Yes,Yes,No,Yes,No,Yes,0,0,1.015,0,Yes,Yes,No,Yes,No,No,Yes,Yes,Yes,,,,,,,,,,,,,,,,,,,,,,,,,,,,,,,,,,,,,,,,,,,,,,,,,,,,,,,,,,,,,,,,,,,,,,,,,,,,,,,,,,,,,,,,,,,,0,0,1.112,0,,,,,,,,,,,,,Yes,Yes,No,No,Yes,Yes,Yes,Yes,Yes,,,,,,,,,,,,,,,,,,,,,,,,,,,,,,answer questions about image details after flashed for 1 second,Did you notice a person in the image?,blue,6,,57,Male
P0353,160,TRUE,2/5/24 10:53,anonymous,EN,I consent.,0,0,1.013,0,No,Yes,Yes,Yes,Yes,Yes,Yes,Yes,No,0,0,1.007,0,Yes,Yes,Yes,Yes,No,No,Yes,Yes,No,,,,,,,,,,,,,,,,,,,,,,,,,,,,,,,,,,,,,,,,,,,,,,,,,,,,,,,,,,,,,,,,,,,,,,,,,,,,,,,,,,,,,,,,,,,,0,0,1.109,0,,,,,,,,,,,,,Yes,Yes,No,No,No,No,Yes,No,No,,,,,,,,,,,,,,,,,,,,,,,,,,,,,,Answer questions relating to what I saw in the picture,The age of the person lighting the candle,blue,6,,38,Male
P0354,242,TRUE,2/5/24 10:53,anonymous,EN,I consent.,0,0,1.008,0,No,Yes,Yes,Yes,Yes,Yes,Yes,Yes,Yes,0,0,1.006,0,Yes,Yes,Yes,Yes,No,Yes,Yes,Yes,Yes,,,,,,,,,,,,,,,,,,,,,,,,,,,,,,,,,,,,,,,,,,,,,,,,,,,,,,,,,,,,,,,,,,,,,,,,,,,0,0,1.007,0,Yes,Yes,No,No,No,Yes,Yes,Yes,Yes,,,,,,,,,,,,,,,,,,,,,,,,,,,,,,,,,,,,,,,,,,,,,,,,,,,,,,,,,,,Noticing details on different images,Did you notice the kind of animal being fed,blue,6,,48,Male
P0355,183,TRUE,2/5/24 10:53,anonymous,EN,I consent.,0,0,1.008,0,Yes,Yes,Yes,Yes,Yes,Yes,Yes,No,No,0,0,1.017,0,Yes,Yes,Yes,Yes,No,Yes,Yes,Yes,Yes,,,,,,,,,,,,,,,,,0,0,1.011,0,Yes,Yes,Yes,Yes,Yes,Yes,Yes,No,Yes,,,,,,,,,,,,,,,,,,,,,,,,,,,,,,,,,,,,,,,,,,,,,,,,,,,,,,,,,,,,,,,,,,,,,,,,,,,,,,,,,,,,,,,,,,,,,,,,,,,,,,,,,,,,,,,,,,,,,to notice details in a picture shown for 1 second,did i notice the color of the table,blue,6,,32,Female
P0356,474,TRUE,2/5/24 10:53,anonymous,EN,I consent.,0,0,1.019,0,No,Yes,Yes,No,No,Yes,Yes,Yes,Yes,0,0,1.011,0,No,Yes,No,Yes,Yes,Yes,Yes,Yes,Yes,,,,,,,,,0,0,1.015,0,,,,,,,,,Yes,Yes,Yes,Yes,Yes,No,No,Yes,Yes,,,,,,,,,,,,,,,,,,,,,,,,,,,,,,,,,,,,,,,,,,,,,,,,,,,,,,,,,,,,,,,,,,,,,,,,,,,,,,,,,,,,,,,,,,,,,,,,,,,,,,,,,,,,,,,,,,,,,Describing the image int the frame,The shape of the image,blue,6,,71,Female
P0357,202,TRUE,2/5/24 10:53,anonymous,EN,I consent.,0,0,1.108,0,Yes,Yes,Yes,Yes,Yes,Yes,Yes,Yes,No,0,0,1.107,0,Yes,Yes,Yes,Yes,No,Yes,Yes,Yes,Yes,,,,,,,,,,,,,,,,,,,,,,,,,,,,,,,,,,,,,,,,,,,,,,,,,,,,,,,,,,,,,,,,,,,,,,,,,,,,,,,,,,,,,,,,,,,,,,,,,,,,,,,,0,0,1.007,0,Yes,No,Yes,Yes,Yes,Yes,Yes,Yes,Yes,,,,,,,,,,,,,,,,,,,,,,,,,,,,,,identify details in a picture,did you notice the person ages in the photo,blue,6,,36,Male
P0358,306,TRUE,2/5/24 10:53,anonymous,EN,I consent.,0,0,1.108,0,No,Yes,Yes,No,Yes,Yes,Yes,Yes,Yes,0,0,1.009,0,Yes,Yes,Yes,Yes,No,No,Yes,Yes,No,,,,,,,,,,,,,,,,,,,,,,,,,,,,,,,,,,,,,,,,,,,,,,,,,,,,,,,,,,,,,,,0,0,1.111,0,,,,,,,,,,,,,Yes,Yes,No,No,Yes,Yes,Yes,Yes,No,,,,,,,,,,,,,,,,,,,,,,,,,,,,,,,,,,,,,,,,,,,,,,,,,,,,,,,,,,,"I looked at a picture for a period of 1 second, and then was asked a number of questions about whether or not I noticed various aspects of what was in the picture.",Did I remember the color/pattern of the object?,blue,6,No technical issues noted,56,Male
P0359,765,TRUE,2/5/24 10:53,anonymous,EN,I consent.,0,0,1.014,0,No,Yes,Yes,No,Yes,No,Yes,No,Yes,0,0,1.01,0,Yes,Yes,Yes,Yes,No,Yes,Yes,Yes,Yes,,,,,,,,,,,,,,,,,,,,,,,,,,,,,,,,,,,,,,0,0,1.121,0,,,,,,,,,Yes,Yes,Yes,Yes,Yes,No,Yes,Yes,No,,,,,,,,,,,,,,,,,,,,,,,,,,,,,,,,,,,,,,,,,,,,,,,,,,,,,,,,,,,,,,,,,,,,,,,,,,,,,,,,,,,,,,,,I looked at pictures for one second and then answered questions about the details.,did I notice the woman in the supermarket and her apparent age.,Blue,6,,27,Male
P0360,409,TRUE,2/5/24 10:54,anonymous,EN,I consent.,0,0,1.107,0,Yes,Yes,Yes,Yes,No,No,Yes,No,Yes,0,0,1.108,0,Yes,Yes,Yes,Yes,Yes,Yes,Yes,Yes,Yes,,,,,,,,,,,,,,,,,,,,,,,,,,,,,,,,,,0,0,1.108,0,,,,,,,,,,,,,Yes,Yes,Yes,Yes,Yes,Yes,Yes,Yes,No,,,,,,,,,,,,,,,,,,,,,,,,,,,,,,,,,,,,,,,,,,,,,,,,,,,,,,,,,,,,,,,,,,,,,,,,,,,,,,,,,,,,,,,,sked about details in the image,Did you notice the size of the bag?,Blue,6,,51,Female
P0361,181,TRUE,2/5/24 10:54,anonymous,EN,I consent.,0,0,1.119,0,No,Yes,Yes,Yes,Yes,Yes,Yes,Yes,Yes,0,0,1.108,0,Yes,Yes,Yes,Yes,Yes,Yes,Yes,Yes,Yes,,,,,,,,,,,,,,,,,,,,,,,,,,,,,,,,,,,,,,,,,,,,,,,,,,,,,,,,,,,,,,,,,,,0,0,1.013,0,,,,,,,,,Yes,Yes,No,No,No,Yes,Yes,Yes,Yes,,,,,,,,,,,,,,,,,,,,,,,,,,,,,,,,,,,,,,,,,,,,,,,,,,,,,,,,,,,answer yes/no questions about an image you look at for one second,did you notice the apparent age of the person in the picture ,blue,6,,35,Female
P0362,1079,TRUE,2/5/24 10:54,anonymous,EN,I consent.,0,0,1.114,0,Yes,Yes,Yes,Yes,Yes,Yes,Yes,Yes,Yes,0,0,1.119,0,Yes,Yes,Yes,Yes,No,Yes,Yes,Yes,No,,,,,,,,,,,,,,,,,,,,,,,,,,,,,,,,,,,,,,,,,,,,,,,,,,,,,,,,,,,,,,,,,,,,,,,,,,,,,,,,,,,,,,,,0,0,1.124,0,,,,,,,,,,,,,,,,,No,Yes,No,Yes,Yes,Yes,No,Yes,Yes,,,,,,,,,,,,,,,,,,,,,,,,,,,,,,Mentioned whether or not I saw certain details in pictures.,Did you notice the physique of the person lighting the candle?,Blue,6,,33,Male
P0363,306,TRUE,2/5/24 10:54,anonymous,EN,I consent.,0,0,1.015,0,Yes,Yes,Yes,Yes,Yes,Yes,Yes,Yes,Yes,0,0,1.009,0,Yes,Yes,Yes,Yes,Yes,No,Yes,Yes,No,0,0,1.007,0,,,,,,,,,,,,,,,,,Yes,Yes,Yes,Yes,Yes,No,No,Yes,Yes,,,,,,,,,,,,,,,,,,,,,,,,,,,,,,,,,,,,,,,,,,,,,,,,,,,,,,,,,,,,,,,,,,,,,,,,,,,,,,,,,,,,,,,,,,,,,,,,,,,,,,,,,,,,,,,,,,,,,"I was shown a picture for one second, and asked to recall details.",Did you notice the gender of the person?,Blue,6,no,45,Female
P0364,169,TRUE,2/5/24 10:54,anonymous,EN,I consent.,0,0,1.108,0,No,Yes,Yes,Yes,No,No,Yes,No,Yes,0,0,1.015,0,Yes,Yes,No,Yes,Yes,No,Yes,Yes,No,,,,,,,,,,,,,,,,,,,,,,,,,,,,,,,,,,,,,,,,,,,,,,,,,,,,,,,,,,,,,,,,,,,,,,,,,,,,,,,,,,,,,,,,,,,,,,,,,,,,,,,,,,,,,,,,,,,,,,,,,,,,,0,0,1.01,0,,,,,,,,,No,No,No,Yes,No,No,Yes,Yes,No,I was tasked to glance at an image briefly and then answer questions about it,Did you notice the size of the bench? ,blue,6,,20,Female
P0365,234,TRUE,2/5/24 10:54,anonymous,EN,I consent.,0,0,1.112,0,No,Yes,Yes,Yes,Yes,Yes,Yes,Yes,No,0,0,1.008,0,Yes,Yes,Yes,Yes,Yes,No,Yes,Yes,Yes,,,,,,,,,,,,,0,0,1.012,0,,,,,No,Yes,Yes,Yes,Yes,No,Yes,Yes,Yes,,,,,,,,,,,,,,,,,,,,,,,,,,,,,,,,,,,,,,,,,,,,,,,,,,,,,,,,,,,,,,,,,,,,,,,,,,,,,,,,,,,,,,,,,,,,,,,,,,,,,,,,,,,,,,,,,,,,,Look at images of an object in a setting for one second and answer questions about it,I was asked if I noticed the color of a ball in an image,Blue,6,,24,Male
P0366,153,TRUE,2/5/24 10:54,anonymous,EN,I consent.,0,0,1.011,0,Yes,Yes,Yes,Yes,Yes,Yes,Yes,Yes,Yes,0,0,1.107,0,Yes,Yes,Yes,Yes,No,Yes,Yes,Yes,Yes,,,,,,,,,,,,,,,,,,,,,,,,,,,,,,,,,,,,,,,,,,,,,,,,,,,,,,,,,,,,,,,,,,,,,,,,,,,,,,,,,,,,,,,,,,,,,,,,,,,,,,,,,,,,,,,,,,,,,,,,,,,,,,,,,0,0,1.115,0,,,,,Yes,No,Yes,Yes,Yes,Yes,No,Yes,Yes,Recall whether I noticed aspects of a picture.,Did I notice which shoe he took off?,blue,6,,44,Female
P0367,1435,TRUE,2/5/24 10:54,anonymous,EN,I consent.,0,0,1.009,0,No,Yes,Yes,Yes,Yes,Yes,Yes,Yes,Yes,0,0,1.007,0,Yes,Yes,Yes,Yes,Yes,Yes,Yes,Yes,Yes,,,,,,,,,,,,,,,,,,,,,,,,,,,,,,,,,,,,,,,,,,,,,,,,,,,,,,,,,,,,,,,,,,,,,,,,,,,,,,,,,,,,,,,,,,,,,,,,,,,,,,,,,,,,,,,,,,,,,,,,,,,,,,,,,0,0,1.107,0,,,,,Yes,Yes,Yes,Yes,Yes,Yes,Yes,Yes,Yes,What you noticed in a picture.,Did you notice whether the person was sitting or standing,blue,6,No,63,Female
P0368,190,TRUE,2/5/24 10:54,anonymous,EN,I consent.,0,0,1.013,0,No,Yes,Yes,Yes,Yes,Yes,Yes,Yes,Yes,0,0,1.012,0,Yes,Yes,Yes,Yes,Yes,Yes,Yes,Yes,No,,,,,,,,,0,0,1.018,0,,,,,,,,,Yes,Yes,Yes,Yes,Yes,Yes,Yes,Yes,Yes,,,,,,,,,,,,,,,,,,,,,,,,,,,,,,,,,,,,,,,,,,,,,,,,,,,,,,,,,,,,,,,,,,,,,,,,,,,,,,,,,,,,,,,,,,,,,,,,,,,,,,,,,,,,,,,,,,,,,To identify what parts of the image I noticed when I was looking at it.,Did I notice the hair color of the person in the image. ,blue,6,,58,Male
P0369,205,TRUE,2/5/24 10:54,anonymous,EN,I consent.,0,0,1.123,0,No,Yes,Yes,Yes,Yes,Yes,Yes,Yes,Yes,0,0,1.013,0,Yes,Yes,Yes,Yes,No,No,Yes,Yes,Yes,,,,,,,,,,,,,,,,,0,0,1.111,0,Yes,Yes,No,Yes,No,Yes,No,Yes,Yes,,,,,,,,,,,,,,,,,,,,,,,,,,,,,,,,,,,,,,,,,,,,,,,,,,,,,,,,,,,,,,,,,,,,,,,,,,,,,,,,,,,,,,,,,,,,,,,,,,,,,,,,,,,,,,,,,,,,,to remember the image in detail,the height of the person,blue,6,,43,Female
P0370,736,TRUE,2/5/24 10:54,anonymous,EN,I consent.,0,0,1.11,0,No,Yes,Yes,Yes,Yes,Yes,Yes,Yes,Yes,0,0,1.006,0,Yes,Yes,Yes,Yes,No,Yes,Yes,Yes,No,,,,,,,,,,,,,,,,,,,,,,,,,,,,,,,,,,,,,,,,,,,,,,,,,,,,,,,,,,,,,,,,,,,0,0,1.007,0,,,,,,,,,Yes,Yes,No,No,Yes,Yes,Yes,Yes,Yes,,,,,,,,,,,,,,,,,,,,,,,,,,,,,,,,,,,,,,,,,,,,,,,,,,,,,,,,,,,Was shown a picture and asked a series of questions about what I remembered about the picture,Do I remember the size of the animal in the picture.,Blue,6,,50,Female
P0371,467,TRUE,2/5/24 10:54,anonymous,EN,I consent.,0,0,1.105,0,No,Yes,Yes,Yes,Yes,No,No,No,Yes,0,0,1.006,0,No,Yes,No,No,No,No,No,Yes,Yes,,,,,,,,,,,,,,,,,,,,,,,,,,,,,,,,,,,,,,,,,,,,,,0,0,1.012,0,Yes,Yes,No,No,No,No,No,Yes,Yes,,,,,,,,,,,,,,,,,,,,,,,,,,,,,,,,,,,,,,,,,,,,,,,,,,,,,,,,,,,,,,,,,,,,,,,,,,,,,,,,,,,,,,,,Quickly remember the image,"""Did you notice the color/pattern""",Blue,6,,26,Male
P0372,255,TRUE,2/5/24 10:54,anonymous,EN,I consent.,0,0,1.008,0,No,Yes,Yes,Yes,Yes,Yes,Yes,No,Yes,0,0,1.018,0,Yes,Yes,No,Yes,No,Yes,Yes,Yes,Yes,,,,,,,,,,,,,,,,,,,,,,,,,,,,,,,,,,,,,,,,,,,,,,0,0,1.015,0,Yes,Yes,Yes,Yes,Yes,Yes,Yes,Yes,Yes,,,,,,,,,,,,,,,,,,,,,,,,,,,,,,,,,,,,,,,,,,,,,,,,,,,,,,,,,,,,,,,,,,,,,,,,,,,,,,,,,,,,,,,,quickly analyzed a picture and tried to remeber details ,did you novice what the object was sitting on?,Bule,6,,26,Female
P0373,124,TRUE,2/5/24 10:54,anonymous,EN,I consent.,0,0,1.123,0,No,Yes,Yes,Yes,Yes,No,Yes,No,Yes,0,0,1.011,0,Yes,Yes,No,Yes,No,Yes,Yes,Yes,No,,,,,,,,,,,,,,,,,,,,,,,,,,,,,,,,,,,,,,,,,,,,,,,,,,,,,,,,,,,,,,,,,,,,,,,,,,,,,,,,,,,,,,,,,,,,,,,,0,0,1.02,0,,,,,,,,,No,No,No,No,Yes,Yes,No,Yes,Yes,,,,,,,,,,,,,,,,,,,,,,,,,,,,,,To answer questions about a briefly shown picture,"Did you notice what the person was lighting the candle with (match, lighter)?",blue,6,,36,Male
P0374,239,TRUE,2/5/24 10:54,anonymous,EN,I consent.,0,0,1.11,0,Yes,Yes,Yes,Yes,Yes,Yes,Yes,No,No,0,0,1.008,0,Yes,Yes,Yes,Yes,No,Yes,Yes,Yes,Yes,,,,,,,,,,,,,,,,,,,,,,,,,,,,,,,,,,,,,,,,,,,,,,,,,,,,,,,,,,,,,,,,,,,,,,,,,,,,,,,,,,,,,,,,,,,,,,,,,,,,,,,,,,,,,,,,,,,,,,,,,,,,,,,,,,,,,0,0,1.11,0,Yes,Yes,No,Yes,Yes,No,Yes,Yes,Yes,Answer questions about an image that appeared for one second.,Did you notice the color of the bench the woman was sitting on?,Blue,6,,38,Male
P0375,407,TRUE,2/5/24 10:55,anonymous,EN,I consent.,0,0,1.104,0,Yes,Yes,Yes,Yes,Yes,Yes,Yes,No,Yes,0,0,1.115,0,Yes,Yes,Yes,Yes,Yes,Yes,Yes,Yes,Yes,,,,,,,,,,,,,0,0,1.005,0,,,,,Yes,Yes,Yes,Yes,Yes,Yes,Yes,Yes,Yes,,,,,,,,,,,,,,,,,,,,,,,,,,,,,,,,,,,,,,,,,,,,,,,,,,,,,,,,,,,,,,,,,,,,,,,,,,,,,,,,,,,,,,,,,,,,,,,,,,,,,,,,,,,,,,,,,,,,,I was to look at a photo for 1 second and answer what I noticed,Did you notice the height of the person,Blue,6,,43,Male
P0376,317,TRUE,2/5/24 10:55,anonymous,EN,I consent.,0,0,1.019,0,No,Yes,Yes,No,No,No,Yes,Yes,No,0,0,1.107,0,Yes,Yes,No,Yes,No,No,Yes,Yes,No,,,,,0,0,1.009,0,,,,,,,,,,,,,Yes,Yes,Yes,Yes,Yes,No,No,Yes,Yes,,,,,,,,,,,,,,,,,,,,,,,,,,,,,,,,,,,,,,,,,,,,,,,,,,,,,,,,,,,,,,,,,,,,,,,,,,,,,,,,,,,,,,,,,,,,,,,,,,,,,,,,,,,,,,,,,,,,,Look at pictures and try to notice details.,Did I notice the height of the subject.,Blue,6,Showed me that I am not all that observant.,59,Female
P0377,226,TRUE,2/5/24 10:55,anonymous,EN,I consent.,0,0,1.013,0,No,Yes,Yes,Yes,No,Yes,Yes,Yes,Yes,0,0,1.107,0,Yes,Yes,Yes,Yes,Yes,No,Yes,Yes,Yes,,,,,,,,,,,,,,,,,,,,,,,,,,,,,,,,,,,,,,,,,,,,,,,,,,,,,,,,,,,,,,,,,,,,,,,,,,,,,,,,,,,,,,,,,,,,,,,,,,,,,,,,,,,,,,,,,,,,,,,,,0,0,1.008,0,,,,,,,,,,,,,No,No,Yes,Yes,Yes,No,Yes,Yes,Yes,I'm looking at images that are made not taken,Notice which shoe the girl had taken off,Blue,6,Sky not blue at sunrise/sunset,62,Female
P0378,227,TRUE,2/5/24 10:55,anonymous,EN,I consent.,0,0,1.01,0,Yes,Yes,Yes,Yes,Yes,No,Yes,Yes,Yes,0,0,1.016,0,Yes,Yes,No,Yes,Yes,No,Yes,Yes,Yes,,,,,,,,,,,,,,,,,,,,,,,,,,,,,,0,0,1.008,0,,,,,,,,,,,,,,,,,Yes,Yes,Yes,Yes,No,Yes,Yes,Yes,Yes,,,,,,,,,,,,,,,,,,,,,,,,,,,,,,,,,,,,,,,,,,,,,,,,,,,,,,,,,,,,,,,,,,,,,,,,,,,,,,,,,,,,,,,,I looked at an image for a second and said whether or not I noticed some of the details.,I was asked whether or not I noticed which hand the man was holding the pear in.,Blue,6,,49,Female
P0379,220,TRUE,2/5/24 10:55,anonymous,EN,I consent.,0,0,1.127,0,Yes,Yes,Yes,Yes,Yes,Yes,Yes,Yes,Yes,0,0,1.024,0,Yes,Yes,Yes,Yes,No,Yes,Yes,Yes,Yes,,,,,,,,,,,,,,,,,,,,,,,,,,,,,,,,,,,,,,,,,,,,,,,,,,,,,,,,,,,0,0,1.024,0,,,,,,,,,,,,,,,,,Yes,Yes,No,Yes,Yes,Yes,Yes,Yes,Yes,,,,,,,,,,,,,,,,,,,,,,,,,,,,,,,,,,,,,,,,,,,,,,,,,,,,,,,,,,,Look at a picture for 1 second and try to remember as many details as possible,Did I notice whether the object was indoors/outdoors?,Blue,6,,35,Male
P0380,194,TRUE,2/5/24 10:55,anonymous,EN,I consent.,0,0,1.009,0,No,Yes,Yes,Yes,Yes,Yes,Yes,Yes,Yes,0,0,1.108,0,Yes,Yes,Yes,Yes,Yes,Yes,Yes,Yes,Yes,,,,,,,,,,,,,,,,,,,,,,,,,,,,,,,,,,,,,,,,,,,,,,,,,,,,,,,,,,,,,,,0,0,1.009,0,,,,,,,,,,,,,Yes,Yes,No,No,Yes,Yes,Yes,Yes,Yes,,,,,,,,,,,,,,,,,,,,,,,,,,,,,,,,,,,,,,,,,,,,,,,,,,,,,,,,,,,examine and observe pictures,If I noticed the color/pattern of the person's shirt.,blue,6,,51,Female
P0381,330,TRUE,2/5/24 10:55,anonymous,EN,I consent.,0,0,1.011,0,Yes,Yes,Yes,Yes,Yes,Yes,Yes,Yes,Yes,0,0,1.108,0,Yes,Yes,Yes,Yes,Yes,Yes,Yes,Yes,Yes,,,,,,,,,,,,,,,,,,,,,,,,,,,,,,,,,,,,,,,,,,,,,,,,,,,,,,,,,,,,,,,,,,,,,,,,,,,,,,,,,,,,,,,,,,,,,,,,,,,,0,0,1.007,0,,,,,Yes,Yes,No,No,Yes,Yes,Yes,Yes,Yes,,,,,,,,,,,,,,,,,,,,,,,,,,,,,,You will see an image for 1 second and then asked what details you noticed.,Did you notice the background?,blue,6,,,
P0382,128,TRUE,2/5/24 10:55,anonymous,EN,I consent.,0,0,1.009,0,Yes,Yes,Yes,Yes,Yes,Yes,Yes,Yes,Yes,0,0,1.108,0,Yes,Yes,Yes,Yes,Yes,Yes,Yes,Yes,No,,,,,,,,,,,,,,,,,,,,,,,,,,,,,,,,,,,,,,0,0,1.108,0,,,,,,,,,Yes,Yes,Yes,Yes,Yes,Yes,Yes,Yes,Yes,,,,,,,,,,,,,,,,,,,,,,,,,,,,,,,,,,,,,,,,,,,,,,,,,,,,,,,,,,,,,,,,,,,,,,,,,,,,,,,,,,,,,,,,To quickly decide whether I noticed things about an image,Did you notice what fruit the person was handling?,Blue,6,,28,Male
P0383,334,TRUE,2/5/24 10:55,anonymous,EN,I consent.,0,0,1.007,0,Yes,Yes,Yes,Yes,Yes,No,Yes,No,Yes,0,0,1.005,0,Yes,Yes,No,Yes,No,No,Yes,Yes,No,,,,,,,,,,,,,,,,,,,,,,,,,,,,,,,,,,,,,,,,,,,,,,,,,,,,,,,,,,,,,,,,,,,,,,,,,,,,,,,,,,,,,,,,,,,,,,,,,,,,,,,,,,,,,,,,,,,,,,,,,,,,,,,,,,,,,0,0,1.006,0,No,Yes,Yes,Yes,Yes,Yes,Yes,Yes,Yes,I had to look at a picture for one second and then answer questions about items I may have or have not noticed. ,Did I notice the size of the box?,blue,6,,55,Female
P0384,242,TRUE,2/5/24 10:55,anonymous,EN,I consent.,0,0,1.02,0,No,Yes,Yes,Yes,Yes,Yes,Yes,Yes,Yes,0,0,1.112,0,Yes,Yes,Yes,Yes,No,Yes,Yes,Yes,No,,,,,,,,,,,,,,,,,,,,,,,,,,,,,,,,,,,,,,,,,,,,,,,,,,,,,,,,,,,,,,,,,,,,,,,0,0,1.015,0,,,,,Yes,Yes,No,Yes,No,Yes,Yes,No,No,,,,,,,,,,,,,,,,,,,,,,,,,,,,,,,,,,,,,,,,,,,,,,,,,,,,,,,,,,,Answer whether or not I noticed certain details,Did you notice the color and shape of the object,Blue,6,,24,Female
P0385,151,TRUE,2/5/24 10:55,anonymous,EN,I consent.,0,0,1.007,0,No,Yes,Yes,Yes,Yes,Yes,Yes,No,Yes,0,0,1.012,0,Yes,Yes,Yes,Yes,No,No,Yes,Yes,Yes,,,,,,,,,,,,,,,,,,,,,,,,,,,,,,,,,,,,,,,,,,,,,,,,,,,,,,,,,,,,,,,,,,,,,,,,,,,,,,,,,,,,,,,,,,,,,,,,,,,,0,0,1.113,0,,,,,Yes,Yes,No,No,Yes,Yes,Yes,Yes,No,,,,,,,,,,,,,,,,,,,,,,,,,,,,,,observe an image for one sec and then answer some questions,Did you notice the apparent material of the candle holder?,blue,6,,33,Female
P0386,165,TRUE,2/5/24 10:55,anonymous,EN,I consent.,0,0,1.009,0,No,Yes,Yes,Yes,No,Yes,Yes,No,Yes,0,0,1.008,0,Yes,Yes,Yes,Yes,Yes,Yes,Yes,Yes,Yes,,,,,,,,,0,0,1.01,0,,,,,,,,,Yes,Yes,Yes,Yes,No,Yes,No,Yes,Yes,,,,,,,,,,,,,,,,,,,,,,,,,,,,,,,,,,,,,,,,,,,,,,,,,,,,,,,,,,,,,,,,,,,,,,,,,,,,,,,,,,,,,,,,,,,,,,,,,,,,,,,,,,,,,,,,,,,,,Look at 1 image for 1 second and remeber as much as i can for any details,Do you remeber the item being in motion,Blue,6,,41,Male
P0387,256,TRUE,2/5/24 10:55,anonymous,EN,I consent.,0,0,1.106,0,No,Yes,Yes,Yes,No,No,Yes,Yes,Yes,0,0,1.005,0,Yes,Yes,No,Yes,No,Yes,Yes,Yes,Yes,,,,,,,,,,,,,,,,,,,,,,,,,,,,,,,,,,,,,,,,,,,,,,,,,,,,,,,,,,,,,,,,,,,0,0,1.006,0,,,,,,,,,Yes,Yes,No,No,No,Yes,Yes,Yes,No,,,,,,,,,,,,,,,,,,,,,,,,,,,,,,,,,,,,,,,,,,,,,,,,,,,,,,,,,,,To see how well I could notice details after looking at a picture for one second.,Did you notice what the object was.,Blue,6,,44,Male
P0388,150,TRUE,2/5/24 10:56,anonymous,EN,I consent.,0,0,1.012,0,No,Yes,Yes,Yes,Yes,Yes,Yes,Yes,No,0,0,1.012,0,Yes,Yes,Yes,Yes,No,Yes,Yes,Yes,Yes,,,,,,,,,,,,,,,,,,,,,,,,,,,,,,,,,,,,,,,,,,,,,,,,,,,,,,,,,,,,,,,,,,,,,,,,,,,,,,,,,,,,,,,,,,,,,,,,0,0,1.111,0,,,,,,,,,Yes,Yes,No,No,No,Yes,Yes,Yes,Yes,,,,,,,,,,,,,,,,,,,,,,,,,,,,,,Answer yes or no questions about what I noticed in a picture seen for one second.,Did you notice the material of the cube?,blue,6,,41,Male
P0389,156,TRUE,2/5/24 10:56,anonymous,EN,I consent.,0,0,1.11,0,No,Yes,Yes,Yes,Yes,Yes,Yes,Yes,No,0,0,1.008,0,No,Yes,Yes,Yes,No,Yes,Yes,Yes,Yes,,,,,0,0,1.01,0,,,,,,,,,,,,,Yes,Yes,Yes,Yes,Yes,Yes,No,Yes,Yes,,,,,,,,,,,,,,,,,,,,,,,,,,,,,,,,,,,,,,,,,,,,,,,,,,,,,,,,,,,,,,,,,,,,,,,,,,,,,,,,,,,,,,,,,,,,,,,,,,,,,,,,,,,,,,,,,,,,,Look at an image for 1 second and answer a series of questions regarding what I noticed in the image.,Size of the table.,Blue,6,,44,Male
P0390,181,TRUE,2/5/24 10:56,anonymous,EN,I consent.,0,0,1.008,0,No,Yes,Yes,Yes,Yes,Yes,Yes,No,Yes,0,0,1.007,0,Yes,Yes,Yes,Yes,No,Yes,Yes,Yes,Yes,,,,,,,,,,,,,,,,,,,,,,,,,,,,,,,,,,,,,,,,,,,,,,,,,,,,,,,,,,,,,,,,,,,,,,,0,0,1.008,0,,,,,Yes,Yes,No,Yes,Yes,Yes,Yes,Yes,Yes,,,,,,,,,,,,,,,,,,,,,,,,,,,,,,,,,,,,,,,,,,,,,,,,,,,,,,,,,,,Look at a photo for 1 second and then answer questions about what you recall.,Do you remember the number of blue objects?,Blue,6,,34,Female
P0391,169,TRUE,2/5/24 10:56,anonymous,EN,I consent.,0,0,1.108,0,No,Yes,Yes,Yes,Yes,No,Yes,Yes,Yes,0,0,1.005,0,Yes,Yes,Yes,Yes,Yes,Yes,Yes,Yes,Yes,,,,,,,,,,,,,,,,,0,0,1.006,0,Yes,Yes,Yes,Yes,Yes,No,No,Yes,Yes,,,,,,,,,,,,,,,,,,,,,,,,,,,,,,,,,,,,,,,,,,,,,,,,,,,,,,,,,,,,,,,,,,,,,,,,,,,,,,,,,,,,,,,,,,,,,,,,,,,,,,,,,,,,,,,,,,,,,anser questions about pictures,did u notice gender of person,blue,6,,41,Female
P0392,172,TRUE,2/5/24 10:56,anonymous,EN,I consent.,0,0,1.024,0,Yes,Yes,Yes,Yes,Yes,No,Yes,Yes,Yes,0,0,1.037,0,Yes,Yes,Yes,Yes,No,Yes,Yes,Yes,No,,,,,,,,,,,,,,,,,,,,,,,,,,,,,,,,,,,,,,,,,,,,,,,,,,,,,,,,,,,,,,,,,,,,,,,,,,,,,,,,,,,,,,,,,,,,,,,,,,,,,,,,,,,,,,,,,,,,,,,,,0,0,1.129,0,,,,,,,,,,,,,Yes,Yes,No,Yes,No,No,Yes,Yes,Yes,To answer questions about what details were noticed in a photograph shown for one second.,"""Did you notice the size of the bench?""",typically blue,6,Nothing comes to mind.,33,Male
P0393,160,TRUE,2/5/24 10:56,anonymous,EN,I consent.,0,0,1.01,0,No,Yes,Yes,Yes,Yes,Yes,Yes,Yes,Yes,0,0,1.115,0,Yes,Yes,Yes,Yes,Yes,Yes,Yes,Yes,Yes,,,,,,,,,,,,,,,,,,,,,,,,,,,,,,,,,,,,,,,,,,,,,,,,,,,,,,,,,,,,,,,,,,,,,,,,,,,,,,,,,,,,,,,,0,0,1.01,0,,,,,,,,,,,,,,,,,Yes,Yes,Yes,Yes,Yes,Yes,Yes,Yes,Yes,,,,,,,,,,,,,,,,,,,,,,,,,,,,,,To see if we can recall fine details.,If we knew how the candle was lit.,Blue,6,None.,39,Male
P0394,369,TRUE,2/5/24 10:56,anonymous,EN,I consent.,0,0,1.011,0,No,Yes,Yes,Yes,Yes,Yes,Yes,Yes,Yes,0,0,1.109,0,Yes,Yes,Yes,Yes,Yes,No,Yes,Yes,No,,,,,,,,,,,,,,,,,,,,,,,,,,,,,,,,,,,,,,,,,,,,,,,,,,,,,,,,,,,,,,,,,,,,,,,,,,,,,,,,,,,,,,,,,,,,,,,,,,,,,,,,0,0,1.008,0,No,Yes,Yes,No,Yes,No,Yes,No,No,,,,,,,,,,,,,,,,,,,,,,,,,,,,,,Recall details of an image after viewing it for only 1 second,Do you remember the color of the candle?,blue,6,,68,Male
P0395,261,TRUE,2/5/24 10:56,anonymous,EN,I consent.,0,0,1.11,0,Yes,Yes,Yes,Yes,Yes,No,Yes,Yes,Yes,0,0,1.006,0,Yes,Yes,Yes,Yes,No,Yes,Yes,Yes,No,,,,,,,,,,,,,,,,,,,,,,,,,,,,,,,,,,,,,,,,,,,,,,,,,,,,,,,,,,,,,,,,,,,,,,,,,,,,,,,,,,,,,,,,,,,,,,,,,,,,,,,,0,0,1.112,0,Yes,Yes,No,No,Yes,Yes,Yes,Yes,Yes,,,,,,,,,,,,,,,,,,,,,,,,,,,,,,Answer questions about details after seeing an image for 1 second.,Did you notice the shape of the candle holder?,blue,6,,34,Male
P0396,369,TRUE,2/5/24 10:56,anonymous,EN,I consent.,0,0,1.11,0,No,Yes,Yes,Yes,Yes,Yes,Yes,Yes,Yes,0,0,1.007,0,Yes,Yes,Yes,Yes,Yes,No,Yes,Yes,No,,,,,,,,,,,,,0,0,1.107,0,,,,,Yes,Yes,No,Yes,Yes,Yes,Yes,Yes,Yes,,,,,,,,,,,,,,,,,,,,,,,,,,,,,,,,,,,,,,,,,,,,,,,,,,,,,,,,,,,,,,,,,,,,,,,,,,,,,,,,,,,,,,,,,,,,,,,,,,,,,,,,,,,,,,,,,,,,,my task was to view an image for one second and then answer yes or no questions about what I noticed about the image,Did you notice the gender of the person in the image?,blue,6,,37,Female
P0397,162,TRUE,2/5/24 10:56,anonymous,EN,I consent.,0,0,1.008,0,No,Yes,Yes,Yes,Yes,Yes,Yes,No,Yes,0,0,1.109,0,Yes,Yes,Yes,Yes,No,Yes,Yes,No,Yes,,,,,,,,,,,,,,,,,,,,,,,,,,,,,,,,,,,,,,,,,,,,,,,,,,,,,,,,,,,,,,,,,,,,,,,,,,,0,0,1.005,0,Yes,Yes,No,No,Yes,Yes,Yes,Yes,Yes,,,,,,,,,,,,,,,,,,,,,,,,,,,,,,,,,,,,,,,,,,,,,,,,,,,,,,,,,,,take in details of picture at a quick glance,Did you notice what animal was pictured?,Blue,6,,34,Female
P0398,274,TRUE,2/5/24 10:56,anonymous,EN,I consent.,0,0,1.015,0,No,Yes,Yes,Yes,Yes,Yes,Yes,Yes,Yes,0,0,1.112,0,Yes,Yes,Yes,Yes,No,No,Yes,Yes,No,,,,,,,,,,,,,,,,,,,,,,,,,,,,,,,,,,,,,,,,,,0,0,1.012,0,,,,,Yes,Yes,Yes,Yes,Yes,Yes,Yes,Yes,No,,,,,,,,,,,,,,,,,,,,,,,,,,,,,,,,,,,,,,,,,,,,,,,,,,,,,,,,,,,,,,,,,,,,,,,,,,,,,,,,,,,,,,,,I looked at a picture for one second and was asked if I remembered various details of the picture.,Did I notice which hand the person held the object with?,blue,6,,30,Male
P0399,180,TRUE,2/5/24 10:56,anonymous,EN,I consent.,0,0,1.01,0,No,Yes,Yes,Yes,Yes,Yes,Yes,Yes,Yes,0,0,1.013,0,Yes,Yes,Yes,Yes,No,Yes,Yes,Yes,Yes,,,,,,,,,,,,,,,,,,,,,,,,,,,,,,,,,,,,,,,,,,,,,,,,,,,,,,,,,,,,,,,,,,,,,,,,,,,,,,,,,,,,,,,,,,,,,,,,,,,,,,,,,,,,,,,,,,,,,0,0,1.008,0,,,,,,,,,,,,,,,,,Yes,Yes,No,Yes,Yes,No,Yes,Yes,Yes,See an image for 1 second then answer questions about what I saw.,What color the bench was,Blue,6,,31,Male
P0400,345,TRUE,2/5/24 10:56,anonymous,EN,I consent.,0,0,1.131,0,No,Yes,Yes,Yes,Yes,Yes,Yes,Yes,No,0,0,1.113,0,Yes,Yes,Yes,Yes,No,Yes,Yes,Yes,No,,,,,,,,,,,,,,,,,,,,,,,,,,,,,,,,,,,,,,,,,,,,,,0,0,1.109,0,No,No,No,Yes,No,Yes,Yes,Yes,Yes,,,,,,,,,,,,,,,,,,,,,,,,,,,,,,,,,,,,,,,,,,,,,,,,,,,,,,,,,,,,,,,,,,,,,,,,,,,,,,,,,,,,,,,,View an image for one second and try to recall details.,Did you notice the direction of the light?,blue,6,none.,48,Male
P0401,181,TRUE,2/5/24 10:56,anonymous,EN,I consent.,0,0,1.005,0,Yes,Yes,Yes,Yes,Yes,Yes,Yes,Yes,Yes,0,0,1.006,0,Yes,Yes,Yes,Yes,Yes,Yes,Yes,Yes,No,,,,,,,,,,,,,,,,,,,,,,,,,,,,,,,,,,,,,,,,,,,,,,,,,,,,,,,,,,,,,,,,,,,,,,,,,,,,,,,,,,,,,,,,,,,,,,,,,,,,,,,,,,,,,,,,,,,,,0,0,1.107,0,,,,,,,,,,,,,,,,,Yes,Yes,Yes,Yes,Yes,No,Yes,Yes,Yes,Looking at a image for 1 second and asked questions about details,Did you realize whether the man was wearing socks ,Blue,6,,34,Female
P0402,616,TRUE,2/5/24 10:56,anonymous,EN,I consent.,0,0,1.111,0,No,Yes,Yes,Yes,No,Yes,Yes,No,No,0,0,1.013,0,Yes,Yes,Yes,Yes,Yes,No,Yes,Yes,Yes,,,,,,,,,,,,,,,,,,,,,,,,,,,,,,,,,,,,,,,,,,,,,,,,,,,,,,,,,,,,,,,0,0,1.011,0,,,,,,,,,,,,,Yes,Yes,No,Yes,No,Yes,No,Yes,No,,,,,,,,,,,,,,,,,,,,,,,,,,,,,,,,,,,,,,,,,,,,,,,,,,,,,,,,,,,I saw some images and answered questions on what I noticed/didn't notice in the images.,I was asked what type of treat the person in the picture was feeding the animal.,Blue,6,,28,Male
P0403,622,TRUE,2/5/24 10:57,anonymous,EN,I consent.,0,0,1.007,0,No,Yes,Yes,Yes,Yes,Yes,Yes,No,Yes,0,0,1.107,0,Yes,Yes,Yes,Yes,Yes,Yes,Yes,Yes,Yes,,,,,,,,,,,,,,,,,,,,,,,,,,,,,,,,,,,,,,,,,,0,0,1.007,0,,,,,Yes,Yes,Yes,Yes,Yes,Yes,Yes,Yes,No,,,,,,,,,,,,,,,,,,,,,,,,,,,,,,,,,,,,,,,,,,,,,,,,,,,,,,,,,,,,,,,,,,,,,,,,,,,,,,,,,,,,,,,,To view pictures for 1 second and then tell if I noticed certain things about them.,Did you notice which hand was used to place the fruit into the bag?,blue,6,,39,Female
P0404,205,TRUE,2/5/24 10:57,anonymous,EN,I consent.,0,0,1.109,0,Yes,Yes,Yes,Yes,Yes,Yes,Yes,Yes,Yes,0,0,1.008,0,Yes,Yes,Yes,Yes,Yes,Yes,Yes,Yes,No,,,,,,,,,,,,,,,,,,,,,,,,,,,,,,0,0,1.007,0,,,,,,,,,,,,,,,,,Yes,Yes,No,Yes,No,Yes,Yes,Yes,Yes,,,,,,,,,,,,,,,,,,,,,,,,,,,,,,,,,,,,,,,,,,,,,,,,,,,,,,,,,,,,,,,,,,,,,,,,,,,,,,,,,,,,,,,,Describing pictures that only appear for 1 second.,Did you notice the pattern on the bag?,Blue,6,thanks,38,Male
P0405,265,TRUE,2/5/24 10:57,anonymous,EN,I consent.,0,0,1.025,0,Yes,Yes,Yes,Yes,Yes,Yes,Yes,Yes,Yes,0,0,1.019,0,Yes,Yes,Yes,Yes,No,Yes,Yes,Yes,No,,,,,,,,,,,,,,,,,,,,,,,,,,,,,,,,,,,,,,,,,,,,,,,,,,,,,,,,,,,0,0,1.022,0,,,,,,,,,,,,,,,,,Yes,Yes,No,Yes,No,Yes,Yes,Yes,Yes,,,,,,,,,,,,,,,,,,,,,,,,,,,,,,,,,,,,,,,,,,,,,,,,,,,,,,,,,,,Viewed an image for 1 second and then answer questions about it.,Did I notice the treat offered to the animal.,Blue,6,,48,Female
P0406,156,TRUE,2/5/24 10:57,anonymous,EN,I consent.,0,0,1.111,0,Yes,Yes,Yes,Yes,Yes,No,Yes,No,No,0,0,1.006,0,Yes,Yes,Yes,Yes,Yes,No,Yes,Yes,Yes,,,,,,,,,,,,,0,0,1.111,0,,,,,Yes,Yes,Yes,Yes,Yes,Yes,Yes,Yes,Yes,,,,,,,,,,,,,,,,,,,,,,,,,,,,,,,,,,,,,,,,,,,,,,,,,,,,,,,,,,,,,,,,,,,,,,,,,,,,,,,,,,,,,,,,,,,,,,,,,,,,,,,,,,,,,,,,,,,,,look at an image for 1 second and remember details,If the ball was in motion or not,Blue,6,,31,Female
P0407,134,TRUE,2/5/24 10:57,anonymous,EN,I consent.,0,0,1.108,0,Yes,Yes,Yes,Yes,Yes,Yes,Yes,Yes,No,0,0,1.017,0,Yes,Yes,Yes,Yes,Yes,Yes,Yes,Yes,Yes,,,,,,,,,,,,,,,,,,,,,,,,,,,,,,,,,,,,,,,,,,,,,,,,,,,,,,,,,,,,,,,,,,,,,,,,,,,,,,,,,,,,,,,,,,,,,,,,,,,,,,,,,,,,,,,,,,,,,,,,,0,0,1.111,0,,,,,,,,,,,,,No,No,Yes,Yes,Yes,Yes,Yes,Yes,Yes,The task in the study was to try to remember as many details about the shown image as I could.,Did I notice which shoe the person took off?,Blue,6,,25,Female
P0408,164,TRUE,2/5/24 10:57,anonymous,EN,I consent.,0,0,1.112,0,No,Yes,Yes,Yes,Yes,Yes,No,Yes,No,0,0,1.108,0,Yes,Yes,Yes,Yes,Yes,Yes,Yes,Yes,Yes,,,,,,,,,,,,,,,,,,,,,,,,,,,,,,,,,,0,0,1.012,0,,,,,,,,,,,,,Yes,Yes,Yes,Yes,Yes,Yes,Yes,Yes,Yes,,,,,,,,,,,,,,,,,,,,,,,,,,,,,,,,,,,,,,,,,,,,,,,,,,,,,,,,,,,,,,,,,,,,,,,,,,,,,,,,,,,,,,,,I saw an image for 1 second then answered questions,were there humans in the picture or not,blue,6,,35,Male
P0409,484,TRUE,2/5/24 10:57,anonymous,EN,I consent.,0,0,1.111,0,Yes,Yes,Yes,Yes,Yes,Yes,Yes,Yes,Yes,0,0,1.015,0,Yes,Yes,Yes,Yes,Yes,Yes,Yes,Yes,Yes,,,,,,,,,,,,,,,,,,,,,,,,,,,,,,,,,,,,,,,,,,,,,,,,,,,,,,,,,,,,,,,,,,,,,,,,,,,,,,,,,,,,,,,,,,,,,,,,,,,,,,,,,,,,,,,,,,,,,,,,,,,,,,,,,0,0,1.008,0,,,,,Yes,Yes,Yes,Yes,Yes,Yes,Yes,Yes,Yes,Be observant of the content of the pictures,Did I notice the color of the cube,Blue,6,,59,Male
P0410,412,TRUE,2/5/24 10:57,anonymous,EN,I consent.,0,0,1.011,0,No,Yes,Yes,Yes,Yes,Yes,Yes,Yes,No,0,0,1.112,0,Yes,Yes,Yes,Yes,Yes,Yes,Yes,Yes,Yes,,,,,,,,,0,0,1.007,0,,,,,,,,,Yes,Yes,Yes,Yes,Yes,Yes,Yes,Yes,Yes,,,,,,,,,,,,,,,,,,,,,,,,,,,,,,,,,,,,,,,,,,,,,,,,,,,,,,,,,,,,,,,,,,,,,,,,,,,,,,,,,,,,,,,,,,,,,,,,,,,,,,,,,,,,,,,,,,,,,Indicating whether I noticed certain attrbutes in the photo,Did you notice the hair color of the person in the picture?,Blue,6,,,Female
P0411,203,TRUE,2/5/24 10:57,anonymous,EN,I consent.,0,0,1.008,0,No,Yes,Yes,Yes,Yes,Yes,Yes,No,Yes,0,0,1.007,0,Yes,Yes,Yes,Yes,No,Yes,Yes,Yes,Yes,,,,,,,,,,,,,,,,,,,,,,,,,,,,,,0,0,1.105,0,,,,,,,,,,,,,,,,,No,No,No,Yes,No,Yes,Yes,Yes,No,,,,,,,,,,,,,,,,,,,,,,,,,,,,,,,,,,,,,,,,,,,,,,,,,,,,,,,,,,,,,,,,,,,,,,,,,,,,,,,,,,,,,,,,Noticing details in a quick glance at a photo,The size of a fruit,Blue,6,,43,Male
P0412,336,TRUE,2/5/24 10:57,anonymous,EN,I consent.,0,0,1.008,0,No,Yes,Yes,Yes,No,No,Yes,Yes,No,0,0,1.008,0,Yes,Yes,Yes,Yes,No,Yes,Yes,Yes,No,,,,,,,,,,,,,,,,,,,,,,,,,,,,,,,,,,,,,,0,0,1.008,0,,,,,,,,,Yes,Yes,No,Yes,No,No,Yes,Yes,No,,,,,,,,,,,,,,,,,,,,,,,,,,,,,,,,,,,,,,,,,,,,,,,,,,,,,,,,,,,,,,,,,,,,,,,,,,,,,,,,,,,,,,,,being shown a picture for only a second and then responding to various questions about what was in the pictures.,did you notice the age of the woman in the picture.,blue,6,,46,Male
P0413,211,TRUE,2/5/24 10:57,anonymous,EN,I consent.,0,0,1.014,0,No,Yes,Yes,Yes,Yes,No,Yes,Yes,Yes,0,0,1.012,0,No,Yes,Yes,Yes,Yes,Yes,Yes,No,Yes,0,0,1.112,0,,,,,,,,,,,,,,,,,Yes,Yes,Yes,Yes,Yes,No,Yes,Yes,Yes,,,,,,,,,,,,,,,,,,,,,,,,,,,,,,,,,,,,,,,,,,,,,,,,,,,,,,,,,,,,,,,,,,,,,,,,,,,,,,,,,,,,,,,,,,,,,,,,,,,,,,,,,,,,,,,,,,,,,"To see a image for a few seconds, and then answer some questions about what you have seen.",Did you notice the size of the object?,Blue,6,"None, thanks.",48,Female
P0414,495,TRUE,2/5/24 10:57,anonymous,EN,I consent.,0,0,1.02,0,No,Yes,Yes,Yes,Yes,Yes,Yes,No,No,0,0,1.118,0,No,Yes,Yes,No,No,Yes,Yes,No,Yes,,,,,,,,,,,,,,,,,,,,,,,,,,,,,,,,,,0.031,0.031,1.114,1,,,,,,,,,,,,,Yes,Yes,Yes,Yes,Yes,Yes,No,Yes,No,,,,,,,,,,,,,,,,,,,,,,,,,,,,,,,,,,,,,,,,,,,,,,,,,,,,,,,,,,,,,,,,,,,,,,,,,,,,,,,,,,,,,,,,I was asked whether I noticed the finer details in random images that might or might not have been ai generated,The color/pattern of a bag a man was putting an apple into,Blue,6,,25,Male
P0415,346,TRUE,2/5/24 10:57,anonymous,EN,I consent.,0,0,1.028,0,Yes,Yes,Yes,Yes,Yes,Yes,Yes,Yes,Yes,0,0,2.46,0,Yes,Yes,Yes,Yes,Yes,Yes,Yes,Yes,Yes,,,,,,,,,,,,,,,,,,,,,,,,,,,,,,,,,,0,0,1.128,0,,,,,,,,,,,,,Yes,Yes,Yes,No,Yes,Yes,Yes,Yes,Yes,,,,,,,,,,,,,,,,,,,,,,,,,,,,,,,,,,,,,,,,,,,,,,,,,,,,,,,,,,,,,,,,,,,,,,,,,,,,,,,,,,,,,,,,to view an image for one second and remember the most about it,Did you notice the physique of the person?,blue,6,,43,Female
P0416,331,TRUE,2/5/24 10:57,anonymous,EN,I consent.,0,0,1.114,0,No,Yes,Yes,Yes,Yes,Yes,Yes,Yes,No,0,0,1.113,0,No,Yes,Yes,Yes,Yes,No,Yes,Yes,Yes,,,,,,,,,,,,,,,,,,,,,,,,,,,,,,,,,,,,,,,,,,,,,,,,,,,,,,,,,,,,,,,0,0,1.015,0,,,,,,,,,,,,,Yes,Yes,No,No,Yes,Yes,Yes,Yes,No,,,,,,,,,,,,,,,,,,,,,,,,,,,,,,,,,,,,,,,,,,,,,,,,,,,,,,,,,,,to view an image and indicate whether I noticed certain things about the image,Did you notice what animal was being offered a treat?,blue,6,,53,Female
P0417,159,TRUE,2/5/24 10:57,anonymous,EN,I consent.,0,0,1.006,0,No,Yes,Yes,Yes,Yes,Yes,Yes,Yes,Yes,0,0,1.11,0,Yes,Yes,Yes,Yes,Yes,No,Yes,Yes,Yes,,,,,,,,,,,,,,,,,0,0,1.006,0,No,Yes,No,No,Yes,Yes,Yes,Yes,Yes,,,,,,,,,,,,,,,,,,,,,,,,,,,,,,,,,,,,,,,,,,,,,,,,,,,,,,,,,,,,,,,,,,,,,,,,,,,,,,,,,,,,,,,,,,,,,,,,,,,,,,,,,,,,,,,,,,,,,viewing images and recalling what i remember about it,did you notice the size of the ball in the image,blue,6,,36,Female
P0418,166,TRUE,2/5/24 10:57,anonymous,EN,I consent.,0,0,1.007,0,Yes,Yes,Yes,Yes,Yes,Yes,Yes,Yes,Yes,0,0,1.005,0,Yes,Yes,Yes,Yes,No,Yes,Yes,Yes,Yes,,,,,,,,,,,,,,,,,,,,,,,,,,,,,,,,,,,,,,,,,,,,,,,,,,,,,,,,,,,,,,,,,,,,,,,,,,,,,,,,,,,,,,,,,,,,,,,,,,,,,,,,0,0,1.006,0,Yes,Yes,Yes,Yes,Yes,Yes,Yes,Yes,Yes,,,,,,,,,,,,,,,,,,,,,,,,,,,,,,Details about images I saw,Did I notice the color of the object.,Blue,6,Thanks!,37,Male
P0419,276,TRUE,2/5/24 10:57,anonymous,EN,I consent.,0,0,1.117,0,No,Yes,Yes,Yes,Yes,Yes,Yes,Yes,Yes,0,0,1.011,0,Yes,Yes,Yes,Yes,Yes,Yes,Yes,Yes,Yes,,,,,,,,,,,,,,,,,,,,,,,,,,,,,,,,,,,,,,,,,,,,,,,,,,,,,,,,,,,,,,,,,,,,,,,,,,,0,0,1.012,0,Yes,Yes,No,No,Yes,Yes,Yes,Yes,Yes,,,,,,,,,,,,,,,,,,,,,,,,,,,,,,,,,,,,,,,,,,,,,,,,,,,,,,,,,,,"After viewing an image that is previously described by the researcher for just one second, I was to answer questions about what I visually saw about the image in the questions following.",Did you notice the spacing of the mesh?,Blue,6,"Everything was fine, thank you!",52,Female
P0420,171,TRUE,2/5/24 10:57,anonymous,EN,I consent.,0,0,1.112,0,Yes,Yes,Yes,Yes,Yes,Yes,Yes,Yes,No,0,0,1.011,0,No,Yes,Yes,Yes,Yes,No,Yes,Yes,No,,,,,,,,,,,,,,,,,,,,,,,,,,,,,,,,,,,,,,,,,,,,,,,,,,,,,,,,,,,,,,,,,,,,,,,,,,,,,,,,,,,,,,,,,,,,,,,,,,,,,,,,0,0,1.006,0,No,No,Yes,Yes,Yes,Yes,Yes,Yes,No,,,,,,,,,,,,,,,,,,,,,,,,,,,,,,how much can you remember quickly,the color of the cube,blue,6,,37,Male
P0421,280,TRUE,2/5/24 10:58,anonymous,EN,I consent.,0,0,1.124,0,No,Yes,Yes,Yes,Yes,Yes,Yes,Yes,No,0,0,1.115,0,Yes,Yes,Yes,Yes,Yes,No,Yes,No,Yes,,,,,,,,,,,,,,,,,,,,,,,,,,,,,,,,,,,,,,,,,,,,,,,,,,,,,,,,,,,,,,,,,,,,,,,,,,,,,,,,,,,,,,,,,,,,0,0,1.011,0,,,,,,,,,,,,,Yes,Yes,Yes,Yes,Yes,Yes,Yes,Yes,Yes,,,,,,,,,,,,,,,,,,,,,,,,,,,,,,I was viewing images for 1 second and answering questions about what I saw or noted about the image.,Did you notice which hand was used to light the candle?,blue,6,,45,Female
P0422,246,TRUE,2/5/24 10:58,anonymous,EN,I consent.,0,0,1.013,0,Yes,Yes,Yes,Yes,Yes,Yes,Yes,Yes,Yes,0,0,1.115,0,Yes,Yes,Yes,Yes,Yes,Yes,Yes,Yes,No,,,,,,,,,,,,,,,,,,,,,,,,,,,,,,,,,,,,,,,,,,,,,,,,,,,,,,,,,,,,,,,,,,,,,,,,,,,,,,,,,,,,,,,,,,,,,,,,,,,,,,,,,,,,,,,,,,,,,,,,,,,,,0,0,1.013,0,,,,,,,,,Yes,Yes,Yes,Yes,No,No,Yes,Yes,Yes,Look at an image for 1 second and try to noticed things in it,Did you notice the size of the bench,Blue,6,,37,Male
P0423,347,TRUE,2/5/24 10:58,anonymous,EN,I consent.,0,0,1.025,0,No,Yes,Yes,Yes,Yes,Yes,Yes,Yes,Yes,0,0,1.017,0,Yes,Yes,Yes,Yes,No,Yes,Yes,Yes,Yes,,,,,,,,,,,,,,,,,,,,,,,,,,,,,,,,,,,,,,,,,,,,,,,,,,,,,,,,,,,,,,,,,,,,,,,,,,,,,,,,,,,,,,,,,,,,,,,,,,,,,,,,,,,,,,,,,,,,,,,,,,,,,,,,,,,,,0,0,1.019,0,Yes,Yes,Yes,Yes,Yes,Yes,Yes,Yes,Yes,My task was to look at a described image for 1 second and answer questions after about various things I may have noticed about the image.,Do you remember whether the person was wearing socks?,Blue,6,,28,Male
P0424,258,TRUE,2/5/24 10:58,anonymous,EN,I consent.,0,0,1.129,0,Yes,Yes,Yes,Yes,Yes,Yes,Yes,Yes,Yes,0,0,1.104,0,Yes,Yes,Yes,Yes,No,Yes,Yes,Yes,Yes,,,,,,,,,,,,,,,,,,,,,,,,,,,,,,,,,,,,,,,,,,,,,,,,,,,,,,,,,,,,,,,,,,,,,,,0,0,1.133,0,,,,,Yes,Yes,Yes,Yes,Yes,Yes,Yes,Yes,Yes,,,,,,,,,,,,,,,,,,,,,,,,,,,,,,,,,,,,,,,,,,,,,,,,,,,,,,,,,,,to observe and answer questions,Did  I know which hand offered treat,blue,6,,60,Female
P0425,452,TRUE,2/5/24 10:58,anonymous,EN,I consent.,0,0,1.012,0,No,Yes,Yes,Yes,Yes,No,Yes,No,Yes,0,0,1.014,0,Yes,Yes,Yes,Yes,Yes,No,Yes,Yes,No,,,,,,,,,,,,,,,,,,,,,,,,,,,,,,,,,,,,,,,,,,,,,,,,,,,,,,,,,,,,,,,,,,,,,,,,,,,,,,,,,,,,,,,,,,,,,,,,,,,,,,,,,,,,,,,,,,,,,,,,,,,,,,,,,0,0,1.011,0,,,,,No,Yes,Yes,Yes,Yes,Yes,Yes,Yes,Yes,I had to look a photo for 1 second and answer questions about it ,Did I notice the size of the bench the person sat on.,Blue,6,,34,Female
P0426,145,TRUE,2/5/24 10:58,anonymous,EN,I consent.,0,0,1.026,0,No,Yes,Yes,Yes,Yes,Yes,Yes,Yes,No,0,0,1.119,0,Yes,Yes,Yes,Yes,Yes,Yes,Yes,Yes,No,,,,,,,,,,,,,,,,,,,,,,,,,,,,,,,,,,,,,,,,,,,,,,,,,,,,,,,,,,,,,,,,,,,,,,,,,,,,,,,,,,,,,,,,,,,,0,0,1.02,0,,,,,,,,,,,,,Yes,No,Yes,Yes,Yes,Yes,Yes,Yes,Yes,,,,,,,,,,,,,,,,,,,,,,,,,,,,,,"I looked at an image for one second, and then recalled if I noticed certain details. ",Did you notice if the object was in motion?,Blue.,6,Nope.,26,Male
P0427,187,TRUE,2/5/24 10:58,anonymous,EN,I consent.,0,0,1.02,0,Yes,Yes,Yes,Yes,Yes,Yes,Yes,Yes,Yes,0,0,1.017,0,Yes,Yes,Yes,Yes,No,No,Yes,Yes,Yes,,,,,,,,,,,,,,,,,,,,,,,,,,,,,,,,,,,,,,,,,,0,0,1.111,0,,,,,Yes,Yes,Yes,Yes,No,Yes,Yes,Yes,Yes,,,,,,,,,,,,,,,,,,,,,,,,,,,,,,,,,,,,,,,,,,,,,,,,,,,,,,,,,,,,,,,,,,,,,,,,,,,,,,,,,,,,,,,,I was given an image for 1 second and answered several questions about what I saw in that image.,Did I notice the size of the bag?,Blue,6,,38,Female
P0428,126,TRUE,2/5/24 10:58,anonymous,EN,I consent.,0,0,1.106,0,Yes,Yes,Yes,Yes,Yes,Yes,Yes,Yes,Yes,0,0,1.006,0,Yes,Yes,Yes,Yes,Yes,Yes,Yes,Yes,Yes,,,,,,,,,,,,,,,,,,,,,,,,,,,,,,,,,,,,,,,,,,,,,,,,,,,,,,,,,,,,,,,,,,,,,,,0,0,1.006,0,,,,,Yes,Yes,No,Yes,Yes,Yes,Yes,Yes,Yes,,,,,,,,,,,,,,,,,,,,,,,,,,,,,,,,,,,,,,,,,,,,,,,,,,,,,,,,,,,I looked at an image and tried to recall details from the image.,What was the treat being offered?,blue,6,,41,Male
P0429,385,TRUE,2/5/24 10:58,anonymous,EN,I consent.,0,0,1.113,0,No,Yes,Yes,Yes,Yes,Yes,Yes,Yes,No,0,0,1.008,0,Yes,Yes,Yes,Yes,No,No,Yes,Yes,Yes,,,,,,,,,,,,,,,,,,,,,,,,,,,,,,,,,,,,,,,,,,,,,,,,,,,,,,,,,,,,,,,,,,,,,,,,,,,,,,,,,,,,,,,,,,,,,,,,,,,,,,,,,,,,,,,,,,,,,,,,,,,,,0,0,1.111,0,,,,,,,,,No,No,Yes,Yes,No,No,Yes,Yes,No,I looked at an image for one second and tried to recall if I noticed certain details.,Did you notice the age of the person?,blue,6,,32,Male
P0430,216,TRUE,2/5/24 10:58,anonymous,EN,I consent.,0,0,1.112,0,No,Yes,Yes,Yes,Yes,Yes,Yes,Yes,Yes,0,0,1.006,0,Yes,Yes,Yes,No,No,Yes,Yes,Yes,No,,,,,0,0,1.111,0,,,,,,,,,,,,,Yes,Yes,Yes,Yes,No,Yes,No,Yes,Yes,,,,,,,,,,,,,,,,,,,,,,,,,,,,,,,,,,,,,,,,,,,,,,,,,,,,,,,,,,,,,,,,,,,,,,,,,,,,,,,,,,,,,,,,,,,,,,,,,,,,,,,,,,,,,,,,,,,,,watch an image displayed for 1 second then answer questions about what i noticed,What was the gender of the person,blue ,6,no comment,66,Female
P0431,157,TRUE,2/5/24 10:58,anonymous,EN,I consent.,0,0,1.123,0,No,Yes,Yes,Yes,Yes,Yes,Yes,Yes,No,0,0,1.01,0,Yes,Yes,Yes,Yes,No,Yes,Yes,Yes,Yes,,,,,,,,,,,,,,,,,,,,,,,,,,,,,,,,,,,,,,,,,,,,,,,,,,,,,,,,,,,,,,,,,,,,,,,,,,,,,,,,,,,,,,,,,,,,,,,,,,,,,,,,,,,,,,,,,,,,,,,,,,,,,,,,,,,,,0,0,1.122,0,Yes,No,Yes,Yes,Yes,Yes,Yes,Yes,Yes,View an image for 1 second and answer questions about it,Did you notice the color of the object?,Blue,6,,33,Male
P0432,158,TRUE,2/5/24 10:58,anonymous,EN,I consent.,0,0,1.012,0,Yes,Yes,Yes,Yes,Yes,Yes,Yes,Yes,Yes,0,0,1.016,0,Yes,Yes,Yes,Yes,Yes,Yes,Yes,Yes,No,,,,,,,,,,,,,,,,,,,,,,,,,,,,,,,,,,,,,,,,,,,,,,,,,,,,,,,,,,,,,,,,,,,,,,,,,,,,,,,,,,,,,,,,,,,,,,,,,,,,,,,,,,,,,,,,,,,,,,,,,,,,,0,0,1.014,0,,,,,,,,,No,Yes,Yes,Yes,Yes,Yes,Yes,Yes,Yes,identifying what you noticed after viewing an image for 1 second,did you notice if it was indoors or outdoors,blue,6,,29,Female
P0433,262,TRUE,2/5/24 10:58,anonymous,EN,I consent.,0,0,1.116,0,No,Yes,Yes,Yes,Yes,Yes,Yes,Yes,Yes,0,0,1.007,0,Yes,Yes,Yes,Yes,No,No,Yes,Yes,No,,,,,,,,,,,,,,,,,,,,,,,,,,,,,,,,,,,,,,,,,,,,,,,,,,,,,,,,,,,0,0,1.007,0,,,,,,,,,,,,,,,,,No,Yes,No,Yes,No,Yes,Yes,Yes,Yes,,,,,,,,,,,,,,,,,,,,,,,,,,,,,,,,,,,,,,,,,,,,,,,,,,,,,,,,,,,Look at an image for 1 second and notice as many details as possible,Did you notice the color of the object?,Blue,6,That didn't look like a real person in the last image.,46,Female
P0434,139,TRUE,2/5/24 10:58,anonymous,EN,I consent.,0,0,1.118,0,No,Yes,Yes,Yes,No,No,Yes,Yes,Yes,0,0,1.115,0,Yes,Yes,Yes,Yes,No,No,Yes,Yes,No,,,,,,,,,,,,,,,,,,,,,,,,,,,,,,,,,,0,0,1.006,0,,,,,,,,,,,,,Yes,Yes,No,Yes,Yes,Yes,Yes,No,No,,,,,,,,,,,,,,,,,,,,,,,,,,,,,,,,,,,,,,,,,,,,,,,,,,,,,,,,,,,,,,,,,,,,,,,,,,,,,,,,,,,,,,,,To recall details about an image that I saw for one second,Did you notice whether the object was indoors or outdoors?,Blue,6,,22,Female
P0435,245,TRUE,2/5/24 10:58,anonymous,EN,I consent.,0,0,1.006,0,Yes,Yes,Yes,Yes,Yes,Yes,Yes,Yes,No,0,0,1.115,0,Yes,Yes,Yes,Yes,Yes,Yes,Yes,Yes,Yes,,,,,,,,,,,,,,,,,,,,,,,,,,,,,,,,,,,,,,,,,,,,,,,,,,,,,,,,,,,,,,,,,,,0,0,1.107,0,,,,,,,,,Yes,Yes,No,Yes,Yes,Yes,Yes,Yes,Yes,,,,,,,,,,,,,,,,,,,,,,,,,,,,,,,,,,,,,,,,,,,,,,,,,,,,,,,,,,,to look at pictures and see the object in them and make choices about them,was there a background ,blue,6,,52,Non-binary / third gender
P0436,241,TRUE,2/5/24 10:58,anonymous,EN,I consent.,0,0,1.013,0,Yes,Yes,Yes,Yes,Yes,Yes,Yes,Yes,Yes,0,0,1.113,0,Yes,Yes,Yes,Yes,Yes,Yes,Yes,Yes,Yes,,,,,,,,,,,,,,,,,,,,,,,,,,,,,,,,,,,,,,,,,,,,,,,,,,,,,,,,,,,,,,,,,,,,,,,,,,,,,,,,,,,,,,,,,,,,,,,,0,0,1.007,0,,,,,,,,,No,Yes,Yes,No,Yes,Yes,Yes,Yes,Yes,,,,,,,,,,,,,,,,,,,,,,,,,,,,,,Identifying specific characteristics of an image after viewing it for only 1 second.,Did you notice the size of the candle?,Blue,6,No confusions or technical issues. I genuinely enjoyed participating. Thank you!,37,Male
P0437,189,TRUE,2/5/24 10:58,anonymous,EN,I consent.,0,0,1.024,0,No,Yes,Yes,Yes,Yes,Yes,Yes,Yes,Yes,0,0,1.021,0,Yes,Yes,Yes,Yes,No,No,Yes,Yes,No,0,0,1.121,0,,,,,,,,,,,,,,,,,No,No,Yes,No,No,Yes,Yes,Yes,Yes,,,,,,,,,,,,,,,,,,,,,,,,,,,,,,,,,,,,,,,,,,,,,,,,,,,,,,,,,,,,,,,,,,,,,,,,,,,,,,,,,,,,,,,,,,,,,,,,,,,,,,,,,,,,,,,,,,,,,Answer questions about what I noticed in a picture I saw for 1 second.,Did I notice the person's height.,blue,6,,42,Female
P0438,489,TRUE,2/5/24 10:58,anonymous,EN,I consent.,0,0,1.018,0,Yes,Yes,Yes,Yes,Yes,Yes,Yes,Yes,Yes,0,0,1.708,0,Yes,Yes,Yes,Yes,Yes,Yes,Yes,Yes,Yes,0,0,1.123,0,,,,,,,,,,,,,,,,,Yes,No,Yes,Yes,Yes,Yes,Yes,Yes,Yes,,,,,,,,,,,,,,,,,,,,,,,,,,,,,,,,,,,,,,,,,,,,,,,,,,,,,,,,,,,,,,,,,,,,,,,,,,,,,,,,,,,,,,,,,,,,,,,,,,,,,,,,,,,,,,,,,,,,,i was asked about the details of images ,can you notice  the color of the hair on the person? ,blue,6,"love it, thank you ",35,Male
P0439,214,TRUE,2/5/24 10:58,anonymous,EN,I consent.,0,0,1.126,0,No,Yes,Yes,Yes,Yes,Yes,Yes,Yes,No,0,0,1.017,0,Yes,Yes,Yes,Yes,No,No,Yes,Yes,Yes,,,,,,,,,,,,,,,,,,,,,,,,,,,,,,,,,,,,,,,,,,,,,,,,,,,,,,,,,,,,,,,,,,,,,,,,,,,,,,,,,,,,,,,,,,,,0,0,1.122,0,,,,,,,,,,,,,No,No,No,No,Yes,No,Yes,No,Yes,,,,,,,,,,,,,,,,,,,,,,,,,,,,,,See a picture for 1 second and then recall what I saw,Did you notice the color of the candle?,Blue,6,,3,Female
P0440,239,TRUE,2/5/24 10:58,anonymous,EN,I consent.,0,0,1.023,0,No,Yes,Yes,Yes,Yes,Yes,Yes,No,No,0,0,1.032,0,Yes,Yes,Yes,Yes,No,No,Yes,Yes,No,,,,,,,,,,,,,,,,,,,,,,,,,,,,,,,,,,,,,,,,,,,,,,,,,,,,,,,,,,,,,,,,,,,,,,,,,,,,,,,,,,,,,,,,,,,,,,,,,,,,,,,,,,,,,,,,,,,,,,,,,,,,,,,,,0,0,1.02,0,,,,,Yes,Yes,Yes,Yes,No,Yes,Yes,Yes,No,I had to look at a picture for 1 second and then was asked multiple questions about the image with yes and no answers. ,Did I notice if the man was wearing socks or not?,blue,6,There were no technical issues and nothing was confusing.,41,Male
P0441,266,TRUE,2/5/24 10:58,anonymous,EN,I consent.,0,0,1.118,0,No,Yes,Yes,Yes,Yes,Yes,Yes,Yes,Yes,0,0,1.01,0,Yes,Yes,Yes,Yes,No,Yes,Yes,Yes,Yes,,,,,,,,,,,,,0,0,1.009,0,,,,,Yes,Yes,Yes,Yes,Yes,No,Yes,Yes,Yes,,,,,,,,,,,,,,,,,,,,,,,,,,,,,,,,,,,,,,,,,,,,,,,,,,,,,,,,,,,,,,,,,,,,,,,,,,,,,,,,,,,,,,,,,,,,,,,,,,,,,,,,,,,,,,,,,,,,,one second photo of what is being seen,object size and color,blue,6,,47,Female
P0442,435,TRUE,2/5/24 10:58,anonymous,EN,I consent.,0,0,1.006,0,Yes,Yes,Yes,Yes,Yes,Yes,Yes,Yes,Yes,0,0,1.006,0,Yes,Yes,Yes,Yes,Yes,No,Yes,Yes,Yes,,,,,,,,,,,,,,,,,,,,,,,,,,,,,,,,,,,,,,0,0,1.105,0,,,,,,,,,Yes,Yes,Yes,Yes,Yes,Yes,Yes,Yes,Yes,,,,,,,,,,,,,,,,,,,,,,,,,,,,,,,,,,,,,,,,,,,,,,,,,,,,,,,,,,,,,,,,,,,,,,,,,,,,,,,,,,,,,,,,I viewed an image for 1 second then answered questions whether I noticed specific details in the picture. ,Did I notice which hand the  shopper held the fruit. ,Blue,6,"That was easier than expected. Could have been difficult if you had required us to write the answer to the questions instead of merely ""yes"" or ""no."" ",43,Female
P0443,101,TRUE,2/5/24 10:58,anonymous,EN,I consent.,0,0,1.007,0,Yes,Yes,Yes,Yes,Yes,Yes,Yes,Yes,No,0,0,1.108,0,Yes,Yes,Yes,Yes,Yes,Yes,Yes,Yes,Yes,,,,,,,,,,,,,,,,,,,,,,,,,,,,,,,,,,,,,,0,0,1.007,0,,,,,,,,,Yes,Yes,No,Yes,Yes,No,Yes,Yes,Yes,,,,,,,,,,,,,,,,,,,,,,,,,,,,,,,,,,,,,,,,,,,,,,,,,,,,,,,,,,,,,,,,,,,,,,,,,,,,,,,,,,,,,,,,notice things in images,did you notice the type of fruit,blue,6,,29,Male
P0444,392,TRUE,2/5/24 10:58,anonymous,EN,I consent.,0.917,0.917,1.009,1,Yes,No,Yes,No,Yes,No,Yes,No,Yes,0.813,0.813,1.007,1,Yes,Yes,Yes,Yes,Yes,Yes,Yes,Yes,Yes,,,,,,,,,,,,,,,,,,,,,,,,,,,,,,,,,,,,,,,,,,,,,,0.016,0.016,1.006,1,Yes,Yes,No,Yes,Yes,No,Yes,No,Yes,,,,,,,,,,,,,,,,,,,,,,,,,,,,,,,,,,,,,,,,,,,,,,,,,,,,,,,,,,,,,,,,,,,,,,,,,,,,,,,,,,,,,,,,Look at a picture for a second and then answer if you notice what the questions were asking,Did you notice the person's physique,blue,6,,51,Female
P0445,217,TRUE,2/5/24 10:58,anonymous,EN,I consent.,0,0,1.014,0,Yes,Yes,Yes,Yes,Yes,Yes,Yes,Yes,Yes,0,0,1.01,0,Yes,Yes,Yes,Yes,Yes,Yes,Yes,Yes,Yes,,,,,,,,,,,,,,,,,,,,,,,,,,,,,,,,,,,,,,,,,,,,,,,,,,,,,,,,,,,,,,,,,,,0,0,1.112,0,,,,,,,,,Yes,Yes,No,Yes,Yes,Yes,Yes,Yes,Yes,,,,,,,,,,,,,,,,,,,,,,,,,,,,,,,,,,,,,,,,,,,,,,,,,,,,,,,,,,,To notice as many things in a picture that's flashed for one second.,Did you notice if the object was indoors or outdoors.,blue,6,,58,Female
P0446,276,TRUE,2/5/24 10:58,anonymous,EN,I consent.,0,0,1.007,0,No,No,Yes,Yes,No,No,Yes,Yes,Yes,0,0,1.014,0,Yes,Yes,Yes,No,No,Yes,Yes,Yes,Yes,,,,,,,,,,,,,,,,,,,,,,,,,,,,,,,,,,,,,,,,,,,,,,,,,,,,,,,,,,,,,,,,,,,,,,,,,,,,,,,,,,,,,,,,,,,,,,,,,,,,0,0,1.016,0,,,,,Yes,Yes,No,No,No,No,No,Yes,No,,,,,,,,,,,,,,,,,,,,,,,,,,,,,,Look at an image and remember the image.  ,Do you remember the size of the object,blue,6,,40,Female
P0447,254,TRUE,2/5/24 10:59,anonymous,EN,I consent.,0,0,1.006,0,No,Yes,Yes,Yes,Yes,Yes,Yes,No,No,0,0,1.115,0,Yes,Yes,Yes,Yes,No,Yes,Yes,Yes,No,,,,,,,,,,,,,,,,,,,,,,,,,,,,,,,,,,,,,,,,,,0,0,1.112,0,,,,,Yes,Yes,Yes,No,No,No,Yes,Yes,Yes,,,,,,,,,,,,,,,,,,,,,,,,,,,,,,,,,,,,,,,,,,,,,,,,,,,,,,,,,,,,,,,,,,,,,,,,,,,,,,,,,,,,,,,,to look at an image for 1 second and answer questions about the image.,Did you notice what kind of fruit the person held?,blue,6,none.,35,Male
P0448,432,TRUE,2/5/24 10:59,anonymous,EN,I consent.,0,0,1.115,0,Yes,Yes,Yes,Yes,Yes,Yes,Yes,Yes,No,0,0,1.01,0,Yes,Yes,Yes,Yes,Yes,No,Yes,Yes,No,,,,,,,,,,,,,,,,,,,,,,,,,,,,,,,,,,,,,,,,,,,,,,,,,,,,,,,,,,,,,,,,,,,,,,,,,,,,,,,,,,,,,,,,,,,,,,,,,,,,0,0,1.008,0,,,,,Yes,Yes,No,No,Yes,Yes,Yes,Yes,Yes,,,,,,,,,,,,,,,,,,,,,,,,,,,,,,I had to answer Y/N questions about an image that appeared for 1 second,Did you notice the material of the candle holder? ,blue,6,,32,Female
P0449,309,TRUE,2/5/24 10:59,anonymous,EN,I consent.,0,0,1.006,0,Yes,Yes,Yes,Yes,Yes,Yes,Yes,Yes,Yes,0,0,1.008,0,Yes,Yes,Yes,Yes,Yes,No,Yes,Yes,Yes,,,,,,,,,,,,,,,,,,,,,,,,,,,,,,,,,,,,,,,,,,,,,,,,,,,,,,,,,,,,,,,,,,,,,,,,,,,0,0,1.007,0,Yes,Yes,Yes,Yes,Yes,Yes,Yes,Yes,No,,,,,,,,,,,,,,,,,,,,,,,,,,,,,,,,,,,,,,,,,,,,,,,,,,,,,,,,,,,I was to observe images for one second and report what I observed.,Did I notice the type of animal in the image?,blue,6,,47,Female
P0450,177,TRUE,2/5/24 10:59,anonymous,EN,I consent.,0,0,1.117,0,Yes,Yes,Yes,Yes,Yes,Yes,Yes,Yes,Yes,0,0,1.123,0,Yes,Yes,No,Yes,No,No,Yes,Yes,Yes,,,,,,,,,,,,,,,,,,,,,,,,,,,,,,,,,,,,,,,,,,,,,,,,,,,,,,,,,,,,,,,,,,,,,,,,,,,,,,,,,,,,,,,,,,,,,,,,,,,,,,,,,,,,,,,,,,,,,,,,,,,,,,,,,,,,,0,0,1.116,0,Yes,Yes,Yes,Yes,Yes,Yes,No,Yes,Yes,I had to confirm whether or not I noticed certain attributes of a picture that was shown for one second.,Did you notice the size of the bench?,blue,6,,35,Female
P0451,796,TRUE,2/5/24 10:59,anonymous,EN,I consent.,0,0,1.533,0,No,Yes,Yes,No,No,No,Yes,Yes,Yes,0,0,1.336,0,Yes,Yes,Yes,Yes,Yes,No,Yes,Yes,No,,,,,,,,,,,,,,,,,,,,,,,,,,,,,,,,,,,,,,,,,,,,,,,,,,,,,,,,,,,,,,,,,,,,,,,,,,,,,,,,,,,,,,,,0,0,1.416,0,,,,,,,,,,,,,,,,,No,Yes,No,No,Yes,Yes,Yes,Yes,Yes,,,,,,,,,,,,,,,,,,,,,,,,,,,,,,to describe what i saw in the image shown to me,apaerent age of the man lightening the candle,blue,6,no,73,Male
P0452,162,TRUE,2/5/24 10:59,anonymous,EN,I consent.,0,0,1.013,0,Yes,Yes,Yes,Yes,Yes,Yes,Yes,Yes,Yes,0,0,1.013,0,Yes,Yes,Yes,Yes,No,No,Yes,Yes,No,,,,,,,,,,,,,,,,,,,,,,,,,,,,,,,,,,,,,,,,,,,,,,,,,,,,,,,,,,,,,,,,,,,,,,,,,,,,,,,,,,,,,,,,0,0,1.019,0,,,,,,,,,,,,,,,,,Yes,Yes,Yes,No,Yes,Yes,Yes,Yes,Yes,,,,,,,,,,,,,,,,,,,,,,,,,,,,,,observe picture for 1 second and then answer questions about observation,Did you notice what material the object was made from?,blue,6,,36,Female
P0453,158,TRUE,2/5/24 10:59,anonymous,EN,I consent.,0,0,1.109,0,No,Yes,Yes,No,Yes,Yes,Yes,Yes,No,0,0,1.013,0,Yes,Yes,Yes,Yes,No,Yes,Yes,Yes,Yes,,,,,,,,,,,,,,,,,,,,,,,,,,,,,,,,,,,,,,,,,,,,,,,,,,,,,,,,,,,,,,,,,,,,,,,,,,,,,,,,,,,,,,,,,,,,,,,,,,,,0,0,1.113,0,,,,,Yes,Yes,No,No,Yes,No,Yes,Yes,Yes,,,,,,,,,,,,,,,,,,,,,,,,,,,,,,I had to mention if I noticed various details in photos which I only saw for 1 second. ,What was the man's build?,Blue,6,,20,Male
P0454,135,TRUE,2/5/24 10:59,anonymous,EN,I consent.,0,0,1.019,0,Yes,Yes,Yes,Yes,Yes,Yes,Yes,Yes,Yes,0,0,1.018,0,Yes,Yes,Yes,Yes,No,No,Yes,Yes,Yes,,,,,,,,,,,,,,,,,,,,,,,,,,,,,,,,,,,,,,,,,,,,,,,,,,,,,,,,,,,0,0,1.021,0,,,,,,,,,,,,,,,,,Yes,Yes,No,Yes,Yes,Yes,Yes,Yes,Yes,,,,,,,,,,,,,,,,,,,,,,,,,,,,,,,,,,,,,,,,,,,,,,,,,,,,,,,,,,,I looked at images for 1 second and then reported what I noticed,Did you notice what treat was offered the animal.,blue,6,Thank you,37,Male
P0455,147,TRUE,2/5/24 10:59,anonymous,EN,I consent.,0,0,1.108,0,No,Yes,Yes,Yes,No,No,Yes,No,Yes,0,0,1.007,0,Yes,Yes,Yes,Yes,No,Yes,Yes,Yes,No,,,,,0,0,1.006,0,,,,,,,,,,,,,Yes,No,No,Yes,No,Yes,No,Yes,Yes,,,,,,,,,,,,,,,,,,,,,,,,,,,,,,,,,,,,,,,,,,,,,,,,,,,,,,,,,,,,,,,,,,,,,,,,,,,,,,,,,,,,,,,,,,,,,,,,,,,,,,,,,,,,,,,,,,,,,Remebers characteristics of a picture,Do you remember the size of the ball?,Blue,6,,23,Male
P0456,938,TRUE,2/5/24 10:59,anonymous,EN,I consent.,0,0,1.019,0,No,Yes,Yes,Yes,Yes,Yes,Yes,Yes,Yes,0,0,1.016,0,Yes,Yes,Yes,No,No,No,Yes,Yes,Yes,,,,,,,,,,,,,,,,,,,,,,,,,,,,,,,,,,,,,,,,,,,,,,,,,,,,,,,,,,,,,,,,,,,,,,,,,,,,,,,,,,,,,,,,,,,,0,0,1.021,0,,,,,,,,,,,,,Yes,Yes,Yes,No,Yes,Yes,No,Yes,Yes,,,,,,,,,,,,,,,,,,,,,,,,,,,,,," Is all about  viewing a image, then answer all the questions concerning the image ",Did you notice the person apparent age,blue,6,great,56,Female
P0457,212,TRUE,2/5/24 10:59,anonymous,EN,I consent.,0,0,1.014,0,No,Yes,Yes,Yes,Yes,Yes,Yes,No,Yes,0,0,1.11,0,No,Yes,Yes,Yes,No,Yes,Yes,No,Yes,,,,,,,,,,,,,,,,,,,,,,,,,,,,,,,,,,,,,,,,,,,,,,,,,,,,,,,,,,,,,,,,,,,,,,,,,,,,,,,,,,,,,,,,,,,,,,,,,,,,,,,,,,,,,,,,,,,,,,,,,,,,,0,0,1.11,0,,,,,,,,,No,No,Yes,Yes,Yes,Yes,No,Yes,Yes,to look at a picture for one second and then answer whether you observed certain things in the image,did you notice the size of the bench?,blue,6,,30,Female
P0458,278,TRUE,2/5/24 10:59,anonymous,EN,I consent.,0,0,1.013,0,No,Yes,Yes,Yes,No,Yes,Yes,Yes,Yes,0,0,1.013,0,Yes,Yes,Yes,Yes,No,Yes,Yes,Yes,No,,,,,,,,,,,,,,,,,,,,,,,,,,,,,,0,0,1.01,0,,,,,,,,,,,,,,,,,Yes,No,Yes,Yes,Yes,Yes,Yes,Yes,Yes,,,,,,,,,,,,,,,,,,,,,,,,,,,,,,,,,,,,,,,,,,,,,,,,,,,,,,,,,,,,,,,,,,,,,,,,,,,,,,,,,,,,,,,,Look at 3 images (2 practice and 1 actual) for 1 second each and then answer multiple-choice questions about whether I noticed certain aspects of the image just seen.,Did you notice the person's physique?,"Blue, as seen from Earth.",6,,52,Female
P0459,237,TRUE,2/5/24 10:59,anonymous,EN,I consent.,0,0,1.009,0,Yes,Yes,Yes,Yes,Yes,No,Yes,Yes,No,0,0,1.108,0,Yes,Yes,Yes,Yes,Yes,Yes,Yes,Yes,Yes,0,0,1.008,0,,,,,,,,,,,,,,,,,Yes,Yes,Yes,Yes,Yes,Yes,Yes,Yes,Yes,,,,,,,,,,,,,,,,,,,,,,,,,,,,,,,,,,,,,,,,,,,,,,,,,,,,,,,,,,,,,,,,,,,,,,,,,,,,,,,,,,,,,,,,,,,,,,,,,,,,,,,,,,,,,,,,,,,,,Look at an image for 1 second and recall come details afterwards.,Did you notice the material of the object?,Blue,6,,27,Female
P0460,198,TRUE,2/5/24 10:59,anonymous,EN,I consent.,0,0,1.112,0,No,Yes,Yes,Yes,No,Yes,Yes,Yes,No,0,0,1.011,0,No,Yes,Yes,Yes,Yes,Yes,Yes,Yes,No,,,,,0,0,1.016,0,,,,,,,,,,,,,No,Yes,Yes,Yes,No,No,No,Yes,Yes,,,,,,,,,,,,,,,,,,,,,,,,,,,,,,,,,,,,,,,,,,,,,,,,,,,,,,,,,,,,,,,,,,,,,,,,,,,,,,,,,,,,,,,,,,,,,,,,,,,,,,,,,,,,,,,,,,,,,Look at an image for 1 second and answer questions about observations.,Did you notice the hair color of the person?,Blue,6,Interesting,47,Female
P0461,207,TRUE,2/5/24 10:59,anonymous,EN,I consent.,0,0,1.022,0,Yes,Yes,Yes,Yes,Yes,Yes,Yes,Yes,Yes,0,0,1.134,0,Yes,Yes,Yes,Yes,Yes,Yes,Yes,Yes,No,,,,,,,,,,,,,,,,,,,,,,,,,,,,,,,,,,,,,,,,,,,,,,,,,,,,,,,,,,,,,,,0,0,1.121,0,,,,,,,,,,,,,Yes,Yes,No,Yes,Yes,Yes,No,No,No,,,,,,,,,,,,,,,,,,,,,,,,,,,,,,,,,,,,,,,,,,,,,,,,,,,,,,,,,,,To observe an image for one second and answer questions on whether or not I noticed details,Did you notice the type of treat given to the animal,blue,6,,28,Non-binary / third gender
P0462,242,TRUE,2/5/24 10:59,anonymous,EN,I consent.,0,0,1.025,0,No,No,No,No,No,Yes,No,Yes,Yes,0,0,1.026,0,No,Yes,Yes,Yes,No,Yes,Yes,Yes,Yes,,,,,,,,,,,,,,,,,,,,,,,,,,,,,,,,,,,,,,,,,,,,,,0,0,1.022,0,Yes,Yes,No,No,Yes,Yes,No,Yes,Yes,,,,,,,,,,,,,,,,,,,,,,,,,,,,,,,,,,,,,,,,,,,,,,,,,,,,,,,,,,,,,,,,,,,,,,,,,,,,,,,,,,,,,,,,describing objects after a quick glance at the picture,if i noticed the colorof an object,blue,6,,35,Female
P0463,183,TRUE,2/5/24 11:00,anonymous,EN,I consent.,0,0,1.014,0,No,Yes,Yes,Yes,Yes,No,Yes,No,Yes,0,0,1.013,0,Yes,Yes,Yes,Yes,Yes,Yes,Yes,Yes,Yes,,,,,,,,,,,,,,,,,,,,,,,,,,,,,,,,,,,,,,,,,,,,,,,,,,,,,,,,,,,,,,,,,,,,,,,,,,,,,,,,,,,,,,,,,,,,,,,,,,,,,,,,,,,,,,,,,,,,,,,,,,,,,,,,,,,,,0,0,1.009,0,Yes,No,Yes,Yes,No,Yes,Yes,Yes,Yes,observing a picture,did you notice they type of shoe,blue,6,none,44,Male
P0464,324,TRUE,2/5/24 11:00,anonymous,EN,I consent.,0,0,1.01,0,No,Yes,Yes,Yes,Yes,Yes,Yes,No,No,0,0,1.007,0,No,Yes,Yes,Yes,No,No,Yes,No,No,,,,,,,,,,,,,,,,,,,,,,,,,,,,,,,,,,,,,,,,,,,,,,,,,,,,,,,,,,,,,,,,,,,,,,,,,,,,,,,,,,,,,,,,,,,,,,,,,,,,,,,,,,,,,,,,,,,,,0,0,1.11,0,,,,,,,,,,,,,,,,,No,No,No,Yes,Yes,No,Yes,No,No,look at a picture for 1 sec and answer weather I notice details,"look at the picture "" Man on a bench changing shoe'",blue,6,,40,Female
P0465,160,TRUE,2/5/24 11:00,anonymous,EN,I consent.,0,0,1.109,0,No,Yes,Yes,Yes,Yes,Yes,Yes,Yes,Yes,0,0,1.113,0,Yes,Yes,Yes,Yes,No,Yes,Yes,Yes,No,,,,,,,,,,,,,0,0,1.113,0,,,,,Yes,Yes,Yes,No,Yes,Yes,Yes,Yes,Yes,,,,,,,,,,,,,,,,,,,,,,,,,,,,,,,,,,,,,,,,,,,,,,,,,,,,,,,,,,,,,,,,,,,,,,,,,,,,,,,,,,,,,,,,,,,,,,,,,,,,,,,,,,,,,,,,,,,,,Identifying traits of a picture that you look at for one second,Could you identify the size of the table the object was on?,Blue,6,,36,Male
P0466,206,TRUE,2/5/24 11:00,anonymous,EN,I consent.,0,0,1.109,0,No,Yes,Yes,No,Yes,Yes,Yes,Yes,No,0,0,1.009,0,No,Yes,No,Yes,No,Yes,Yes,No,No,,,,,,,,,,,,,,,,,,,,,,,,,,,,,,,,,,,,,,,,,,,,,,,,,,,,,,,,,,,,,,,,,,,,,,,,,,,,,,,,,,,,,,,,,,,,0,0,1.008,0,,,,,,,,,,,,,No,No,No,No,No,Yes,Yes,Yes,Yes,,,,,,,,,,,,,,,,,,,,,,,,,,,,,,View an image for one second and then answer yes/no questions on if I noticed certain things when viewing it.,Did I notice if the ball was indoors or outdoors,Blue,6,,36,Female
P0467,185,TRUE,2/5/24 11:00,anonymous,EN,I consent.,0,0,1.017,0,No,Yes,Yes,Yes,Yes,Yes,Yes,Yes,Yes,0,0,1.015,0,Yes,Yes,Yes,Yes,No,No,Yes,Yes,Yes,,,,,,,,,,,,,,,,,0,0,1.115,0,Yes,Yes,No,No,No,Yes,No,No,Yes,,,,,,,,,,,,,,,,,,,,,,,,,,,,,,,,,,,,,,,,,,,,,,,,,,,,,,,,,,,,,,,,,,,,,,,,,,,,,,,,,,,,,,,,,,,,,,,,,,,,,,,,,,,,,,,,,,,,,I had to look at an image for only 1 second and then answer yes and no questions about the image that I looked at.,Did I notice the gender of the person in the image?,blue,6,,37,Female
P0468,341,TRUE,2/5/24 11:00,anonymous,EN,I consent.,0,0,1.137,0,No,Yes,Yes,Yes,No,Yes,Yes,Yes,No,0,0,1.021,0,Yes,Yes,Yes,Yes,No,Yes,Yes,Yes,No,,,,,,,,,,,,,,,,,,,,,,,,,,,,,,,,,,,,,,,,,,,,,,,,,,,,,,,,,,,,,,,,,,,,,,,,,,,,,,,,,,,,,,,,,,,,,,,,,,,,,,,,,,,,,,,,,,,,,,,,,0,0,1.131,0,,,,,,,,,,,,,Yes,No,No,Yes,Yes,No,Yes,Yes,Yes,Looking at images and answering questions about it.,Did I notice which shoe was taken off.,blue,6,,57,Female
P0469,272,TRUE,2/5/24 11:00,anonymous,EN,I consent.,0,0,1.005,0,Yes,Yes,Yes,Yes,Yes,Yes,Yes,Yes,Yes,0,0,1.114,0,Yes,Yes,Yes,Yes,Yes,No,Yes,Yes,No,,,,,,,,,,,,,,,,,,,,,,,,,,,,,,,,,,,,,,,,,,,,,,,,,,,,,,,,,,,,,,,0,0,1.11,0,,,,,,,,,,,,,Yes,Yes,Yes,No,Yes,Yes,Yes,Yes,Yes,,,,,,,,,,,,,,,,,,,,,,,,,,,,,,,,,,,,,,,,,,,,,,,,,,,,,,,,,,,To answer whether I noticed certain details of an image I saw for one second,Did you notice the pattern on the person's clothing?,blue,6,,35,Prefer not to say
P0470,162,TRUE,2/5/24 11:00,anonymous,EN,I consent.,0,0,1.106,0,Yes,Yes,Yes,Yes,Yes,Yes,Yes,Yes,No,0,0,1.011,0,Yes,Yes,Yes,Yes,No,No,Yes,Yes,Yes,,,,,,,,,,,,,,,,,,,,,,,,,,,,,,,,,,,,,,,,,,0,0,1.008,0,,,,,No,Yes,No,No,Yes,No,Yes,Yes,No,,,,,,,,,,,,,,,,,,,,,,,,,,,,,,,,,,,,,,,,,,,,,,,,,,,,,,,,,,,,,,,,,,,,,,,,,,,,,,,,,,,,,,,,To observe an image and try to recall as much about it as I could,Did you notice if the object was in motion,Blue,6,,26,Female
P0471,333,TRUE,2/5/24 11:00,anonymous,EN,I consent.,0,0,1.117,0,No,Yes,Yes,Yes,Yes,Yes,Yes,Yes,Yes,0,0,1.113,0,No,Yes,Yes,Yes,No,Yes,Yes,Yes,Yes,,,,,,,,,,,,,,,,,0,0,1.011,0,Yes,Yes,Yes,Yes,No,No,No,Yes,Yes,,,,,,,,,,,,,,,,,,,,,,,,,,,,,,,,,,,,,,,,,,,,,,,,,,,,,,,,,,,,,,,,,,,,,,,,,,,,,,,,,,,,,,,,,,,,,,,,,,,,,,,,,,,,,,,,,,,,,View an image for 1 second and then answer questions related to recalling details of the image on the following page.,Do you remember the height of the person in the image?,Blue,6,You should ask participants to choose the image they saw out of a group of very visually similar images to confirm whether or not their recall is correct. Just having them answer questions is not really enough to gauge accuracy or truthfulness.,37,Male
P0472,319,TRUE,2/5/24 11:00,anonymous,EN,I consent.,0,0,1.108,0,No,Yes,Yes,Yes,Yes,Yes,Yes,Yes,No,0,0,1.113,0,Yes,Yes,Yes,Yes,Yes,Yes,Yes,Yes,No,,,,,,,,,,,,,,,,,,,,,,,,,,,,,,,,,,,,,,,,,,,,,,0,0,1.007,0,Yes,Yes,No,Yes,Yes,Yes,Yes,Yes,Yes,,,,,,,,,,,,,,,,,,,,,,,,,,,,,,,,,,,,,,,,,,,,,,,,,,,,,,,,,,,,,,,,,,,,,,,,,,,,,,,,,,,,,,,,Memorizing the details of an image in a short amount of time,Did you notice the color of the object,Blue,6,,42,Male
P0473,164,TRUE,2/5/24 11:00,anonymous,EN,I consent.,0,0,1.007,0,No,Yes,Yes,Yes,Yes,Yes,Yes,Yes,No,0,0,1.107,0,Yes,Yes,Yes,No,No,Yes,Yes,Yes,No,,,,,,,,,,,,,,,,,,,,,,,,,,,,,,,,,,,,,,,,,,,,,,,,,,,,,,,,,,,,,,,,,,,,,,,,,,,0,0,1.007,0,Yes,Yes,No,No,No,Yes,Yes,Yes,No,,,,,,,,,,,,,,,,,,,,,,,,,,,,,,,,,,,,,,,,,,,,,,,,,,,,,,,,,,,Look at an image for 1 second and answer questions about it,Did I notice what the girl was giving the animal,blue,6,,60,Female
P0474,278,TRUE,2/5/24 11:00,anonymous,EN,I consent.,0,0,1.006,0,No,Yes,Yes,Yes,Yes,No,Yes,Yes,No,0,0,1.114,0,No,No,No,Yes,No,No,Yes,Yes,Yes,,,,,,,,,,,,,,,,,,,,,,,,,,,,,,,,,,,,,,,,,,,,,,,,,,,,,,,,,,,,,,,,,,,,,,,0,0,1.109,0,,,,,Yes,Yes,No,Yes,No,Yes,Yes,Yes,Yes,,,,,,,,,,,,,,,,,,,,,,,,,,,,,,,,,,,,,,,,,,,,,,,,,,,,,,,,,,,To notice whether or not we picked up certain detains in a second.,Did you notice the color of the cube.,Blue,6,,62,Female
P0475,195,TRUE,2/5/24 11:00,anonymous,EN,I consent.,0,0,1.01,0,No,Yes,Yes,Yes,Yes,No,Yes,Yes,Yes,0,0,1.008,0,Yes,Yes,Yes,Yes,No,Yes,Yes,Yes,No,,,,,,,,,,,,,,,,,,,,,,,,,,,,,,,,,,0,0,1.108,0,,,,,,,,,,,,,Yes,Yes,No,Yes,Yes,No,Yes,Yes,Yes,,,,,,,,,,,,,,,,,,,,,,,,,,,,,,,,,,,,,,,,,,,,,,,,,,,,,,,,,,,,,,,,,,,,,,,,,,,,,,,,,,,,,,,,To view an image for 1 second and answer questions about it.,Did you notice the design of the bag?,Blue,6,,34,Male
P0476,228,TRUE,2/5/24 11:00,anonymous,EN,I consent.,0,0,1.006,0,No,Yes,Yes,Yes,Yes,Yes,Yes,No,Yes,0,0,1.106,0,Yes,Yes,Yes,Yes,No,Yes,Yes,Yes,Yes,,,,,,,,,,,,,,,,,,,,,,,,,,,,,,,,,,,,,,,,,,,,,,,,,,,,,,,,,,,,,,,,,,,,,,,,,,,,,,,,,,,,,,,,,,,,,,,,,,,,,,,,,,,,,,,,,,,,,0,0,1.112,0,,,,,,,,,,,,,,,,,Yes,Yes,Yes,Yes,Yes,Yes,Yes,Yes,Yes,I was to look at a picture for one second and then answer questions about if I noticed certain details in the image.,Did I notice if the man was wearing socks?,Blue,6,,37,Male
P0477,158,TRUE,2/5/24 11:01,anonymous,EN,I consent.,0,0,1.017,0,Yes,Yes,Yes,Yes,Yes,Yes,Yes,Yes,Yes,0,0,1.007,0,Yes,Yes,Yes,Yes,No,Yes,Yes,Yes,Yes,,,,,0,0,1.021,0,,,,,,,,,,,,,Yes,Yes,Yes,Yes,Yes,Yes,Yes,Yes,Yes,,,,,,,,,,,,,,,,,,,,,,,,,,,,,,,,,,,,,,,,,,,,,,,,,,,,,,,,,,,,,,,,,,,,,,,,,,,,,,,,,,,,,,,,,,,,,,,,,,,,,,,,,,,,,,,,,,,,,To answer yes or no honestly what I noticed in the picture I viewed for one second,Did you notice the shape of the table,Blue,6,,29,Female
P0478,166,TRUE,2/5/24 11:01,anonymous,EN,I consent.,0,0,1.007,0,No,Yes,Yes,Yes,Yes,No,Yes,No,No,0,0,1.144,0,Yes,Yes,Yes,Yes,Yes,Yes,Yes,Yes,No,,,,,,,,,0,0,1.027,0,,,,,,,,,Yes,Yes,No,Yes,Yes,Yes,Yes,Yes,Yes,,,,,,,,,,,,,,,,,,,,,,,,,,,,,,,,,,,,,,,,,,,,,,,,,,,,,,,,,,,,,,,,,,,,,,,,,,,,,,,,,,,,,,,,,,,,,,,,,,,,,,,,,,,,,,,,,,,,,Were to answer questions based off what we noticed in an image that was viewed for 1 second.,Did you notice the size of the table?,Blue,6,,26,Male
P0479,266,TRUE,2/5/24 11:01,anonymous,EN,I consent.,0,0,1.122,0,Yes,Yes,Yes,Yes,Yes,Yes,Yes,Yes,Yes,0,0,1.017,0,Yes,Yes,Yes,Yes,No,No,Yes,Yes,No,,,,,,,,,,,,,,,,,,,,,,,,,,,,,,,,,,,,,,,,,,,,,,,,,,,,,,,,,,,,,,,,,,,,,,,,,,,,,,,,,,,,,,,,,,,,,,,,,,,,,,,,,,,,,,,,,,,,,0,0,1.019,0,,,,,,,,,,,,,,,,,Yes,Yes,No,Yes,No,No,Yes,Yes,No,you get one second to look at image and answer survey questions about that image,Did you notice whether the person was wearing socks,blue,6,,42,Female
P0480,227,TRUE,2/5/24 11:01,anonymous,EN,I consent.,0,0,1.013,0,Yes,Yes,Yes,Yes,Yes,Yes,Yes,Yes,No,1.127,1.127,1.129,1,Yes,Yes,Yes,Yes,Yes,Yes,Yes,Yes,No,,,,,,,,,,,,,,,,,,,,,,,,,,,,,,,,,,0,0,1.024,0,,,,,,,,,,,,,Yes,Yes,No,Yes,No,Yes,Yes,Yes,No,,,,,,,,,,,,,,,,,,,,,,,,,,,,,,,,,,,,,,,,,,,,,,,,,,,,,,,,,,,,,,,,,,,,,,,,,,,,,,,,,,,,,,,,Indicate whether you noticed certain things in the picture or not,Whether I noticed the person's physique,blue,6,no,55,Female
P0481,253,TRUE,2/5/24 11:01,anonymous,EN,I consent.,0,0,1.121,0,Yes,Yes,Yes,Yes,Yes,No,Yes,Yes,Yes,0,0,1.007,0,Yes,Yes,Yes,Yes,Yes,Yes,Yes,Yes,Yes,,,,,,,,,,,,,,,,,,,,,,,,,,,,,,,,,,,,,,,,,,,,,,,,,,,,,,,,,,,,,,,,,,,,,,,,,,,,,,,,,,,,,,,,,,,,,,,,,,,,,,,,0,0,1.008,0,Yes,Yes,Yes,No,Yes,Yes,Yes,Yes,Yes,,,,,,,,,,,,,,,,,,,,,,,,,,,,,,My task was to look at a picture for 1 second and respond to questions about what I saw.,One of the questions I was asked during the main study was did I notice if there were clouds in the background or not,blue,6,Thank you for allowing me to participate!,41,Female
P0482,195,TRUE,2/5/24 11:01,anonymous,EN,I consent.,0,0,1.11,0,No,Yes,Yes,Yes,Yes,Yes,Yes,Yes,No,0.783,0.783,1.109,1,Yes,Yes,Yes,Yes,Yes,Yes,Yes,Yes,Yes,,,,,,,,,,,,,,,,,,,,,,,,,,,,,,,,,,,,,,,,,,,,,,,,,,,,,,,,,,,,,,,0.846,0.846,1.11,1,,,,,,,,,,,,,Yes,Yes,No,Yes,Yes,Yes,Yes,Yes,No,,,,,,,,,,,,,,,,,,,,,,,,,,,,,,,,,,,,,,,,,,,,,,,,,,,,,,,,,,,Notice things about an image that you had 1 second to view,Did you notice the persons apparent age?,Blue,6,No,50,Male
P0483,154,TRUE,2/5/24 11:01,anonymous,EN,I consent.,0,0,1.006,0,Yes,Yes,Yes,Yes,Yes,Yes,Yes,Yes,Yes,0,0,1.007,0,Yes,Yes,Yes,Yes,Yes,Yes,Yes,Yes,No,,,,,,,,,,,,,,,,,,,,,,,,,,,,,,,,,,,,,,,,,,,,,,,,,,,,,,,,,,,,,,,,,,,,,,,,,,,,,,,,,,,,,,,,0,0,1.011,0,,,,,,,,,,,,,,,,,Yes,Yes,No,No,Yes,Yes,Yes,Yes,Yes,,,,,,,,,,,,,,,,,,,,,,,,,,,,,,I had to look at a picture for one second and then answer some questions regarding it.,Did you notice which hand the person used to light the candle?,Blue,6,,39,Female
P0484,204,TRUE,2/5/24 11:01,anonymous,EN,I consent.,0,0,1.107,0,No,Yes,Yes,No,Yes,Yes,Yes,Yes,No,0,0,1.005,0,Yes,Yes,Yes,Yes,No,Yes,Yes,Yes,No,,,,,,,,,,,,,,,,,,,,,,,,,,,,,,,,,,,,,,,,,,,,,,,,,,,,,,,,,,,,,,,,,,,,,,,,,,,,,,,,,,,,,,,,,,,,,,,,,,,,,,,,,,,,,,,,,,,,,,,,,0,0,1.007,0,,,,,,,,,,,,,Yes,Yes,Yes,Yes,Yes,No,Yes,Yes,Yes,look at an image for a second and answer questions about what we saw,Did you see what the object was on?,blue,6,"interesting study, good luck with it. ",35,Male
P0485,140,TRUE,2/5/24 11:01,anonymous,EN,I consent.,0,0,1.106,0,Yes,Yes,Yes,Yes,Yes,Yes,Yes,Yes,No,0,0,1.107,0,Yes,Yes,Yes,Yes,No,No,Yes,Yes,Yes,,,,,,,,,,,,,,,,,,,,,,,,,,,,,,,,,,,,,,,,,,,,,,,,,,,,,,,,,,,,,,,,,,,,,,,,,,,,,,,,,,,,,,,,,,,,,,,,,,,,,,,,,,,,,,,,,,,,,,,,,,,,,,,,,0,0,1.007,0,,,,,Yes,Yes,No,Yes,Yes,Yes,No,Yes,No,Looking at details in a picture,What kind of shoes he had,Blue,6,,41,Male
P0486,338,TRUE,2/5/24 11:01,anonymous,EN,I consent.,0,0,1.017,0,No,Yes,Yes,Yes,No,Yes,Yes,Yes,Yes,0,0,1.007,0,No,No,Yes,Yes,No,Yes,Yes,Yes,No,,,,,,,,,,,,,,,,,,,,,,,,,,,,,,,,,,,,,,,,,,,,,,,,,,,,,,,,,,,,,,,,,,,0,0,1.116,0,,,,,,,,,Yes,Yes,No,No,No,Yes,Yes,Yes,Yes,,,,,,,,,,,,,,,,,,,,,,,,,,,,,,,,,,,,,,,,,,,,,,,,,,,,,,,,,,,View an image for 1 second and try to remember the details. Then answer a few questions about the image afterwards on what I remember seeing.,Do you remember what direction the light was coming from?,blue,6,,48,Female
P0487,190,TRUE,2/5/24 11:01,anonymous,EN,I consent.,0,0,1.019,0,No,Yes,Yes,Yes,Yes,No,Yes,No,Yes,0,0,1.016,0,No,Yes,Yes,Yes,No,No,Yes,Yes,No,,,,,,,,,,,,,,,,,,,,,,,,,,,,,,0,0,1.13,0,,,,,,,,,,,,,,,,,Yes,Yes,Yes,Yes,No,No,No,No,No,,,,,,,,,,,,,,,,,,,,,,,,,,,,,,,,,,,,,,,,,,,,,,,,,,,,,,,,,,,,,,,,,,,,,,,,,,,,,,,,,,,,,,,,look at images for one second and see you notice the details,did you notice how the man was holding the bag,blue,6,,53,Female
P0488,271,TRUE,2/5/24 11:01,anonymous,EN,I consent.,0,0,1.008,0,No,Yes,Yes,Yes,Yes,No,Yes,No,Yes,0,0,1.013,0,No,Yes,No,Yes,No,Yes,Yes,Yes,No,,,,,,,,,,,,,,,,,,,,,,,,,,,,,,,,,,,,,,,,,,,,,,,,,,,,,,,,,,,,,,,,,,,,,,,,,,,,,,,,,,,,,,,,,,,,,,,,0,0,1.11,0,,,,,,,,,Yes,Yes,Yes,No,Yes,Yes,Yes,Yes,No,,,,,,,,,,,,,,,,,,,,,,,,,,,,,,Describe the scenery of an image and what details I could remember,Did I notice the color pattern of the object ,blue,6,Fun study to participate in. Thank you,51,Female
P0489,306,TRUE,2/5/24 11:01,anonymous,EN,I consent.,0,0,1.113,0,Yes,Yes,Yes,No,Yes,Yes,Yes,Yes,Yes,0,0,1.009,0,No,Yes,Yes,Yes,Yes,No,Yes,Yes,No,,,,,,,,,,,,,,,,,,,,,,,,,,,,,,0,0,1.008,0,,,,,,,,,,,,,,,,,Yes,Yes,Yes,No,Yes,Yes,Yes,Yes,Yes,,,,,,,,,,,,,,,,,,,,,,,,,,,,,,,,,,,,,,,,,,,,,,,,,,,,,,,,,,,,,,,,,,,,,,,,,,,,,,,,,,,,,,,,Look at an image for 1 second and answer yes/no questions asking whether I noticed certain aspects about the image,Did you notice the person's physique?,blue,6,none,36,Female
P0490,146,TRUE,2/5/24 11:01,anonymous,EN,I consent.,0,0,1.006,0,No,Yes,Yes,Yes,Yes,Yes,Yes,Yes,No,0,0,1.006,0,Yes,Yes,Yes,Yes,No,No,Yes,Yes,No,0,0,1.005,0,,,,,,,,,,,,,,,,,No,No,No,No,No,No,No,Yes,No,,,,,,,,,,,,,,,,,,,,,,,,,,,,,,,,,,,,,,,,,,,,,,,,,,,,,,,,,,,,,,,,,,,,,,,,,,,,,,,,,,,,,,,,,,,,,,,,,,,,,,,,,,,,,,,,,,,,,To answer if certain details were visable,Did you notice the size of the ball?,Blue,6,,34,Female
P0491,426,TRUE,2/5/24 11:01,anonymous,EN,I consent.,0,0,1.018,0,No,Yes,Yes,Yes,Yes,Yes,Yes,Yes,No,0,0,1.02,0,Yes,Yes,Yes,Yes,No,Yes,Yes,Yes,No,,,,,,,,,0,0,1.019,0,,,,,,,,,Yes,Yes,No,Yes,Yes,No,Yes,Yes,Yes,,,,,,,,,,,,,,,,,,,,,,,,,,,,,,,,,,,,,,,,,,,,,,,,,,,,,,,,,,,,,,,,,,,,,,,,,,,,,,,,,,,,,,,,,,,,,,,,,,,,,,,,,,,,,,,,,,,,,I saw an image for 1 second before it disappeared. I then answered some questions about the image ,Did I notice direction of motion of the object,blue,6,I liked this study ,33,Male
P0492,554,TRUE,2/5/24 11:01,anonymous,EN,I consent.,0,0,1.01,0,Yes,Yes,Yes,No,Yes,No,Yes,No,Yes,0,0,1.008,0,No,Yes,No,Yes,Yes,Yes,Yes,Yes,No,,,,,,,,,,,,,,,,,,,,,,,,,,,,,,,,,,,,,,,,,,,,,,,,,,,,,,,,,,,,,,,,,,,,,,,,,,,,,,,,,,,,,,,,,,,,,,,,0,0,1.005,0,,,,,,,,,Yes,Yes,No,No,Yes,Yes,No,Yes,Yes,,,,,,,,,,,,,,,,,,,,,,,,,,,,,,I was asked to view a picture for one second and try as fast as possible to pick certian details about the picture ,I was asked the about the pattern of the clothe the person who lit the candle ,Blue,6,"None ,thanks ",,
P0493,172,TRUE,2/5/24 11:01,anonymous,EN,I consent.,0,0,1.01,0,No,Yes,Yes,Yes,Yes,Yes,Yes,Yes,Yes,0,0,1.111,0,Yes,Yes,Yes,Yes,No,Yes,Yes,Yes,Yes,,,,,,,,,,,,,0,0,1.012,0,,,,,Yes,Yes,Yes,Yes,Yes,Yes,No,Yes,Yes,,,,,,,,,,,,,,,,,,,,,,,,,,,,,,,,,,,,,,,,,,,,,,,,,,,,,,,,,,,,,,,,,,,,,,,,,,,,,,,,,,,,,,,,,,,,,,,,,,,,,,,,,,,,,,,,,,,,,View an image for one second and answer questions about what I noticed,Did you notice the color of the persons hair?,Blue,6,,27,Female
P0494,684,TRUE,2/5/24 11:01,anonymous,EN,I consent.,0,0,1.019,0,No,Yes,Yes,Yes,Yes,Yes,Yes,Yes,Yes,0,0,1.024,0,Yes,Yes,Yes,Yes,Yes,Yes,Yes,Yes,Yes,,,,,,,,,,,,,,,,,,,,,,,,,,,,,,,,,,,,,,0,0,1.122,0,,,,,,,,,Yes,Yes,Yes,Yes,Yes,Yes,Yes,No,Yes,,,,,,,,,,,,,,,,,,,,,,,,,,,,,,,,,,,,,,,,,,,,,,,,,,,,,,,,,,,,,,,,,,,,,,,,,,,,,,,,,,,,,,,,I watched an image for a second and answered questions about what I saw,I was asked what I noticed in an image I watched,blue,6,,23,Female
P0495,205,TRUE,2/5/24 11:02,anonymous,EN,I consent.,0,0,1.01,0,No,Yes,Yes,Yes,Yes,Yes,Yes,Yes,Yes,0,0,1.009,0,Yes,Yes,Yes,Yes,Yes,No,Yes,Yes,No,,,,,,,,,,,,,,,,,,,,,,,,,,,,,,,,,,,,,,,,,,,,,,,,,,,,,,,,,,,,,,,,,,,0,0,1.011,0,,,,,,,,,Yes,Yes,No,No,Yes,Yes,Yes,Yes,Yes,,,,,,,,,,,,,,,,,,,,,,,,,,,,,,,,,,,,,,,,,,,,,,,,,,,,,,,,,,,I was shown an object for 1 second and then asked questions about what I remembered about it.,Do you remember the apparent age of the person feeding the animal?,Blue,6,,35,Male
P0496,188,TRUE,2/5/24 11:02,anonymous,EN,I consent.,0,0,1.109,0,No,Yes,Yes,Yes,Yes,Yes,Yes,Yes,Yes,0,0,1.11,0,Yes,Yes,Yes,Yes,No,Yes,Yes,Yes,Yes,,,,,,,,,,,,,,,,,,,,,,,,,,,,,,,,,,,,,,,,,,,,,,,,,,,,,,,,,,,,,,,,,,,0,0,1.119,0,,,,,,,,,Yes,Yes,No,Yes,Yes,Yes,Yes,Yes,Yes,,,,,,,,,,,,,,,,,,,,,,,,,,,,,,,,,,,,,,,,,,,,,,,,,,,,,,,,,,,view an image for 1 second and answer questions,did you notice the color/pattern of the object,blue,6,,42,Female
P0497,247,TRUE,2/5/24 11:02,anonymous,EN,I consent.,0,0,1.015,0,No,Yes,Yes,Yes,Yes,Yes,Yes,Yes,No,0,0,1.011,0,Yes,Yes,Yes,Yes,Yes,No,Yes,Yes,Yes,,,,,,,,,,,,,,,,,,,,,,,,,,,,,,,,,,,,,,,,,,,,,,,,,,,,,,,,,,,,,,,,,,,,,,,,,,,,,,,,,,,,,,,,0,0,1.007,0,,,,,,,,,,,,,,,,,Yes,No,No,No,Yes,Yes,No,Yes,No,,,,,,,,,,,,,,,,,,,,,,,,,,,,,,Answering questions about what I saw in a photo I was shown for 1 second.,"If I had noticed which method (lighter, matches, etc) the person was using to light the candle.",blue,6,,38,Female
P0498,295,TRUE,2/5/24 11:02,anonymous,EN,I consent.,0,0,1.111,0,No,Yes,Yes,Yes,Yes,Yes,Yes,Yes,Yes,0,0,1.11,0,Yes,Yes,Yes,Yes,Yes,No,Yes,Yes,Yes,,,,,,,,,,,,,,,,,,,,,,,,,,,,,,,,,,,,,,,,,,,,,,,,,,,,,,,,,,,,,,,,,,,,,,,,,,,0,0,1.106,0,Yes,Yes,No,No,No,Yes,Yes,Yes,Yes,,,,,,,,,,,,,,,,,,,,,,,,,,,,,,,,,,,,,,,,,,,,,,,,,,,,,,,,,,,To identify traits of a picture shown to me for 1 second.,Did you notice the spacing of the cage?,Blue,6,,34,Non-binary / third gender
P0499,203,TRUE,2/5/24 11:02,anonymous,EN,I consent.,0,0,1.014,0,No,Yes,Yes,Yes,Yes,Yes,Yes,Yes,Yes,0,0,1.11,0,Yes,Yes,Yes,Yes,No,Yes,Yes,Yes,No,,,,,,,,,,,,,,,,,,,,,,,,,,,,,,,,,,,,,,,,,,,,,,,,,,,,,,,,,,,,,,,,,,,,,,,,,,,,,,,,,,,,,,,,,,,,,,,,,,,,0,0,1.011,0,,,,,Yes,Yes,No,No,Yes,Yes,Yes,Yes,Yes,,,,,,,,,,,,,,,,,,,,,,,,,,,,,,I was shown some images for a single second and asked if I noticed various things about said image afterwards.,If I noticed clouds in the image of the ball on the beach.,Blue,6,,37,Female
P0500,134,TRUE,2/5/24 11:02,anonymous,EN,I consent.,0,0,1.115,0,No,Yes,Yes,Yes,Yes,No,Yes,Yes,No,0,0,1.009,0,Yes,Yes,No,Yes,Yes,Yes,Yes,Yes,Yes,,,,,,,,,,,,,,,,,,,,,,,,,,,,,,,,,,,,,,,,,,,,,,,,,,,,,,,,,,,,,,,,,,,,,,,,,,,,,,,,,,,,,,,,,,,,0,0,1.014,0,,,,,,,,,,,,,No,Yes,No,No,Yes,Yes,Yes,Yes,Yes,,,,,,,,,,,,,,,,,,,,,,,,,,,,,,answer questions about an image that was breifly shown,did you the material of the candle holder,blue,6,,32,Male
P0501,222,TRUE,2/5/24 11:02,anonymous,EN,I consent.,0,0,1.007,0,No,Yes,Yes,Yes,Yes,Yes,Yes,Yes,Yes,0,0,1.106,0,Yes,Yes,Yes,Yes,Yes,No,Yes,Yes,Yes,,,,,,,,,,,,,,,,,,,,,,,,,,,,,,,,,,,,,,,,,,,,,,0,0,1.007,0,Yes,Yes,No,Yes,No,No,Yes,Yes,No,,,,,,,,,,,,,,,,,,,,,,,,,,,,,,,,,,,,,,,,,,,,,,,,,,,,,,,,,,,,,,,,,,,,,,,,,,,,,,,,,,,,,,,,"look at a picture displayed for a second, and answer questions about what details that i noticed.",did you notice the size of the fruit that the person handled,blue,6,,38,Female
P0502,526,TRUE,2/5/24 11:02,anonymous,EN,I consent.,0,0,1.006,0,Yes,Yes,Yes,Yes,Yes,Yes,Yes,Yes,Yes,0,0,1.007,0,Yes,Yes,Yes,Yes,Yes,Yes,Yes,No,Yes,,,,,,,,,,,,,,,,,,,,,,,,,,,,,,,,,,,,,,,,,,,,,,,,,,,,,,,,,,,,,,,,,,,,,,,,,,,,,,,,,,,,,,,,,,,,,,,,,,,,,,,,,,,,,,,,,,,,,,,,,,,,,,,,,0,0,1.006,0,,,,,Yes,Yes,Yes,Yes,Yes,Yes,Yes,Yes,Yes,Look at an image and recall whether I noticed certain details in the image.,The person's physique.,Blue,6,Great study.,33,Male
P0503,417,TRUE,2/5/24 11:02,anonymous,EN,I consent.,0,0,1.013,0,No,Yes,Yes,Yes,Yes,Yes,Yes,Yes,Yes,0,0,1.019,0,No,Yes,Yes,Yes,No,Yes,Yes,Yes,No,,,,,,,,,,,,,,,,,,,,,,,,,,,,,,,,,,,,,,0,0,1.011,0,,,,,,,,,Yes,Yes,Yes,Yes,Yes,Yes,No,No,No,,,,,,,,,,,,,,,,,,,,,,,,,,,,,,,,,,,,,,,,,,,,,,,,,,,,,,,,,,,,,,,,,,,,,,,,,,,,,,,,,,,,,,,,Look at a picture for 1 second and answer if I recalled details in picture.,Did I notice what kind of fruit the woman was putting into the beige bag!,blue,6,Interesting!,70,Female
P0504,575,TRUE,2/5/24 11:02,anonymous,EN,I consent.,0,0,1.112,0,No,Yes,Yes,Yes,Yes,Yes,Yes,Yes,Yes,0,0,1.11,0,Yes,Yes,Yes,Yes,No,Yes,Yes,Yes,No,,,,,,,,,,,,,,,,,,,,,,,,,,,,,,,,,,,,,,,,,,,,,,,,,,,,,,,,,,,,,,,,,,,,,,,,,,,,,,,,,,,,,,,,,,,,,,,,,,,,,,,,,,,,,,,,,,,,,,,,,,,,,0,0,1.111,0,,,,,,,,,No,No,No,Yes,Yes,No,Yes,Yes,Yes,To study an image for 1 second and then answer recall questions regarding the image.,Did you notice if the person was wearing socks?,blue,6,,63,Female
P0505,521,TRUE,2/5/24 11:02,anonymous,EN,I consent.,0,0,1.112,0,No,Yes,Yes,No,Yes,No,Yes,No,Yes,0,0,1.014,0,No,Yes,Yes,Yes,No,No,Yes,Yes,No,,,,,,,,,,,,,,,,,,,,,,,,,,,,,,,,,,,,,,,,,,,,,,,,,,,,,,,,,,,0,0,1.013,0,,,,,,,,,,,,,,,,,Yes,Yes,No,No,Yes,Yes,Yes,Yes,No,,,,,,,,,,,,,,,,,,,,,,,,,,,,,,,,,,,,,,,,,,,,,,,,,,,,,,,,,,,After showing me picture for one second I had to answer some questions about details on the picture. ,"Distance between person and animal, age of the person, what animal it was, what treat person was giving to animal.",Blue,6,,75,Male
P0506,197,TRUE,2/5/24 11:02,anonymous,EN,I consent.,0,0,1.115,0,No,Yes,Yes,Yes,No,No,Yes,Yes,Yes,0,0,1.111,0,Yes,Yes,Yes,Yes,Yes,Yes,Yes,Yes,Yes,,,,,,,,,,,,,,,,,,,,,,,,,,,,,,,,,,,,,,,,,,,,,,0,0,1.116,0,Yes,Yes,Yes,Yes,No,Yes,Yes,Yes,No,,,,,,,,,,,,,,,,,,,,,,,,,,,,,,,,,,,,,,,,,,,,,,,,,,,,,,,,,,,,,,,,,,,,,,,,,,,,,,,,,,,,,,,,Identify parts of an image after looking at it for 1 second. ,Did you notice the color of the object?,blue,6,,59,Female
P0507,218,TRUE,2/5/24 11:02,anonymous,EN,I consent.,0,0,1.01,0,No,Yes,Yes,Yes,Yes,Yes,Yes,Yes,Yes,0,0,1.109,0,Yes,Yes,Yes,No,No,Yes,Yes,Yes,No,,,,,,,,,,,,,,,,,,,,,,,,,,,,,,,,,,,,,,,,,,,,,,,,,,,,,,,,,,,,,,,,,,,,,,,,,,,,,,,,,,,,,,,,,,,,,,,,,,,,,,,,,,,,,,,,,,,,,,,,,,,,,,,,,,,,,0,0,1.007,0,No,No,Yes,Yes,No,No,Yes,Yes,Yes,Look at a picture for 1 second and see if you can notice specific details.,Did you notice the size of the benchh?,Blue,6,,23,Female
P0508,150,TRUE,2/5/24 11:02,anonymous,EN,I consent.,0,0,1.007,0,No,Yes,Yes,Yes,Yes,Yes,Yes,Yes,No,0,0,1.008,0,Yes,Yes,Yes,Yes,Yes,No,Yes,Yes,Yes,,,,,,,,,,,,,,,,,,,,,,,,,,,,,,,,,,0,0,1.007,0,,,,,,,,,,,,,Yes,Yes,Yes,Yes,No,Yes,Yes,No,Yes,,,,,,,,,,,,,,,,,,,,,,,,,,,,,,,,,,,,,,,,,,,,,,,,,,,,,,,,,,,,,,,,,,,,,,,,,,,,,,,,,,,,,,,,Observe a picture for 1 second and then report on if I noticed various details of the image.,Did you notice the size of the object?,Blue,6,,32,Male
P0509,234,TRUE,2/5/24 11:03,anonymous,EN,I consent.,0,0,1.124,0,Yes,Yes,Yes,Yes,Yes,Yes,Yes,Yes,No,0,0,1.036,0,Yes,Yes,Yes,Yes,Yes,No,Yes,Yes,Yes,,,,,,,,,,,,,,,,,0,0,1.128,0,Yes,Yes,No,Yes,No,No,Yes,Yes,Yes,,,,,,,,,,,,,,,,,,,,,,,,,,,,,,,,,,,,,,,,,,,,,,,,,,,,,,,,,,,,,,,,,,,,,,,,,,,,,,,,,,,,,,,,,,,,,,,,,,,,,,,,,,,,,,,,,,,,,To study a picture and remember details,Do you remember the color of the ball,blue,6,,59,Female
P0510,267,TRUE,2/5/24 11:03,anonymous,EN,I consent.,0,0,1.007,0,Yes,Yes,Yes,Yes,Yes,Yes,Yes,Yes,No,0,0,1.107,0,Yes,Yes,Yes,Yes,Yes,Yes,Yes,Yes,Yes,,,,,,,,,,,,,,,,,,,,,,,,,,,,,,,,,,,,,,,,,,,,,,,,,,,,,,,,,,,,,,,,,,,,,,,,,,,,,,,,,,,,,,,,,,,,,,,,,,,,,,,,0,0,1.005,0,No,No,Yes,No,Yes,Yes,Yes,Yes,Yes,,,,,,,,,,,,,,,,,,,,,,,,,,,,,,Look at a picture and answer questions about what you noticed.,Did you notice the color of the object.,Blue,6,,57,Male
P0511,173,TRUE,2/5/24 11:03,anonymous,EN,I consent.,0,0,1.151,0,Yes,Yes,Yes,No,No,Yes,Yes,Yes,Yes,0,0,1.016,0,Yes,Yes,Yes,Yes,Yes,No,Yes,Yes,Yes,,,,,,,,,,,,,,,,,,,,,,,,,,,,,,,,,,,,,,,,,,,,,,,,,,,,,,,,,,,,,,,,,,,,,,,,,,,0,0,1.026,0,Yes,Yes,Yes,Yes,Yes,Yes,Yes,Yes,Yes,,,,,,,,,,,,,,,,,,,,,,,,,,,,,,,,,,,,,,,,,,,,,,,,,,,,,,,,,,,To view images briefly and report if we noticed certain details,Was the image indoor or outdoor?,Blue,6,,28,Non-binary / third gender
P0512,222,TRUE,2/5/24 11:03,anonymous,EN,I consent.,0,0,1.007,0,No,Yes,Yes,Yes,Yes,Yes,Yes,Yes,No,0.149,0.149,1.014,1,Yes,Yes,Yes,Yes,No,Yes,Yes,Yes,Yes,,,,,,,,,,,,,,,,,,,,,,,,,,,,,,,,,,,,,,,,,,,,,,,,,,,,,,,,,,,,,,,,,,,,,,,,,,,,,,,,,,,,,,,,,,,,,,,,,,,,,,,,,,,,,,,,,,,,,,,,,,,,,,,,,,,,,0,0,1.108,0,Yes,Yes,Yes,Yes,No,No,Yes,Yes,No,"I had to look at images very briefly, and answer questions about whether I had noticed particular aspects of each scene.",One question asked if I had noticed whether the person in the image was wearing socks (they were).,blue,6,,42,Male
P0513,681,TRUE,2/5/24 11:03,anonymous,EN,I consent.,0,0,1.01,0,Yes,Yes,Yes,Yes,Yes,Yes,Yes,Yes,No,0,0,1.007,0,Yes,Yes,Yes,Yes,No,Yes,Yes,Yes,No,,,,,,,,,,,,,,,,,,,,,,,,,,,,,,,,,,,,,,,,,,,,,,,,,,,,,,,,,,,,,,,,,,,,,,,,,,,,,,,,,,,,,,,,,,,,,,,,0,0,1.106,0,,,,,,,,,Yes,Yes,No,No,Yes,No,No,Yes,Yes,,,,,,,,,,,,,,,,,,,,,,,,,,,,,,View an image for one second and answer questions about the image,Did you notice which hand was being used to light the candle.,blue,6,,77,Male
P0514,193,TRUE,2/5/24 11:03,anonymous,EN,I consent.,0,0,1.006,0,No,Yes,Yes,Yes,Yes,Yes,Yes,Yes,No,0,0,1.113,0,Yes,Yes,Yes,Yes,No,Yes,Yes,Yes,Yes,,,,,,,,,,,,,,,,,,,,,,,,,,,,,,,,,,,,,,,,,,,,,,,,,,,,,,,,,,,,,,,0,0,1.008,0,,,,,,,,,,,,,Yes,Yes,No,Yes,No,Yes,Yes,No,Yes,,,,,,,,,,,,,,,,,,,,,,,,,,,,,,,,,,,,,,,,,,,,,,,,,,,,,,,,,,,To observe an image for 1 second and see if I could remember certain details,Did I recognize what kind of treat was offered,Blue,6,,36,Male
P0515,127,TRUE,2/5/24 11:03,anonymous,EN,I consent.,0,0,1.106,0,No,Yes,Yes,Yes,Yes,Yes,Yes,Yes,Yes,0,0,1.007,0,No,Yes,Yes,Yes,Yes,No,Yes,Yes,No,,,,,,,,,,,,,,,,,,,,,,,,,,,,,,,,,,,,,,,,,,,,,,,,,,,,,,,,,,,,,,,,,,,,,,,,,,,,,,,,,,,,,,,,,,,,,,,,,,,,,,,,,,,,,,,,,,,,,,,,,0,0,1.006,0,,,,,,,,,,,,,Yes,Yes,No,Yes,Yes,No,Yes,Yes,No,Look at a photo and then answer questions about what I noticed,Was the person wearing socks,Blue,6,No,34,Female
P0516,210,TRUE,2/5/24 11:03,anonymous,EN,I consent.,0,0,1.112,0,No,Yes,Yes,Yes,Yes,Yes,Yes,No,Yes,0,0,1.018,0,No,Yes,Yes,Yes,Yes,Yes,Yes,Yes,No,,,,,,,,,,,,,,,,,,,,,,,,,,,,,,,,,,,,,,,,,,,,,,,,,,,,,,,,,,,,,,,,,,,,,,,,,,,,,,,,,,,,,,,,0,0,1.108,0,,,,,,,,,,,,,,,,,Yes,Yes,Yes,Yes,Yes,Yes,Yes,Yes,No,,,,,,,,,,,,,,,,,,,,,,,,,,,,,,Look at a picture for one second and answer about details I saw.,Did I notice the build of the person lighting the candle.,blue,6,thank you,40,Male
P0517,187,TRUE,2/5/24 11:03,anonymous,EN,I consent.,0,0,1.112,0,No,Yes,Yes,Yes,Yes,Yes,Yes,Yes,Yes,0,0,1.017,0,No,Yes,No,Yes,Yes,No,Yes,Yes,Yes,,,,,,,,,,,,,,,,,,,,,,,,,,,,,,,,,,,,,,,,,,,,,,,,,,,,,,,,,,,,,,,,,,,,,,,,,,,,,,,,,,,,,,,,,,,,,,,,,,,,0,0,1.011,0,,,,,Yes,Yes,No,No,Yes,Yes,Yes,Yes,Yes,,,,,,,,,,,,,,,,,,,,,,,,,,,,,,Look at an image for 1 second and try to remember details,Did you notice the color of the person's clothes?,blue,6,,37,Male
P0518,196,TRUE,2/5/24 11:03,anonymous,EN,I consent.,0,0,1.017,0,No,Yes,Yes,Yes,Yes,Yes,Yes,Yes,Yes,0,0,1.011,0,Yes,Yes,Yes,Yes,No,Yes,Yes,Yes,No,,,,,,,,,,,,,,,,,,,,,,,,,,,,,,,,,,,,,,,,,,,,,,,,,,,,,,,,,,,,,,,,,,,,,,,,,,,,,,,,,,,,,,,,,,,,,,,,0,0,1.111,0,,,,,,,,,No,No,No,No,Yes,Yes,Yes,Yes,Yes,,,,,,,,,,,,,,,,,,,,,,,,,,,,,,To notice details of a static image,Did you notice the color pattern,Blue,6,,42,Male
P0519,595,TRUE,2/5/24 11:03,anonymous,EN,I consent.,0,0,1.106,0,No,Yes,Yes,Yes,Yes,Yes,Yes,Yes,Yes,0,0,1.006,0,No,Yes,Yes,Yes,Yes,No,Yes,Yes,No,,,,,,,,,,,,,,,,,,,,,,,,,,,,,,,,,,,,,,,,,,,,,,,,,,,,,,,,,,,,,,,,,,,,,,,,,,,,,,,,,,,,,,,,,,,,,,,,,,,,,,,,,,,,,,,,,,,,,0,0,1.005,0,,,,,,,,,,,,,,,,,Yes,No,Yes,Yes,Yes,Yes,Yes,Yes,No,briefly observe an image and report which details stood out,Did you notice the size of the bench?,blue,6,,51,Male
P0520,207,TRUE,2/5/24 11:03,anonymous,EN,I consent.,0.03,0.03,1.016,1,No,Yes,Yes,Yes,Yes,Yes,Yes,No,Yes,0,0,1.115,0,Yes,Yes,Yes,Yes,Yes,Yes,Yes,Yes,Yes,,,,,,,,,,,,,,,,,,,,,,,,,,,,,,,,,,,,,,,,,,,,,,,,,,,,,,,,,,,,,,,,,,,,,,,,,,,,,,,,,,,,,,,,,,,,,,,,,,,,,,,,,,,,,,,,,,,,,,,,,,,,,0.943,0.943,1.006,1,,,,,,,,,No,No,No,No,No,No,Yes,Yes,No,To view an image and describe what I saw.,Were there clouds in the image?,blue,6,,38,Male
P0521,249,TRUE,2/5/24 11:03,anonymous,EN,I consent.,0,0,1.012,0,No,Yes,Yes,Yes,No,No,Yes,No,No,0,0,1.111,0,Yes,Yes,Yes,Yes,No,Yes,Yes,Yes,No,,,,,,,,,,,,,,,,,0,0,1.008,0,Yes,Yes,Yes,No,Yes,No,No,Yes,Yes,,,,,,,,,,,,,,,,,,,,,,,,,,,,,,,,,,,,,,,,,,,,,,,,,,,,,,,,,,,,,,,,,,,,,,,,,,,,,,,,,,,,,,,,,,,,,,,,,,,,,,,,,,,,,,,,,,,,,"It was about studying the provided images for 1 second each and answering questions about them, whether we noticed certain aspects of the object, its location or trajectory etc. ",Did you notice the color of the person's hair? ,Blue,6,Nope :) ,27,Female
P0522,310,TRUE,2/5/24 11:03,anonymous,EN,I consent.,0,0,1.113,0,No,Yes,Yes,Yes,Yes,Yes,Yes,Yes,Yes,0,0,1.109,0,Yes,Yes,Yes,Yes,No,No,Yes,Yes,Yes,,,,,,,,,0,0,1.008,0,,,,,,,,,Yes,Yes,Yes,Yes,Yes,No,Yes,Yes,Yes,,,,,,,,,,,,,,,,,,,,,,,,,,,,,,,,,,,,,,,,,,,,,,,,,,,,,,,,,,,,,,,,,,,,,,,,,,,,,,,,,,,,,,,,,,,,,,,,,,,,,,,,,,,,,,,,,,,,,"look at a photo, and answer questions about what I saw/paid attention to.",did I notice the color of the ball.,blue,6,,55,Male
P0523,248,TRUE,2/5/24 11:03,anonymous,EN,I consent.,0,0,1.012,0,No,Yes,Yes,Yes,Yes,No,Yes,Yes,Yes,0,0,1.014,0,Yes,Yes,No,Yes,No,No,Yes,Yes,No,,,,,,,,,0,0,1.108,0,,,,,,,,,Yes,Yes,Yes,Yes,Yes,Yes,No,Yes,Yes,,,,,,,,,,,,,,,,,,,,,,,,,,,,,,,,,,,,,,,,,,,,,,,,,,,,,,,,,,,,,,,,,,,,,,,,,,,,,,,,,,,,,,,,,,,,,,,,,,,,,,,,,,,,,,,,,,,,,To look at a picture for 1 second and answer some questions about the details. ,Did you notice if there were people in the picture.,Blue,6,,47,Male
P0524,126,TRUE,2/5/24 11:03,anonymous,EN,I consent.,0,0,1.008,0,No,Yes,Yes,Yes,Yes,Yes,Yes,Yes,Yes,0,0,1.006,0,Yes,Yes,Yes,Yes,No,Yes,Yes,Yes,No,,,,,,,,,,,,,,,,,,,,,,,,,,,,,,,,,,,,,,,,,,,,,,,,,,,,,,,,,,,,,,,,,,,,,,,,,,,,,,,,,,,,,,,,,,,,,,,,,,,,,,,,0,0,1.106,0,No,Yes,Yes,Yes,Yes,No,Yes,Yes,No,,,,,,,,,,,,,,,,,,,,,,,,,,,,,,remembering objects in an image,man with candle,blue,6,,34,Female
P0525,131,TRUE,2/5/24 11:03,anonymous,EN,I consent.,0,0,1.107,0,No,Yes,Yes,Yes,Yes,Yes,Yes,Yes,Yes,0,0,1.007,0,Yes,Yes,Yes,Yes,Yes,Yes,Yes,Yes,Yes,,,,,,,,,,,,,,,,,,,,,,,,,,,,,,,,,,,,,,,,,,,,,,,,,,,,,,,,,,,,,,,,,,,,,,,,,,,,,,,,,,,,,,,,,,,,0,0,1.114,0,,,,,,,,,,,,,Yes,Yes,Yes,Yes,Yes,Yes,Yes,Yes,Yes,,,,,,,,,,,,,,,,,,,,,,,,,,,,,,What details I noticed in a picture I was shown for one second,Did I notice the pattern on the person's clothing?,Blue,6,,39,Male
P0526,210,TRUE,2/5/24 11:03,anonymous,EN,I consent.,0,0,1.117,0,No,Yes,Yes,Yes,Yes,Yes,Yes,Yes,Yes,0,0,1.012,0,Yes,Yes,Yes,Yes,No,No,Yes,Yes,No,,,,,,,,,,,,,,,,,,,,,,,,,,,,,,,,,,,,,,,,,,,,,,,,,,,,,,,,,,,,,,,,,,,,,,,,,,,,,,,,,,,,,,,,,,,,,,,,,,,,,,,,,,,,,,,,,,,,,,,,,,,,,,,,,0,0,1.13,0,,,,,Yes,No,Yes,Yes,Yes,Yes,Yes,Yes,Yes,"View an image for 1 second, and then answer some yes or no questions about the image.",Did you notice whether the person was wearing socks?,Blue,6,,35,Male
P0527,414,TRUE,2/5/24 11:04,anonymous,EN,I consent.,0,0,1.006,0,Yes,Yes,Yes,Yes,Yes,No,Yes,No,No,0,0,1.005,0,Yes,Yes,Yes,Yes,Yes,Yes,Yes,Yes,Yes,,,,,,,,,,,,,,,,,,,,,,,,,,,,,,,,,,,,,,,,,,,,,,,,,,,,,,,,,,,,,,,,,,,,,,,,,,,,,,,,,,,,,,,,,,,,,,,,,,,,,,,,0,0,1.005,0,No,No,No,No,Yes,No,Yes,Yes,No,,,,,,,,,,,,,,,,,,,,,,,,,,,,,,My task was to view a picture and try to remember the details of the picture as I would be asked about them.,If I remember which hand was used to light the candle,blue,6,,39,Male
P0528,404,TRUE,2/5/24 11:04,anonymous,EN,I consent.,0,0,1.009,0,Yes,Yes,Yes,Yes,Yes,Yes,Yes,Yes,Yes,0,0,1.006,0,Yes,Yes,Yes,Yes,No,Yes,Yes,Yes,No,,,,,,,,,,,,,,,,,,,,,,,,,,,,,,,,,,,,,,,,,,,,,,,,,,,,,,,,,,,,,,,,,,,,,,,0,0,1.017,0,,,,,No,No,No,Yes,No,Yes,Yes,No,Yes,,,,,,,,,,,,,,,,,,,,,,,,,,,,,,,,,,,,,,,,,,,,,,,,,,,,,,,,,,,I was asked to view an image that was shown on my screen for just 1 second and then to respond to questions relating to whether I noticed certain aspects of the image I was shown.,Did you notice the size of the animal in the cage.,Blue,6,No cofusion and the instructions were clear.,37,Male
P0529,168,TRUE,2/5/24 11:04,anonymous,EN,I consent.,0,0,1.114,0,Yes,Yes,Yes,Yes,Yes,Yes,Yes,Yes,Yes,0,0,1.012,0,Yes,Yes,Yes,Yes,Yes,Yes,Yes,Yes,Yes,,,,,,,,,,,,,,,,,,,,,,,,,,,,,,,,,,,,,,0,0,1.116,0,,,,,,,,,Yes,Yes,Yes,Yes,Yes,Yes,Yes,Yes,Yes,,,,,,,,,,,,,,,,,,,,,,,,,,,,,,,,,,,,,,,,,,,,,,,,,,,,,,,,,,,,,,,,,,,,,,,,,,,,,,,,,,,,,,,,noticing details of a picture that was shown for one minute,did you notice if clouds were in the picture,blue,6,,61,Female
P0530,185,TRUE,2/5/24 11:04,anonymous,EN,I consent.,0,0,1.006,0,Yes,Yes,Yes,Yes,Yes,Yes,Yes,Yes,Yes,0,0,1.009,0,Yes,Yes,Yes,Yes,No,Yes,Yes,Yes,Yes,,,,,,,,,,,,,,,,,,,,,,,,,,,,,,,,,,,,,,,,,,,,,,,,,,,,,,,,,,,,,,,,,,,,,,,,,,,,,,,,,,,,,,,,,,,,,,,,,,,,,,,,,,,,,,,,,,,,,,,,,0,0,1.006,0,,,,,,,,,,,,,Yes,No,Yes,Yes,Yes,No,Yes,Yes,Yes,To identify if I saw something or not in an image.,Did you notice the color of the bench.,blue,6,,28,Male
P0531,158,TRUE,2/5/24 11:04,anonymous,EN,I consent.,0,0,1.018,0,Yes,Yes,Yes,Yes,Yes,Yes,Yes,Yes,Yes,0,0,1.012,0,Yes,Yes,Yes,Yes,No,No,Yes,Yes,Yes,,,,,,,,,0,0,1.013,0,,,,,,,,,Yes,Yes,Yes,Yes,Yes,Yes,Yes,Yes,Yes,,,,,,,,,,,,,,,,,,,,,,,,,,,,,,,,,,,,,,,,,,,,,,,,,,,,,,,,,,,,,,,,,,,,,,,,,,,,,,,,,,,,,,,,,,,,,,,,,,,,,,,,,,,,,,,,,,,,,"I was looking at a picture for 1 second, and then answered questions about that picture.",Did you notice the color of the table.,blue,6,Seemed interesting,46,Male
P0532,270,TRUE,2/5/24 11:04,anonymous,EN,I consent.,0,0,1.009,0,Yes,Yes,Yes,Yes,No,No,Yes,Yes,No,0,0,1.007,0,Yes,No,Yes,Yes,No,No,Yes,Yes,Yes,,,,,,,,,0,0,1.109,0,,,,,,,,,Yes,Yes,Yes,No,No,Yes,No,Yes,Yes,,,,,,,,,,,,,,,,,,,,,,,,,,,,,,,,,,,,,,,,,,,,,,,,,,,,,,,,,,,,,,,,,,,,,,,,,,,,,,,,,,,,,,,,,,,,,,,,,,,,,,,,,,,,,,,,,,,,,view an image for 1 second then answer questions about what I noticed,Did you notice the color of the person's hair?,blue,6,,46,Non-binary / third gender
P0533,296,TRUE,2/5/24 11:04,anonymous,EN,I consent.,0,0,1.02,0,Yes,Yes,Yes,Yes,Yes,Yes,Yes,Yes,No,0,0,1.02,0,Yes,Yes,Yes,Yes,No,Yes,Yes,Yes,Yes,,,,,,,,,,,,,,,,,,,,,,,,,,,,,,,,,,,,,,,,,,,,,,,,,,,,,,,,,,,,,,,,,,,,,,,,,,,,,,,,,,,,,,,,,,,,,,,,,,,,,,,,,,,,,,,,,,,,,,,,,,,,,,,,,0,0,1.123,0,,,,,Yes,No,Yes,Yes,Yes,Yes,Yes,Yes,Yes,Look at images for 1 second and note if you noticed certain details in them,Did I notice if a man sitting on a bench was wearing socks or not?,blue,6,,34,Male
P0534,200,TRUE,2/5/24 11:04,anonymous,EN,I consent.,0,0,1.122,0,Yes,Yes,Yes,Yes,Yes,Yes,Yes,No,Yes,0,0,1.122,0,Yes,Yes,Yes,Yes,Yes,No,Yes,Yes,No,,,,,,,,,,,,,,,,,,,,,,,,,,,,,,,,,,,,,,0,0,1.026,0,,,,,,,,,No,Yes,Yes,Yes,No,Yes,Yes,Yes,Yes,,,,,,,,,,,,,,,,,,,,,,,,,,,,,,,,,,,,,,,,,,,,,,,,,,,,,,,,,,,,,,,,,,,,,,,,,,,,,,,,,,,,,,,,To look at an image on the screen for 1 second and then to answer questions about it.,Did you notice which hand was holding the fruit?,blue,6,,38,Male
P0535,387,TRUE,2/5/24 11:04,anonymous,EN,I consent.,0,0,1.109,0,Yes,Yes,Yes,Yes,Yes,Yes,Yes,Yes,Yes,0,0,1.006,0,No,Yes,Yes,Yes,No,Yes,Yes,Yes,Yes,,,,,,,,,,,,,,,,,,,,,,,,,,,,,,,,,,,,,,,,,,0,0,1.107,0,,,,,No,Yes,Yes,Yes,No,No,Yes,Yes,Yes,,,,,,,,,,,,,,,,,,,,,,,,,,,,,,,,,,,,,,,,,,,,,,,,,,,,,,,,,,,,,,,,,,,,,,,,,,,,,,,,,,,,,,,,To study an image shown for 1 second and remember as many details as possible,Do I remember the age range of the person handling the object,blue,6,,52,Female
P0536,179,TRUE,2/5/24 11:04,anonymous,EN,I consent.,0,0,1.006,0,Yes,Yes,Yes,Yes,Yes,Yes,Yes,Yes,Yes,0,0,1.007,0,Yes,Yes,Yes,Yes,Yes,Yes,Yes,Yes,Yes,,,,,,,,,0,0,1.109,0,,,,,,,,,Yes,Yes,Yes,Yes,Yes,Yes,Yes,Yes,Yes,,,,,,,,,,,,,,,,,,,,,,,,,,,,,,,,,,,,,,,,,,,,,,,,,,,,,,,,,,,,,,,,,,,,,,,,,,,,,,,,,,,,,,,,,,,,,,,,,,,,,,,,,,,,,,,,,,,,,memorize pic and explain what it is,what was it sitting on,blue,6,,32,Male
P0537,223,TRUE,2/5/24 11:04,anonymous,EN,I consent.,0,0,1.111,0,Yes,Yes,Yes,Yes,Yes,No,Yes,Yes,No,0,0,1.01,0,Yes,Yes,No,Yes,No,Yes,Yes,Yes,No,0,0,1.01,0,,,,,,,,,,,,,,,,,No,Yes,Yes,No,No,No,Yes,Yes,Yes,,,,,,,,,,,,,,,,,,,,,,,,,,,,,,,,,,,,,,,,,,,,,,,,,,,,,,,,,,,,,,,,,,,,,,,,,,,,,,,,,,,,,,,,,,,,,,,,,,,,,,,,,,,,,,,,,,,,,Observe an image for 1 second and then answer questions about that image. ,Whether the person in the image was a male or female. ,Typically the answer is blue. ,6,thanks ,49,Male
P0538,373,TRUE,2/5/24 11:04,anonymous,EN,I consent.,0,0,1.012,0,Yes,Yes,Yes,Yes,Yes,Yes,Yes,No,No,0,0,1.111,0,Yes,Yes,Yes,Yes,No,No,Yes,Yes,No,,,,,,,,,,,,,,,,,,,,,,,,,,,,,,,,,,,,,,,,,,,,,,,,,,,,,,,,,,,,,,,,,,,,,,,0,0,1.115,0,,,,,Yes,Yes,No,Yes,Yes,Yes,Yes,No,No,,,,,,,,,,,,,,,,,,,,,,,,,,,,,,,,,,,,,,,,,,,,,,,,,,,,,,,,,,,"To look at a photograph for one second and try to take in as much detail as I can, to be able to answer follow-up questions about the photo.",Did you see what type of animal was in the picture?,blue,6,,67,Male
P0539,495,TRUE,2/5/24 11:04,anonymous,EN,I consent.,0,0,1.115,0,Yes,Yes,Yes,Yes,Yes,No,Yes,Yes,Yes,0,0,1.048,0,Yes,Yes,Yes,Yes,Yes,Yes,Yes,Yes,Yes,,,,,,,,,,,,,,,,,,,,,,,,,,,,,,,,,,,,,,,,,,,,,,,,,,,,,,,,,,,,,,,0,0,1.009,0,,,,,,,,,,,,,Yes,Yes,Yes,Yes,Yes,Yes,Yes,Yes,Yes,,,,,,,,,,,,,,,,,,,,,,,,,,,,,,,,,,,,,,,,,,,,,,,,,,,,,,,,,,,Remember things in images.,What was the design on the person's clothes?,blue,6,,38,Female
P0540,148,TRUE,2/5/24 11:04,anonymous,EN,I consent.,0,0,1.006,0,Yes,Yes,Yes,Yes,Yes,Yes,Yes,Yes,Yes,0,0,1.005,0,Yes,Yes,Yes,Yes,Yes,Yes,Yes,Yes,Yes,,,,,,,,,,,,,,,,,,,,,,,,,,,,,,,,,,,,,,,,,,,,,,,,,,,,,,,,,,,,,,,,,,,,,,,,,,,,,,,,,,,,,,,,0,0,1.006,0,,,,,,,,,,,,,,,,,Yes,Yes,Yes,Yes,Yes,Yes,Yes,Yes,Yes,,,,,,,,,,,,,,,,,,,,,,,,,,,,,,I looked at a picture for 1 second and was asked questions about what I noticed.,Did you notice the color of the candle?,Blue,6,,38,Male
P0541,327,TRUE,2/5/24 11:05,anonymous,EN,I consent.,0,0,1.116,0,Yes,Yes,Yes,Yes,Yes,Yes,Yes,Yes,Yes,0,0,1.112,0,No,Yes,Yes,Yes,Yes,Yes,Yes,Yes,Yes,,,,,,,,,,,,,,,,,,,,,,,,,,,,,,,,,,,,,,,,,,0,0,1.111,0,,,,,Yes,Yes,Yes,Yes,Yes,Yes,Yes,Yes,Yes,,,,,,,,,,,,,,,,,,,,,,,,,,,,,,,,,,,,,,,,,,,,,,,,,,,,,,,,,,,,,,,,,,,,,,,,,,,,,,,,,,,,,,,,answer yes or no questions about an image after seeing it for 1 second,did you notice what hand (right/left) was holding the apple,blue,6,,59,Female
P0542,451,TRUE,2/5/24 11:05,anonymous,EN,I consent.,0,0,1.024,0,Yes,Yes,Yes,Yes,Yes,No,Yes,No,No,0,0,1.022,0,Yes,Yes,Yes,Yes,Yes,Yes,Yes,Yes,Yes,,,,,,,,,,,,,,,,,,,,,,,,,,,,,,,,,,,,,,,,,,,,,,,,,,,,,,,,,,,0,0,1.123,0,,,,,,,,,,,,,,,,,Yes,Yes,No,No,No,Yes,Yes,Yes,No,,,,,,,,,,,,,,,,,,,,,,,,,,,,,,,,,,,,,,,,,,,,,,,,,,,,,,,,,,,rate AI generated images,did you notice (relevant detail to the image),blue,6,make sure you mention that the pictures are AI generated BEFORE the study.,33,Male
P0543,171,TRUE,2/5/24 11:05,anonymous,EN,I consent.,0,0,1.119,0,No,Yes,Yes,Yes,Yes,Yes,Yes,Yes,No,0,0,1.12,0,Yes,Yes,Yes,Yes,No,Yes,Yes,Yes,Yes,,,,,0,0,1.216,0,,,,,,,,,,,,,Yes,Yes,Yes,Yes,No,No,No,Yes,Yes,,,,,,,,,,,,,,,,,,,,,,,,,,,,,,,,,,,,,,,,,,,,,,,,,,,,,,,,,,,,,,,,,,,,,,,,,,,,,,,,,,,,,,,,,,,,,,,,,,,,,,,,,,,,,,,,,,,,,to view an image and then answer questions about it,did I see th size of the ball,blue,6,,38,Female
P0544,221,TRUE,2/5/24 11:05,anonymous,EN,I consent.,0,0,1.009,0,No,Yes,Yes,Yes,Yes,Yes,Yes,No,No,0,0,1.014,0,Yes,Yes,Yes,Yes,No,No,Yes,Yes,No,,,,,,,,,,,,,,,,,,,,,,,,,,,,,,,,,,,,,,,,,,,,,,0,0,1.016,0,Yes,Yes,Yes,No,No,Yes,Yes,Yes,No,,,,,,,,,,,,,,,,,,,,,,,,,,,,,,,,,,,,,,,,,,,,,,,,,,,,,,,,,,,,,,,,,,,,,,,,,,,,,,,,,,,,,,,,"view a photo for one second, then confirm which details you noticed",did you notice what type of fruit he put in the bag?,blue,6,,54,Male
P0545,196,TRUE,2/5/24 11:05,anonymous,EN,I consent.,0,0,1.007,0,No,Yes,Yes,Yes,Yes,Yes,Yes,Yes,Yes,0,0,1.018,0,Yes,Yes,Yes,Yes,Yes,No,Yes,Yes,Yes,,,,,,,,,,,,,,,,,,,,,,,,,,,,,,,,,,,,,,,,,,,,,,,,,,,,,,,,,,,,,,,,,,,0,0,1.114,0,,,,,,,,,Yes,Yes,No,No,No,Yes,Yes,Yes,Yes,,,,,,,,,,,,,,,,,,,,,,,,,,,,,,,,,,,,,,,,,,,,,,,,,,,,,,,,,,,I had to answer y/n questions on whether or not I perceived certain aspects of the picture or not. ,Did you notice the color of the object?,blue,6,,24,Female
P0546,410,TRUE,2/5/24 11:05,anonymous,EN,I consent.,0,0,1.015,0,Yes,Yes,Yes,Yes,Yes,Yes,Yes,Yes,Yes,0,0,1.114,0,Yes,Yes,Yes,Yes,Yes,Yes,Yes,Yes,No,,,,,,,,,,,,,,,,,,,,,,,,,,,,,,,,,,,,,,,,,,,,,,,,,,,,,,,,,,,0,0,1.116,0,,,,,,,,,,,,,,,,,Yes,Yes,No,Yes,Yes,Yes,Yes,Yes,Yes,,,,,,,,,,,,,,,,,,,,,,,,,,,,,,,,,,,,,,,,,,,,,,,,,,,,,,,,,,,to see how much i noticed from a picture shown to me for only one second,did i notice if there was a person in the picture,blue,6,it was fun,35,Male
P0547,327,TRUE,2/5/24 11:05,anonymous,EN,I consent.,0,0,1.009,0,No,Yes,Yes,Yes,Yes,Yes,Yes,Yes,Yes,0,0,1.009,0,No,No,Yes,No,No,Yes,Yes,No,No,,,,,,,,,,,,,,,,,,,,,,,,,,,,,,,,,,,,,,,,,,,,,,,,,,,,,,,,,,,,,,,,,,,,,,,,,,,,,,,,,,,,,,,,,,,,,,,,,,,,,,,,,,,,,,,,,,,,,,,,,,,,,0,0,1.007,0,,,,,,,,,Yes,No,Yes,Yes,Yes,No,Yes,Yes,Yes,look at a picture for 1 second and answer questions based on what I saw,Did you notice the color of the shoe,blue,6,,41,Male
P0548,561,TRUE,2/5/24 11:05,anonymous,EN,I consent.,0,0,1.021,0,Yes,Yes,Yes,Yes,Yes,Yes,Yes,Yes,No,0,0,1.025,0,Yes,Yes,Yes,Yes,No,Yes,Yes,Yes,Yes,,,,,,,,,,,,,0,0,1.025,0,,,,,Yes,Yes,Yes,Yes,Yes,Yes,Yes,Yes,Yes,,,,,,,,,,,,,,,,,,,,,,,,,,,,,,,,,,,,,,,,,,,,,,,,,,,,,,,,,,,,,,,,,,,,,,,,,,,,,,,,,,,,,,,,,,,,,,,,,,,,,,,,,,,,,,,,,,,,,I had to look at a picture for one second and then answer questions whether I noticed something was in the picture or not,"Did I notice the color of the ball, Did I notice the size of the table, Did I notice if it was indoors or outdoors",Blue,6,,36,Female
P0549,168,TRUE,2/5/24 11:05,anonymous,EN,I consent.,0,0,1.122,0,Yes,Yes,Yes,Yes,No,No,Yes,No,Yes,0,0,1.053,0,Yes,Yes,No,Yes,Yes,Yes,Yes,Yes,No,,,,,,,,,,,,,,,,,,,,,,,,,,,,,,,,,,,,,,,,,,,,,,,,,,,,,,,,,,,,,,,,,,,,,,,,,,,,,,,,,,,,,,,,,,,,,,,,,,,,,,,,,,,,,,,,,,,,,0,0,1.149,0,,,,,,,,,,,,,,,,,Yes,No,No,Yes,Yes,No,Yes,Yes,Yes,To identify objects within an image.,Did you notice which shoe he took off?,Blue,6,,26,Male
P0550,102,TRUE,2/5/24 11:05,anonymous,EN,I consent.,0,0,1.007,0,No,Yes,Yes,Yes,Yes,No,Yes,No,Yes,0,0,1.012,0,Yes,Yes,Yes,Yes,No,Yes,Yes,Yes,No,,,,,,,,,,,,,,,,,,,,,,,,,,,,,,,,,,,,,,,,,,,,,,,,,,,,,,,,,,,,,,,,,,,0,0,1.007,0,,,,,,,,,Yes,Yes,No,Yes,Yes,No,Yes,Yes,Yes,,,,,,,,,,,,,,,,,,,,,,,,,,,,,,,,,,,,,,,,,,,,,,,,,,,,,,,,,,,Review pictures which yo uonl;y get to see for 1 second,Did I notice what the object was sitting on,Blue,6,,34,Male
P0551,222,TRUE,2/5/24 11:05,anonymous,EN,I consent.,0,0,1.019,0,Yes,No,Yes,Yes,Yes,Yes,Yes,Yes,Yes,0,0,1.019,0,Yes,No,Yes,Yes,No,Yes,Yes,No,No,,,,,,,,,,,,,,,,,,,,,,,,,,,,,,,,,,,,,,,,,,,,,,,,,,,,,,,,,,,,,,,,,,,,,,,,,,,,,,,,,,,,,,,,0,0,1.027,0,,,,,,,,,,,,,,,,,No,No,No,No,No,No,Yes,Yes,Yes,,,,,,,,,,,,,,,,,,,,,,,,,,,,,,To look at a pic for one second and then anwer question on whether I noticed certain aspects in the photo,Did you notice the pattern of the clothing,blue,6,,43,Male
P0552,193,TRUE,2/5/24 11:05,anonymous,EN,I consent.,0,0,1.007,0,Yes,Yes,Yes,Yes,Yes,Yes,Yes,Yes,Yes,0,0,1.006,0,Yes,Yes,Yes,Yes,Yes,Yes,Yes,Yes,Yes,,,,,,,,,,,,,,,,,,,,,,,,,,,,,,,,,,,,,,,,,,,,,,,,,,,,,,,,,,,,,,,,,,,,,,,,,,,0,0,1.006,0,Yes,Yes,No,No,Yes,Yes,Yes,Yes,Yes,,,,,,,,,,,,,,,,,,,,,,,,,,,,,,,,,,,,,,,,,,,,,,,,,,,,,,,,,,,look at an image for one second and answer if I noticed certain things about that image,did you notice there was a person or not?,blue,6,,41,Female
P0553,112,TRUE,2/5/24 11:05,anonymous,EN,I consent.,0,0,1.014,0,Yes,Yes,Yes,Yes,Yes,Yes,Yes,Yes,Yes,0,0,1.116,0,Yes,Yes,Yes,Yes,Yes,Yes,Yes,Yes,Yes,,,,,,,,,,,,,,,,,,,,,,,,,,,,,,,,,,,,,,,,,,,,,,,,,,,,,,,,,,,,,,,,,,,,,,,,,,,,,,,,,,,,,,,,,,,,,,,,0,0,1.11,0,,,,,,,,,Yes,No,No,No,Yes,No,Yes,Yes,No,,,,,,,,,,,,,,,,,,,,,,,,,,,,,,Recognize details of a single photo displayed for a second,Did you notice the detail of the candle holder?,blue,6,,41,Male
P0554,147,TRUE,2/5/24 11:05,anonymous,EN,I consent.,0,0,1.022,0,Yes,Yes,Yes,Yes,Yes,Yes,Yes,Yes,Yes,0,0,1.007,0,Yes,Yes,Yes,Yes,No,Yes,Yes,Yes,No,,,,,,,,,,,,,,,,,,,,,,,,,,,,,,,,,,,,,,,,,,,,,,,,,,,,,,,,,,,,,,,,,,,,,,,,,,,,,,,,,,,,,,,,,,,,,,,,,,,,0,0,1.113,0,,,,,Yes,Yes,Yes,Yes,Yes,Yes,Yes,Yes,No,,,,,,,,,,,,,,,,,,,,,,,,,,,,,,I was shown an image and had to decide if I noticed various things,Did you notice the person's build?,blue,6,,40,Male
P0555,378,TRUE,2/5/24 11:05,anonymous,EN,I consent.,0,0,1.108,0,No,Yes,Yes,Yes,Yes,No,Yes,Yes,Yes,0,0,1.107,0,Yes,Yes,Yes,Yes,No,No,Yes,Yes,Yes,,,,,,,,,,,,,,,,,,,,,,,,,,,,,,,,,,,,,,,,,,,,,,,,,,,,,,,,,,,,,,,,,,,,,,,0,0,1.007,0,,,,,Yes,Yes,No,No,Yes,Yes,Yes,No,No,,,,,,,,,,,,,,,,,,,,,,,,,,,,,,,,,,,,,,,,,,,,,,,,,,,,,,,,,,,To view a picture that was shown for 1 second then answer questions that asked what we noticed,Did you notice what was the animal in the picture,blue,6,,51,Female
P0556,131,TRUE,2/5/24 11:05,anonymous,EN,I consent.,0,0,1.009,0,No,Yes,Yes,Yes,Yes,Yes,Yes,Yes,No,0,0,1.015,0,Yes,Yes,Yes,Yes,No,No,Yes,Yes,Yes,,,,,,,,,,,,,,,,,,,,,,,,,,,,,,,,,,,,,,,,,,,,,,,,,,,,,,,,,,,,,,,,,,,,,,,,,,,,,,,,,,,,,,,,,,,,,,,,,,,,,,,,,,,,,,,,,,,,,,,,,,,,,,,,,0,0,1.008,0,,,,,Yes,Yes,No,Yes,No,Yes,Yes,Yes,Yes,To answer questions about images I only saw for 1 second,Did you notice any people in the image?,blue,6,,36,Male
P0557,216,TRUE,2/5/24 11:05,anonymous,EN,I consent.,0,0,1.009,0,No,Yes,Yes,Yes,Yes,Yes,Yes,Yes,Yes,0,0,1.008,0,Yes,Yes,Yes,Yes,Yes,Yes,Yes,Yes,Yes,,,,,,,,,,,,,,,,,,,,,,,,,,,,,,,,,,0,0,1.108,0,,,,,,,,,,,,,No,No,No,Yes,No,Yes,Yes,Yes,No,,,,,,,,,,,,,,,,,,,,,,,,,,,,,,,,,,,,,,,,,,,,,,,,,,,,,,,,,,,,,,,,,,,,,,,,,,,,,,,,,,,,,,,,To watch a image for a second and then answer related questions.,Did I notice the size of the fruit being held?,blue,6,,35,Male
P0558,302,TRUE,2/5/24 11:05,anonymous,EN,I consent.,0,0,1.12,0,No,Yes,Yes,Yes,Yes,Yes,Yes,Yes,Yes,0,0,1.113,0,Yes,Yes,Yes,Yes,No,Yes,Yes,Yes,No,,,,,,,,,,,,,,,,,,,,,,,,,,,,,,,,,,,,,,,,,,,,,,,,,,,,,,,,,,,,,,,,,,,,,,,0,0,1.016,0,,,,,Yes,Yes,No,Yes,Yes,Yes,Yes,Yes,No,,,,,,,,,,,,,,,,,,,,,,,,,,,,,,,,,,,,,,,,,,,,,,,,,,,,,,,,,,,Look at a picture for 1 second and then answer some questions about the picture.,Did you notice the size of the animal,blue,6,,40,Male
P0559,212,TRUE,2/5/24 11:05,anonymous,EN,I consent.,0,0,1.112,0,Yes,Yes,Yes,Yes,Yes,No,Yes,Yes,Yes,0,0,1.015,0,Yes,Yes,Yes,Yes,Yes,No,Yes,Yes,No,,,,,,,,,,,,,0,0,1.013,0,,,,,Yes,Yes,Yes,No,Yes,Yes,Yes,Yes,Yes,,,,,,,,,,,,,,,,,,,,,,,,,,,,,,,,,,,,,,,,,,,,,,,,,,,,,,,,,,,,,,,,,,,,,,,,,,,,,,,,,,,,,,,,,,,,,,,,,,,,,,,,,,,,,,,,,,,,,Look at an image for a second and answer whether or not I noticed certain aspects of the image,Did you notice the color of the object?,Blue,6,,35,Male
P0560,385,TRUE,2/5/24 11:05,anonymous,EN,I consent.,0,0,1.008,0,No,Yes,Yes,Yes,Yes,Yes,Yes,Yes,Yes,0,0,1.114,0,Yes,Yes,Yes,Yes,No,No,Yes,Yes,No,0,0,1.007,0,,,,,,,,,,,,,,,,,No,Yes,Yes,Yes,No,No,Yes,Yes,Yes,,,,,,,,,,,,,,,,,,,,,,,,,,,,,,,,,,,,,,,,,,,,,,,,,,,,,,,,,,,,,,,,,,,,,,,,,,,,,,,,,,,,,,,,,,,,,,,,,,,,,,,,,,,,,,,,,,,,,My task was to recall what I saw in an image that was made available for viewing for 1 second.,Do I recall the color of the object that was in the image.,Blue,6,,39,Female
P0561,257,TRUE,2/5/24 11:06,anonymous,EN,I consent.,0,0,1.109,0,No,Yes,Yes,Yes,Yes,Yes,Yes,No,Yes,0,0,1.01,0,Yes,Yes,Yes,Yes,No,Yes,Yes,No,No,,,,,,,,,,,,,,,,,,,,,,,,,,,,,,0,0,1.114,0,,,,,,,,,,,,,,,,,Yes,Yes,Yes,Yes,No,No,Yes,Yes,Yes,,,,,,,,,,,,,,,,,,,,,,,,,,,,,,,,,,,,,,,,,,,,,,,,,,,,,,,,,,,,,,,,,,,,,,,,,,,,,,,,,,,,,,,,I looked at an image for 1 second and had to answer questions based on what I saw.,Did I notice the type of fruit the person was holding,blue,6,,42,Male
P0562,174,TRUE,2/5/24 11:06,anonymous,EN,I consent.,0,0,1.11,0,No,Yes,Yes,Yes,Yes,No,Yes,Yes,Yes,0,0,1.106,0,Yes,Yes,No,Yes,No,No,Yes,Yes,Yes,,,,,,,,,,,,,,,,,,,,,,,,,,,,,,,,,,,,,,,,,,,,,,0,0,1.107,0,Yes,Yes,No,No,No,Yes,Yes,Yes,No,,,,,,,,,,,,,,,,,,,,,,,,,,,,,,,,,,,,,,,,,,,,,,,,,,,,,,,,,,,,,,,,,,,,,,,,,,,,,,,,,,,,,,,,Answer questions about an image,Did I notice number of blue objects?,blue,6,,43,Male
P0563,536,TRUE,2/5/24 11:06,anonymous,EN,I consent.,0,0,1.13,0,No,Yes,Yes,Yes,Yes,Yes,Yes,Yes,Yes,0,0,1.129,0,Yes,No,Yes,Yes,No,No,Yes,Yes,Yes,,,,,,,,,,,,,,,,,,,,,,,,,,,,,,0,0,1.019,0,,,,,,,,,,,,,,,,,Yes,Yes,Yes,Yes,Yes,Yes,Yes,Yes,No,,,,,,,,,,,,,,,,,,,,,,,,,,,,,,,,,,,,,,,,,,,,,,,,,,,,,,,,,,,,,,,,,,,,,,,,,,,,,,,,,,,,,,,,The task was about noticing all objects in a picture.,Did I notice a refrigerator in the background.,blue,6,,43,Female
P0564,270,TRUE,2/5/24 11:06,anonymous,EN,I consent.,0,0,1.114,0,No,Yes,Yes,Yes,Yes,Yes,Yes,Yes,Yes,0,0,1.008,0,Yes,Yes,Yes,Yes,Yes,Yes,Yes,Yes,Yes,,,,,,,,,,,,,,,,,,,,,,,,,,,,,,,,,,,,,,,,,,,,,,,,,,,,,,,,,,,,,,,,,,,,,,,,,,,,,,,,,,,,,,,,,,,,0,0,1.01,0,,,,,,,,,,,,,Yes,Yes,Yes,Yes,Yes,No,Yes,Yes,No,,,,,,,,,,,,,,,,,,,,,,,,,,,,,,Answer questions about an image shown for 1 second.,Did you notice the build of the person in the image?,Blue,6,,28,Male
P0565,231,TRUE,2/5/24 11:06,anonymous,EN,I consent.,0,0,1.009,0,No,Yes,Yes,Yes,Yes,Yes,Yes,Yes,No,0,0,1.009,0,Yes,Yes,Yes,Yes,No,No,Yes,Yes,Yes,,,,,,,,,,,,,,,,,,,,,,,,,,,,,,,,,,,,,,,,,,,,,,,,,,,,,,,,,,,,,,,,,,,,,,,,,,,,,,,,,,,,,,,,,,,,,,,,,,,,,,,,,,,,,,,,,,,,,,,,,,,,,,,,,,,,,0,0,1.017,0,Yes,No,Yes,Yes,No,No,Yes,Yes,Yes,I had to state whether I noticed various aspects or things in a given photo or picture.,If i noticed the size of the bench,Blue,6,Thank you.,49,Male
P0566,191,TRUE,2/5/24 11:06,anonymous,EN,I consent.,0,0,1.007,0,Yes,Yes,Yes,Yes,Yes,Yes,Yes,Yes,Yes,0,0,1.006,0,Yes,Yes,Yes,Yes,Yes,Yes,Yes,Yes,No,,,,,,,,,,,,,,,,,,,,,,,,,,,,,,,,,,,,,,,,,,,,,,,,,,,,,,,,,,,,,,,0,0,1.106,0,,,,,,,,,,,,,Yes,Yes,No,Yes,Yes,Yes,Yes,Yes,Yes,,,,,,,,,,,,,,,,,,,,,,,,,,,,,,,,,,,,,,,,,,,,,,,,,,,,,,,,,,,state what you noticed within 1 second of an image,"size, age, other items, texture, location, light, items, descriptions",blue,6,,23,Female
P0567,183,TRUE,2/5/24 11:06,anonymous,EN,I consent.,0,0,1.007,0,No,Yes,Yes,Yes,Yes,Yes,Yes,Yes,Yes,0,0,1.014,0,Yes,Yes,Yes,Yes,Yes,Yes,Yes,Yes,Yes,,,,,,,,,,,,,,,,,,,,,,,,,,,,,,,,,,,,,,,,,,,,,,,,,,,,,,,,,,,,,,,,,,,,,,,,,,,,,,,,,,,,,,,,,,,,,,,,,,,,0,0,1.014,0,,,,,Yes,Yes,No,No,Yes,Yes,Yes,Yes,Yes,,,,,,,,,,,,,,,,,,,,,,,,,,,,,,notice things on images,did i notice the color of the object,blue,6,,51,Female
P0568,186,TRUE,2/5/24 11:06,anonymous,EN,I consent.,0,0,1.116,0,Yes,Yes,Yes,Yes,Yes,No,Yes,Yes,Yes,0,0,1.012,0,Yes,Yes,No,Yes,No,No,Yes,Yes,No,,,,,0,0,1.019,0,,,,,,,,,,,,,Yes,Yes,Yes,Yes,Yes,Yes,No,Yes,Yes,,,,,,,,,,,,,,,,,,,,,,,,,,,,,,,,,,,,,,,,,,,,,,,,,,,,,,,,,,,,,,,,,,,,,,,,,,,,,,,,,,,,,,,,,,,,,,,,,,,,,,,,,,,,,,,,,,,,,I was asked to view an image for one second and answer various questions about details I may have noticed.,Did I notice the trajectory of the ball?,Blue,6,,43,Male
P0569,311,TRUE,2/5/24 11:06,anonymous,EN,I consent.,0,0,1.007,0,Yes,Yes,Yes,Yes,Yes,Yes,Yes,No,Yes,0,0,1.118,0,Yes,Yes,Yes,Yes,Yes,Yes,Yes,Yes,No,,,,,,,,,,,,,,,,,,,,,,,,,,,,,,,,,,0,0,1.006,0,,,,,,,,,,,,,Yes,Yes,Yes,Yes,No,Yes,No,No,No,,,,,,,,,,,,,,,,,,,,,,,,,,,,,,,,,,,,,,,,,,,,,,,,,,,,,,,,,,,,,,,,,,,,,,,,,,,,,,,,,,,,,,,,To look at an image and tell what I noticed about it.,Did I notice the person's apparent age?,blue,6,,54,Male
P0570,329,TRUE,2/5/24 11:06,anonymous,EN,I consent.,0,0,1.009,0,No,Yes,Yes,Yes,No,Yes,Yes,Yes,Yes,0,0,1.008,0,Yes,Yes,Yes,Yes,Yes,Yes,Yes,Yes,Yes,,,,,,,,,,,,,,,,,,,,,,,,,,,,,,,,,,,,,,,,,,,,,,,,,,,,,,,,,,,,,,,,,,,,,,,,,,,,,,,,,,,,,,,,,,,,0,0,1.007,0,,,,,,,,,,,,,Yes,No,No,No,Yes,Yes,Yes,Yes,Yes,,,,,,,,,,,,,,,,,,,,,,,,,,,,,,look at picture for 1 second and tell what you seen,what was the persons build,blue,6,,34,Female
P0571,151,TRUE,2/5/24 11:06,anonymous,EN,I consent.,0,0,1.118,0,No,Yes,Yes,Yes,Yes,Yes,Yes,Yes,Yes,0,0,1.02,0,No,Yes,Yes,Yes,No,Yes,Yes,Yes,No,,,,,,,,,,,,,,,,,,,,,,,,,,,,,,,,,,,,,,,,,,,,,,,,,,,,,,,,,,,,,,,,,,,,,,,,,,,,,,,,,,,,,,,,,,,,,,,,,,,,,,,,,,,,,,,,,,,,,0,0,1.023,0,,,,,,,,,,,,,,,,,Yes,Yes,No,Yes,Yes,No,Yes,Yes,Yes,I was asked to look at an image briefly and answer questions about it.,Did you notice if the person in the image was wearing sock or not?,blue,6,,32,Female
P0572,242,TRUE,2/5/24 11:06,anonymous,EN,I consent.,0,0,1.021,0,No,Yes,Yes,Yes,Yes,No,Yes,Yes,Yes,0,0,1.123,0,Yes,Yes,Yes,Yes,Yes,Yes,Yes,Yes,No,,,,,,,,,,,,,,,,,,,,,,,,,,,,,,,,,,,,,,,,,,,,,,,,,,,,,,,,,,,0,0,1.119,0,,,,,,,,,,,,,,,,,Yes,Yes,No,No,No,Yes,No,No,No,,,,,,,,,,,,,,,,,,,,,,,,,,,,,,,,,,,,,,,,,,,,,,,,,,,,,,,,,,,I was asked to study an image for one second and try to recall if I noticed various things such as the size of the subject or the location of items.,Did I notice the treat the person was holding for the animal?,Blue,6,,35,Male
P0573,565,TRUE,2/5/24 11:06,anonymous,EN,I consent.,0,0,1.123,0,Yes,Yes,Yes,Yes,Yes,Yes,Yes,Yes,Yes,0,0,1.031,0,Yes,Yes,Yes,Yes,Yes,No,Yes,Yes,Yes,,,,,,,,,,,,,,,,,,,,,,,,,,,,,,,,,,,,,,,,,,0,0,1.023,0,,,,,Yes,Yes,Yes,No,No,Yes,Yes,Yes,Yes,,,,,,,,,,,,,,,,,,,,,,,,,,,,,,,,,,,,,,,,,,,,,,,,,,,,,,,,,,,,,,,,,,,,,,,,,,,,,,,,,,,,,,,,Review the image for one second and see if you retained what was seen.,Did I notice which hand the fruit was held in?,Blue,6,,64,Female
P0574,254,TRUE,2/5/24 11:06,anonymous,EN,I consent.,0,0,1.009,0,No,Yes,Yes,Yes,Yes,Yes,Yes,Yes,Yes,0,0,1.008,0,Yes,Yes,Yes,Yes,No,Yes,Yes,Yes,Yes,,,,,,,,,,,,,,,,,,,,,,,,,,,,,,,,,,,,,,,,,,,,,,,,,,,,,,,,,,,,,,,,,,,,,,,,,,,,,,,,,,,,,,,,,,,,,,,,0,0,1.008,0,,,,,,,,,Yes,No,No,Yes,Yes,Yes,Yes,Yes,Yes,,,,,,,,,,,,,,,,,,,,,,,,,,,,,,I was to remember details of photos for 1 second each photo.,Did I notice the physique of the person lighting the candle,blue,6,,22,Male
P0575,122,TRUE,2/5/24 11:06,anonymous,EN,I consent.,0,0,1.011,0,Yes,Yes,Yes,Yes,Yes,No,Yes,Yes,Yes,0,0,1.113,0,Yes,Yes,No,Yes,Yes,Yes,Yes,Yes,No,0,0,1.112,0,,,,,,,,,,,,,,,,,Yes,Yes,Yes,Yes,Yes,No,Yes,Yes,Yes,,,,,,,,,,,,,,,,,,,,,,,,,,,,,,,,,,,,,,,,,,,,,,,,,,,,,,,,,,,,,,,,,,,,,,,,,,,,,,,,,,,,,,,,,,,,,,,,,,,,,,,,,,,,,,,,,,,,,I was asked to look at a picture for one second and describe what was happening in the picture.,Did you notice the size of the table?,Blue,6,,24,Female
P0576,259,TRUE,2/5/24 11:06,anonymous,EN,I consent.,0,0,1.007,0,No,Yes,Yes,Yes,Yes,No,Yes,Yes,Yes,0,0,1.013,0,Yes,No,Yes,Yes,No,Yes,Yes,Yes,No,,,,,,,,,,,,,0,0,1.009,0,,,,,Yes,Yes,Yes,Yes,Yes,Yes,No,Yes,Yes,,,,,,,,,,,,,,,,,,,,,,,,,,,,,,,,,,,,,,,,,,,,,,,,,,,,,,,,,,,,,,,,,,,,,,,,,,,,,,,,,,,,,,,,,,,,,,,,,,,,,,,,,,,,,,,,,,,,,note if a descriptive of the picture was noted or not,what color was the ball,blue,6,none,76,Female
P0577,346,TRUE,2/5/24 11:06,anonymous,EN,I consent.,0,0,1.108,0,Yes,Yes,Yes,Yes,Yes,Yes,Yes,Yes,Yes,0,0,1.116,0,Yes,Yes,Yes,Yes,Yes,No,Yes,Yes,Yes,,,,,,,,,,,,,,,,,0,0,1.008,0,Yes,Yes,No,Yes,Yes,Yes,Yes,Yes,Yes,,,,,,,,,,,,,,,,,,,,,,,,,,,,,,,,,,,,,,,,,,,,,,,,,,,,,,,,,,,,,,,,,,,,,,,,,,,,,,,,,,,,,,,,,,,,,,,,,,,,,,,,,,,,,,,,,,,,,To know what things participants notice or don't notice in the given set of images,Did you notice the trajectory of the ball,blue,6,,52,Male
P0578,758,TRUE,2/5/24 11:06,anonymous,EN,I consent.,0,0,1.012,0,No,Yes,Yes,No,Yes,No,Yes,Yes,Yes,0,0,1.006,0,Yes,Yes,No,Yes,No,No,Yes,Yes,Yes,,,,,,,,,,,,,,,,,,,,,,,,,,,,,,,,,,,,,,,,,,,,,,,,,,,,,,,,,,,,,,,,,,,,,,,,,,,,,,,,,,,,,,,,,,,,,,,,,,,,,,,,,,,,,,,,,,,,,,,,,0,0,1.006,0,,,,,,,,,,,,,Yes,Yes,No,Yes,Yes,Yes,No,Yes,Yes,I was asked to observe an image for 1 second and answer questions about what I saw. ,Whether I noticed the person's build/physique.,blue,6,,54,Male
P0579,263,TRUE,2/5/24 11:06,anonymous,EN,I consent.,0,0,1.109,0,Yes,Yes,Yes,No,No,No,Yes,No,Yes,0,0,1.114,0,Yes,Yes,No,Yes,No,No,Yes,Yes,No,,,,,,,,,,,,,,,,,,,,,,,,,,,,,,,,,,,,,,,,,,,,,,,,,,,,,,,,,,,,,,,,,,,,,,,,,,,,,,,,,,,,,,,,,,,,,,,,,,,,,,,,,,,,,,,,,,,,,,,,,,,,,0,0,1.111,0,,,,,,,,,No,Yes,No,Yes,No,No,Yes,Yes,Yes,To determine if I noticed the details in the picture,Color of the object,blue,6,,22,Male
P0580,298,TRUE,2/5/24 11:06,anonymous,EN,I consent.,0,0,1.013,0,Yes,Yes,Yes,Yes,Yes,Yes,Yes,Yes,Yes,0,0,1.013,0,Yes,Yes,Yes,Yes,Yes,No,Yes,Yes,Yes,,,,,,,,,,,,,,,,,,,,,,,,,,,,,,,,,,,,,,,,,,0,0,1.119,0,,,,,Yes,Yes,Yes,Yes,Yes,No,Yes,Yes,Yes,,,,,,,,,,,,,,,,,,,,,,,,,,,,,,,,,,,,,,,,,,,,,,,,,,,,,,,,,,,,,,,,,,,,,,,,,,,,,,,,,,,,,,,,"View a photo for 1 second and notice as much about it as I can, then recall what I noticed.",Did you notice the color of the object?,Blue,6,,31,Female
P0581,179,TRUE,2/5/24 11:06,anonymous,EN,I consent.,0,0,1.009,0,No,Yes,Yes,Yes,Yes,Yes,Yes,Yes,Yes,0,0,1.112,0,Yes,Yes,Yes,Yes,Yes,Yes,Yes,Yes,Yes,,,,,,,,,,,,,,,,,,,,,,,,,,,,,,,,,,,,,,,,,,,,,,,,,,,,,,,,,,,,,,,,,,,,,,,,,,,,,,,,,,,,,,,,,,,,,,,,,,,,,,,,,,,,,,,,,,,,,,,,,,,,,0,0,1.008,0,,,,,,,,,Yes,Yes,No,Yes,Yes,No,Yes,Yes,Yes,To take a brief look at a picture and then recall what was in the picture.,Did I notice the color of the bench.,Blue.,6,This was fun!,50,Female
P0582,172,TRUE,2/5/24 11:06,anonymous,EN,I consent.,0,0,1.107,0,No,Yes,Yes,Yes,Yes,Yes,Yes,Yes,Yes,0.698,0.698,1.005,1,Yes,Yes,Yes,No,No,No,Yes,Yes,Yes,,,,,,,,,,,,,,,,,,,,,,,,,,,,,,,,,,,,,,,,,,0.675,0.675,1.006,1,,,,,Yes,Yes,No,No,No,Yes,Yes,Yes,No,,,,,,,,,,,,,,,,,,,,,,,,,,,,,,,,,,,,,,,,,,,,,,,,,,,,,,,,,,,,,,,,,,,,,,,,,,,,,,,,,,,,,,,,To answer questions about an image we viewed for one second,What the pattern of the persons bag was,blue,6,,31,Female
P0583,239,TRUE,2/5/24 11:06,anonymous,EN,I consent.,0,0,1.007,0,Yes,Yes,Yes,Yes,Yes,Yes,Yes,Yes,No,0,0,1.012,0,Yes,Yes,Yes,Yes,Yes,Yes,Yes,Yes,No,,,,,,,,,,,,,,,,,,,,,,,,,,,,,,,,,,,,,,0,0,1.01,0,,,,,,,,,No,No,No,No,No,Yes,Yes,Yes,Yes,,,,,,,,,,,,,,,,,,,,,,,,,,,,,,,,,,,,,,,,,,,,,,,,,,,,,,,,,,,,,,,,,,,,,,,,,,,,,,,,,,,,,,,,I had to identify certain details about an image after viewing it for 1 second.,Did you notice the build of the person holding the bag?,blue,6,,30,Female
P0584,229,TRUE,2/5/24 11:07,anonymous,EN,I consent.,0,0,1.125,0,No,Yes,Yes,Yes,Yes,Yes,Yes,Yes,Yes,0,0,1.02,0,Yes,Yes,Yes,Yes,Yes,No,Yes,Yes,Yes,,,,,,,,,,,,,,,,,,,,,,,,,,,,,,,,,,,,,,,,,,,,,,,,,,,,,,,,,,,,,,,,,,,0,0,1.113,0,,,,,,,,,Yes,Yes,No,Yes,Yes,Yes,Yes,Yes,Yes,,,,,,,,,,,,,,,,,,,,,,,,,,,,,,,,,,,,,,,,,,,,,,,,,,,,,,,,,,,To look at a picture for 1 second and then answer questions about it.,Did you notice the spacing in the netting of the cage?,blue,6,,58,Female
P0585,296,TRUE,2/5/24 11:07,anonymous,EN,I consent.,0,0,1.113,0,Yes,Yes,Yes,Yes,Yes,Yes,Yes,Yes,Yes,0,0,1.009,0,Yes,Yes,Yes,Yes,Yes,Yes,Yes,Yes,Yes,,,,,,,,,,,,,,,,,,,,,,,,,,,,,,,,,,,,,,,,,,,,,,,,,,,,,,,,,,,,,,,,,,,,,,,,,,,0,0,1.113,0,Yes,Yes,No,Yes,Yes,Yes,Yes,Yes,Yes,,,,,,,,,,,,,,,,,,,,,,,,,,,,,,,,,,,,,,,,,,,,,,,,,,,,,,,,,,,to memorize a photo for one second,"size of person, which hand used, size of animal, spacing of cage, outfit, age,type of treat",blue,6,none,53,Male
P0586,300,TRUE,2/5/24 11:07,anonymous,EN,I consent.,0,0,1.109,0,Yes,Yes,Yes,Yes,Yes,Yes,Yes,Yes,No,0,0,1.011,0,Yes,Yes,Yes,Yes,Yes,Yes,Yes,Yes,Yes,,,,,,,,,,,,,,,,,,,,,,,,,,,,,,,,,,,,,,,,,,,,,,,,,,,,,,,,,,,,,,,,,,,,,,,,,,,,,,,,,,,,,,,,,,,,,,,,,,,,0,0,1.013,0,,,,,Yes,Yes,Yes,Yes,Yes,Yes,Yes,Yes,Yes,,,,,,,,,,,,,,,,,,,,,,,,,,,,,,notice objects in an image,did you notice the color,blue,6,none,64,Male
P0587,785,TRUE,2/5/24 11:07,anonymous,EN,I consent.,0,0,1.106,0,Yes,Yes,Yes,Yes,Yes,Yes,Yes,Yes,Yes,0,0,1.006,0,Yes,Yes,Yes,Yes,No,Yes,Yes,Yes,Yes,,,,,0,0,1.006,0,,,,,,,,,,,,,Yes,Yes,Yes,Yes,Yes,Yes,No,Yes,Yes,,,,,,,,,,,,,,,,,,,,,,,,,,,,,,,,,,,,,,,,,,,,,,,,,,,,,,,,,,,,,,,,,,,,,,,,,,,,,,,,,,,,,,,,,,,,,,,,,,,,,,,,,,,,,,,,,,,,,To view an image for one second and answer questions regarding what I noticed from the image (practice questions also).,Did you notice the color of the ball?,blue,6,Good study.  Thank you.,48,Male
P0588,408,TRUE,2/5/24 11:07,anonymous,EN,I consent.,0,0,1.007,0,No,Yes,Yes,Yes,Yes,Yes,Yes,Yes,No,0,0,1.008,0,Yes,Yes,Yes,Yes,Yes,No,Yes,Yes,Yes,,,,,,,,,,,,,,,,,,,,,,,,,,,,,,,,,,,,,,,,,,,,,,,,,,,,,,,,,,,,,,,,,,,,,,,,,,,,,,,,,,,,,,,,,,,,,,,,,,,,,,,,,,,,,,,,,,,,,,,,,0,0,1.008,0,,,,,,,,,,,,,Yes,Yes,No,Yes,No,No,Yes,Yes,Yes,"For one second, to view a picture and then affirm or deny noticing a number of details in the picture.",Did you notice whether the object was indoors or outdoors?,Blue,6,"Interesting, thanks!",67,Female
P0589,178,TRUE,2/5/24 11:07,anonymous,EN,I consent.,0,0,1.009,0,No,Yes,Yes,Yes,No,No,Yes,No,No,0,0,1.116,0,Yes,Yes,Yes,Yes,Yes,Yes,Yes,Yes,Yes,,,,,,,,,,,,,,,,,,,,,,,,,,,,,,,,,,,,,,,,,,,,,,,,,,,,,,,,,,,,,,,,,,,,,,,,,,,,,,,,,,,,,,,,,,,,,,,,0,0,1.014,0,,,,,,,,,No,No,No,No,Yes,No,Yes,Yes,Yes,,,,,,,,,,,,,,,,,,,,,,,,,,,,,,if you noticed certain images,did you notice the shape of the candle,blue,6,,38,Female
P0590,208,TRUE,2/5/24 11:07,anonymous,EN,I consent.,0,0,1.008,0,No,Yes,Yes,Yes,Yes,Yes,Yes,Yes,No,0,0,1.106,0,Yes,Yes,Yes,Yes,Yes,No,Yes,Yes,Yes,,,,,,,,,,,,,,,,,,,,,,,,,,,,,,,,,,,,,,,,,,,,,,,,,,,,,,,,,,,,,,,0,0,1.007,0,,,,,,,,,,,,,Yes,Yes,No,Yes,Yes,Yes,Yes,Yes,Yes,,,,,,,,,,,,,,,,,,,,,,,,,,,,,,,,,,,,,,,,,,,,,,,,,,,,,,,,,,,Look at an image and answer yes or no questions about what I remember seeing,Did you notice the pattern of the person's clothing.,Blue,6,,47,Female
P0591,254,TRUE,2/5/24 11:07,anonymous,EN,I consent.,0,0,1.009,0,No,Yes,No,Yes,Yes,No,No,No,No,0,0,1.008,0,Yes,Yes,Yes,Yes,Yes,No,Yes,Yes,Yes,,,,,,,,,,,,,,,,,,,,,,,,,,,,,,,,,,,,,,0,0,1.01,0,,,,,,,,,Yes,Yes,Yes,Yes,Yes,Yes,No,No,Yes,,,,,,,,,,,,,,,,,,,,,,,,,,,,,,,,,,,,,,,,,,,,,,,,,,,,,,,,,,,,,,,,,,,,,,,,,,,,,,,,,,,,,,,,Stating various characteristics of images viewed only for a second.,Did you notice the color of the background?,Blue,6,,30,Male
P0592,243,TRUE,2/5/24 11:07,anonymous,EN,I consent.,0,0,1.01,0,Yes,Yes,Yes,Yes,Yes,No,Yes,Yes,Yes,0,0,1.015,0,Yes,Yes,Yes,Yes,Yes,Yes,Yes,Yes,Yes,1.042,1.042,1.247,1,,,,,,,,,,,,,,,,,Yes,Yes,Yes,Yes,Yes,Yes,Yes,Yes,Yes,,,,,,,,,,,,,,,,,,,,,,,,,,,,,,,,,,,,,,,,,,,,,,,,,,,,,,,,,,,,,,,,,,,,,,,,,,,,,,,,,,,,,,,,,,,,,,,,,,,,,,,,,,,,,,,,,,,,,i was asked to look at an image for 1 second and answer some questions about details of the image,did you notice the size of the object?,blue,6,,27,Female
P0593,340,TRUE,2/5/24 11:07,anonymous,EN,I consent.,0,0,1.111,0,Yes,Yes,Yes,Yes,No,No,Yes,Yes,Yes,0,0,1.014,0,Yes,Yes,Yes,Yes,No,Yes,Yes,Yes,Yes,,,,,,,,,,,,,,,,,0,0,1.016,0,Yes,Yes,Yes,No,No,No,No,Yes,Yes,,,,,,,,,,,,,,,,,,,,,,,,,,,,,,,,,,,,,,,,,,,,,,,,,,,,,,,,,,,,,,,,,,,,,,,,,,,,,,,,,,,,,,,,,,,,,,,,,,,,,,,,,,,,,,,,,,,,,To answer questions about what I saw or noticed in a picture seen for one second.,Did you notice the person's hair color.,blue,6,,67,Female
P0594,196,TRUE,2/5/24 11:07,anonymous,EN,I consent.,0,0,1.008,0,Yes,Yes,Yes,Yes,Yes,Yes,Yes,Yes,Yes,0,0,1.111,0,Yes,Yes,Yes,Yes,Yes,Yes,Yes,Yes,No,,,,,0,0,1.009,0,,,,,,,,,,,,,Yes,Yes,Yes,Yes,Yes,Yes,No,Yes,Yes,,,,,,,,,,,,,,,,,,,,,,,,,,,,,,,,,,,,,,,,,,,,,,,,,,,,,,,,,,,,,,,,,,,,,,,,,,,,,,,,,,,,,,,,,,,,,,,,,,,,,,,,,,,,,,,,,,,,,It was to look at an image for 1 second and answer if we noticed certain details in the image.,Did you notice the size of the ball in the image?,Blue,6,,35,Male
P0595,282,TRUE,2/5/24 11:07,anonymous,EN,I consent.,0,0,1.108,0,No,Yes,Yes,Yes,Yes,Yes,Yes,Yes,Yes,0,0,1.006,0,Yes,Yes,Yes,Yes,No,Yes,Yes,Yes,Yes,,,,,,,,,,,,,,,,,,,,,,,,,,,,,,,,,,,,,,,,,,,,,,,,,,,,,,,,,,,,,,,,,,,,,,,,,,,,,,,,,,,,,,,,,,,,,,,,,,,,,,,,0,0,1.01,0,No,No,No,Yes,Yes,No,Yes,Yes,Yes,,,,,,,,,,,,,,,,,,,,,,,,,,,,,,The task was to view one image for 1 second and answer questions about what I saw.,Did you notice which hand the person used to light the candle?,blue,6,,48,Female
P0596,182,TRUE,2/5/24 11:07,anonymous,EN,I consent.,0,0,1.008,0,Yes,Yes,Yes,Yes,Yes,No,Yes,Yes,No,0,0,1.016,0,Yes,Yes,Yes,Yes,No,Yes,Yes,Yes,Yes,,,,,,,,,,,,,,,,,,,,,,,,,,,,,,,,,,,,,,,,,,,,,,,,,,,,,,,,,,,,,,,,,,,,,,,0,0,1.014,0,,,,,Yes,Yes,No,Yes,Yes,Yes,Yes,Yes,Yes,,,,,,,,,,,,,,,,,,,,,,,,,,,,,,,,,,,,,,,,,,,,,,,,,,,,,,,,,,,To remember details in a given image for only 1 second.,Did you notice what hand the person used to hold out the treat?,Blue,6,,19,Male
P0597,630,TRUE,2/5/24 11:07,anonymous,EN,I consent.,0,0,1.125,0,Yes,Yes,Yes,Yes,Yes,Yes,Yes,No,No,0,0,1.122,0,No,Yes,No,Yes,No,Yes,Yes,No,No,,,,,,,,,,,,,,,,,,,,,,,,,,,,,,,,,,,,,,,,,,,,,,,,,,,,,,,,,,,0,0,1.119,0,,,,,,,,,,,,,,,,,No,Yes,No,Yes,No,Yes,Yes,Yes,No,,,,,,,,,,,,,,,,,,,,,,,,,,,,,,,,,,,,,,,,,,,,,,,,,,,,,,,,,,,your task is to describe a object and it's sorroundings after watching it for a second,was there a refigeratot in the picture,blue,6,,72,Male
P0598,384,TRUE,2/5/24 11:07,anonymous,EN,I consent.,0,0,1.011,0,No,Yes,Yes,Yes,Yes,Yes,Yes,Yes,Yes,0,0,1.115,0,Yes,Yes,No,Yes,No,No,Yes,Yes,No,,,,,,,,,,,,,,,,,,,,,,,,,,,,,,0.899,0.899,1.114,1,,,,,,,,,,,,,,,,,Yes,Yes,Yes,Yes,Yes,No,Yes,Yes,No,,,,,,,,,,,,,,,,,,,,,,,,,,,,,,,,,,,,,,,,,,,,,,,,,,,,,,,,,,,,,,,,,,,,,,,,,,,,,,,,,,,,,,,,I had to look at a picture for one second and then answer questions about what I did or didn't notice.,Did you notice if the object was inside or outside? ,blue,6,,29,Female
P0599,119,TRUE,2/5/24 11:07,anonymous,EN,I consent.,0,0,1.009,0,No,Yes,Yes,Yes,Yes,Yes,Yes,Yes,No,0,0,1.111,0,Yes,Yes,Yes,Yes,Yes,No,Yes,Yes,No,,,,,,,,,,,,,,,,,,,,,,,,,,,,,,,,,,,,,,,,,,,,,,0,0,1.009,0,Yes,Yes,No,Yes,Yes,Yes,Yes,Yes,Yes,,,,,,,,,,,,,,,,,,,,,,,,,,,,,,,,,,,,,,,,,,,,,,,,,,,,,,,,,,,,,,,,,,,,,,,,,,,,,,,,,,,,,,,,notice details in a picture that was shown to me for one second,did you notice the person's physique,blue,6,,21,Female
P0600,355,TRUE,2/5/24 11:08,anonymous,EN,I consent.,0,0,1.013,0,No,Yes,Yes,Yes,Yes,Yes,Yes,Yes,No,0,0,1.009,0,Yes,Yes,Yes,Yes,Yes,No,Yes,Yes,No,,,,,,,,,,,,,,,,,,,,,,,,,,,,,,,,,,,,,,,,,,,,,,,,,,,,,,,,,,,,,,,,,,,0,0,1.115,0,,,,,,,,,Yes,Yes,No,Yes,Yes,No,Yes,Yes,Yes,,,,,,,,,,,,,,,,,,,,,,,,,,,,,,,,,,,,,,,,,,,,,,,,,,,,,,,,,,,I had to look at an image for 1 second and relay if I remembered things about it,Do you remember the spacing of the cage/enclosure,blue,6,,37,Male
P0601,281,TRUE,2/5/24 11:08,anonymous,EN,I consent.,0,0,1.112,0,No,Yes,Yes,Yes,Yes,Yes,Yes,No,Yes,0,0,1.012,0,Yes,Yes,Yes,Yes,Yes,Yes,Yes,Yes,No,,,,,,,,,,,,,,,,,,,,,,,,,,,,,,,,,,,,,,,,,,,,,,,,,,,,,,,,,,,,,,,,,,,,,,,,,,,,,,,,,,,,,,,,,,,,,,,,,,,,,,,,,,,,,,,,,,,,,,,,,0,0,1.007,0,,,,,,,,,,,,,Yes,Yes,Yes,Yes,Yes,Yes,Yes,Yes,No,answer questions about an image you saw for 1 second,do you remember which shoe the person had taken off,blue,6,,36,Female
P0602,404,TRUE,2/5/24 11:08,anonymous,EN,I consent.,0,0,1.029,0,Yes,Yes,Yes,Yes,No,Yes,No,No,No,0,0,1.018,0,No,Yes,Yes,No,No,Yes,No,No,Yes,,,,,,,,,,,,,,,,,,,,,,,,,,,,,,,,,,,,,,0.854,0.854,1.011,1,,,,,,,,,Yes,Yes,No,No,Yes,No,No,Yes,No,,,,,,,,,,,,,,,,,,,,,,,,,,,,,,,,,,,,,,,,,,,,,,,,,,,,,,,,,,,,,,,,,,,,,,,,,,,,,,,,,,,,,,,,the details is actually not to easy for me,the color of the sky,blue,6,no thanks,62,Male
P0603,126,TRUE,2/5/24 11:08,anonymous,EN,I consent.,0,0,1.016,0,Yes,Yes,Yes,Yes,Yes,Yes,Yes,Yes,Yes,0,0,1.012,0,Yes,Yes,Yes,Yes,No,No,Yes,Yes,Yes,,,,,,,,,,,,,,,,,,,,,,,,,,,,,,,,,,,,,,,,,,,,,,,,,,,,,,,,,,,,,,,,,,,,,,,,,,,,,,,,,,,,,,,,,,,,,,,,0,0,1.012,0,,,,,,,,,Yes,No,Yes,No,Yes,Yes,No,Yes,Yes,,,,,,,,,,,,,,,,,,,,,,,,,,,,,,I was asked to remember a picture that I was shown briefly.,The material of the red ball on the beach.,Blue,6,,33,Female
P0604,308,TRUE,2/5/24 11:08,anonymous,EN,I consent.,0,0,1.016,0,Yes,Yes,Yes,Yes,Yes,Yes,Yes,Yes,Yes,0,0,1.011,0,Yes,Yes,Yes,Yes,No,Yes,Yes,Yes,No,,,,,,,,,,,,,,,,,,,,,,,,,,,,,,,,,,,,,,,,,,,,,,,,,,,,,,,,,,,,,,,,,,,,,,,,,,,0,0,1.014,0,Yes,Yes,Yes,Yes,Yes,Yes,Yes,Yes,No,,,,,,,,,,,,,,,,,,,,,,,,,,,,,,,,,,,,,,,,,,,,,,,,,,,,,,,,,,,Notice as much as I can about the picture in one second.,Did I notice which hand the treats were in?,blue,6,,54,Female
P0605,132,TRUE,2/5/24 11:08,anonymous,EN,I consent.,0,0,1.11,0,No,Yes,Yes,Yes,Yes,Yes,Yes,Yes,Yes,0,0,1.008,0,Yes,Yes,Yes,Yes,Yes,Yes,Yes,Yes,Yes,,,,,,,,,,,,,,,,,,,,,,,,,,,,,,,,,,,,,,,,,,,,,,,,,,,,,,,,,,,,,,,,,,,,,,,,,,,,,,,,,,,,,,,,,,,,,,,,,,,,,,,,,,,,,,,,,,,,,,,,,,,,,,,,,,,,,0,0,1.007,0,Yes,Yes,Yes,Yes,Yes,Yes,Yes,Yes,Yes,I had to look at an image for 1 second and answer questions about what I noticed.,Whether a woman in a picture had socks on or not.,Blue,6,,36,Male
P0606,268,TRUE,2/5/24 11:08,anonymous,EN,I consent.,0,0,1.126,0,No,Yes,Yes,Yes,Yes,Yes,Yes,Yes,Yes,0,0,1.11,0,Yes,Yes,Yes,Yes,No,No,Yes,No,No,,,,,,,,,,,,,,,,,,,,,,,,,,,,,,,,,,0,0,1.007,0,,,,,,,,,,,,,Yes,Yes,Yes,No,No,Yes,Yes,Yes,No,,,,,,,,,,,,,,,,,,,,,,,,,,,,,,,,,,,,,,,,,,,,,,,,,,,,,,,,,,,,,,,,,,,,,,,,,,,,,,,,,,,,,,,,"I was shown an image of a person in a supermarket putting a piece of fruit in their bag, and was asked questions about the image afterwards.",Did I notice the build/physique of the person,Blue,6,,40,Female
P0607,192,TRUE,2/5/24 11:08,anonymous,EN,I consent.,0,0,1.114,0,No,Yes,Yes,Yes,Yes,Yes,Yes,Yes,Yes,0,0,1.014,0,Yes,Yes,Yes,Yes,Yes,Yes,Yes,Yes,No,,,,,,,,,,,,,0,0,1.112,0,,,,,No,Yes,Yes,Yes,Yes,Yes,No,Yes,Yes,,,,,,,,,,,,,,,,,,,,,,,,,,,,,,,,,,,,,,,,,,,,,,,,,,,,,,,,,,,,,,,,,,,,,,,,,,,,,,,,,,,,,,,,,,,,,,,,,,,,,,,,,,,,,,,,,,,,,To look at an image for one second and describe what I remembered,I was asked what color the ball was,blue,6,,25,Male
P0608,392,TRUE,2/5/24 11:08,anonymous,EN,I consent.,0,0,1.02,0,No,Yes,Yes,Yes,Yes,Yes,Yes,Yes,Yes,0,0,1.12,0,Yes,Yes,Yes,Yes,No,Yes,Yes,Yes,No,,,,,,,,,,,,,,,,,,,,,,,,,,,,,,,,,,,,,,,,,,,,,,,,,,,,,,,,,,,,,,,,,,,,,,,,,,,,,,,,,,,,,,,,,,,,,,,,,,,,,,,,,,,,,,,,,,,,,,,,,,,,,,,,,,,,,0,0,1.025,0,Yes,Yes,Yes,Yes,Yes,Yes,Yes,Yes,Yes,"We were told to look at a picture for one second, then describe what we saw or didn't see.",Did you notice if the person had on socks or bare feet? ,blue,6,Everything worked fine. ,49,Female
P0609,289,TRUE,2/5/24 11:08,anonymous,EN,I consent.,0,0,1.108,0,No,No,Yes,No,Yes,Yes,Yes,Yes,Yes,0,0,1.107,0,Yes,Yes,Yes,Yes,No,No,Yes,Yes,Yes,,,,,,,,,,,,,,,,,,,,,,,,,,,,,,,,,,,,,,,,,,,,,,,,,,,,,,,,,,,,,,,,,,,,,,,,,,,,,,,,,,,,,,,,,,,,,,,,,,,,,,,,,,,,,,,,,,,,,0,0,1.006,0,,,,,,,,,,,,,,,,,Yes,Yes,No,Yes,Yes,Yes,Yes,Yes,No,I looked at an image for 1 second and then I was asked if I noticed certain details about the image.,Did you notice the color of the bench?,blue,6,I noticed most of the details I was asked about in this study.,42,Female
P0610,133,TRUE,2/5/24 11:08,anonymous,EN,I consent.,0,0,1.008,0,Yes,Yes,Yes,Yes,Yes,No,Yes,No,Yes,0,0,1.005,0,Yes,Yes,Yes,Yes,No,No,Yes,Yes,Yes,,,,,,,,,0,0,1.11,0,,,,,,,,,Yes,Yes,Yes,No,Yes,No,Yes,Yes,Yes,,,,,,,,,,,,,,,,,,,,,,,,,,,,,,,,,,,,,,,,,,,,,,,,,,,,,,,,,,,,,,,,,,,,,,,,,,,,,,,,,,,,,,,,,,,,,,,,,,,,,,,,,,,,,,,,,,,,,Look at a picture quickly and describe elements you noticed.,Did you notice the gender of the person.,Blue,6,,39,Male
P0611,182,TRUE,2/5/24 11:08,anonymous,EN,I consent.,0,0,1.008,0,No,Yes,Yes,Yes,Yes,Yes,Yes,No,Yes,0,0,1.006,0,Yes,Yes,Yes,Yes,No,No,Yes,Yes,No,,,,,,,,,,,,,,,,,,,,,,,,,,,,,,,,,,,,,,,,,,,,,,,,,,,,,,,,,,,,,,,,,,,,,,,,,,,,,,,,,,,,,,,,0,0,1.008,0,,,,,,,,,,,,,,,,,No,No,No,No,Yes,No,Yes,Yes,Yes,,,,,,,,,,,,,,,,,,,,,,,,,,,,,,Look at an image for 1 second and then recall details ,Do I remember if the person used a lighter or a match,Blue,6,,38,Female
P0612,225,TRUE,2/5/24 11:08,anonymous,EN,I consent.,0,0,1.011,0,No,Yes,Yes,Yes,Yes,No,Yes,No,Yes,0,0,1.014,0,No,Yes,Yes,Yes,No,Yes,Yes,No,Yes,,,,,,,,,,,,,,,,,,,,,,,,,,,,,,,,,,,,,,,,,,,,,,,,,,,,,,,,,,,0,0,1.014,0,,,,,,,,,,,,,,,,,Yes,Yes,No,No,No,Yes,Yes,Yes,Yes,,,,,,,,,,,,,,,,,,,,,,,,,,,,,,,,,,,,,,,,,,,,,,,,,,,,,,,,,,,Remember specific details of an image for 1 second and then answer questions asking if you noticed these individual specific details. ,Did you notice a refrigerator?,blue,6,none,31,Male
P0613,521,TRUE,2/5/24 11:08,anonymous,EN,I consent.,0,0,1.12,0,Yes,Yes,Yes,Yes,Yes,Yes,Yes,Yes,No,0,0,1.121,0,No,Yes,No,Yes,No,No,Yes,Yes,No,,,,,,,,,,,,,,,,,,,,,,,,,,,,,,,,,,,,,,,,,,,,,,,,,,,,,,,,,,,,,,,,,,,,,,,,,,,,,,,,,,,,,,,,,,,,,,,,,,,,,,,,0,0,1.107,0,No,No,Yes,No,No,No,Yes,Yes,Yes,,,,,,,,,,,,,,,,,,,,,,,,,,,,,,Answer questions about an image shown only briefly,Did you notice the material of the candle holder?,Blue,6,,35,Female
P0614,201,TRUE,2/5/24 11:08,anonymous,EN,I consent.,0,0,1.11,0,Yes,Yes,Yes,Yes,Yes,Yes,Yes,Yes,No,0,0,1.014,0,Yes,Yes,Yes,No,Yes,Yes,Yes,No,Yes,,,,,,,,,,,,,,,,,0,0,1.008,0,Yes,Yes,Yes,Yes,Yes,No,Yes,Yes,Yes,,,,,,,,,,,,,,,,,,,,,,,,,,,,,,,,,,,,,,,,,,,,,,,,,,,,,,,,,,,,,,,,,,,,,,,,,,,,,,,,,,,,,,,,,,,,,,,,,,,,,,,,,,,,,,,,,,,,,I saw a picture for 1 second and answered yes/no about details I noticed.,Did I notice the size of the ball?,Blue,6,"This was a very cool study! I wonder why you chose AI-generated images, though.",23,Female
P0615,257,TRUE,2/5/24 11:08,anonymous,EN,I consent.,0,0,1.008,0,Yes,Yes,Yes,Yes,Yes,Yes,Yes,Yes,Yes,0,0,1.006,0,Yes,Yes,Yes,Yes,No,Yes,Yes,Yes,No,,,,,,,,,,,,,,,,,,,,,,,,,,,,,,,,,,,,,,,,,,,,,,,,,,,,,,,,,,,,,,,,,,,,,,,,,,,,,,,,,,,,,,,,,,,,,,,,,,,,,,,,,,,,,,,,,,,,,0,0,1.111,0,,,,,,,,,,,,,,,,,Yes,No,Yes,Yes,Yes,No,Yes,Yes,Yes,To view an image for 1 sec and anwser a series of yes and no questions about viewed image,whether I could was type of material the object was,blue,6,,41,Non-binary / third gender
P0616,563,TRUE,2/5/24 11:08,anonymous,EN,I consent.,0,0,1.112,0,Yes,Yes,Yes,Yes,Yes,Yes,Yes,No,Yes,0,0,1.117,0,Yes,Yes,Yes,Yes,No,Yes,Yes,Yes,Yes,,,,,,,,,,,,,,,,,,,,,,,,,,,,,,0,0,1.01,0,,,,,,,,,,,,,,,,,Yes,Yes,No,Yes,Yes,Yes,Yes,Yes,Yes,,,,,,,,,,,,,,,,,,,,,,,,,,,,,,,,,,,,,,,,,,,,,,,,,,,,,,,,,,,,,,,,,,,,,,,,,,,,,,,,,,,,,,,,"I was to pay complete attention to each image shown to me for one second. After each image disappears, I was asked to answer some questions about the details in the pictures.",Did you notice the refridgerator?,Blue,6,,54,Female
P0617,118,TRUE,2/5/24 11:08,anonymous,EN,I consent.,0,0,1.109,0,No,Yes,Yes,Yes,Yes,Yes,Yes,Yes,Yes,0,0,1.106,0,Yes,Yes,Yes,Yes,Yes,Yes,Yes,Yes,Yes,,,,,,,,,,,,,,,,,,,,,,,,,,,,,,,,,,,,,,,,,,,,,,,,,,,,,,,,,,,,,,,,,,,,,,,,,,,,,,,,,,,,,,,,,,,,,,,,,,,,,,,,,,,,,,,,,,,,,,,,,,,,,0,0,1.107,0,,,,,,,,,Yes,Yes,Yes,Yes,Yes,No,Yes,Yes,No,my ability to notice details,the style of the shoes the woman was wearing,blue,6,,58,Female
P0619,236,TRUE,2/5/24 11:08,anonymous,EN,I consent.,0,0,1.009,0,No,Yes,Yes,Yes,Yes,Yes,Yes,Yes,Yes,0,0,1.011,0,Yes,Yes,Yes,Yes,Yes,Yes,Yes,Yes,Yes,0,0,1.01,0,,,,,,,,,,,,,,,,,Yes,Yes,No,Yes,Yes,Yes,Yes,Yes,Yes,,,,,,,,,,,,,,,,,,,,,,,,,,,,,,,,,,,,,,,,,,,,,,,,,,,,,,,,,,,,,,,,,,,,,,,,,,,,,,,,,,,,,,,,,,,,,,,,,,,,,,,,,,,,,,,,,,,,,Observe a photo for 1 second then answer questions about certain details of the photo.,Did you notice the color of the object.,blue,6,,48,Male
P0620,206,TRUE,2/5/24 11:09,anonymous,EN,I consent.,0,0,1.116,0,Yes,Yes,Yes,Yes,Yes,Yes,Yes,No,Yes,0,0,1.011,0,Yes,Yes,Yes,Yes,Yes,Yes,Yes,Yes,Yes,,,,,,,,,,,,,,,,,,,,,,,,,,,,,,,,,,0,0,1.011,0,,,,,,,,,,,,,Yes,Yes,Yes,Yes,Yes,Yes,No,Yes,No,,,,,,,,,,,,,,,,,,,,,,,,,,,,,,,,,,,,,,,,,,,,,,,,,,,,,,,,,,,,,,,,,,,,,,,,,,,,,,,,,,,,,,,,To recall what I saw in the photo shown and remember as much detail as I can about it,What kind/type of fruit,Blue,6,,54,Female
P0621,198,TRUE,2/5/24 11:09,anonymous,EN,I consent.,0,0,1.02,0,No,Yes,Yes,Yes,Yes,Yes,Yes,No,Yes,0,0,1.125,0,No,Yes,Yes,Yes,No,Yes,Yes,No,No,,,,,,,,,,,,,,,,,,,,,,,,,,,,,,,,,,,,,,,,,,,,,,,,,,,,,,,,,,,,,,,,,,,,,,,,,,,,,,,,,,,,,,,,0,0,1.123,0,,,,,,,,,,,,,,,,,Yes,No,No,No,Yes,No,Yes,Yes,Yes,,,,,,,,,,,,,,,,,,,,,,,,,,,,,,"I had to recollectvarious details about images, after being allowed to view them for only one second.",Do you recall the material the person in the picture was wearning?,blue,6,,34,Male
P0622,273,TRUE,2/5/24 11:09,anonymous,EN,I consent.,0,0,1.106,0,No,Yes,Yes,Yes,Yes,Yes,Yes,Yes,Yes,0,0,1.011,0,Yes,Yes,Yes,Yes,Yes,Yes,Yes,Yes,No,,,,,,,,,,,,,,,,,,,,,,,,,,,,,,,,,,,,,,,,,,,,,,,,,,,,,,,,,,,,,,,,,,,,,,,,,,,,,,,,,,,,,,,,,,,,,,,,,,,,,,,,,,,,,,,,,,,,,,,,,,,,,,,,,0,0,1.012,0,,,,,Yes,Yes,No,Yes,Yes,Yes,Yes,Yes,No,Identify features from quick pictures,Asked if the object was in motion,Blue,6,,32,Male
P0623,259,TRUE,2/5/24 11:09,anonymous,EN,I consent.,0,0,1.006,0,Yes,Yes,Yes,Yes,Yes,Yes,Yes,Yes,No,0,0,1.005,0,Yes,Yes,Yes,Yes,Yes,Yes,Yes,Yes,Yes,,,,,,,,,,,,,,,,,,,,,,,,,,,,,,,,,,,,,,,,,,,,,,,,,,,,,,,,,,,,,,,,,,,,,,,,,,,,,,,,,,,,,,,,,,,,,,,,,,,,,,,,,,,,,,,,,,,,,,,,,,,,,,,,,,,,,0,0,1.106,0,Yes,No,Yes,Yes,Yes,No,Yes,Yes,Yes,To identify what i've noticed on images.,Could you notice the person's age?,Blue,6,,23,Male
P0624,170,TRUE,2/5/24 11:09,anonymous,EN,I consent.,0,0,1.029,0,No,Yes,Yes,Yes,Yes,Yes,Yes,Yes,Yes,0,0,1.019,0,Yes,Yes,Yes,Yes,Yes,Yes,Yes,Yes,No,,,,,,,,,,,,,,,,,,,,,,,,,,,,,,,,,,,,,,,,,,,,,,,,,,,,,,,,,,,,,,,,,,,,,,,,,,,0,0,1.126,0,Yes,Yes,Yes,No,No,Yes,Yes,Yes,Yes,,,,,,,,,,,,,,,,,,,,,,,,,,,,,,,,,,,,,,,,,,,,,,,,,,,,,,,,,,,View an image for a second then respond to yes or no questions about what you noticed.,Did you notice the spacing of the cage.,blue,6,,38,Male
P0625,399,TRUE,2/5/24 11:09,anonymous,EN,I consent.,0,0,1.118,0,Yes,Yes,Yes,Yes,Yes,Yes,Yes,Yes,Yes,0,0,1.118,0,Yes,Yes,Yes,Yes,Yes,Yes,Yes,Yes,Yes,,,,,0,0,1.12,0,,,,,,,,,,,,,Yes,Yes,Yes,Yes,Yes,Yes,No,Yes,Yes,,,,,,,,,,,,,,,,,,,,,,,,,,,,,,,,,,,,,,,,,,,,,,,,,,,,,,,,,,,,,,,,,,,,,,,,,,,,,,,,,,,,,,,,,,,,,,,,,,,,,,,,,,,,,,,,,,,,,See an image for 1 second and try to recall if saw certain aspects in the photo.,Do I recall the trajectory of the ball?,Blue,6,none,29,Female
P0626,136,TRUE,2/5/24 11:09,anonymous,EN,I consent.,0,0,1.008,0,No,Yes,Yes,Yes,Yes,Yes,Yes,Yes,Yes,0,0,1.008,0,Yes,Yes,No,Yes,No,Yes,Yes,Yes,Yes,,,,,,,,,,,,,,,,,,,,,,,,,,,,,,,,,,,,,,,,,,,,,,,,,,,,,,,,,,,,,,,,,,,,,,,,,,,,,,,,,,,,,,,,,,,,0,0,1.005,0,,,,,,,,,,,,,Yes,Yes,Yes,Yes,Yes,Yes,No,Yes,No,,,,,,,,,,,,,,,,,,,,,,,,,,,,,,To try to remember if I saw something or not in an image. ,Was the object stable. ,Blue,6,,20,Male
P0627,143,TRUE,2/5/24 11:09,anonymous,EN,I consent.,0,0,1.01,0,Yes,Yes,Yes,Yes,Yes,Yes,Yes,Yes,Yes,0,0,1.11,0,Yes,Yes,Yes,Yes,Yes,Yes,Yes,Yes,Yes,,,,,,,,,,,,,,,,,,,,,,,,,,,,,,,,,,,,,,,,,,,,,,,,,,,,,,,,,,,,,,,,,,,,,,,,,,,,,,,,,,,,,,,,,,,,,,,,,,,,0,0,1.008,0,,,,,Yes,Yes,No,Yes,Yes,Yes,Yes,Yes,Yes,,,,,,,,,,,,,,,,,,,,,,,,,,,,,,saying if i noticed certain details about an image,did you notice the color of the ball?,blue,6,,25,Female
P0628,114,TRUE,2/5/24 11:09,anonymous,EN,I consent.,0,0,1.112,0,No,Yes,Yes,Yes,Yes,Yes,Yes,Yes,Yes,0,0,1.11,0,Yes,Yes,Yes,Yes,No,Yes,Yes,Yes,No,,,,,,,,,,,,,,,,,,,,,,,,,,,,,,,,,,,,,,,,,,,,,,,,,,,,,,,,,,,,,,,,,,,,,,,,,,,,,,,,,,,,,,,,,,,,,,,,,,,,,,,,,,,,,,,,,,,,,,,,,,,,,,,,,,,,,0,0,1.11,0,Yes,No,Yes,Yes,No,No,No,No,Yes,I looked at an image for 1 second and was asked if I noticed certain details.,Did you notice if they were wearing socks?,Blue,6,,35,Male
P0629,214,TRUE,2/5/24 11:09,anonymous,EN,I consent.,0,0,1.12,0,No,Yes,Yes,No,Yes,No,Yes,Yes,Yes,0,0,1.118,0,No,No,Yes,No,No,Yes,Yes,Yes,No,,,,,,,,,,,,,,,,,,,,,,,,,,,,,,,,,,,,,,,,,,,,,,,,,,,,,,,,,,,,,,,,,,,,,,,,,,,,,,,,,,,,,,,,,,,,,,,,,,,,,,,,,,,,,,,,,,,,,,,,,,,,,,,,,0,0,1.011,0,,,,,Yes,Yes,Yes,Yes,Yes,Yes,Yes,Yes,Yes,"To view an image (only one during the main study, but three during the practice round) and answer whether or not I noticed certain details about the image.",Whether the man was wearing socks,Blue,6,,21,Non-binary / third gender
P0630,198,TRUE,2/5/24 11:09,anonymous,EN,I consent.,0,0,1.111,0,No,Yes,Yes,Yes,Yes,Yes,Yes,Yes,Yes,0,0,1.015,0,Yes,Yes,Yes,Yes,Yes,Yes,Yes,Yes,Yes,,,,,,,,,,,,,,,,,,,,,,,,,,,,,,,,,,,,,,,,,,,,,,,,,,,,,,,,,,,,,,,,,,,,,,,,,,,,,,,,,,,,,,,,,,,,,,,,,,,,,,,,,,,,,,,,,,,,,,,,,0,0,1.111,0,,,,,,,,,,,,,Yes,Yes,Yes,Yes,Yes,Yes,Yes,Yes,Yes,A picture was shown for one second and then I answered questions about the photo,"With the woman removing a shoe on the bench, I was asked if I knew which foot she was removing the shoe from.",Blue,6,Thank you,39,Male
P0631,177,TRUE,2/5/24 11:09,anonymous,EN,I consent.,0,0,1.109,0,No,Yes,Yes,Yes,Yes,No,Yes,Yes,Yes,0,0,1.108,0,Yes,Yes,Yes,Yes,No,Yes,Yes,Yes,Yes,,,,,,,,,,,,,,,,,,,,,,,,,,,,,,0,0,1.007,0,,,,,,,,,,,,,,,,,Yes,Yes,Yes,No,No,Yes,Yes,Yes,Yes,,,,,,,,,,,,,,,,,,,,,,,,,,,,,,,,,,,,,,,,,,,,,,,,,,,,,,,,,,,,,,,,,,,,,,,,,,,,,,,,,,,,,,,,I was asked to view an image for one second then respond to several questions about what I saw in the image.,Did you notice the person's physique in the image.,Blue,6,,40,Male
P0632,144,TRUE,2/5/24 11:09,anonymous,EN,I consent.,0,0,1.01,0,Yes,Yes,Yes,Yes,Yes,No,Yes,Yes,Yes,0,0,1.013,0,Yes,Yes,Yes,Yes,No,Yes,Yes,Yes,Yes,,,,,,,,,,,,,,,,,,,,,,,,,,,,,,,,,,,,,,,,,,,,,,,,,,,,,,,,,,,0,0,1.019,0,,,,,,,,,,,,,,,,,Yes,Yes,Yes,Yes,Yes,Yes,Yes,Yes,Yes,,,,,,,,,,,,,,,,,,,,,,,,,,,,,,,,,,,,,,,,,,,,,,,,,,,,,,,,,,,To select if I noticed certain things about a photo,Did you notice the distance between the person and animal?,Blue,6,,29,Female
P0634,400,TRUE,2/5/24 11:09,anonymous,EN,I consent.,0,0,1.016,0,Yes,Yes,Yes,Yes,No,No,Yes,Yes,Yes,0,0,1.119,0,No,Yes,Yes,Yes,No,Yes,Yes,Yes,No,,,,,,,,,,,,,,,,,,,,,,,,,,,,,,,,,,,,,,,,,,,,,,,,,,,,,,,,,,,,,,,,,,,,,,,,,,,,,,,,,,,,,,,,,,,,,,,,,,,,,,,,,,,,,,,,,,,,,,,,,,,,,,,,,0,0,1.008,0,,,,,Yes,Yes,No,Yes,No,No,Yes,Yes,Yes,Answer questions about a picture shown for 1 second.,Did you notice which shoe the person had removed.,Blue,6,,56,Male
P0635,222,TRUE,2/5/24 11:09,anonymous,EN,I consent.,0,0,1.015,0,No,Yes,Yes,Yes,Yes,No,Yes,Yes,Yes,0,0,1.011,0,Yes,Yes,Yes,Yes,Yes,Yes,Yes,Yes,No,,,,,,,,,,,,,0,0,1.109,0,,,,,Yes,Yes,No,Yes,Yes,Yes,Yes,Yes,Yes,,,,,,,,,,,,,,,,,,,,,,,,,,,,,,,,,,,,,,,,,,,,,,,,,,,,,,,,,,,,,,,,,,,,,,,,,,,,,,,,,,,,,,,,,,,,,,,,,,,,,,,,,,,,,,,,,,,,,The task required us to answer questions about 2 practice and 1 actual image that were shown only for a second.,Did you notice if there was a person or not?,blue,6,,23,Male
P0637,177,TRUE,2/5/24 11:09,anonymous,EN,I consent.,0,0,1.011,0,Yes,Yes,Yes,Yes,Yes,Yes,Yes,No,Yes,0,0,1.013,0,Yes,Yes,Yes,Yes,Yes,Yes,Yes,Yes,Yes,,,,,,,,,,,,,,,,,0,0,1.01,0,Yes,Yes,Yes,Yes,No,No,No,Yes,Yes,,,,,,,,,,,,,,,,,,,,,,,,,,,,,,,,,,,,,,,,,,,,,,,,,,,,,,,,,,,,,,,,,,,,,,,,,,,,,,,,,,,,,,,,,,,,,,,,,,,,,,,,,,,,,,,,,,,,,I was shown a photo for one second and asked to recall if I remembered certain details.,Did you notice the color of the ball?,Blue,6,No comments. ,46,Male
P0638,167,TRUE,2/5/24 11:10,anonymous,EN,I consent.,0,0,1.012,0,No,Yes,Yes,Yes,Yes,Yes,Yes,No,Yes,0,0,1.115,0,No,Yes,Yes,Yes,No,Yes,Yes,Yes,Yes,0,0,1.018,0,,,,,,,,,,,,,,,,,Yes,Yes,Yes,Yes,Yes,Yes,Yes,Yes,Yes,,,,,,,,,,,,,,,,,,,,,,,,,,,,,,,,,,,,,,,,,,,,,,,,,,,,,,,,,,,,,,,,,,,,,,,,,,,,,,,,,,,,,,,,,,,,,,,,,,,,,,,,,,,,,,,,,,,,,To answer yes or no if i remember seeing something in a photo,Did you notice the gender of the person,Blue,6,No other comments ,28,Male
P0639,123,TRUE,2/5/24 11:10,anonymous,EN,I consent.,0,0,1.112,0,No,Yes,Yes,Yes,Yes,Yes,Yes,Yes,No,0,0,1.11,0,Yes,Yes,Yes,Yes,Yes,No,Yes,Yes,No,,,,,,,,,,,,,,,,,,,,,,,,,,,,,,,,,,,,,,,,,,,,,,,,,,,,,,,,,,,,,,,,,,,,,,,,,,,,,,,,,,,,,,,,,,,,,,,,,,,,,,,,,,,,,,,,,,,,,,,,,0,0,1.109,0,,,,,,,,,,,,,Yes,Yes,Yes,Yes,Yes,Yes,Yes,Yes,Yes,I had to answer questions about what I observed in a picture that flashed for a short time.,I was asked if I noticed the size of the bench the person was sitting on.,Blue,6,,30,Female
P0640,174,TRUE,2/5/24 11:10,anonymous,EN,I consent.,0,0,1.108,0,Yes,Yes,Yes,Yes,Yes,Yes,Yes,Yes,Yes,0,0,1.014,0,Yes,Yes,Yes,Yes,No,Yes,Yes,Yes,Yes,,,,,,,,,0,0,1.108,0,,,,,,,,,Yes,Yes,Yes,Yes,Yes,Yes,Yes,Yes,Yes,,,,,,,,,,,,,,,,,,,,,,,,,,,,,,,,,,,,,,,,,,,,,,,,,,,,,,,,,,,,,,,,,,,,,,,,,,,,,,,,,,,,,,,,,,,,,,,,,,,,,,,,,,,,,,,,,,,,,To notice details in images.,If there was a fridegerator in the background.,Blue,6,,27,Non-binary / third gender
P0641,257,TRUE,2/5/24 11:10,anonymous,EN,I consent.,0,0,1.125,0,Yes,Yes,Yes,Yes,Yes,No,Yes,Yes,Yes,0,0,1.144,0,Yes,Yes,Yes,Yes,No,No,Yes,Yes,Yes,,,,,,,,,,,,,,,,,,,,,,,,,,,,,,,,,,,,,,,,,,0,0,1.123,0,,,,,Yes,Yes,Yes,No,No,No,No,No,No,,,,,,,,,,,,,,,,,,,,,,,,,,,,,,,,,,,,,,,,,,,,,,,,,,,,,,,,,,,,,,,,,,,,,,,,,,,,,,,,,,,,,,,,"I had one second to take everything in, in an image, and answer questions about whether I noticed something or someone.",Did you notice the size of the object?,Blue,6,,32,Female
P0642,273,TRUE,2/5/24 11:10,anonymous,EN,I consent.,0,0,1.023,0,Yes,No,Yes,Yes,Yes,Yes,Yes,Yes,Yes,0,0,1.009,0,Yes,Yes,No,Yes,Yes,No,Yes,Yes,No,,,,,,,,,,,,,,,,,0,0,1.124,0,Yes,Yes,Yes,Yes,Yes,Yes,Yes,Yes,Yes,,,,,,,,,,,,,,,,,,,,,,,,,,,,,,,,,,,,,,,,,,,,,,,,,,,,,,,,,,,,,,,,,,,,,,,,,,,,,,,,,,,,,,,,,,,,,,,,,,,,,,,,,,,,,,,,,,,,,View an image for 1 second and then answer whether you noticed certain things.,Did you notice how tall the person was?,Blue,6,It was a little confusing when asked how tall the man was because he was bending over.,41,Female
P0644,246,TRUE,2/5/24 11:10,anonymous,EN,I consent.,0,0,1.007,0,Yes,Yes,Yes,Yes,Yes,Yes,Yes,Yes,Yes,0,0,1.117,0,Yes,Yes,Yes,Yes,No,Yes,Yes,Yes,No,,,,,,,,,,,,,,,,,,,,,,,,,,,,,,,,,,,,,,,,,,,,,,,,,,,,,,,,,,,,,,,,,,,,,,,,,,,,,,,,,,,,,,,,,,,,0,0,1.013,0,,,,,,,,,,,,,Yes,Yes,Yes,No,Yes,Yes,Yes,Yes,No,,,,,,,,,,,,,,,,,,,,,,,,,,,,,,I saw a picture for a second then asked some question on whether I noticed certain things or not.,Do you notice what material the object was made out of.,Blue,6,Everything worked great and was clear. Thank you and good luck!,48,Male
P0645,200,TRUE,2/5/24 11:10,anonymous,EN,I consent.,0,0,1.122,0,No,Yes,Yes,Yes,Yes,Yes,Yes,No,Yes,0,0,1.014,0,Yes,Yes,Yes,Yes,No,No,Yes,Yes,No,,,,,,,,,,,,,0,0,1.116,0,,,,,Yes,Yes,No,Yes,No,Yes,No,Yes,Yes,,,,,,,,,,,,,,,,,,,,,,,,,,,,,,,,,,,,,,,,,,,,,,,,,,,,,,,,,,,,,,,,,,,,,,,,,,,,,,,,,,,,,,,,,,,,,,,,,,,,,,,,,,,,,,,,,,,,,answer questions about what I noticed in a picture,Did you notice the color of the ball?,blue,6,,39,Female
P0646,350,TRUE,2/5/24 11:10,anonymous,EN,I consent.,0,0,1.111,0,No,Yes,Yes,Yes,No,No,Yes,Yes,Yes,0,0,1.11,0,Yes,Yes,Yes,Yes,No,No,Yes,Yes,No,,,,,,,,,,,,,,,,,,,,,,,,,,,,,,,,,,,,,,,,,,,,,,,,,,,,,,,,,,,0,0,1.113,0,,,,,,,,,,,,,,,,,Yes,Yes,No,No,No,Yes,Yes,Yes,Yes,,,,,,,,,,,,,,,,,,,,,,,,,,,,,,,,,,,,,,,,,,,,,,,,,,,,,,,,,,,"I was shown an image for 1 second in the task, then I was asked to provide responses with either Yes or No, in response to things I may have noticed in the image. ",'Did you notice the kind of animal shown in the image?',Blue,6,"N/A. Also I don't recall the questions word for word, however, I paraphrased a question above.",22,Female
P0647,464,TRUE,2/5/24 11:10,anonymous,EN,I consent.,0,0,1.112,0,Yes,Yes,Yes,Yes,No,Yes,Yes,No,Yes,0,0,1.008,0,Yes,Yes,Yes,Yes,No,Yes,Yes,No,No,,,,,,,,,,,,,,,,,,,,,,,,,,,,,,,,,,,,,,,,,,,,,,,,,,,,,,,,,,,,,,,,,,,,,,,,,,,,,,,,,,,,,,,,,,,,,,,,,,,,,,,,0,0,1.016,0,Yes,Yes,No,No,Yes,No,Yes,Yes,No,,,,,,,,,,,,,,,,,,,,,,,,,,,,,,View an image for 1 second and try to recall if the image contained any of the details in the questions asked.,Did you notice what hand they lit the candle with?,Blue,6,"Nope, everything worked great!",32,Male
P0648,356,TRUE,2/5/24 11:10,anonymous,EN,I consent.,0,0,1.012,0,Yes,Yes,Yes,Yes,Yes,No,Yes,Yes,Yes,0,0,1.114,0,Yes,Yes,Yes,Yes,Yes,Yes,Yes,Yes,Yes,,,,,,,,,,,,,,,,,,,,,,,,,,,,,,,,,,,,,,,,,,,,,,,,,,,,,,,,,,,,,,,,,,,,,,,,,,,,,,,,,,,,,,,,,,,,,,,,,,,,,,,,,,,,,,,,,,,,,,,,,,,,,0,0,1.013,0,,,,,,,,,Yes,Yes,Yes,Yes,Yes,Yes,Yes,Yes,Yes,To look at pictures and remember details afterward,was the woman wearing socks,blue,6,,50,Female
P0649,208,TRUE,2/5/24 11:10,anonymous,EN,I consent.,0,0,1.007,0,Yes,Yes,Yes,Yes,Yes,Yes,Yes,Yes,Yes,0,0,1.14,0,Yes,Yes,Yes,Yes,Yes,Yes,Yes,Yes,Yes,,,,,,,,,,,,,,,,,,,,,,,,,,,,,,,,,,,,,,,,,,,,,,,,,,,,,,,,,,,,,,,,,,,,,,,,,,,0,0,1.14,0,Yes,Yes,No,Yes,No,Yes,Yes,Yes,Yes,,,,,,,,,,,,,,,,,,,,,,,,,,,,,,,,,,,,,,,,,,,,,,,,,,,,,,,,,,,Look a photo for one second and see what we remember. ,Did you notice what the animal was?,blue,6,,27,Female
P0650,124,TRUE,2/5/24 11:10,anonymous,EN,I consent.,0,0,1.009,0,No,Yes,Yes,Yes,Yes,Yes,Yes,No,No,0,0,1.007,0,Yes,Yes,Yes,Yes,No,Yes,Yes,Yes,Yes,,,,,,,,,,,,,,,,,,,,,,,,,,,,,,,,,,,,,,,,,,,,,,,,,,,,,,,,,,,,,,,,,,,,,,,,,,,,,,,,,,,,,,,,,,,,,,,,,,,,0,0,1.109,0,,,,,Yes,Yes,No,No,Yes,Yes,Yes,Yes,Yes,,,,,,,,,,,,,,,,,,,,,,,,,,,,,,To notice details in an image,Did you notice the color of the candle,blue,6,,22,Male
P0651,1848,TRUE,2/5/24 11:10,anonymous,EN,I consent.,0,0,1.012,0,No,Yes,Yes,Yes,Yes,Yes,Yes,Yes,No,0,0,1.014,0,Yes,Yes,Yes,Yes,Yes,No,Yes,Yes,No,,,,,,,,,,,,,,,,,,,,,,,,,,,,,,,,,,,,,,,,,,,,,,,,,,,,,,,,,,,,,,,,,,,,,,,,,,,,,,,,,,,,,,,,,,,,,,,,0,0,1.112,0,,,,,,,,,Yes,No,No,Yes,Yes,Yes,Yes,Yes,No,,,,,,,,,,,,,,,,,,,,,,,,,,,,,,Looking at a picture and observing the things I first see,I was asked if I saw which hand was being used to light the candle.,blue,6,,40,Female
P0652,147,TRUE,2/5/24 11:10,anonymous,EN,I consent.,0,0,1.008,0,No,Yes,Yes,Yes,Yes,No,Yes,No,Yes,0,0,1.007,0,No,Yes,Yes,Yes,Yes,Yes,Yes,Yes,Yes,,,,,,,,,,,,,,,,,,,,,,,,,,,,,,,,,,0,0,1.007,0,,,,,,,,,,,,,Yes,Yes,Yes,Yes,Yes,Yes,Yes,Yes,No,,,,,,,,,,,,,,,,,,,,,,,,,,,,,,,,,,,,,,,,,,,,,,,,,,,,,,,,,,,,,,,,,,,,,,,,,,,,,,,,,,,,,,,,remember details of image,remember size of fruit in image,blue,6,,37,Male
P0653,239,TRUE,2/5/24 11:10,anonymous,EN,I consent.,0,0,1.124,0,Yes,Yes,Yes,Yes,Yes,Yes,Yes,Yes,No,0,0,1.126,0,Yes,Yes,Yes,Yes,No,No,Yes,No,Yes,,,,,,,,,,,,,,,,,,,,,,,,,,,,,,,,,,,,,,,,,,,,,,,,,,,,,,,,,,,,,,,,,,,,,,,0,0,1.017,0,,,,,Yes,Yes,No,No,No,Yes,Yes,No,Yes,,,,,,,,,,,,,,,,,,,,,,,,,,,,,,,,,,,,,,,,,,,,,,,,,,,,,,,,,,,To say whether or not I noticed certain details in an image I viewed for one second,If I noticed what kind of animal was being offered a treat,blue,6,,45,Female
P0654,274,TRUE,2/5/24 11:10,anonymous,EN,I consent.,0,0,1.016,0,Yes,Yes,Yes,Yes,Yes,Yes,Yes,Yes,Yes,0,0,1.112,0,Yes,Yes,Yes,Yes,No,Yes,Yes,Yes,Yes,,,,,,,,,,,,,,,,,,,,,,,,,,,,,,,,,,,,,,,,,,,,,,,,,,,,,,,,,,,,,,,,,,,,,,,0,0,1.008,0,,,,,Yes,Yes,No,Yes,Yes,Yes,Yes,Yes,Yes,,,,,,,,,,,,,,,,,,,,,,,,,,,,,,,,,,,,,,,,,,,,,,,,,,,,,,,,,,,viewing an image for 1 second and then checking what I remember about it,Did you notice what was being fed to the animal? ... notice size of spacing on cage?,blue,6,,61,Female
P0655,199,TRUE,2/5/24 11:10,anonymous,EN,I consent.,0,0,1.012,0,No,Yes,Yes,Yes,Yes,Yes,Yes,Yes,Yes,0.604,0.604,1.009,1,Yes,Yes,Yes,Yes,No,Yes,Yes,Yes,Yes,,,,,,,,,,,,,,,,,,,,,,,,,,,,,,,,,,,,,,,,,,,,,,,,,,,,,,,,,,,,,,,,,,,,,,,,,,,,,,,,,,,,,,,,,,,,,,,,,,,,,,,,,,,,,,,,,,,,,0,0,1.107,0,,,,,,,,,,,,,,,,,Yes,Yes,No,Yes,No,No,No,No,Yes,look at an image for one second and then answer question about it.,If I noticed if the person on the bench was wearing socks or not.,blue,6,,34,Female
P0656,188,TRUE,2/5/24 11:10,anonymous,EN,I consent.,0,0,1.11,0,No,Yes,Yes,Yes,Yes,Yes,Yes,Yes,No,0,0,1.01,0,Yes,Yes,Yes,No,No,No,Yes,No,No,,,,,0,0,1.109,0,,,,,,,,,,,,,Yes,Yes,No,Yes,No,Yes,No,Yes,Yes,,,,,,,,,,,,,,,,,,,,,,,,,,,,,,,,,,,,,,,,,,,,,,,,,,,,,,,,,,,,,,,,,,,,,,,,,,,,,,,,,,,,,,,,,,,,,,,,,,,,,,,,,,,,,,,,,,,,,look at a picture for 1 second and try to notice the details ,what was the color of the object,blue,6,none,50,Female
P0657,274,TRUE,2/5/24 11:10,anonymous,EN,I consent.,0,0,1.009,0,Yes,Yes,Yes,Yes,Yes,No,Yes,Yes,Yes,0,0,1.007,0,Yes,Yes,No,Yes,Yes,No,Yes,Yes,No,,,,,,,,,,,,,,,,,,,,,,,,,,,,,,0,0,1.107,0,,,,,,,,,,,,,,,,,Yes,Yes,Yes,Yes,No,Yes,Yes,Yes,No,,,,,,,,,,,,,,,,,,,,,,,,,,,,,,,,,,,,,,,,,,,,,,,,,,,,,,,,,,,,,,,,,,,,,,,,,,,,,,,,,,,,,,,,"To view images for one second, then answer questions about what from the image you noticed/remembered or didn't.",Did you notice which hand the man held the fruit in?,Blue,6,,48,Male
P0658,145,TRUE,2/5/24 11:10,anonymous,EN,I consent.,0,0,1.139,0,No,Yes,Yes,Yes,Yes,Yes,Yes,Yes,Yes,0,0,1.146,0,Yes,Yes,Yes,Yes,Yes,Yes,Yes,Yes,Yes,0,0,1.018,0,,,,,,,,,,,,,,,,,Yes,Yes,Yes,Yes,Yes,Yes,Yes,Yes,Yes,,,,,,,,,,,,,,,,,,,,,,,,,,,,,,,,,,,,,,,,,,,,,,,,,,,,,,,,,,,,,,,,,,,,,,,,,,,,,,,,,,,,,,,,,,,,,,,,,,,,,,,,,,,,,,,,,,,,,I looked at images and then reported whether I saw particular details when briefly viewing the image. ,Did you notice the height of the person?,Blue,6,,40,Male
P0659,221,TRUE,2/5/24 11:10,anonymous,EN,I consent.,0,0,1.01,0,No,Yes,Yes,Yes,Yes,Yes,Yes,Yes,Yes,0,0,1.111,0,Yes,Yes,Yes,Yes,No,Yes,Yes,Yes,No,,,,,,,,,,,,,,,,,,,,,,,,,,,,,,,,,,,,,,,,,,,,,,0,0,1.011,0,Yes,Yes,Yes,Yes,Yes,No,Yes,Yes,No,,,,,,,,,,,,,,,,,,,,,,,,,,,,,,,,,,,,,,,,,,,,,,,,,,,,,,,,,,,,,,,,,,,,,,,,,,,,,,,,,,,,,,,,My task was to view an image for one second then answer questions about what I remembered. ,Did you notice the how many blue objects were in the image? ,blue,6,Thank you!,48,Female
P0660,186,TRUE,2/5/24 11:10,anonymous,EN,I consent.,0,0,1.007,0,No,Yes,Yes,Yes,Yes,Yes,Yes,Yes,Yes,0,0,1.009,0,Yes,Yes,Yes,Yes,No,Yes,Yes,Yes,Yes,,,,,,,,,,,,,,,,,,,,,,,,,,,,,,,,,,,,,,,,,,,,,,0,0,1.111,0,Yes,Yes,Yes,No,No,Yes,Yes,Yes,Yes,,,,,,,,,,,,,,,,,,,,,,,,,,,,,,,,,,,,,,,,,,,,,,,,,,,,,,,,,,,,,,,,,,,,,,,,,,,,,,,,,,,,,,,,view an image briefly and then answer questions about what I noticed in it.,Did you notice the build/physique of the person?,blue,6,,31,Non-binary / third gender
P0661,124,TRUE,2/5/24 11:10,anonymous,EN,I consent.,0,0,1.006,0,No,Yes,Yes,Yes,Yes,No,Yes,Yes,No,0,0,1.108,0,Yes,Yes,Yes,Yes,Yes,Yes,Yes,Yes,Yes,,,,,,,,,,,,,,,,,0,0,1.013,0,Yes,Yes,Yes,No,No,No,Yes,Yes,Yes,,,,,,,,,,,,,,,,,,,,,,,,,,,,,,,,,,,,,,,,,,,,,,,,,,,,,,,,,,,,,,,,,,,,,,,,,,,,,,,,,,,,,,,,,,,,,,,,,,,,,,,,,,,,,,,,,,,,,seeing an object for one second then asking if i noticed certain things,did you notice the height of the person?,blue,6,,24,Male
P0662,266,TRUE,2/5/24 11:10,anonymous,EN,I consent.,1.004,1.004,1.007,1,Yes,Yes,Yes,Yes,Yes,Yes,Yes,Yes,No,0,0,1.008,0,No,Yes,Yes,Yes,No,No,Yes,Yes,Yes,,,,,,,,,,,,,,,,,,,,,,,,,,,,,,,,,,,,,,,,,,,,,,,,,,,,,,,,,,,,,,,,,,,0,0,1.013,0,,,,,,,,,Yes,Yes,No,Yes,Yes,Yes,Yes,Yes,Yes,,,,,,,,,,,,,,,,,,,,,,,,,,,,,,,,,,,,,,,,,,,,,,,,,,,,,,,,,,,To determine what you noticed about an image after only viewing it for one second.,Did you notice the approximate age of the person in the image,blue,6,,49,Female
P0663,208,TRUE,2/5/24 11:10,anonymous,EN,I consent.,0,0,1.013,0,No,Yes,Yes,Yes,Yes,Yes,Yes,Yes,Yes,0,0,1.108,0,Yes,Yes,Yes,Yes,Yes,No,Yes,Yes,No,,,,,,,,,,,,,,,,,,,,,,,,,,,,,,,,,,,,,,,,,,,,,,,,,,,,,,,,,,,,,,,,,,,,,,,,,,,,,,,,,,,,,,,,,,,,,,,,0,0,1.006,0,,,,,,,,,Yes,Yes,No,No,Yes,Yes,Yes,Yes,Yes,,,,,,,,,,,,,,,,,,,,,,,,,,,,,,Answer yes or no question on whether or not we noticed certain details regarding the image that was presented for one second ,"Did you see what was used to light the candle? (match, lighter, etc)",Blue,6,,24,Female
P0664,374,TRUE,2/5/24 11:11,anonymous,EN,I consent.,0,0,1.025,0,Yes,Yes,Yes,Yes,Yes,Yes,Yes,Yes,No,0,0,1.125,0,Yes,Yes,Yes,Yes,Yes,No,Yes,Yes,No,,,,,,,,,,,,,,,,,,,,,,,,,,,,,,,,,,,,,,,,,,0,0,1.12,0,,,,,Yes,Yes,Yes,Yes,Yes,Yes,Yes,Yes,Yes,,,,,,,,,,,,,,,,,,,,,,,,,,,,,,,,,,,,,,,,,,,,,,,,,,,,,,,,,,,,,,,,,,,,,,,,,,,,,,,,,,,,,,,,Be shown an item and remember as much about the image as possible.,Did you notice if the item was moving?,Blue,6,I enjoyed the study.,57,Female
P0665,134,TRUE,2/5/24 11:11,anonymous,EN,I consent.,0,0,1.01,0,No,Yes,Yes,Yes,Yes,Yes,Yes,No,No,0,0,1.115,0,Yes,Yes,Yes,Yes,Yes,Yes,Yes,Yes,Yes,,,,,,,,,,,,,,,,,,,,,,,,,,,,,,,,,,,,,,,,,,,,,,,,,,,,,,,,,,,,,,,,,,,,,,,,,,,,,,,,,,,,,,,,0,0,1.115,0,,,,,,,,,,,,,,,,,Yes,Yes,No,No,Yes,Yes,Yes,Yes,Yes,,,,,,,,,,,,,,,,,,,,,,,,,,,,,,Noticing items in a picture,A persons physical build,Blue,6,no,51,Female
P0667,206,TRUE,2/5/24 11:11,anonymous,EN,I consent.,0,0,1.106,0,No,Yes,Yes,Yes,No,No,Yes,No,Yes,0,0,1.006,0,Yes,Yes,Yes,Yes,Yes,No,Yes,Yes,Yes,,,,,,,,,,,,,,,,,,,,,,,,,,,,,,,,,,,,,,,,,,,,,,,,,,,,,,,,,,,,,,,,,,,,,,,,,,,,,,,,,,,,,,,,,,,,,,,,,,,,,,,,0,0,1.105,0,Yes,Yes,Yes,No,No,No,No,No,No,,,,,,,,,,,,,,,,,,,,,,,,,,,,,,Look at images and answer questions,Did you notice the color/pattern,blue,6,,45,Female
P0668,184,TRUE,2/5/24 11:11,anonymous,EN,I consent.,0,0,1.026,0,No,Yes,Yes,Yes,Yes,Yes,Yes,Yes,Yes,0,0,1.124,0,Yes,Yes,Yes,Yes,No,Yes,Yes,No,Yes,,,,,,,,,,,,,,,,,,,,,,,,,,,,,,,,,,,,,,0,0,1.907,0,,,,,,,,,Yes,Yes,No,Yes,Yes,No,Yes,Yes,Yes,,,,,,,,,,,,,,,,,,,,,,,,,,,,,,,,,,,,,,,,,,,,,,,,,,,,,,,,,,,,,,,,,,,,,,,,,,,,,,,,,,,,,,,,if I noticed things in the picture,did you notice the build of the person,blue,6,,18,Male
P0669,247,TRUE,2/5/24 11:11,anonymous,EN,I consent.,0,0,1.129,0,Yes,Yes,Yes,Yes,Yes,Yes,Yes,Yes,Yes,0,0,1.118,0,Yes,Yes,No,Yes,Yes,No,Yes,Yes,No,,,,,,,,,0,0,1.017,0,,,,,,,,,Yes,Yes,Yes,Yes,Yes,Yes,Yes,Yes,Yes,,,,,,,,,,,,,,,,,,,,,,,,,,,,,,,,,,,,,,,,,,,,,,,,,,,,,,,,,,,,,,,,,,,,,,,,,,,,,,,,,,,,,,,,,,,,,,,,,,,,,,,,,,,,,,,,,,,,,To observe a picture for 1 second and notice the details and then answer questions about it.,What color/pattern was the object?,blue,6,thank you,54,Female
P0670,235,TRUE,2/5/24 11:11,anonymous,EN,I consent.,0,0,1.012,0,No,Yes,Yes,Yes,Yes,Yes,Yes,Yes,Yes,0,0,1.112,0,Yes,Yes,Yes,Yes,Yes,Yes,Yes,Yes,No,,,,,,,,,,,,,,,,,,,,,,,,,,,,,,,,,,,,,,,,,,,,,,,,,,,,,,,,,,,,,,,,,,,,,,,0,0,1.111,0,,,,,Yes,Yes,No,Yes,Yes,Yes,Yes,No,Yes,,,,,,,,,,,,,,,,,,,,,,,,,,,,,,,,,,,,,,,,,,,,,,,,,,,,,,,,,,,Details of brief image views,Which hand was being used to feed the animal,Blue,6,,55,Male
P0671,142,TRUE,2/5/24 11:11,anonymous,EN,I consent.,0,0,1.021,0,Yes,Yes,Yes,Yes,Yes,Yes,Yes,Yes,No,0,0,1.121,0,Yes,Yes,Yes,Yes,Yes,No,Yes,Yes,No,,,,,,,,,,,,,,,,,,,,,,,,,,,,,,,,,,,,,,,,,,,,,,,,,,,,,,,,,,,,,,,,,,,,,,,,,,,,,,,,,,,,,,,,,,,,,,,,,,,,,,,,,,,,,,,,,,,,,,,,,0,0,1.01,0,,,,,,,,,,,,,No,No,No,Yes,No,Yes,Yes,Yes,Yes,notice details in a picture I was shown for 1 second,Did you notice if the person wore socks?,blue,6,,34,Female
P0672,287,TRUE,2/5/24 11:11,anonymous,EN,I consent.,0,0,1.116,0,Yes,Yes,Yes,Yes,No,No,Yes,Yes,Yes,0,0,1.012,0,Yes,Yes,Yes,Yes,No,Yes,Yes,Yes,No,,,,,,,,,,,,,,,,,,,,,,,,,,,,,,,,,,,,,,,,,,,,,,,,,,,,,,,,,,,,,,,,,,,,,,,,,,,,,,,,,,,,,,,,,,,,,,,,,,,,,,,,,,,,,,,,,,,,,,,,,,,,,0,0,1.009,0,,,,,,,,,No,No,Yes,Yes,Yes,No,Yes,Yes,Yes,I saw an image for one second and answered yes or no to what I saw.,Did I notice the size of the bench.,Blue,6,,45,Male
P0673,281,TRUE,2/5/24 11:11,anonymous,EN,I consent.,0,0,1.008,0,No,Yes,Yes,Yes,Yes,No,Yes,Yes,No,0,0,1.112,0,Yes,Yes,Yes,Yes,No,Yes,Yes,Yes,No,,,,,,,,,,,,,,,,,,,,,,,,,,,,,,0,0,1.01,0,,,,,,,,,,,,,,,,,Yes,Yes,Yes,Yes,Yes,Yes,Yes,Yes,Yes,,,,,,,,,,,,,,,,,,,,,,,,,,,,,,,,,,,,,,,,,,,,,,,,,,,,,,,,,,,,,,,,,,,,,,,,,,,,,,,,,,,,,,,,viewing images for one second,did you notice movement,blue,6,none,77,Female
P0674,150,TRUE,2/5/24 11:11,anonymous,EN,I consent.,0,0,1.018,0,No,Yes,Yes,Yes,Yes,No,Yes,Yes,No,0,0,1.012,0,No,Yes,Yes,Yes,Yes,Yes,Yes,Yes,Yes,,,,,,,,,,,,,0,0,1.014,0,,,,,No,Yes,No,Yes,Yes,Yes,No,Yes,Yes,,,,,,,,,,,,,,,,,,,,,,,,,,,,,,,,,,,,,,,,,,,,,,,,,,,,,,,,,,,,,,,,,,,,,,,,,,,,,,,,,,,,,,,,,,,,,,,,,,,,,,,,,,,,,,,,,,,,,Answering questions about details in a picture that was shown to me for one second,If it noticed the gender of the person,Blue,6,,30,Male
P0675,626,TRUE,2/5/24 11:11,anonymous,EN,I consent.,0,0,1.109,0,Yes,Yes,Yes,Yes,No,Yes,Yes,Yes,Yes,0,0,1.008,0,Yes,Yes,Yes,Yes,No,No,Yes,No,Yes,,,,,,,,,,,,,,,,,,,,,,,,,,,,,,,,,,,,,,,,,,,,,,,,,,,,,,,,,,,,,,,,,,,,,,,,,,,,,,,,,,,,,,,,,,,,0,0,1.007,0,,,,,,,,,,,,,No,No,No,No,No,Yes,Yes,Yes,Yes,,,,,,,,,,,,,,,,,,,,,,,,,,,,,,"I looked at images for one second to practice, then looked at another image for one second as part of the main task. I answered questions about each image (what I remembered seeing).",Do you remember the approximate age of the person in the image.,Blue,6,"Nothing was confusing. Interestingly, I was so focused on the details in the main image that I found it difficult to focus on the candle. Maybe that was intentional. Interesting study!",55,Female
P0676,116,TRUE,2/5/24 11:11,anonymous,EN,I consent.,0,0,1.107,0,Yes,Yes,Yes,Yes,No,Yes,Yes,No,Yes,0,0,1.006,0,Yes,Yes,No,Yes,Yes,Yes,Yes,Yes,Yes,0,0,1.006,0,,,,,,,,,,,,,,,,,Yes,Yes,No,Yes,No,No,Yes,Yes,Yes,,,,,,,,,,,,,,,,,,,,,,,,,,,,,,,,,,,,,,,,,,,,,,,,,,,,,,,,,,,,,,,,,,,,,,,,,,,,,,,,,,,,,,,,,,,,,,,,,,,,,,,,,,,,,,,,,,,,,describe what i noticed in an image,did you notice the hair color of the person?,blue,6,,21,Female
P0677,192,TRUE,2/5/24 11:11,anonymous,EN,I consent.,0,0,1.01,0,No,Yes,Yes,Yes,Yes,Yes,Yes,No,No,0,0,1.009,0,Yes,Yes,Yes,Yes,No,Yes,Yes,No,No,,,,,,,,,,,,,,,,,,,,,,,,,,,,,,,,,,,,,,,,,,,,,,,,,,,,,,,,,,,,,,,,,,,,,,,,,,,,,,,,,,,,,,,,,,,,,,,,,,,,,,,,,,,,,,,,,,,,,,,,,,,,,,,,,,,,,0,0,1.01,0,No,No,Yes,Yes,Yes,No,Yes,Yes,Yes,To answer yes or no if I noticed certain details in the photos shown.,Did you notice the color of the bench.,BLue,6,,43,Female
P0678,282,TRUE,2/5/24 11:11,anonymous,EN,I consent.,0,0,1.012,0,Yes,Yes,Yes,Yes,No,No,Yes,Yes,Yes,0,0,1.017,0,Yes,Yes,No,Yes,Yes,Yes,Yes,Yes,No,,,,,,,,,,,,,,,,,,,,,,,,,,,,,,,,,,,,,,,,,,,,,,,,,,,,,,,,,,,0,0,1.014,0,,,,,,,,,,,,,,,,,Yes,Yes,No,Yes,Yes,Yes,Yes,Yes,Yes,,,,,,,,,,,,,,,,,,,,,,,,,,,,,,,,,,,,,,,,,,,,,,,,,,,,,,,,,,,"For one second, I was to view an image and try to remember as many details about it. Then answer questions about the image.",Did I notice which hand the person was using to feed the animal.,Blue,6,This was a fun study and I am glad to contribute my opinions.,60,Female
P0679,167,TRUE,2/5/24 11:11,anonymous,EN,I consent.,0,0,1.018,0,Yes,Yes,Yes,Yes,Yes,Yes,Yes,Yes,Yes,0,0,1.118,0,Yes,Yes,Yes,Yes,Yes,No,Yes,Yes,Yes,,,,,,,,,,,,,,,,,,,,,,,,,,,,,,,,,,0.831,0.831,1.013,1,,,,,,,,,,,,,Yes,Yes,Yes,Yes,Yes,Yes,Yes,Yes,Yes,,,,,,,,,,,,,,,,,,,,,,,,,,,,,,,,,,,,,,,,,,,,,,,,,,,,,,,,,,,,,,,,,,,,,,,,,,,,,,,,,,,,,,,,I looked at a picture and answered questions.,Did you notice what was in the person's hand?,blue,6,,35,Female
P0680,248,TRUE,2/5/24 11:11,anonymous,EN,I consent.,0,0,1.009,0,No,Yes,Yes,Yes,Yes,Yes,Yes,No,No,0,0,1.006,0,Yes,Yes,Yes,No,No,Yes,Yes,Yes,No,,,,,,,,,,,,,,,,,,,,,,,,,,,,,,,,,,,,,,,,,,,,,,,,,,,,,,,,,,,,,,,,,,,0,0,1.006,0,,,,,,,,,Yes,No,No,No,No,Yes,Yes,Yes,Yes,,,,,,,,,,,,,,,,,,,,,,,,,,,,,,,,,,,,,,,,,,,,,,,,,,,,,,,,,,,I viewed a picture for one second and answered yes or no questions about it,did you notice the color/pattern of the object,blue,6,,33,Female
P0681,135,TRUE,2/5/24 11:11,anonymous,EN,I consent.,0,0,1.018,0,Yes,Yes,Yes,Yes,Yes,Yes,Yes,Yes,Yes,0,0,1.115,0,Yes,Yes,Yes,Yes,Yes,Yes,Yes,Yes,Yes,,,,,,,,,,,,,,,,,,,,,,,,,,,,,,,,,,,,,,,,,,,,,,,,,,,,,,,,,,,,,,,,,,,,,,,,,,,,,,,,,,,,,,,,,,,,,,,,,,,,,,,,0,0,1.115,0,Yes,Yes,Yes,Yes,Yes,Yes,Yes,Yes,Yes,,,,,,,,,,,,,,,,,,,,,,,,,,,,,,look at a picture,did you notice the color,blue,6,ok,34,Male
P0682,171,TRUE,2/5/24 11:11,anonymous,EN,I consent.,0,0,1.124,0,Yes,Yes,Yes,Yes,Yes,Yes,Yes,Yes,Yes,0,0,1.019,0,Yes,Yes,Yes,Yes,Yes,No,Yes,Yes,No,,,,,,,,,,,,,,,,,,,,,,,,,,,,,,,,,,,,,,,,,,,,,,,,,,,,,,,,,,,,,,,0,0,1.118,0,,,,,,,,,,,,,Yes,Yes,No,No,No,Yes,Yes,Yes,No,,,,,,,,,,,,,,,,,,,,,,,,,,,,,,,,,,,,,,,,,,,,,,,,,,,,,,,,,,,"View an image for one second, then answer yes/no for whether you noticed each detail.",Did you notice the kind of treat offered?,blue,6,The last image was very beautiful.,46,Male
P0683,1550,TRUE,2/5/24 11:11,anonymous,EN,I consent.,0,0,1.107,0,No,Yes,Yes,Yes,Yes,Yes,Yes,Yes,Yes,0,0,1.109,0,Yes,Yes,Yes,Yes,Yes,No,Yes,Yes,Yes,,,,,,,,,,,,,,,,,,,,,,,,,,,,,,,,,,,,,,,,,,,,,,,,,,,,,,,,,,,,,,,,,,,,,,,,,,,,,,,,,,,,,,,,,,,,,,,,,,,,,,,,0,0,1.008,0,No,No,No,No,Yes,Yes,Yes,Yes,No,,,,,,,,,,,,,,,,,,,,,,,,,,,,,,Remember as much as possible of briefly shown photos,Do I recall the condition of the man in the photo?,blue,6,,38,Male
P0684,181,TRUE,2/5/24 11:11,anonymous,EN,I consent.,0,0,1.124,0,Yes,No,Yes,Yes,Yes,Yes,Yes,No,Yes,0,0,1.019,0,Yes,Yes,Yes,Yes,Yes,Yes,Yes,Yes,No,,,,,,,,,,,,,,,,,,,,,,,,,,,,,,,,,,,,,,,,,,,,,,,,,,,,,,,,,,,,,,,,,,,,,,,,,,,,,,,,,,,,,,,,,,,,0,0,1.022,0,,,,,,,,,,,,,Yes,No,No,No,Yes,Yes,Yes,Yes,Yes,,,,,,,,,,,,,,,,,,,,,,,,,,,,,,I had to answer questions about a picture which I saw only briefly.,Did you notice the age of the person in the picture.,blue,6,,35,Male
P0685,159,TRUE,2/5/24 11:11,anonymous,EN,I consent.,0,0,1.123,0,No,Yes,Yes,Yes,Yes,Yes,Yes,Yes,Yes,0,0,1.123,0,Yes,Yes,Yes,Yes,Yes,Yes,Yes,Yes,Yes,,,,,,,,,,,,,,,,,,,,,,,,,,,,,,,,,,,,,,,,,,,,,,,,,,,,,,,,,,,,,,,,,,,,,,,,,,,,,,,,,,,,,,,,,,,,,,,,,,,,,,,,,,,,,,,,,,,,,0,0,1.123,0,,,,,,,,,,,,,,,,,Yes,Yes,Yes,Yes,Yes,Yes,Yes,Yes,Yes,to view an image for 1 second and then answer some follow up questions,did you notice whether the person had socks on or not,blue,6,,36,Male
P0686,241,TRUE,2/5/24 11:11,anonymous,EN,I consent.,0,0,1.109,0,No,Yes,Yes,Yes,Yes,Yes,Yes,Yes,Yes,0,0,1.112,0,Yes,Yes,Yes,Yes,Yes,No,Yes,Yes,No,,,,,,,,,,,,,,,,,,,,,,,,,,,,,,,,,,,,,,,,,,,,,,,,,,,,,,,,,,,,,,,,,,,,,,,,,,,,,,,,,,,,,,,,,,,,,,,,,,,,,,,,,,,,,,,,,,,,,0,0,1.013,0,,,,,,,,,,,,,,,,,Yes,Yes,Yes,Yes,No,Yes,Yes,No,No,Identify things in a picture by looking at it for 1 second,Did you notice if the person is sitting or standing,blue,6,,31,Female
P0687,576,TRUE,2/5/24 11:12,anonymous,EN,I consent.,0,0,1.113,0,No,Yes,Yes,Yes,No,Yes,Yes,Yes,No,0,0,1.115,0,Yes,Yes,Yes,Yes,Yes,No,Yes,Yes,No,,,,,,,,,,,,,0,0,1.019,0,,,,,No,Yes,Yes,Yes,No,Yes,Yes,Yes,Yes,,,,,,,,,,,,,,,,,,,,,,,,,,,,,,,,,,,,,,,,,,,,,,,,,,,,,,,,,,,,,,,,,,,,,,,,,,,,,,,,,,,,,,,,,,,,,,,,,,,,,,,,,,,,,,,,,,,,,looking at pictures for 1 second and stating what I could remember from them,Did you notice the color of the ball?,blue,6,,31,Female
P0688,412,TRUE,2/5/24 11:12,anonymous,EN,I consent.,0,0,1.112,0,No,Yes,Yes,No,Yes,Yes,Yes,Yes,Yes,0,0,1.006,0,Yes,Yes,Yes,Yes,Yes,Yes,Yes,Yes,Yes,,,,,,,,,0,0,1.112,0,,,,,,,,,Yes,Yes,Yes,Yes,Yes,Yes,Yes,Yes,Yes,,,,,,,,,,,,,,,,,,,,,,,,,,,,,,,,,,,,,,,,,,,,,,,,,,,,,,,,,,,,,,,,,,,,,,,,,,,,,,,,,,,,,,,,,,,,,,,,,,,,,,,,,,,,,,,,,,,,,To observe surroundings,Did you see the gender of ther person?,Blue,6,,27,Male
P0689,217,TRUE,2/5/24 11:12,anonymous,EN,I consent.,0,0,1.108,0,Yes,Yes,Yes,No,No,No,Yes,Yes,Yes,0,0,1.012,0,Yes,No,Yes,No,No,Yes,Yes,Yes,Yes,,,,,0,0,1.006,0,,,,,,,,,,,,,Yes,Yes,Yes,Yes,No,No,No,Yes,Yes,,,,,,,,,,,,,,,,,,,,,,,,,,,,,,,,,,,,,,,,,,,,,,,,,,,,,,,,,,,,,,,,,,,,,,,,,,,,,,,,,,,,,,,,,,,,,,,,,,,,,,,,,,,,,,,,,,,,,Briefly look at a picture and answer what I noticed or didn't notice about it.,Did you notice the color/pattern of the object?,Blue,6,,26,Female
P0690,332,TRUE,2/5/24 11:12,anonymous,EN,I consent.,0,0,1.025,0,Yes,Yes,Yes,Yes,Yes,Yes,Yes,Yes,No,0,0,1.022,0,Yes,Yes,Yes,Yes,No,No,Yes,Yes,Yes,,,,,,,,,,,,,,,,,,,,,,,,,,,,,,,,,,,,,,,,,,,,,,,,,,,,,,,,,,,,,,,,,,,,,,,,,,,0,0,1.018,0,Yes,Yes,No,No,No,Yes,Yes,Yes,Yes,,,,,,,,,,,,,,,,,,,,,,,,,,,,,,,,,,,,,,,,,,,,,,,,,,,,,,,,,,,Look at images for 1 second and notice the details of the images,"Was the animal a giraffe, what treat was given, spacing of the fencing, age of person giving treat",blue,6,,55,Female
P0691,209,TRUE,2/5/24 11:12,anonymous,EN,I consent.,0,0,1.01,0,No,No,Yes,Yes,Yes,No,Yes,Yes,No,0,0,1.014,0,Yes,Yes,Yes,Yes,No,No,Yes,Yes,No,,,,,,,,,,,,,,,,,,,,,,,,,,,,,,0,0,1.113,0,,,,,,,,,,,,,,,,,No,No,Yes,No,No,Yes,Yes,Yes,No,,,,,,,,,,,,,,,,,,,,,,,,,,,,,,,,,,,,,,,,,,,,,,,,,,,,,,,,,,,,,,,,,,,,,,,,,,,,,,,,,,,,,,,,look at a picture for 1 second then answer questions about it,did you notice if there was a person in the picture,blue,6,,56,Female
P0692,107,TRUE,2/5/24 11:12,anonymous,EN,I consent.,0,0,1.106,0,No,Yes,Yes,Yes,Yes,Yes,Yes,Yes,No,0,0,1.007,0,Yes,Yes,Yes,Yes,Yes,Yes,Yes,Yes,No,,,,,,,,,,,,,,,,,,,,,,,,,,,,,,,,,,,,,,,,,,,,,,,,,,,,,,,,,,,,,,,,,,,,,,,,,,,,,,,,,,,,,,,,,,,,,,,,,,,,0,0,1.106,0,,,,,Yes,Yes,Yes,Yes,Yes,No,Yes,Yes,No,,,,,,,,,,,,,,,,,,,,,,,,,,,,,,Pay attention to an image for only second and answer questions about it,If I could notice the age of the person lighting up the candle,blue,6,,25,Male
P0693,305,TRUE,2/5/24 11:12,anonymous,EN,I consent.,0,0,1.108,0,No,Yes,Yes,No,Yes,Yes,Yes,Yes,Yes,0,0,1.116,0,Yes,Yes,Yes,Yes,Yes,Yes,Yes,Yes,No,,,,,,,,,,,,,,,,,,,,,,,,,,,,,,,,,,,,,,,,,,,,,,,,,,,,,,,,,,,,,,,0,0,1.113,0,,,,,,,,,,,,,Yes,Yes,No,No,Yes,Yes,Yes,No,No,,,,,,,,,,,,,,,,,,,,,,,,,,,,,,,,,,,,,,,,,,,,,,,,,,,,,,,,,,,see details in a picture and see what we can recall?,Which hand did the participant use in feeding the animal?,blue,6,,34,Female
P0694,511,TRUE,2/5/24 11:12,anonymous,EN,I consent.,0,0,1.11,0,Yes,Yes,Yes,Yes,Yes,Yes,Yes,Yes,Yes,0,0,1.107,0,Yes,Yes,Yes,Yes,No,Yes,Yes,Yes,Yes,,,,,,,,,,,,,,,,,,,,,,,,,,,,,,,,,,,,,,0,0,1.111,0,,,,,,,,,Yes,Yes,Yes,Yes,No,Yes,Yes,Yes,No,,,,,,,,,,,,,,,,,,,,,,,,,,,,,,,,,,,,,,,,,,,,,,,,,,,,,,,,,,,,,,,,,,,,,,,,,,,,,,,,,,,,,,,,"The task asked to describe images, and to describe the pictures shown.",One question asked if I was shown the build of the woman,blue,6,no,57,Female
P0695,192,TRUE,2/5/24 11:12,anonymous,EN,I consent.,0,0,1.011,0,Yes,Yes,Yes,Yes,Yes,Yes,Yes,No,No,0,0,1.115,0,No,Yes,Yes,Yes,No,Yes,Yes,Yes,Yes,,,,,,,,,,,,,,,,,,,,,,,,,,,,,,,,,,,,,,,,,,,,,,,,,,,,,,,,,,,,,,,,,,,,,,,,,,,,,,,,,,,,,,,,,,,,,,,,0,0,1.01,0,,,,,,,,,No,No,No,No,No,Yes,Yes,Yes,Yes,,,,,,,,,,,,,,,,,,,,,,,,,,,,,,Quickly look at a picture and answer questions about it.,Did you notice how many blue objects there were?,blue,6,,37,Male
P0696,158,TRUE,2/5/24 11:12,anonymous,EN,I consent.,0,0,1.121,0,No,Yes,Yes,Yes,Yes,No,Yes,Yes,Yes,0,0,2.988,0,Yes,Yes,Yes,Yes,Yes,Yes,Yes,Yes,Yes,,,,,,,,,,,,,,,,,,,,,,,,,,,,,,,,,,,,,,,,,,,,,,,,,,,,,,,,,,,,,,,,,,,,,,,,,,,0,0,1.831,0,Yes,Yes,Yes,Yes,Yes,Yes,Yes,Yes,Yes,,,,,,,,,,,,,,,,,,,,,,,,,,,,,,,,,,,,,,,,,,,,,,,,,,,,,,,,,,,Say yes or no about what details I noticed in a picture,Did I notice the physical build of the person,Blue,6,,26,Male
P0697,525,TRUE,2/5/24 11:12,anonymous,EN,I consent.,0,0,1.119,0,No,Yes,Yes,Yes,Yes,Yes,Yes,Yes,Yes,0,0,1.118,0,Yes,Yes,Yes,Yes,Yes,Yes,Yes,Yes,No,,,,,,,,,,,,,,,,,,,,,,,,,,,,,,,,,,,,,,0,0,1.015,0,,,,,,,,,Yes,Yes,No,Yes,Yes,Yes,Yes,Yes,No,,,,,,,,,,,,,,,,,,,,,,,,,,,,,,,,,,,,,,,,,,,,,,,,,,,,,,,,,,,,,,,,,,,,,,,,,,,,,,,,,,,,,,,,My task was to look at an image for 1 second then answered questions about what things i noticed in the image,Did you notice the color/pattern of the object ,blue,6,,49,Female
P0698,328,TRUE,2/5/24 11:12,anonymous,EN,I consent.,0,0,1.1,0,No,Yes,Yes,Yes,Yes,Yes,Yes,Yes,Yes,0,0,1,0,Yes,Yes,Yes,No,No,No,Yes,Yes,No,,,,,,,,,,,,,,,,,,,,,,,,,,,,,,,,,,,,,,,,,,,,,,,,,,,,,,,,,,,,,,,,,,,,,,,,,,,,,,,,,,,,,,,,,,,,,,,,,,,,0,0,1.017,0,,,,,Yes,Yes,Yes,Yes,Yes,Yes,Yes,Yes,Yes,,,,,,,,,,,,,,,,,,,,,,,,,,,,,,Consider an image that was shown briefly and then answer questions about elements I noticed.,Did you notice which hand the person used to light the candle?,blue,6,,28,Male
P0699,753,TRUE,2/5/24 11:12,anonymous,EN,I consent.,0,0,1.021,0,No,Yes,Yes,Yes,Yes,Yes,Yes,Yes,No,0,0,1.127,0,No,Yes,Yes,Yes,No,Yes,Yes,Yes,Yes,,,,,,,,,,,,,,,,,,,,,,,,,,,,,,,,,,,,,,,,,,0,0,1.126,0,,,,,Yes,Yes,Yes,Yes,Yes,Yes,Yes,Yes,Yes,,,,,,,,,,,,,,,,,,,,,,,,,,,,,,,,,,,,,,,,,,,,,,,,,,,,,,,,,,,,,,,,,,,,,,,,,,,,,,,,,,,,,,,,look ata  picture for 1 second and remember what I saw,did you notice the pattern of her clothes,blue,6,,41,Male
P0700,213,TRUE,2/5/24 11:12,anonymous,EN,I consent.,0,0,1.02,0,Yes,Yes,Yes,Yes,Yes,Yes,Yes,Yes,No,0,0,1.022,0,Yes,Yes,Yes,Yes,No,Yes,Yes,Yes,Yes,,,,,,,,,,,,,,,,,,,,,,,,,,,,,,,,,,,,,,,,,,,,,,,,,,,,,,,,,,,,,,,,,,,,,,,,,,,,,,,,,,,,,,,,,,,,,,,,,,,,,,,,,,,,,,,,,,,,,,,,,,,,,,,,,,,,,0,0,1.13,0,Yes,Yes,Yes,Yes,Yes,Yes,Yes,Yes,Yes,I was ask to view an image and answer yes or no questions about what was in the image,If the person had socks on,Blue,6,,34,Male
P0701,179,TRUE,2/5/24 11:12,anonymous,EN,I consent.,0,0,1.006,0,Yes,Yes,Yes,Yes,Yes,Yes,Yes,Yes,Yes,0,0,1.112,0,Yes,Yes,Yes,Yes,Yes,Yes,Yes,Yes,Yes,,,,,,,,,,,,,,,,,,,,,,,,,,,,,,,,,,,,,,,,,,,,,,,,,,,,,,,,,,,,,,,,,,,,,,,,,,,,,,,,,,,,,,,,,,,,,,,,,,,,,,,,,,,,,,,,,,,,,,,,,,,,,,,,,0,0,1.113,0,,,,,Yes,Yes,Yes,Yes,Yes,Yes,Yes,Yes,Yes,look at a picture for 1 second and try and answer as many questions about it. ,which shoe was taken off while he was sitting on a bench,blue,6,,51,Female
P0702,507,TRUE,2/5/24 11:12,anonymous,EN,I consent.,0,0,1.112,0,Yes,Yes,Yes,Yes,Yes,Yes,Yes,Yes,No,0,0,1.11,0,Yes,Yes,Yes,Yes,Yes,Yes,Yes,Yes,Yes,,,,,,,,,,,,,,,,,,,,,,,,,,,,,,,,,,,,,,,,,,,,,,,,,,,,,,,,,,,,,,,,,,,,,,,,,,,,,,,,,,,,,,,,0,0,1.008,0,,,,,,,,,,,,,,,,,Yes,Yes,No,Yes,Yes,Yes,Yes,Yes,Yes,,,,,,,,,,,,,,,,,,,,,,,,,,,,,,To describe a photo closely and notice every detail.,Did you notice the color of the object?,Blue,6,No ,30,Female
P0703,161,TRUE,2/5/24 11:12,anonymous,EN,I consent.,0.438,0.438,1.008,1,Yes,Yes,Yes,Yes,Yes,Yes,Yes,Yes,Yes,0.267,0.267,1.006,1,Yes,Yes,Yes,Yes,Yes,Yes,Yes,Yes,Yes,,,,,,,,,,,,,,,,,,,,,,,,,,,,,,,,,,,,,,,,,,,,,,,,,,,,,,,,,,,,,,,,,,,,,,,,,,,,,,,,,,,,,,,,0.333,0.333,1.007,1,,,,,,,,,,,,,,,,,Yes,Yes,Yes,Yes,Yes,Yes,Yes,Yes,Yes,,,,,,,,,,,,,,,,,,,,,,,,,,,,,,View a picture and answer questions on what I noticed.,Which hand was the person lighting the candle with,blue,6,,38,Male
P0704,152,TRUE,2/5/24 11:12,anonymous,EN,I consent.,0,0,1.006,0,No,Yes,Yes,Yes,Yes,Yes,Yes,No,Yes,0,0,1.008,0,Yes,Yes,Yes,Yes,Yes,Yes,Yes,Yes,Yes,,,,,,,,,,,,,,,,,,,,,,,,,,,,,,,,,,,,,,,,,,,,,,,,,,,,,,,,,,,,,,,,,,,,,,,,,,,,,,,,,,,,,,,,,,,,,,,,,,,,,,,,0,0,1.015,0,Yes,Yes,Yes,Yes,Yes,Yes,Yes,Yes,Yes,,,,,,,,,,,,,,,,,,,,,,,,,,,,,,To view an image and report on what I noticed about it.,Did you notice he shape of the candle holder?,Blue,6,No,53,Male
P0705,183,TRUE,2/5/24 11:12,anonymous,EN,I consent.,0,0,1.013,0,Yes,Yes,Yes,Yes,Yes,Yes,Yes,Yes,No,0,0,1.009,0,No,Yes,Yes,Yes,No,Yes,Yes,Yes,Yes,,,,,,,,,,,,,,,,,,,,,,,,,,,,,,,,,,,,,,,,,,,,,,,,,,,,,,,,,,,,,,,,,,,,,,,,,,,,,,,,,,,,,,,,,,,,,,,,,,,,,,,,,,,,,,,,,,,,,,,,,,,,,,,,,0,0,1.008,0,,,,,Yes,Yes,Yes,Yes,Yes,Yes,Yes,Yes,Yes,To answer whether specific items were noted from viewing the picture,Did you notice which foot the shoe was removed from,blue,6,,61,Male
P0706,345,TRUE,2/5/24 11:12,anonymous,EN,I consent.,0,0,1.011,0,Yes,Yes,Yes,Yes,Yes,No,Yes,Yes,Yes,0,0,1.015,0,Yes,Yes,No,Yes,No,Yes,Yes,Yes,Yes,,,,,,,,,,,,,,,,,,,,,,,,,,,,,,,,,,,,,,,,,,,,,,,,,,,,,,,,,,,,,,,,,,,,,,,,,,,,,,,,,,,,,,,,,,,,,,,,,,,,0,0,1.116,0,,,,,Yes,Yes,No,No,Yes,Yes,Yes,Yes,Yes,,,,,,,,,,,,,,,,,,,,,,,,,,,,,,to look at the 1 second photo and answer questions about it. ,Did you see the texture or design of the clothes that the man lighting the candle was wearing?,Blue,6,,28,Female
P0707,202,TRUE,2/5/24 11:12,anonymous,EN,I consent.,0,0,1.107,0,Yes,Yes,Yes,Yes,Yes,No,Yes,Yes,Yes,0,0,1.007,0,Yes,Yes,Yes,Yes,Yes,Yes,Yes,Yes,Yes,,,,,,,,,,,,,,,,,,,,,,,,,,,,,,,,,,,,,,,,,,,,,,,,,,,,,,,,,,,,,,,0,0,1.008,0,,,,,,,,,,,,,Yes,Yes,Yes,Yes,Yes,Yes,Yes,Yes,Yes,,,,,,,,,,,,,,,,,,,,,,,,,,,,,,,,,,,,,,,,,,,,,,,,,,,,,,,,,,,My task was to look for certain objects of the image.,What hand did the person use to feed the animal?,Blue,6,,29,Male
P0708,777,TRUE,2/5/24 11:12,anonymous,EN,I consent.,0,0,1.009,0,Yes,Yes,Yes,No,Yes,No,Yes,No,Yes,0,0,1.01,0,No,Yes,Yes,Yes,Yes,Yes,Yes,Yes,Yes,,,,,,,,,,,,,,,,,,,,,,,,,,,,,,,,,,,,,,,,,,,,,,,,,,,,,,,,,,,,,,,0,0,1.011,0,,,,,,,,,,,,,Yes,No,Yes,Yes,Yes,Yes,Yes,No,No,,,,,,,,,,,,,,,,,,,,,,,,,,,,,,,,,,,,,,,,,,,,,,,,,,,,,,,,,,,My task is to explain what I saw on the picture.,Do you see what color of the object?,blue,6,,58,Female
P0709,171,TRUE,2/5/24 11:13,anonymous,EN,I consent.,0,0,1.013,0,Yes,Yes,Yes,Yes,Yes,Yes,Yes,Yes,No,0,0,1.013,0,Yes,Yes,Yes,Yes,Yes,Yes,Yes,Yes,No,,,,,,,,,,,,,,,,,,,,,,,,,,,,,,,,,,,,,,,,,,,,,,,,,,,,,,,,,,,,,,,,,,,,,,,,,,,,,,,,,,,,,,,,,,,,0,0,1.015,0,,,,,,,,,,,,,Yes,No,Yes,Yes,No,Yes,Yes,Yes,Yes,,,,,,,,,,,,,,,,,,,,,,,,,,,,,,to see what i notice in one second,do you notice if the object was stable,blue,6,,28,Male
P0710,546,TRUE,2/5/24 11:13,anonymous,EN,I consent.,0,0,1.009,0,Yes,Yes,Yes,Yes,Yes,Yes,Yes,Yes,Yes,0,0,1.112,0,Yes,Yes,Yes,Yes,Yes,No,Yes,Yes,Yes,,,,,,,,,,,,,,,,,,,,,,,,,,,,,,,,,,,,,,,,,,,,,,,,,,,,,,,,,,,,,,,,,,,,,,,0,0,1.112,0,,,,,Yes,Yes,Yes,Yes,Yes,Yes,Yes,Yes,Yes,,,,,,,,,,,,,,,,,,,,,,,,,,,,,,,,,,,,,,,,,,,,,,,,,,,,,,,,,,,I was asked to view a picture  for one second and answer questions about what I saw or noticed,Did you see the object size,blue,6,,64,Female
P0711,147,TRUE,2/5/24 11:13,anonymous,EN,I consent.,0,0,1.015,0,No,Yes,Yes,Yes,Yes,Yes,Yes,No,No,0,0,1.008,0,Yes,Yes,Yes,Yes,No,Yes,Yes,No,No,,,,,,,,,,,,,,,,,,,,,,,,,,,,,,,,,,,,,,,,,,,,,,,,,,,,,,,,,,,0,0,1.012,0,,,,,,,,,,,,,,,,,Yes,Yes,No,No,Yes,Yes,No,Yes,No,,,,,,,,,,,,,,,,,,,,,,,,,,,,,,,,,,,,,,,,,,,,,,,,,,,,,,,,,,,To look at a photo for one second and answer questions about it.,Did you notice the build/physique of the person?,Blue,6,,24,Female
P0712,144,TRUE,2/5/24 11:13,anonymous,EN,I consent.,0,0,1.012,0,No,Yes,Yes,Yes,Yes,Yes,Yes,Yes,Yes,0,0,1.012,0,Yes,Yes,Yes,Yes,No,Yes,Yes,Yes,Yes,,,,,,,,,,,,,,,,,,,,,,,,,,,,,,,,,,,,,,,,,,,,,,,,,,,,,,,,,,,,,,,,,,,,,,,0,0,1.017,0,,,,,Yes,Yes,No,Yes,Yes,Yes,Yes,No,No,,,,,,,,,,,,,,,,,,,,,,,,,,,,,,,,,,,,,,,,,,,,,,,,,,,,,,,,,,,Viewing pictures for 1 second and then answering questions about what you noticed,Did you notice the color/pattern of the object?,Blue,6,,23,Female
P0713,437,TRUE,2/5/24 11:13,anonymous,EN,I consent.,0,0,1.109,0,No,Yes,Yes,Yes,Yes,No,Yes,No,Yes,0,0,1.108,0,Yes,Yes,Yes,Yes,Yes,Yes,Yes,Yes,Yes,,,,,,,,,,,,,,,,,,,,,,,,,,,,,,,,,,,,,,,,,,,,,,,,,,,,,,,,,,,,,,,,,,,,,,,,,,,,,,,,,,,,,,,,,,,,,,,,,,,,,,,,,,,,,,,,,,,,,,,,,0,0,1.01,0,,,,,,,,,,,,,Yes,Yes,No,Yes,Yes,Yes,Yes,Yes,Yes,to describe one second images ,what was the persons build ,blue,6,,60,Female
P0714,326,TRUE,2/5/24 11:13,anonymous,EN,I consent.,0,0,1.013,0,Yes,Yes,Yes,Yes,No,Yes,Yes,Yes,No,0,0,1.011,0,Yes,Yes,Yes,Yes,Yes,Yes,Yes,Yes,No,,,,,,,,,,,,,,,,,,,,,,,,,,,,,,,,,,,,,,,,,,,,,,,,,,,,,,,,,,,,,,,,,,,,,,,,,,,,,,,,,,,,,,,,,,,,0,0,1.01,0,,,,,,,,,,,,,Yes,Yes,No,No,Yes,No,Yes,Yes,Yes,,,,,,,,,,,,,,,,,,,,,,,,,,,,,,View an image for 1 second and recall what I noticed,Did you notice the physique or build of the person,blue,6,,29,Female
P0715,564,TRUE,2/5/24 11:13,anonymous,EN,I consent.,0,0,1.116,0,Yes,Yes,Yes,Yes,Yes,Yes,Yes,Yes,Yes,0,0,1.117,0,Yes,Yes,Yes,Yes,Yes,No,Yes,Yes,Yes,,,,,,,,,,,,,,,,,,,,,,,,,,,,,,,,,,,,,,,,,,,,,,,,,,,,,,,,,,,,,,,,,,,,,,,,,,,,,,,,,,,,,,,,,,,,,,,,0,0,1.014,0,,,,,,,,,Yes,Yes,Yes,No,Yes,No,Yes,Yes,Yes,,,,,,,,,,,,,,,,,,,,,,,,,,,,,,observing a print for a second and remembering details.,was the object moving? Did you notice the color?,blue,6,,43,Female
P0716,197,TRUE,2/5/24 11:13,anonymous,EN,I consent.,0,0,1.109,0,Yes,Yes,Yes,Yes,Yes,Yes,Yes,Yes,No,0,0,1.008,0,Yes,Yes,Yes,Yes,Yes,Yes,Yes,Yes,No,,,,,,,,,,,,,,,,,,,,,,,,,,,,,,,,,,,,,,,,,,,,,,0,0,1.108,0,Yes,Yes,Yes,Yes,No,Yes,Yes,Yes,Yes,,,,,,,,,,,,,,,,,,,,,,,,,,,,,,,,,,,,,,,,,,,,,,,,,,,,,,,,,,,,,,,,,,,,,,,,,,,,,,,,,,,,,,,,I was asked to look at an image for a single second and then answer whether or not I had noticed certain things about the image.,I was asked if I noticed which hand the person used to hold/pick-up the fruit with.,Blue,6,,34,Female
P0717,400,TRUE,2/5/24 11:13,anonymous,EN,I consent.,0,0,1.02,0,Yes,Yes,Yes,Yes,Yes,Yes,Yes,No,No,0,0,1.117,0,Yes,Yes,Yes,Yes,Yes,No,Yes,Yes,Yes,,,,,,,,,,,,,,,,,,,,,,,,,,,,,,,,,,,,,,,,,,,,,,,,,,,,,,,,,,,,,,,,,,,,,,,,,,,,,,,,,,,,,,,,,,,,0,0,1.116,0,,,,,,,,,,,,,Yes,No,No,No,Yes,No,Yes,Yes,Yes,,,,,,,,,,,,,,,,,,,,,,,,,,,,,,"view images, each for 1 second. After viewing each image, you answer question about details in the image",Ball on a beach,blue,6,,36,Male
P0718,118,TRUE,2/5/24 11:13,anonymous,EN,I consent.,0,0,1.036,0,No,Yes,Yes,Yes,No,Yes,Yes,Yes,Yes,0,0,1.015,0,Yes,Yes,Yes,Yes,Yes,Yes,Yes,Yes,Yes,,,,,,,,,,,,,,,,,0,0,1.012,0,Yes,Yes,Yes,No,No,Yes,No,Yes,Yes,,,,,,,,,,,,,,,,,,,,,,,,,,,,,,,,,,,,,,,,,,,,,,,,,,,,,,,,,,,,,,,,,,,,,,,,,,,,,,,,,,,,,,,,,,,,,,,,,,,,,,,,,,,,,,,,,,,,,I looked at pictures and was asked about the details.,Did I notice the color of the object.,blue,6,,56,Male
P0719,177,TRUE,2/5/24 11:13,anonymous,EN,I consent.,0,0,1.115,0,Yes,Yes,Yes,Yes,Yes,No,Yes,No,Yes,0,0,1.013,0,Yes,Yes,Yes,Yes,Yes,Yes,Yes,No,No,,,,,,,,,,,,,,,,,,,,,,,,,,,,,,0,0,1.115,0,,,,,,,,,,,,,,,,,No,No,Yes,No,No,Yes,Yes,Yes,Yes,,,,,,,,,,,,,,,,,,,,,,,,,,,,,,,,,,,,,,,,,,,,,,,,,,,,,,,,,,,,,,,,,,,,,,,,,,,,,,,,,,,,,,,,To answer questions relating to the description of an image that was shown for 1 second,Did you notice the background of this picture?,blue,6,,26,Female
P0720,261,TRUE,2/5/24 11:13,anonymous,EN,I consent.,0,0,1.007,0,No,Yes,Yes,Yes,Yes,Yes,Yes,Yes,Yes,0,0,1.007,0,Yes,Yes,Yes,Yes,Yes,Yes,Yes,Yes,Yes,,,,,,,,,0,0,1.007,0,,,,,,,,,Yes,Yes,Yes,Yes,No,Yes,No,Yes,Yes,,,,,,,,,,,,,,,,,,,,,,,,,,,,,,,,,,,,,,,,,,,,,,,,,,,,,,,,,,,,,,,,,,,,,,,,,,,,,,,,,,,,,,,,,,,,,,,,,,,,,,,,,,,,,,,,,,,,,To look at an image for one second and answer questions about what I recalled,If I noticed the color of an object,blue,6,,58,Female
P0721,412,TRUE,2/5/24 11:13,anonymous,EN,I consent.,0,0,1.019,0,Yes,Yes,Yes,Yes,Yes,Yes,Yes,Yes,Yes,0,0,1.014,0,Yes,Yes,Yes,Yes,No,Yes,Yes,No,Yes,,,,,,,,,,,,,,,,,,,,,,,,,,,,,,,,,,,,,,0,0,1.119,0,,,,,,,,,Yes,Yes,No,Yes,Yes,Yes,Yes,Yes,Yes,,,,,,,,,,,,,,,,,,,,,,,,,,,,,,,,,,,,,,,,,,,,,,,,,,,,,,,,,,,,,,,,,,,,,,,,,,,,,,,,,,,,,,,,briefly evaluate an image and answer some yes/no questions,Did I notice what fruit the person was holding?,blue,6,,35,Female
P0722,560,TRUE,2/5/24 11:13,anonymous,EN,I consent.,0,0,1.114,0,Yes,Yes,Yes,Yes,Yes,Yes,Yes,Yes,Yes,0,0,1.014,0,Yes,Yes,Yes,Yes,Yes,Yes,Yes,Yes,No,,,,,,,,,,,,,,,,,,,,,,,,,,,,,,,,,,,,,,,,,,,,,,,,,,,,,,,,,,,,,,,,,,,0,0,1.007,0,,,,,,,,,Yes,Yes,No,Yes,Yes,Yes,Yes,Yes,Yes,,,,,,,,,,,,,,,,,,,,,,,,,,,,,,,,,,,,,,,,,,,,,,,,,,,,,,,,,,,look at a picture for one second and answer yes or no questions about it.,did I notice if it had clouds in the sky,Blue,6,,42,Male
P0723,154,TRUE,2/5/24 11:13,anonymous,EN,I consent.,0,0,1.112,0,No,Yes,Yes,Yes,Yes,No,Yes,Yes,No,0,0,1.009,0,Yes,Yes,Yes,Yes,No,Yes,Yes,Yes,Yes,,,,,,,,,,,,,,,,,,,,,,,,,,,,,,,,,,,,,,,,,,,,,,,,,,,,,,,,,,,,,,,,,,,,,,,,,,,,,,,,,,,,,,,,,,,,,,,,,,,,,,,,,,,,,,,,,,,,,0,0,1.007,0,,,,,,,,,,,,,,,,,Yes,No,Yes,Yes,Yes,No,Yes,Yes,Yes,Memory recall after seeing an image for 1 second after being provided a brief description,Did you notice whether the object was in motion?,Blue,6,,28,Male
P0724,186,TRUE,2/5/24 11:13,anonymous,EN,I consent.,0,0,1.115,0,No,Yes,Yes,Yes,Yes,Yes,Yes,Yes,No,0,0,1.106,0,Yes,Yes,Yes,Yes,No,No,Yes,Yes,Yes,,,,,0,0,1.119,0,,,,,,,,,,,,,Yes,Yes,Yes,Yes,Yes,Yes,No,Yes,Yes,,,,,,,,,,,,,,,,,,,,,,,,,,,,,,,,,,,,,,,,,,,,,,,,,,,,,,,,,,,,,,,,,,,,,,,,,,,,,,,,,,,,,,,,,,,,,,,,,,,,,,,,,,,,,,,,,,,,,Asked about details that I saw in a photo,Did you notice if the object was indoors or outdoors?,it appears blue,6,thanks,59,Female
P0725,399,TRUE,2/5/24 11:13,anonymous,EN,I consent.,0,0,1.016,0,No,Yes,Yes,Yes,Yes,Yes,Yes,Yes,Yes,0,0,1.115,0,Yes,Yes,Yes,Yes,No,Yes,Yes,Yes,No,,,,,,,,,,,,,,,,,,,,,,,,,,,,,,,,,,,,,,,,,,,,,,,,,,,,,,,,,,,,,,,,,,,,,,,,,,,,,,,,,,,,,,,,,,,,,,,,,,,,,,,,,,,,,,,,,,,,,0,0,1.115,0,,,,,,,,,,,,,,,,,Yes,Yes,Yes,Yes,Yes,Yes,Yes,Yes,No,To look at a picture for one second and then answer yes/no questions on things I noticed or did not notice in the photo.,Did you notice the color/pattern of the persons clothing?,Blue,6,,41,Female
P0726,307,TRUE,2/5/24 11:13,anonymous,EN,I consent.,0,0,1.02,0,No,Yes,Yes,Yes,Yes,Yes,Yes,Yes,Yes,0,0,1.125,0,Yes,Yes,Yes,Yes,No,No,Yes,Yes,Yes,,,,,,,,,,,,,,,,,,,,,,,,,,,,,,,,,,,,,,,,,,,,,,0,0,1.019,0,Yes,Yes,Yes,Yes,Yes,Yes,No,Yes,Yes,,,,,,,,,,,,,,,,,,,,,,,,,,,,,,,,,,,,,,,,,,,,,,,,,,,,,,,,,,,,,,,,,,,,,,,,,,,,,,,,,,,,,,,,To answer questions about an image displayed for 1 second,Did you notice the color/patern of the bag,blue,6,,54,Male
P0727,379,TRUE,2/5/24 11:13,anonymous,EN,I consent.,0,0,1.008,0,No,Yes,Yes,Yes,Yes,No,Yes,No,Yes,0,0,1.006,0,Yes,Yes,Yes,Yes,No,No,Yes,Yes,Yes,,,,,,,,,,,,,,,,,,,,,,,,,,,,,,,,,,,,,,,,,,,,,,,,,,,,,,,,,,,0,0,1.008,0,,,,,,,,,,,,,,,,,Yes,Yes,No,Yes,No,Yes,Yes,Yes,No,,,,,,,,,,,,,,,,,,,,,,,,,,,,,,,,,,,,,,,,,,,,,,,,,,,,,,,,,,,Answer questions about what I saw in a photo that I viewed for a short time.,Did I notice if there was a person in the picture or not.,blue,6,"The sky can also be grey, red, orange, black, blue, etc. That's not a great attention check question.",32,Male
P0728,476,TRUE,2/5/24 11:13,anonymous,EN,I consent.,0,0,1.009,0,No,Yes,Yes,Yes,Yes,Yes,Yes,No,Yes,0,0,1.117,0,Yes,Yes,Yes,Yes,Yes,Yes,Yes,Yes,Yes,,,,,,,,,,,,,,,,,,,,,,,,,,,,,,,,,,,,,,,,,,,,,,,,,,,,,,,,,,,,,,,,,,,,,,,,,,,,,,,,,,,,,,,,,,,,,,,,,,,,0,0,1.013,0,,,,,Yes,Yes,No,No,Yes,Yes,Yes,Yes,Yes,,,,,,,,,,,,,,,,,,,,,,,,,,,,,,Answer questions about images shown briefly ,What was the candle holder made of,Blue,6,,34,Male
P0729,158,TRUE,2/5/24 11:13,anonymous,EN,I consent.,0,0,1.108,0,No,Yes,Yes,Yes,Yes,No,Yes,No,Yes,0,0,1.006,0,Yes,Yes,Yes,Yes,Yes,Yes,Yes,Yes,Yes,,,,,,,,,,,,,,,,,,,,,,,,,,,,,,,,,,0,0,1.009,0,,,,,,,,,,,,,Yes,Yes,No,Yes,Yes,Yes,Yes,Yes,Yes,,,,,,,,,,,,,,,,,,,,,,,,,,,,,,,,,,,,,,,,,,,,,,,,,,,,,,,,,,,,,,,,,,,,,,,,,,,,,,,,,,,,,,,,To answer questions about a picture I was shown.,What was the color of the person's clothes?,blue,6,,58,Male
P0730,218,TRUE,2/5/24 11:13,anonymous,EN,I consent.,0,0,1.007,0,Yes,Yes,Yes,Yes,Yes,Yes,Yes,No,Yes,0,0,1.112,0,No,Yes,Yes,Yes,No,Yes,Yes,Yes,Yes,,,,,,,,,,,,,,,,,,,,,,,,,,,,,,,,,,,,,,,,,,,,,,,,,,,,,,,,,,,,,,,,,,,,,,,,,,,,,,,,,,,,,,,,,,,,,,,,,,,,,,,,,,,,,,,,,,,,,,,,,,,,,0,0,1.116,0,,,,,,,,,No,No,No,Yes,No,No,Yes,Yes,No,Look at a picture for 1 second and try to recall details about it.,Did you notice the color/pattern of the picture?,Blue,6,,33,Male
P0731,172,TRUE,2/5/24 11:13,anonymous,EN,I consent.,0,0,1.111,0,Yes,Yes,Yes,Yes,Yes,No,Yes,Yes,Yes,0,0,1.007,0,Yes,Yes,Yes,No,No,No,Yes,Yes,Yes,,,,,,,,,,,,,,,,,,,,,,,,,,,,,,,,,,,,,,0,0,1.007,0,,,,,,,,,Yes,Yes,Yes,Yes,No,Yes,No,Yes,No,,,,,,,,,,,,,,,,,,,,,,,,,,,,,,,,,,,,,,,,,,,,,,,,,,,,,,,,,,,,,,,,,,,,,,,,,,,,,,,,,,,,,,,,studying an image for 1 second and answering questions,did you notice the way the bag was carried,blue,6,,45,Male
P0732,138,TRUE,2/5/24 11:13,anonymous,EN,I consent.,0,0,1.109,0,No,Yes,Yes,Yes,Yes,No,Yes,Yes,No,0,0,1.106,0,Yes,Yes,Yes,Yes,No,No,Yes,Yes,Yes,,,,,,,,,,,,,,,,,,,,,,,,,,,,,,,,,,,,,,,,,,,,,,,,,,,,,,,,,,,,,,,,,,,,,,,,,,,,,,,,,,,,,,,,,,,,,,,,0,0,1.008,0,,,,,,,,,Yes,Yes,No,No,Yes,Yes,Yes,Yes,Yes,,,,,,,,,,,,,,,,,,,,,,,,,,,,,,To notice things about the images shown.,What the background was,blue,6,,31,Female
P0733,340,TRUE,2/5/24 11:13,anonymous,EN,I consent.,0,0,1.025,0,No,Yes,Yes,Yes,Yes,Yes,Yes,Yes,Yes,0,0,1.02,0,Yes,Yes,Yes,Yes,No,No,Yes,Yes,No,,,,,,,,,,,,,,,,,,,,,,,,,,,,,,,,,,,,,,,,,,,,,,,,,,,,,,,,,,,,,,,,,,,,,,,,,,,,,,,,,,,,,,,,,,,,,,,,,,,,,,,,,,,,,,,,,,,,,,,,,,,,,0,0,1.121,0,,,,,,,,,Yes,No,No,Yes,Yes,No,Yes,Yes,Yes,to view a very quickly shown photograph and then answer questions pertaing to the photo,Did I notice whether or not the lady was wearing socks.,blue,6,it was fun...thank you,80,Female
P0734,251,TRUE,2/5/24 11:13,anonymous,EN,I consent.,0,0,1.033,0,Yes,No,Yes,Yes,Yes,Yes,Yes,Yes,No,0,0,1.036,0,Yes,Yes,Yes,Yes,Yes,Yes,Yes,Yes,No,,,,,,,,,,,,,,,,,,,,,,,,,,,,,,,,,,,,,,,,,,,,,,,,,,,,,,,,,,,,,,,,,,,,,,,,,,,,,,,,,,,,,,,,,,,,,,,,,,,,,,,,,,,,,,,,,,,,,,,,,0,0,1.136,0,,,,,,,,,,,,,Yes,Yes,Yes,Yes,No,Yes,Yes,Yes,Yes,Notice as much the details of a picture as possible within a second,If i noticed the color patterns of the object in the picture or not?,Blue,6,No comments,51,Male
P0735,206,TRUE,2/5/24 11:13,anonymous,EN,I consent.,0,0,1.022,0,Yes,Yes,Yes,Yes,Yes,Yes,Yes,Yes,Yes,0,0,1.12,0,Yes,Yes,Yes,Yes,No,Yes,Yes,Yes,No,,,,,,,,,,,,,,,,,,,,,,,,,,,,,,,,,,,,,,,,,,,,,,,,,,,,,,,,,,,,,,,,,,,0,0,1.119,0,,,,,,,,,Yes,Yes,Yes,No,No,Yes,Yes,Yes,Yes,,,,,,,,,,,,,,,,,,,,,,,,,,,,,,,,,,,,,,,,,,,,,,,,,,,,,,,,,,,To view an image and then answer whether or not I'd noticed a detail about the image.,Did you notice the refrigerator?,Blue,6,,34,Male
P0736,296,TRUE,2/5/24 11:13,anonymous,EN,I consent.,0,0,1.006,0,Yes,Yes,Yes,Yes,Yes,No,Yes,Yes,Yes,0,0,1.11,0,Yes,Yes,No,Yes,Yes,Yes,Yes,Yes,Yes,,,,,,,,,,,,,,,,,,,,,,,,,,,,,,,,,,,,,,,,,,,,,,,,,,,,,,,,,,,,,,,,,,,,,,,,,,,,,,,,,,,,,,,,,,,,,,,,,,,,,,,,,,,,,,,,,,,,,,,,,,,,,,,,,0,0,1.008,0,,,,,Yes,Yes,Yes,Yes,Yes,Yes,Yes,Yes,Yes,Remembering details in an image that was flashed for one second.,Did you notice what the size of the bench was?,Blue,6,"This was a very nice test on memory, which I need to work on more.",39,Male
P0737,383,TRUE,2/5/24 11:14,anonymous,EN,I consent.,0,0,1.006,0,Yes,Yes,Yes,Yes,No,No,Yes,No,Yes,0,0,1.111,0,Yes,Yes,No,Yes,No,No,Yes,Yes,Yes,,,,,,,,,,,,,0,0,1.109,0,,,,,No,Yes,Yes,Yes,Yes,Yes,Yes,Yes,Yes,,,,,,,,,,,,,,,,,,,,,,,,,,,,,,,,,,,,,,,,,,,,,,,,,,,,,,,,,,,,,,,,,,,,,,,,,,,,,,,,,,,,,,,,,,,,,,,,,,,,,,,,,,,,,,,,,,,,,Answer questions of what you noticed in the image that is shown for one second.,Did you notice the hair color of the person?,blue ,6,,28,Male
P0738,147,TRUE,2/5/24 11:14,anonymous,EN,I consent.,0,0,1.008,0,Yes,Yes,Yes,Yes,Yes,Yes,Yes,Yes,Yes,0,0,1.008,0,No,Yes,Yes,Yes,Yes,Yes,Yes,Yes,Yes,0,0,1.006,0,,,,,,,,,,,,,,,,,No,Yes,Yes,Yes,Yes,Yes,Yes,Yes,Yes,,,,,,,,,,,,,,,,,,,,,,,,,,,,,,,,,,,,,,,,,,,,,,,,,,,,,,,,,,,,,,,,,,,,,,,,,,,,,,,,,,,,,,,,,,,,,,,,,,,,,,,,,,,,,,,,,,,,,describe a photo after seeing ti for one second ,did you notice the size of the object ,blue ,6,,24,Female
P0739,213,TRUE,2/5/24 11:14,anonymous,EN,I consent.,0,0,1.007,0,No,Yes,Yes,Yes,Yes,No,Yes,Yes,No,0,0,1.009,0,Yes,Yes,Yes,Yes,Yes,No,Yes,Yes,Yes,,,,,0,0,1.108,0,,,,,,,,,,,,,No,Yes,Yes,No,Yes,No,Yes,Yes,Yes,,,,,,,,,,,,,,,,,,,,,,,,,,,,,,,,,,,,,,,,,,,,,,,,,,,,,,,,,,,,,,,,,,,,,,,,,,,,,,,,,,,,,,,,,,,,,,,,,,,,,,,,,,,,,,,,,,,,,"I was shown each of several images for 1 second, and I had to indicate whether I noticed certain details in the image.",Did you notice the color of the ball?,blue,6,,48,Female
P0740,241,TRUE,2/5/24 11:14,anonymous,EN,I consent.,0,0,1.113,0,No,Yes,Yes,Yes,Yes,Yes,Yes,Yes,Yes,0,0,1.008,0,No,Yes,Yes,Yes,No,Yes,Yes,Yes,Yes,,,,,,,,,,,,,,,,,,,,,,,,,,,,,,,,,,,,,,,,,,,,,,,,,,,,,,,,,,,,,,,,,,,,,,,,,,,,,,,,,,,,,,,,,,,,0,0,1.111,0,,,,,,,,,,,,,No,No,No,No,Yes,No,Yes,Yes,Yes,,,,,,,,,,,,,,,,,,,,,,,,,,,,,,Lookiing at images for one second and then answering yes or no questions on if we saw certain charecteristics in each image,Did you notice the length of the candle?,Blue,6,,36,Male
P0741,269,TRUE,2/5/24 11:14,anonymous,EN,I consent.,0,0,1.008,0,No,Yes,Yes,Yes,No,Yes,Yes,Yes,Yes,0,0,1.006,0,No,Yes,Yes,Yes,No,Yes,Yes,Yes,Yes,,,,,,,,,,,,,0,0,1.005,0,,,,,Yes,Yes,Yes,Yes,No,No,No,Yes,Yes,,,,,,,,,,,,,,,,,,,,,,,,,,,,,,,,,,,,,,,,,,,,,,,,,,,,,,,,,,,,,,,,,,,,,,,,,,,,,,,,,,,,,,,,,,,,,,,,,,,,,,,,,,,,,,,,,,,,,Look at a picture for 1 second and answer questions about things I noticed in the picture.,Did you see the gender of the person in the picture?,Blue,6,,22,Female
P0742,154,TRUE,2/5/24 11:14,anonymous,EN,I consent.,0,0,1.012,0,No,Yes,Yes,Yes,Yes,Yes,Yes,Yes,Yes,0,0,1.009,0,Yes,Yes,Yes,Yes,No,Yes,Yes,Yes,Yes,,,,,,,,,,,,,,,,,,,,,,,,,,,,,,,,,,,,,,,,,,,,,,,,,,,,,,,,,,,,,,,,,,,,,,,,,,,,,,,,,,,,,,,,,,,,,,,,,,,,,,,,,,,,,,,,,,,,,,,,,0,0,1.016,0,,,,,,,,,,,,,No,No,Yes,Yes,Yes,No,Yes,Yes,No,Look at a picture for one second then answer questions about it,Did you notice if it was the right or left shoe,blue,6,,37,Male
P0743,342,TRUE,2/5/24 11:14,anonymous,EN,I consent.,0,0,1.019,0,Yes,Yes,Yes,Yes,Yes,Yes,Yes,No,Yes,0,0,1.023,0,No,Yes,No,Yes,Yes,Yes,Yes,Yes,Yes,0,0,1.129,0,,,,,,,,,,,,,,,,,Yes,Yes,No,Yes,Yes,Yes,Yes,Yes,Yes,,,,,,,,,,,,,,,,,,,,,,,,,,,,,,,,,,,,,,,,,,,,,,,,,,,,,,,,,,,,,,,,,,,,,,,,,,,,,,,,,,,,,,,,,,,,,,,,,,,,,,,,,,,,,,,,,,,,,I answered questions about a picture that I viewed.,Did you notice the color of the ball?,Blue,6,none,42,Female
P0744,171,TRUE,2/5/24 11:14,anonymous,EN,I consent.,0,0,1.009,0,Yes,Yes,Yes,Yes,Yes,Yes,Yes,Yes,Yes,0,0,1.107,0,Yes,Yes,Yes,Yes,Yes,Yes,Yes,Yes,Yes,0,0,1.006,0,,,,,,,,,,,,,,,,,Yes,Yes,Yes,Yes,Yes,Yes,Yes,Yes,Yes,,,,,,,,,,,,,,,,,,,,,,,,,,,,,,,,,,,,,,,,,,,,,,,,,,,,,,,,,,,,,,,,,,,,,,,,,,,,,,,,,,,,,,,,,,,,,,,,,,,,,,,,,,,,,,,,,,,,,Identifying a picture and its details,What was the gender of the person?,Blue,6,,36,Male
P0745,296,TRUE,2/5/24 11:14,anonymous,EN,I consent.,0,0,1.127,0,Yes,Yes,Yes,Yes,Yes,Yes,Yes,Yes,Yes,0,0,1.133,0,Yes,Yes,Yes,Yes,Yes,Yes,Yes,Yes,Yes,,,,,,,,,0,0,1.132,0,,,,,,,,,Yes,Yes,Yes,Yes,No,No,No,Yes,Yes,,,,,,,,,,,,,,,,,,,,,,,,,,,,,,,,,,,,,,,,,,,,,,,,,,,,,,,,,,,,,,,,,,,,,,,,,,,,,,,,,,,,,,,,,,,,,,,,,,,,,,,,,,,,,,,,,,,,,My task was give details about an image.,Did you notice the color pattern of the object?,Blue,6,Ni,49,Female
P0746,449,TRUE,2/5/24 11:14,anonymous,EN,I consent.,0,0,1.011,0,No,Yes,Yes,Yes,Yes,Yes,Yes,Yes,Yes,0,0,1.127,0,Yes,Yes,Yes,Yes,No,No,Yes,Yes,No,,,,,,,,,,,,,,,,,,,,,,,,,,,,,,,,,,,,,,,,,,,,,,,,,,,,,,,,,,,,,,,,,,,,,,,,,,,,,,,,,,,,,,,,,,,,,,,,,,,,,,,,,,,,,,,,,,,,,,,,,,,,,,,,,,,,,0,0,1.016,0,No,No,Yes,Yes,No,No,Yes,Yes,Yes,to indicate whether I noticed certain details in a photo,did you notice the color/shape of the object?,blue,6,,61,Female
P0747,174,TRUE,2/5/24 11:14,anonymous,EN,I consent.,0,0,1.019,0,Yes,Yes,Yes,Yes,No,No,No,No,No,0,0,1.119,0,Yes,Yes,Yes,No,Yes,Yes,Yes,Yes,Yes,,,,,,,,,,,,,,,,,,,,,,,,,,,,,,,,,,,,,,,,,,,,,,,,,,,,,,,,,,,,,,,,,,,,,,,,,,,,,,,,,,,,,,,,,,,,,,,,,,,,,,,,0,0,1.015,0,No,No,No,Yes,Yes,No,Yes,Yes,No,,,,,,,,,,,,,,,,,,,,,,,,,,,,,,Studying photos,Was the photo indoor or outdoor ,Blue,6,,23,Male
P0748,478,TRUE,2/5/24 11:14,anonymous,EN,I consent.,0,0,1.118,0,No,Yes,Yes,Yes,Yes,Yes,Yes,No,Yes,0,0,1.046,0,Yes,Yes,Yes,No,No,No,Yes,Yes,Yes,,,,,,,,,,,,,,,,,,,,,,,,,,,,,,,,,,,,,,,,,,,,,,,,,,,,,,,,,,,,,,,,,,,,,,,,,,,,,,,,,,,,,,,,0,0,1.17,0,,,,,,,,,,,,,,,,,Yes,Yes,No,No,Yes,No,Yes,Yes,Yes,,,,,,,,,,,,,,,,,,,,,,,,,,,,,,Answer about details you notice in picture you have seen for 1 second,Did you notice of size of blue object?,blue,6,no,67,Male
P0749,141,TRUE,2/5/24 11:14,anonymous,EN,I consent.,0,0,1.109,0,Yes,Yes,Yes,Yes,Yes,No,Yes,Yes,Yes,0,0,1.007,0,Yes,No,Yes,No,No,No,Yes,No,Yes,,,,,,,,,,,,,,,,,,,,,,,,,,,,,,,,,,,,,,,,,,,,,,,,,,,,,,,,,,,,,,,,,,,,,,,,,,,,,,,,,,,,,,,,,,,,,,,,0,0,1.107,0,,,,,,,,,No,Yes,No,No,Yes,Yes,Yes,Yes,Yes,,,,,,,,,,,,,,,,,,,,,,,,,,,,,,Viewing an image and then answering questions about whether I saw certain details in it.,Did you notice which hand the person used to light the candle?,blue,6,,30,Female
P0750,216,TRUE,2/5/24 11:14,anonymous,EN,I consent.,0,0,1.007,0,Yes,Yes,Yes,Yes,Yes,Yes,Yes,Yes,No,0,0,1.111,0,Yes,Yes,Yes,Yes,Yes,Yes,Yes,Yes,Yes,,,,,,,,,,,,,,,,,,,,,,,,,,,,,,,,,,,,,,,,,,,,,,,,,,,,,,,,,,,0,0,1.01,0,,,,,,,,,,,,,,,,,Yes,Yes,No,Yes,Yes,Yes,Yes,Yes,Yes,,,,,,,,,,,,,,,,,,,,,,,,,,,,,,,,,,,,,,,,,,,,,,,,,,,,,,,,,,,My task was to be able to tell the differences in pictures. If there was a human or not etc.,Did you notice the size of the box?,Blue,6,,32,Male
P0751,368,TRUE,2/5/24 11:14,anonymous,EN,I consent.,0,0,1.009,0,No,Yes,Yes,Yes,Yes,Yes,Yes,Yes,Yes,0,0,1.114,0,No,Yes,Yes,Yes,Yes,Yes,Yes,Yes,No,,,,,,,,,,,,,,,,,,,,,,,,,,,,,,,,,,,,,,,,,,,,,,,,,,,,,,,,,,,,,,,,,,,,,,,,,,,0,0,1.107,0,Yes,Yes,No,No,Yes,Yes,Yes,Yes,Yes,,,,,,,,,,,,,,,,,,,,,,,,,,,,,,,,,,,,,,,,,,,,,,,,,,,,,,,,,,,describe a picture i saw for 1 second,did i notice what the object was sitting on,blue,6,,40,Male
P0752,199,TRUE,2/5/24 11:14,anonymous,EN,I consent.,0,0,1.015,0,Yes,Yes,Yes,Yes,Yes,Yes,Yes,Yes,Yes,0,0,1.113,0,Yes,Yes,Yes,Yes,Yes,Yes,Yes,Yes,No,,,,,,,,,,,,,,,,,,,,,,,,,,,,,,,,,,,,,,,,,,,,,,,,,,,,,,,,,,,,,,,,,,,,,,,,,,,,,,,,,,,,,,,,,,,,,,,,,,,,,,,,,,,,,,,,,,,,,,,,,,,,,0,0,1.013,0,,,,,,,,,Yes,No,Yes,Yes,Yes,Yes,Yes,Yes,No,Seeing an image for 1 second and writing down whether I noticed various aspects.,Did you notice what leg the shoe was being put on?,Blue,6,,59,Female
P0753,561,TRUE,2/5/24 11:14,anonymous,EN,I consent.,0,0,1.013,0,No,Yes,Yes,Yes,Yes,No,Yes,Yes,Yes,0,0,1.114,0,Yes,Yes,No,Yes,No,No,Yes,Yes,Yes,,,,,,,,,,,,,,,,,0,0,1.115,0,Yes,Yes,Yes,No,No,No,No,Yes,Yes,,,,,,,,,,,,,,,,,,,,,,,,,,,,,,,,,,,,,,,,,,,,,,,,,,,,,,,,,,,,,,,,,,,,,,,,,,,,,,,,,,,,,,,,,,,,,,,,,,,,,,,,,,,,,,,,,,,,,Observe a picture for one second and answer questions about what i seen and remember.,Do i remermer how tall the person in the picture was.,blue,6,none,53,Male
P0754,199,TRUE,2/5/24 11:14,anonymous,EN,I consent.,0,0,1.024,0,No,Yes,Yes,Yes,Yes,Yes,Yes,Yes,Yes,0,0,1.02,0,No,Yes,Yes,Yes,No,Yes,Yes,Yes,Yes,,,,,,,,,,,,,,,,,,,,,,,,,,,,,,,,,,,,,,,,,,,,,,,,,,,,,,,,,,,,,,,,,,,,,,,,,,,,,,,,,,,,,,,,,,,,,,,,,,,,,,,,,,,,,,,,,,,,,,,,,0,0,1.017,0,,,,,,,,,,,,,Yes,No,Yes,Yes,No,Yes,Yes,Yes,Yes,"describe what I saw and what I didn't see, in shortly-visible images.",Was the person wearing socks? ,Blue,6,,55,Male
P0755,141,TRUE,2/5/24 11:14,anonymous,EN,I consent.,0,0,1.116,0,No,Yes,Yes,Yes,Yes,Yes,Yes,Yes,No,0,0,1.117,0,Yes,Yes,Yes,Yes,Yes,Yes,Yes,Yes,Yes,,,,,,,,,,,,,,,,,,,,,,,,,,,,,,,,,,,,,,,,,,,,,,,,,,,,,,,,,,,,,,,,,,,,,,,,,,,,,,,,,,,,,,,,,,,,,,,,,,,,,,,,,,,,,,,,,,,,,,,,,,,,,,,,,0,0,1.015,0,,,,,Yes,No,Yes,Yes,Yes,Yes,Yes,Yes,Yes,I looked at a picture for one second and responded to questions about it afterwards. ,If I noticed whether the man was wearing shoes or not.,blue,6,,38,Male
P0756,772,TRUE,2/5/24 11:14,anonymous,EN,I consent.,0,0,1.124,0,Yes,Yes,Yes,Yes,Yes,Yes,Yes,Yes,No,0,0,1.117,0,Yes,Yes,Yes,Yes,Yes,Yes,Yes,Yes,No,,,,,,,,,,,,,,,,,,,,,,,,,,,,,,0,0,1.016,0,,,,,,,,,,,,,,,,,Yes,Yes,Yes,Yes,Yes,Yes,Yes,Yes,Yes,,,,,,,,,,,,,,,,,,,,,,,,,,,,,,,,,,,,,,,,,,,,,,,,,,,,,,,,,,,,,,,,,,,,,,,,,,,,,,,,,,,,,,,,I was shown a picture for 1 second and then asked questions about whether I remembered specific details about the picture,Do you remember the physique of the person in the image?,Blue,6,,25,Female
P0757,215,TRUE,2/5/24 11:14,anonymous,EN,I consent.,0,0,1.119,0,Yes,Yes,Yes,Yes,Yes,Yes,Yes,No,No,0,0,1.024,0,Yes,Yes,Yes,Yes,No,Yes,Yes,No,No,,,,,,,,,,,,,,,,,,,,,,,,,,,,,,,,,,0,0,1.022,0,,,,,,,,,,,,,Yes,Yes,Yes,Yes,Yes,Yes,Yes,No,Yes,,,,,,,,,,,,,,,,,,,,,,,,,,,,,,,,,,,,,,,,,,,,,,,,,,,,,,,,,,,,,,,,,,,,,,,,,,,,,,,,,,,,,,,,To look at an image and notice details about it.,If I noticed what hand the person was holding the fruit with.,Blue,6,,27,Male
P0758,232,TRUE,2/5/24 11:14,anonymous,EN,I consent.,0,0,1.009,0,Yes,Yes,Yes,Yes,Yes,Yes,Yes,Yes,No,0,0,1.115,0,Yes,Yes,Yes,Yes,Yes,Yes,Yes,Yes,No,,,,,,,,,0,0,1.12,0,,,,,,,,,Yes,Yes,Yes,Yes,Yes,Yes,No,Yes,Yes,,,,,,,,,,,,,,,,,,,,,,,,,,,,,,,,,,,,,,,,,,,,,,,,,,,,,,,,,,,,,,,,,,,,,,,,,,,,,,,,,,,,,,,,,,,,,,,,,,,,,,,,,,,,,,,,,,,,,Look for something specific in a picture and then answer questions about the picture.,Did I notice the color of the ball,blue,6,,46,Male
P0759,278,TRUE,2/5/24 11:14,anonymous,EN,I consent.,0,0,1.008,0,No,Yes,Yes,Yes,Yes,Yes,Yes,Yes,No,0,0,1.006,0,Yes,Yes,Yes,Yes,Yes,No,Yes,Yes,Yes,,,,,,,,,,,,,,,,,,,,,,,,,,,,,,,,,,,,,,,,,,,,,,,,,,,,,,,,,,,,,,,,,,,,,,,,,,,0,0,1.113,0,Yes,Yes,Yes,No,Yes,Yes,Yes,Yes,No,,,,,,,,,,,,,,,,,,,,,,,,,,,,,,,,,,,,,,,,,,,,,,,,,,,,,,,,,,,To look at an image for 1 second and answer questions related to that image.,Did I notice if there was a person in the image.,blue,6,,61,Female
P0760,297,TRUE,2/5/24 11:15,anonymous,EN,I consent.,0,0,1.107,0,No,Yes,Yes,Yes,Yes,Yes,Yes,Yes,Yes,0,0,1.012,0,Yes,Yes,Yes,Yes,Yes,Yes,Yes,Yes,Yes,,,,,,,,,,,,,,,,,,,,,,,,,,,,,,,,,,,,,,,,,,,,,,,,,,,,,,,,,,,,,,,,,,,,,,,0,0,1.013,0,,,,,Yes,Yes,No,No,No,Yes,Yes,No,No,,,,,,,,,,,,,,,,,,,,,,,,,,,,,,,,,,,,,,,,,,,,,,,,,,,,,,,,,,,Look at an image for 1 second and attempt to recall as many details as possible about it when asked,Whether the hand holding the treat was the persons right or left hand,blue,6,,23,Female
P0761,426,TRUE,2/5/24 11:15,anonymous,EN,I consent.,0,0,1.021,0,Yes,Yes,Yes,Yes,Yes,Yes,Yes,No,Yes,0,0,1.015,0,Yes,Yes,Yes,Yes,No,No,Yes,Yes,No,,,,,,,,,,,,,,,,,,,,,,,,,,,,,,,,,,,,,,,,,,,,,,,,,,,,,,,,,,,,,,,,,,,0,0,1.012,0,,,,,,,,,Yes,Yes,No,No,Yes,Yes,Yes,Yes,Yes,,,,,,,,,,,,,,,,,,,,,,,,,,,,,,,,,,,,,,,,,,,,,,,,,,,,,,,,,,,See a pic for 1 second and answer questions of what you saw or remembered.,Did you notice the size of the animal.,blue,6,I think I actually noticed more than I thought I would in such a short time frame.,66,Female
P0762,138,TRUE,2/5/24 11:15,anonymous,EN,I consent.,0,0,1.01,0,Yes,Yes,Yes,Yes,Yes,Yes,Yes,Yes,No,0,0,1.007,0,Yes,Yes,Yes,Yes,Yes,No,Yes,Yes,No,,,,,,,,,,,,,,,,,,,,,,,,,,,,,,,,,,,,,,,,,,,,,,,,,,,,,,,,,,,0,0,1.009,0,,,,,,,,,,,,,,,,,No,No,No,No,Yes,Yes,No,Yes,No,,,,,,,,,,,,,,,,,,,,,,,,,,,,,,,,,,,,,,,,,,,,,,,,,,,,,,,,,,,To answer questions about details from an image,Did you notice the color / pattern of the object,blue,6,,37,Male
P0763,278,TRUE,2/5/24 11:15,anonymous,EN,I consent.,0,0,1.118,0,No,Yes,Yes,Yes,Yes,Yes,Yes,Yes,No,0,0,1.006,0,Yes,Yes,Yes,Yes,Yes,No,Yes,Yes,Yes,,,,,,,,,,,,,,,,,,,,,,,,,,,,,,,,,,,,,,,,,,0,0,1.12,0,,,,,Yes,Yes,Yes,No,No,Yes,Yes,Yes,Yes,,,,,,,,,,,,,,,,,,,,,,,,,,,,,,,,,,,,,,,,,,,,,,,,,,,,,,,,,,,,,,,,,,,,,,,,,,,,,,,,,,,,,,,,"View an image for one second. Then, record if you noticed certain details in the picture. ",Did I notice the type of fruit that she put into the bag. ,blue,6,,45,Female
P0764,274,TRUE,2/5/24 11:15,anonymous,EN,I consent.,0,0,1.007,0,No,Yes,Yes,Yes,Yes,Yes,Yes,Yes,No,0,0,1.106,0,Yes,Yes,No,Yes,No,No,Yes,Yes,No,,,,,,,,,,,,,,,,,,,,,,,,,,,,,,,,,,,,,,,,,,,,,,,,,,,,,,,,,,,,,,,,,,,,,,,,,,,,,,,,,,,,,,,,,,,,,,,,,,,,0,0,1.006,0,,,,,Yes,Yes,No,No,Yes,Yes,Yes,No,Yes,,,,,,,,,,,,,,,,,,,,,,,,,,,,,,Look at a picture for one second and then answer questions about what I noticed,Did you notice the color of the candle holder?,Blue,6,,21,Female
P0765,255,TRUE,2/5/24 11:15,anonymous,EN,I consent.,0.944,0.944,1.013,1,No,Yes,Yes,Yes,Yes,No,Yes,Yes,No,0.663,0.663,1.017,1,Yes,Yes,Yes,Yes,No,Yes,Yes,Yes,Yes,,,,,,,,,,,,,,,,,0.67,0.67,1.115,1,Yes,Yes,Yes,Yes,Yes,Yes,No,Yes,Yes,,,,,,,,,,,,,,,,,,,,,,,,,,,,,,,,,,,,,,,,,,,,,,,,,,,,,,,,,,,,,,,,,,,,,,,,,,,,,,,,,,,,,,,,,,,,,,,,,,,,,,,,,,,,,,,,,,,,,recognizing things after seeing a picture for 1 second,did you recognize the sex of the person,blue,6,,61,Male
P0766,198,TRUE,2/5/24 11:15,anonymous,EN,I consent.,0,0,1.025,0,No,Yes,Yes,Yes,Yes,No,Yes,Yes,No,0,0,1.019,0,Yes,Yes,No,Yes,Yes,Yes,Yes,No,No,,,,,,,,,,,,,,,,,,,,,,,,,,,,,,,,,,,,,,,,,,,,,,,,,,,,,,,,,,,,,,,,,,,,,,,,,,,,,,,,,,,,,,,,0,0,1.025,0,,,,,,,,,,,,,,,,,Yes,No,No,No,Yes,Yes,No,No,Yes,,,,,,,,,,,,,,,,,,,,,,,,,,,,,,I looked at one image for one second and had to answer questions based on what I recalled about the image I saw.,Did I notice which hand the man lit the candle with?,Blue,6,,27,Male
P0767,240,TRUE,2/5/24 11:15,anonymous,EN,I consent.,0,0,1.116,0,No,Yes,Yes,Yes,Yes,Yes,Yes,Yes,No,0,0,1.114,0,Yes,Yes,Yes,Yes,Yes,Yes,Yes,Yes,No,,,,,,,,,,,,,,,,,,,,,,,,,,,,,,,,,,0,0,1.116,0,,,,,,,,,,,,,Yes,Yes,Yes,Yes,Yes,Yes,Yes,Yes,No,,,,,,,,,,,,,,,,,,,,,,,,,,,,,,,,,,,,,,,,,,,,,,,,,,,,,,,,,,,,,,,,,,,,,,,,,,,,,,,,,,,,,,,,View a photo for a very limited amount of time and describe what I saw.,What was the physique of the person putting the fruit in the bag?,Blue,6,,39,Female
P0768,404,TRUE,2/5/24 11:15,anonymous,EN,I consent.,0,0,1.112,0,Yes,Yes,Yes,Yes,Yes,Yes,Yes,Yes,Yes,0,0,1.114,0,Yes,No,Yes,Yes,No,No,Yes,Yes,No,,,,,,,,,,,,,,,,,,,,,,,,,,,,,,,,,,,,,,,,,,,,,,,,,,,,,,,,,,,,,,,0,0,1.119,0,,,,,,,,,,,,,Yes,Yes,No,No,Yes,Yes,Yes,No,No,,,,,,,,,,,,,,,,,,,,,,,,,,,,,,,,,,,,,,,,,,,,,,,,,,,,,,,,,,,My task was to observe a picture for 1 second and try to remember as much as I could about it. ,Did I notice the size of the animal in the picture. ,blue,6,,66,Female
P0769,227,TRUE,2/5/24 11:15,anonymous,EN,I consent.,0,0,1.01,0,No,Yes,Yes,Yes,Yes,Yes,Yes,Yes,Yes,0,0,1.011,0,Yes,Yes,Yes,Yes,Yes,Yes,Yes,Yes,No,,,,,,,,,,,,,,,,,,,,,,,,,,,,,,,,,,,,,,,,,,,,,,,,,,,,,,,,,,,,,,,,,,,,,,,,,,,,,,,,,,,,,,,,,,,,,,,,,,,,0,0,1.006,0,,,,,Yes,Yes,Yes,Yes,Yes,Yes,Yes,Yes,Yes,,,,,,,,,,,,,,,,,,,,,,,,,,,,,,notice details after seeing an image for 1 second,Did you note the age of the man?,Blue,6,No,32,Male
P0770,426,TRUE,2/5/24 11:15,anonymous,EN,I consent.,0,0,1.12,0,No,Yes,Yes,No,Yes,Yes,Yes,No,No,0,0,1.118,0,Yes,Yes,Yes,Yes,Yes,Yes,Yes,Yes,No,,,,,,,,,,,,,,,,,,,,,,,,,,,,,,,,,,,,,,0,0,1.014,0,,,,,,,,,Yes,Yes,Yes,No,No,Yes,Yes,Yes,No,,,,,,,,,,,,,,,,,,,,,,,,,,,,,,,,,,,,,,,,,,,,,,,,,,,,,,,,,,,,,,,,,,,,,,,,,,,,,,,,,,,,,,,,"recalling details of a picture that was shown for one second, and answering questions about it.",did you notice the size of the bag?,blue,6,,55,Male
P0771,188,TRUE,2/5/24 11:15,anonymous,EN,I consent.,0,0,1.106,0,No,Yes,Yes,Yes,Yes,No,Yes,Yes,Yes,0,0,1.111,0,Yes,Yes,Yes,Yes,No,Yes,Yes,Yes,No,,,,,,,,,,,,,,,,,,,,,,,,,,,,,,,,,,,,,,,,,,,,,,,,,,,,,,,,,,,,,,,,,,,,,,,,,,,,,,,,,,,,,,,,,,,,,,,,,,,,,,,,,,,,,,,,,,,,,0,0,1.114,0,,,,,,,,,,,,,,,,,Yes,Yes,Yes,Yes,No,No,Yes,Yes,No,Sharing what I remembered from an image.,Do you remember the texture of the shoes,blue,6,,55,Male
P0772,341,TRUE,2/5/24 11:15,anonymous,EN,I consent.,0,0,1.125,0,Yes,Yes,Yes,Yes,Yes,Yes,Yes,Yes,No,0,0,1.015,0,Yes,Yes,Yes,Yes,No,No,Yes,Yes,No,,,,,,,,,,,,,,,,,,,,,,,,,,,,,,,,,,,,,,,,,,,,,,,,,,,,,,,,,,,,,,,,,,,0,0,1.021,0,,,,,,,,,Yes,Yes,No,No,Yes,Yes,Yes,Yes,Yes,,,,,,,,,,,,,,,,,,,,,,,,,,,,,,,,,,,,,,,,,,,,,,,,,,,,,,,,,,,I looked at pictures quickly and answered questions.,Did I notice what type of animal?,Blue,6,,55,Female
P0773,199,TRUE,2/5/24 11:15,anonymous,EN,I consent.,0,0,1.013,0,No,Yes,Yes,Yes,Yes,Yes,Yes,Yes,Yes,0,0,1.107,0,Yes,Yes,Yes,Yes,Yes,No,Yes,Yes,Yes,,,,,,,,,,,,,,,,,,,,,,,,,,,,,,,,,,,,,,,,,,,,,,,,,,,,,,,,,,,,,,,,,,,,,,,,,,,,,,,,,,,,,,,,,,,,,,,,,,,,,,,,,,,,,,,,,,,,,,,,,,,,,,,,,,,,,0,0,1.01,0,Yes,No,No,Yes,No,No,Yes,Yes,Yes,to look at an image for one second and answer questions about details of this image,Did I notice the color of the bench,blue,6,,47,Female
P0774,247,TRUE,2/5/24 11:15,anonymous,EN,I consent.,0,0,1.016,0,No,Yes,Yes,Yes,Yes,Yes,Yes,Yes,Yes,0,0,1.114,0,Yes,Yes,Yes,Yes,No,Yes,Yes,Yes,No,,,,,,,,,,,,,,,,,,,,,,,,,,,,,,,,,,,,,,,,,,,,,,,,,,,,,,,,,,,,,,,,,,,,,,,,,,,,,,,,,,,,,,,,,,,,,,,,,,,,,,,,0,0,1.018,0,Yes,Yes,No,No,No,No,Yes,Yes,Yes,,,,,,,,,,,,,,,,,,,,,,,,,,,,,,look at a picture for 1 second and see what I notice,Did you notice the shape of the candle holder,blue,6,,24,Female
P0775,465,TRUE,2/5/24 11:15,anonymous,EN,I consent.,0,0,1.017,0,No,Yes,Yes,Yes,Yes,Yes,Yes,No,Yes,0.771,0.771,1.009,1,Yes,Yes,Yes,Yes,No,Yes,Yes,Yes,No,,,,,,,,,,,,,,,,,0.638,0.638,1.116,1,Yes,Yes,No,No,No,No,No,Yes,Yes,,,,,,,,,,,,,,,,,,,,,,,,,,,,,,,,,,,,,,,,,,,,,,,,,,,,,,,,,,,,,,,,,,,,,,,,,,,,,,,,,,,,,,,,,,,,,,,,,,,,,,,,,,,,,,,,,,,,,I had to look at an image and answer questions about the details I noticed.,Did you notice the size of the ball?,blue,6,,36,Female
P0776,240,TRUE,2/5/24 11:15,anonymous,EN,I consent.,0,0,1.113,0,No,Yes,Yes,Yes,Yes,No,Yes,Yes,No,1.041,1.041,1.114,1,Yes,Yes,No,Yes,Yes,No,Yes,Yes,Yes,0.506,0.506,1.014,1,,,,,,,,,,,,,,,,,Yes,Yes,Yes,Yes,Yes,No,Yes,Yes,Yes,,,,,,,,,,,,,,,,,,,,,,,,,,,,,,,,,,,,,,,,,,,,,,,,,,,,,,,,,,,,,,,,,,,,,,,,,,,,,,,,,,,,,,,,,,,,,,,,,,,,,,,,,,,,,,,,,,,,,View a picture for 1 second and identify details within the picture.,Did you notice if there was a person or not?,Blue,6,,21,Female
P0777,341,TRUE,2/5/24 11:15,anonymous,EN,I consent.,0,0,1.112,0,No,Yes,Yes,Yes,Yes,Yes,Yes,Yes,No,0,0,1.014,0,No,Yes,Yes,Yes,No,No,Yes,Yes,No,,,,,,,,,,,,,,,,,,,,,,,,,,,,,,,,,,,,,,,,,,,,,,,,,,,,,,,,,,,,,,,0,0,1.008,0,,,,,,,,,,,,,Yes,Yes,No,Yes,No,Yes,Yes,Yes,No,,,,,,,,,,,,,,,,,,,,,,,,,,,,,,,,,,,,,,,,,,,,,,,,,,,,,,,,,,,To look at an image for only one second then answer some general questions about it.,Did I notice which hand the person was feeding the animal with.,Blue,6,,35,Male
P0778,345,TRUE,2/5/24 11:15,anonymous,EN,I consent.,0,0,1.006,0,Yes,Yes,Yes,Yes,Yes,Yes,Yes,Yes,Yes,0,0,1.006,0,No,Yes,Yes,Yes,No,Yes,Yes,Yes,Yes,,,,,,,,,,,,,0,0,1.007,0,,,,,No,Yes,Yes,Yes,No,Yes,No,Yes,Yes,,,,,,,,,,,,,,,,,,,,,,,,,,,,,,,,,,,,,,,,,,,,,,,,,,,,,,,,,,,,,,,,,,,,,,,,,,,,,,,,,,,,,,,,,,,,,,,,,,,,,,,,,,,,,,,,,,,,,Memory of details,what color was the shape,blue,6,,29,Male
P0779,333,TRUE,2/5/24 11:15,anonymous,EN,I consent.,0,0,1.016,0,Yes,No,Yes,Yes,No,No,Yes,No,Yes,0,0,1.111,0,Yes,Yes,No,Yes,Yes,Yes,Yes,Yes,No,,,,,,,,,,,,,,,,,,,,,,,,,,,,,,,,,,,,,,,,,,,,,,,,,,,,,,,,,,,,,,,,,,,,,,,,,,,,,,,,,,,,,,,,0,0,1.113,0,,,,,,,,,,,,,,,,,Yes,No,No,No,Yes,No,Yes,Yes,No,,,,,,,,,,,,,,,,,,,,,,,,,,,,,,Looking at an image for a second. Then answer questions based on memory. ,Do you remember what size the candle was,blue,6,,35,Female
P0780,245,TRUE,2/5/24 11:15,anonymous,EN,I consent.,0,0,1.105,0,Yes,Yes,Yes,Yes,Yes,Yes,Yes,Yes,No,0,0,1.016,0,Yes,Yes,Yes,Yes,Yes,No,Yes,Yes,Yes,,,,,,,,,,,,,,,,,,,,,,,,,,,,,,,,,,,,,,,,,,0,0,1.112,0,,,,,Yes,Yes,No,No,Yes,Yes,Yes,Yes,Yes,,,,,,,,,,,,,,,,,,,,,,,,,,,,,,,,,,,,,,,,,,,,,,,,,,,,,,,,,,,,,,,,,,,,,,,,,,,,,,,,,,,,,,,,Look at a picture for 1 second and answer yes or no questions about the details for the picture,Did you see the color of the object,Blue,6,,26,Female
P0781,147,TRUE,2/5/24 11:15,anonymous,EN,I consent.,0,0,1.008,0,No,Yes,Yes,Yes,Yes,Yes,Yes,Yes,Yes,0,0,1.106,0,Yes,Yes,Yes,Yes,Yes,Yes,Yes,Yes,Yes,,,,,,,,,,,,,,,,,,,,,,,,,,,,,,,,,,,,,,,,,,,,,,0,0,1.108,0,Yes,Yes,Yes,Yes,Yes,Yes,Yes,Yes,No,,,,,,,,,,,,,,,,,,,,,,,,,,,,,,,,,,,,,,,,,,,,,,,,,,,,,,,,,,,,,,,,,,,,,,,,,,,,,,,,,,,,,,,,to see if we noticed things in the picture.,Did I notice the texture of the clothes the man was wearing,blue,6,,43,Female
P0782,432,TRUE,2/5/24 11:15,anonymous,EN,I consent.,0,0,1.007,0,No,Yes,Yes,Yes,Yes,No,Yes,No,No,0,0,1.112,0,Yes,Yes,Yes,No,No,No,Yes,Yes,No,,,,,,,,,,,,,,,,,,,,,,,,,,,,,,,,,,,,,,,,,,,,,,,,,,,,,,,,,,,,,,,,,,,,,,,,,,,,,,,,,,,,,,,,,,,,,,,,,,,,,,,,,,,,,,,,,,,,,,,,,0,0,1.008,0,,,,,,,,,,,,,No,No,Yes,Yes,No,No,No,No,No,which details i remember in 1 second,was the person wearing socks,blue,6,,41,Male
P0783,488,TRUE,2/5/24 11:15,anonymous,EN,I consent.,0,0,1.014,0,No,Yes,Yes,Yes,Yes,Yes,Yes,Yes,No,0,0,1.115,0,Yes,Yes,Yes,Yes,Yes,Yes,Yes,Yes,No,,,,,0,0,1.01,0,,,,,,,,,,,,,No,Yes,Yes,Yes,No,Yes,No,Yes,Yes,,,,,,,,,,,,,,,,,,,,,,,,,,,,,,,,,,,,,,,,,,,,,,,,,,,,,,,,,,,,,,,,,,,,,,,,,,,,,,,,,,,,,,,,,,,,,,,,,,,,,,,,,,,,,,,,,,,,,"I saw an image for one second and then was asked certain questions, pertaining to if I noticed certain details.",Did you notice the color of the ball.,Blue,6,,29,Male
P0784,184,TRUE,2/5/24 11:16,anonymous,EN,I consent.,0,0,1.105,0,No,Yes,Yes,Yes,Yes,Yes,Yes,Yes,No,0,0,1.004,0,No,Yes,Yes,No,No,Yes,Yes,Yes,No,,,,,,,,,,,,,0,0,1.005,0,,,,,No,Yes,Yes,Yes,No,No,No,Yes,Yes,,,,,,,,,,,,,,,,,,,,,,,,,,,,,,,,,,,,,,,,,,,,,,,,,,,,,,,,,,,,,,,,,,,,,,,,,,,,,,,,,,,,,,,,,,,,,,,,,,,,,,,,,,,,,,,,,,,,,I saw an image for 1 second and answered questions about what I noticed.,"""Did you notice the gender of the person""",blue,6,,32,Male
P0785,150,TRUE,2/5/24 11:16,anonymous,EN,I consent.,0,0,1.015,0,No,Yes,Yes,No,Yes,Yes,Yes,Yes,Yes,0,0,1.009,0,No,Yes,Yes,Yes,No,No,Yes,No,Yes,,,,,,,,,,,,,,,,,,,,,,,,,,,,,,,,,,,,,,,,,,,,,,,,,,,,,,,,,,,,,,,,,,,,,,,,,,,,,,,,,,,,,,,,,,,,,,,,,,,,,,,,0,0,1.011,0,No,No,Yes,No,Yes,No,Yes,Yes,No,,,,,,,,,,,,,,,,,,,,,,,,,,,,,,looking at photos,color or shape of object,blue,6,,43,Female
P0786,498,TRUE,2/5/24 11:16,anonymous,EN,I consent.,0,0,1.013,0,Yes,Yes,Yes,Yes,Yes,Yes,Yes,No,Yes,0,0,1.016,0,Yes,Yes,Yes,Yes,No,Yes,Yes,Yes,No,,,,,,,,,,,,,,,,,,,,,,,,,,,,,,,,,,,,,,,,,,,,,,,,,,,,,,,,,,,,,,,,,,,,,,,0,0,1.011,0,,,,,Yes,Yes,Yes,No,Yes,Yes,Yes,Yes,Yes,,,,,,,,,,,,,,,,,,,,,,,,,,,,,,,,,,,,,,,,,,,,,,,,,,,,,,,,,,,My task was to try to notice many details in the pictures.,Did you notice the size of the animal?,blue,6,,69,Female
P0787,136,TRUE,2/5/24 11:16,anonymous,EN,I consent.,0,0,1.006,0,Yes,Yes,Yes,Yes,Yes,Yes,Yes,Yes,Yes,0,0,1.111,0,Yes,Yes,Yes,Yes,Yes,Yes,Yes,Yes,No,,,,,,,,,,,,,,,,,,,,,,,,,,,,,,,,,,,,,,0,0,1.012,0,,,,,,,,,Yes,Yes,Yes,Yes,Yes,Yes,Yes,Yes,No,,,,,,,,,,,,,,,,,,,,,,,,,,,,,,,,,,,,,,,,,,,,,,,,,,,,,,,,,,,,,,,,,,,,,,,,,,,,,,,,,,,,,,,,Looked at a picture for 1 second and answer questions about what I saw.,Did you notice the size of the fruit the person was holding.,blue,6,,31,Male
P0788,143,TRUE,2/5/24 11:16,anonymous,EN,I consent.,0,0,1.124,0,No,Yes,Yes,Yes,Yes,Yes,Yes,Yes,Yes,0,0,1.028,0,No,Yes,Yes,Yes,Yes,Yes,Yes,Yes,No,,,,,,,,,,,,,,,,,0,0,1.018,0,Yes,Yes,Yes,Yes,Yes,Yes,No,Yes,Yes,,,,,,,,,,,,,,,,,,,,,,,,,,,,,,,,,,,,,,,,,,,,,,,,,,,,,,,,,,,,,,,,,,,,,,,,,,,,,,,,,,,,,,,,,,,,,,,,,,,,,,,,,,,,,,,,,,,,,to pay attention to the details in the picture,did you notice if there was a person or not in the picture?,blue,6,,24,Female
P0789,1069,TRUE,2/5/24 11:16,anonymous,EN,I consent.,0,0,1.123,0,No,Yes,Yes,Yes,Yes,Yes,Yes,Yes,Yes,0,0,1.119,0,Yes,Yes,Yes,Yes,Yes,Yes,Yes,Yes,Yes,,,,,,,,,,,,,,,,,,,,,,,,,,,,,,,,,,,,,,,,,,,,,,,,,,,,,,,,,,,,,,,,,,,,,,,,,,,,,,,,,,,,,,,,,,,,,,,,,,,,,,,,,,,,,,,,,,,,,,,,,,,,,0,0,1.015,0,,,,,,,,,Yes,Yes,Yes,Yes,Yes,Yes,Yes,Yes,Yes,Look at the picture for 1 second and describe or remember what I seen in the picture.,Is the object indoor or outdoor?,blue,6,,31,Female
P0790,280,TRUE,2/5/24 11:16,anonymous,EN,I consent.,0,0,1.005,0,No,Yes,Yes,Yes,Yes,No,Yes,Yes,No,0,0,1.106,0,Yes,Yes,Yes,Yes,No,Yes,Yes,Yes,Yes,,,,,,,,,,,,,,,,,,,,,,,,,,,,,,,,,,,,,,,,,,,,,,,,,,,,,,,,,,,,,,,,,,,,,,,,,,,,,,,,,,,,,,,,,,,,,,,,,,,,,,,,,,,,,,,,,,,,,,,,,,,,,0,0,1.007,0,,,,,,,,,Yes,No,No,Yes,No,No,Yes,Yes,Yes,I was asked to view an image for 1 second and answer yes/no questions about what I remembered seeing.,Did I notice the person's build or physique?,Blue,6,,32,Male
P0791,197,TRUE,2/5/24 11:16,anonymous,EN,I consent.,0,0,1.009,0,No,Yes,Yes,Yes,Yes,Yes,Yes,Yes,Yes,0,0,1.006,0,Yes,Yes,Yes,Yes,Yes,Yes,Yes,Yes,Yes,,,,,,,,,,,,,,,,,,,,,,,,,,,,,,,,,,0,0,1.008,0,,,,,,,,,,,,,Yes,Yes,Yes,Yes,Yes,Yes,Yes,Yes,Yes,,,,,,,,,,,,,,,,,,,,,,,,,,,,,,,,,,,,,,,,,,,,,,,,,,,,,,,,,,,,,,,,,,,,,,,,,,,,,,,,,,,,,,,,I had to look at a picture for one second and then answer questions about what aspects of the picture I noticed.,Did I notice the size of the fruit.,blue,6,,48,Female
P0792,176,TRUE,2/5/24 11:16,anonymous,EN,I consent.,0,0,1.016,0,No,Yes,Yes,Yes,Yes,Yes,Yes,No,Yes,0,0,1.111,0,Yes,Yes,Yes,Yes,No,Yes,Yes,No,No,,,,,,,,,,,,,,,,,,,,,,,,,,,,,,,,,,,,,,,,,,,,,,,,,,,,,,,,,,,,,,,0,0,1.112,0,,,,,,,,,,,,,Yes,Yes,No,No,Yes,Yes,No,Yes,No,,,,,,,,,,,,,,,,,,,,,,,,,,,,,,,,,,,,,,,,,,,,,,,,,,,,,,,,,,,I had to view images and answer yes/no questions about the details I noticed.,I asked if I noticed which hand the person was feeding the animal with.,blue,6,,31,Male
P0793,593,TRUE,2/5/24 11:16,anonymous,EN,I consent.,0,0,1.112,0,Yes,Yes,Yes,Yes,Yes,No,Yes,Yes,No,0,0,1.009,0,Yes,Yes,Yes,Yes,No,Yes,Yes,Yes,Yes,,,,,,,,,,,,,,,,,,,,,,,,,,,,,,,,,,,,,,,,,,,,,,,,,,,,,,,,,,,,,,,,,,,,,,,,,,,,,,,,,,,,,,,,,,,,,,,,,,,,,,,,,,,,,,,,,,,,,,,,,,,,,,,,,,,,,0,0,1.008,0,Yes,No,Yes,Yes,No,Yes,Yes,Yes,Yes,"To observe an image the flashed across the screen, and report which details I noticed.",Did you notice what the object was sitting on?,blue,6,challenging and interesting...,64,Female
P0794,167,TRUE,2/5/24 11:16,anonymous,EN,I consent.,0,0,1.008,0,No,Yes,Yes,Yes,Yes,Yes,Yes,Yes,No,0,0,1.109,0,Yes,Yes,Yes,Yes,No,Yes,Yes,Yes,Yes,,,,,,,,,,,,,,,,,,,,,,,,,,,,,,,,,,,,,,,,,,,,,,,,,,,,,,,,,,,,,,,,,,,,,,,0,0,1.115,0,,,,,Yes,Yes,No,Yes,Yes,Yes,Yes,No,Yes,,,,,,,,,,,,,,,,,,,,,,,,,,,,,,,,,,,,,,,,,,,,,,,,,,,,,,,,,,,to answer questions related to if we noticed certain things in the picture,if the object was stable,blue,6,,51,Male
P0795,354,TRUE,2/5/24 11:16,anonymous,EN,I consent.,0,0,1.013,0,Yes,Yes,Yes,No,Yes,Yes,Yes,Yes,Yes,0,0,1.009,0,Yes,Yes,Yes,Yes,Yes,Yes,Yes,Yes,Yes,,,,,,,,,,,,,,,,,,,,,,,,,,,,,,,,,,,,,,,,,,,,,,,,,,,,,,,,,,,,,,,,,,,,,,,,,,,,,,,,,,,,,,,,,,,,,,,,,,,,,,,,,,,,,,,,,,,,,,,,,,,,,,,,,0,0,1.11,0,,,,,Yes,Yes,Yes,Yes,No,Yes,Yes,Yes,Yes,My task in this study was to view an image for 1 second and then recall details about the image.,Did you notice whether or not there was a person in the picture?,Blue,6,,35,Female
P0796,112,TRUE,2/5/24 11:16,anonymous,EN,I consent.,0,0,1.108,0,Yes,Yes,Yes,Yes,Yes,Yes,Yes,Yes,No,0,0,1.007,0,No,Yes,Yes,Yes,No,Yes,Yes,Yes,No,,,,,,,,,,,,,,,,,,,,,,,,,,,,,,0,0,1.11,0,,,,,,,,,,,,,,,,,Yes,Yes,No,Yes,Yes,Yes,Yes,Yes,Yes,,,,,,,,,,,,,,,,,,,,,,,,,,,,,,,,,,,,,,,,,,,,,,,,,,,,,,,,,,,,,,,,,,,,,,,,,,,,,,,,,,,,,,,,noting our memory of photos and its details,did you notice the color of the object in the photo,blue,6,,26,Female
P0797,184,TRUE,2/5/24 11:16,anonymous,EN,I consent.,0,0,1.114,0,Yes,Yes,Yes,Yes,Yes,Yes,Yes,No,No,0,0,1.007,0,Yes,Yes,Yes,Yes,Yes,Yes,Yes,No,Yes,,,,,,,,,,,,,,,,,,,,,,,,,,,,,,,,,,,,,,0,0,1.007,0,,,,,,,,,Yes,Yes,No,No,No,No,Yes,Yes,No,,,,,,,,,,,,,,,,,,,,,,,,,,,,,,,,,,,,,,,,,,,,,,,,,,,,,,,,,,,,,,,,,,,,,,,,,,,,,,,,,,,,,,,,Answering questions about a 1 second glimpse at pictures,Did you notice the color or pattern on the object,blue,6,,42,Female
P0798,210,TRUE,2/5/24 11:16,anonymous,EN,I consent.,0,0,1.112,0,No,Yes,Yes,No,Yes,Yes,Yes,Yes,Yes,0,0,1.007,0,Yes,Yes,Yes,Yes,No,No,Yes,Yes,No,,,,,,,,,,,,,,,,,,,,,,,,,,,,,,,,,,,,,,,,,,,,,,0,0,1.012,0,No,No,No,No,No,Yes,Yes,Yes,Yes,,,,,,,,,,,,,,,,,,,,,,,,,,,,,,,,,,,,,,,,,,,,,,,,,,,,,,,,,,,,,,,,,,,,,,,,,,,,,,,,,,,,,,,,To see what you notice in images.,Could I tell if the object was stable or not.,blue,6,,48,Male
P0799,230,TRUE,2/5/24 11:16,anonymous,EN,I consent.,0,0,1.116,0,Yes,Yes,Yes,Yes,Yes,Yes,Yes,Yes,Yes,0,0,1.005,0,Yes,Yes,Yes,Yes,No,No,Yes,Yes,No,,,,,,,,,,,,,,,,,,,,,,,,,,,,,,,,,,,,,,,,,,,,,,,,,,,,,,,,,,,,,,,,,,,,,,,,,,,,,,,,,,,,,,,,0,0,1.006,0,,,,,,,,,,,,,,,,,Yes,Yes,No,No,Yes,No,Yes,Yes,Yes,,,,,,,,,,,,,,,,,,,,,,,,,,,,,,observing photos and recollecting details,size of object,blue,6,no,36,Female
P0800,161,TRUE,2/5/24 11:16,anonymous,EN,I consent.,0,0,1.123,0,Yes,No,Yes,Yes,Yes,No,Yes,No,Yes,0,0,1.127,0,Yes,No,No,Yes,No,No,Yes,Yes,Yes,,,,,,,,,,,,,,,,,,,,,,,,,,,,,,,,,,,,,,,,,,,,,,,,,,,,,,,,,,,,,,,,,,,,,,,,,,,,,,,,,,,,,,,,,,,,,,,,,,,,,,,,,,,,,,,,,,,,,,,,,,,,,,,,,,,,,0,0,1.021,0,Yes,No,Yes,Yes,Yes,No,Yes,Yes,No,to look at an image for one second and then answer questions if I noticed certain things,DO you remember seeing which foot the shoe was on or off on the lady,blue,6,,46,Female
P0801,186,TRUE,2/5/24 11:16,anonymous,EN,I consent.,0,0,1.109,0,No,Yes,Yes,Yes,Yes,Yes,Yes,Yes,Yes,0,0,1.006,0,Yes,Yes,Yes,Yes,No,Yes,Yes,Yes,No,0,0,1.115,0,,,,,,,,,,,,,,,,,No,Yes,No,Yes,Yes,Yes,Yes,Yes,Yes,,,,,,,,,,,,,,,,,,,,,,,,,,,,,,,,,,,,,,,,,,,,,,,,,,,,,,,,,,,,,,,,,,,,,,,,,,,,,,,,,,,,,,,,,,,,,,,,,,,,,,,,,,,,,,,,,,,,,I saw an image for 1 second and then I answered questions,Did I notice the trajectory of the ball,Blue,6,No,59,Female
P0802,1184,TRUE,2/5/24 11:16,anonymous,EN,I consent.,0,0,1.004,0,No,Yes,Yes,Yes,No,Yes,Yes,Yes,Yes,0,0,1.107,0,Yes,Yes,No,Yes,Yes,Yes,Yes,Yes,Yes,,,,,,,,,,,,,,,,,,,,,,,,,,,,,,,,,,,,,,,,,,,,,,0,0,1.004,0,Yes,Yes,Yes,Yes,Yes,Yes,Yes,No,Yes,,,,,,,,,,,,,,,,,,,,,,,,,,,,,,,,,,,,,,,,,,,,,,,,,,,,,,,,,,,,,,,,,,,,,,,,,,,,,,,,,,,,,,,,to notice certain details of an image,colour of the person's clothe,blue,6,no comments,70,Male
P0803,143,TRUE,2/5/24 11:16,anonymous,EN,I consent.,0,0,1.009,0,No,Yes,Yes,Yes,Yes,Yes,Yes,Yes,Yes,0,0,1.01,0,Yes,Yes,Yes,Yes,No,No,Yes,Yes,No,,,,,,,,,,,,,,,,,,,,,,,,,,,,,,,,,,,,,,,,,,,,,,,,,,,,,,,,,,,,,,,,,,,,,,,,,,,0,0,1.11,0,Yes,Yes,No,No,Yes,Yes,Yes,Yes,No,,,,,,,,,,,,,,,,,,,,,,,,,,,,,,,,,,,,,,,,,,,,,,,,,,,,,,,,,,,I had to answer whether or not I noticed certain details of an image after 1 second of seeing it,Did you notice what snack was given to the animal,Blue,6,,25,Male
P0804,118,TRUE,2/5/24 11:16,anonymous,EN,I consent.,0,0,1.005,0,Yes,Yes,Yes,Yes,Yes,Yes,Yes,Yes,Yes,0,0,1.012,0,Yes,Yes,Yes,Yes,Yes,Yes,Yes,Yes,Yes,,,,,,,,,,,,,,,,,,,,,,,,,,,,,,,,,,,,,,,,,,,,,,,,,,,,,,,,,,,,,,,,,,,,,,,,,,,,,,,,,,,,,,,,,,,,,,,,,,,,,,,,,,,,,,,,,,,,,0,0,1.114,0,,,,,,,,,,,,,,,,,Yes,Yes,Yes,Yes,Yes,Yes,Yes,Yes,No,To look at a picture and remember items.,Was the person wearing socks.,blue,6,,40,Male
P0805,234,TRUE,2/5/24 11:17,anonymous,EN,I consent.,0,0,1.11,0,Yes,Yes,Yes,Yes,Yes,Yes,Yes,Yes,Yes,0,0,1.112,0,Yes,Yes,Yes,Yes,No,Yes,Yes,Yes,Yes,,,,,,,,,0,0,1.011,0,,,,,,,,,No,Yes,Yes,Yes,Yes,Yes,Yes,Yes,Yes,,,,,,,,,,,,,,,,,,,,,,,,,,,,,,,,,,,,,,,,,,,,,,,,,,,,,,,,,,,,,,,,,,,,,,,,,,,,,,,,,,,,,,,,,,,,,,,,,,,,,,,,,,,,,,,,,,,,,Look at images for one second and answer questions about what I noticed in the image.,Did you notice the color of the ball.,blue,6,,46,Female
P0806,237,TRUE,2/5/24 11:17,anonymous,EN,I consent.,0,0,1.115,0,No,Yes,Yes,Yes,Yes,Yes,Yes,Yes,No,0,0,1.012,0,No,Yes,Yes,Yes,Yes,Yes,Yes,Yes,No,,,,,,,,,,,,,,,,,,,,,,,,,,,,,,,,,,,,,,,,,,,,,,,,,,,,,,,,,,,,,,,,,,,0,0,1.113,0,,,,,,,,,Yes,Yes,No,Yes,No,Yes,No,Yes,Yes,,,,,,,,,,,,,,,,,,,,,,,,,,,,,,,,,,,,,,,,,,,,,,,,,,,,,,,,,,,I observed a picure for only one second and was hen asked to recall what I saw.,Was he object I observed in motion.,Blue.,6,,71,Female
P0807,189,TRUE,2/5/24 11:17,anonymous,EN,I consent.,0,0,1.023,0,No,Yes,Yes,Yes,Yes,Yes,Yes,Yes,Yes,0,0,1.018,0,Yes,Yes,Yes,Yes,No,Yes,Yes,Yes,Yes,,,,,0,0,1.14,0,,,,,,,,,,,,,Yes,Yes,Yes,Yes,No,Yes,No,Yes,Yes,,,,,,,,,,,,,,,,,,,,,,,,,,,,,,,,,,,,,,,,,,,,,,,,,,,,,,,,,,,,,,,,,,,,,,,,,,,,,,,,,,,,,,,,,,,,,,,,,,,,,,,,,,,,,,,,,,,,,Yes/No if you saw or payed attention to details in the picture. ,Did you notice the size of the table ,Blue,6,,21,Female
P0808,269,TRUE,2/5/24 11:17,anonymous,EN,I consent.,0,0,1.016,0,No,Yes,Yes,Yes,No,Yes,Yes,Yes,Yes,0,0,1.008,0,Yes,Yes,Yes,Yes,Yes,Yes,Yes,Yes,No,,,,,,,,,,,,,,,,,,,,,,,,,,,,,,,,,,,,,,,,,,,,,,,,,,,,,,,,,,,,,,,,,,,,,,,,,,,,,,,,,,,,,,,,,,,,,,,,,,,,,,,,,,,,,,,,,,,,,0,0,1.108,0,,,,,,,,,,,,,,,,,Yes,Yes,Yes,Yes,Yes,No,Yes,Yes,No,I had to answer questions about an image after only seeing it for one second.,Did you notice if the person was sitting.,blue,6,,37,Male
P0809,251,TRUE,2/5/24 11:17,anonymous,EN,I consent.,0,0,1.11,0,Yes,Yes,Yes,Yes,Yes,Yes,Yes,Yes,Yes,0,0,1.116,0,Yes,Yes,Yes,Yes,Yes,Yes,Yes,Yes,Yes,,,,,,,,,,,,,,,,,,,,,,,,,,,,,,,,,,,,,,,,,,,,,,,,,,,,,,,,,,,,,,,,,,,,,,,,,,,,,,,,,,,,,,,,,,,,,,,,,,,,,,,,,,,,,,,,,,,,,,,,,,,,,,,,,0,0,1.111,0,,,,,Yes,Yes,No,Yes,Yes,Yes,Yes,Yes,Yes,I was asked to view an image for 1 second and then answer whether or not I noticed certain details about the image.,Did you notice what kind of shoes the subject was wear?,Blue,6,,35,Male
P0810,262,TRUE,2/5/24 11:17,anonymous,EN,I consent.,0,0,1.113,0,No,Yes,Yes,Yes,Yes,No,Yes,Yes,Yes,0,0,1.111,0,Yes,Yes,Yes,Yes,Yes,Yes,Yes,Yes,Yes,,,,,,,,,,,,,,,,,,,,,,,,,,,,,,,,,,0,0,1.013,0,,,,,,,,,,,,,Yes,Yes,Yes,Yes,Yes,Yes,Yes,Yes,Yes,,,,,,,,,,,,,,,,,,,,,,,,,,,,,,,,,,,,,,,,,,,,,,,,,,,,,,,,,,,,,,,,,,,,,,,,,,,,,,,,,,,,,,,,To look at the picture that would flash on the screen and answered questions about what you noticed,Did the person use their right or left hand in the picture.,Blue,6,,46,Female
P0811,1043,TRUE,2/5/24 11:17,anonymous,EN,I consent.,0,0,1.106,0,No,Yes,Yes,Yes,Yes,Yes,Yes,Yes,No,0,0,1.107,0,Yes,Yes,Yes,Yes,Yes,No,Yes,Yes,No,,,,,,,,,,,,,,,,,,,,,,,,,,,,,,,,,,,,,,,,,,,,,,,,,,,,,,,,,,,,,,,,,,,,,,,,,,,,,,,,,,,,,,,,,,,,,,,,,,,,,,,,,,,,,,,,,,,,,,,,,,,,,0,0,1.108,0,,,,,,,,,Yes,Yes,Yes,Yes,Yes,No,Yes,Yes,Yes,Recall what you can after seeing an image for 1 second,Did you notice the color of the bench?,blue,6,,28,Male
P0812,310,TRUE,2/5/24 11:17,anonymous,EN,I consent.,0,0,1.109,0,No,Yes,Yes,Yes,Yes,Yes,Yes,Yes,Yes,0.425,0.425,1.008,1,Yes,Yes,Yes,Yes,No,Yes,Yes,Yes,Yes,,,,,,,,,,,,,,,,,,,,,,,,,,,,,,,,,,,,,,,,,,,,,,,,,,,,,,,,,,,0,0,1.005,0,,,,,,,,,,,,,,,,,Yes,Yes,No,Yes,Yes,Yes,Yes,Yes,Yes,,,,,,,,,,,,,,,,,,,,,,,,,,,,,,,,,,,,,,,,,,,,,,,,,,,,,,,,,,,Notice as much as you can in one second and answer questions.,Do you remember which hand she was using?,blue,6,,50,Female
P0813,175,TRUE,2/5/24 11:17,anonymous,EN,I consent.,0,0,1.107,0,Yes,Yes,Yes,Yes,Yes,Yes,Yes,Yes,Yes,0,0,1.006,0,Yes,Yes,Yes,Yes,Yes,Yes,Yes,Yes,Yes,,,,,,,,,,,,,,,,,,,,,,,,,,,,,,,,,,,,,,,,,,,,,,,,,,,,,,,,,,,,,,,,,,,0,0,1.013,0,,,,,,,,,Yes,Yes,No,No,Yes,Yes,Yes,Yes,Yes,,,,,,,,,,,,,,,,,,,,,,,,,,,,,,,,,,,,,,,,,,,,,,,,,,,,,,,,,,,I was asked to view an image for 1 second and then answer questions about it.,Did you notice how many blue objects were in the image?,blue,6,,31,Female
P0814,253,TRUE,2/5/24 11:17,anonymous,EN,I consent.,0,0,1.129,0,Yes,Yes,Yes,Yes,Yes,Yes,Yes,Yes,Yes,0,0,1.118,0,No,Yes,Yes,Yes,Yes,Yes,Yes,Yes,Yes,,,,,,,,,,,,,,,,,,,,,,,,,,,,,,,,,,,,,,,,,,,,,,,,,,,,,,,,,,,,,,,,,,,,,,,,,,,,,,,,,,,,,,,,,,,,,,,,,,,,0,0,1.116,0,,,,,Yes,Yes,Yes,No,Yes,Yes,Yes,Yes,Yes,,,,,,,,,,,,,,,,,,,,,,,,,,,,,,To see how many details I picked up on an image that was shown for one second.,Did you notice the color of the object?,Blue,6,,62,Female
P0815,168,TRUE,2/5/24 11:17,anonymous,EN,I consent.,0,0,1.11,0,No,Yes,Yes,Yes,Yes,Yes,Yes,Yes,No,0,0,1.114,0,Yes,Yes,Yes,Yes,Yes,Yes,Yes,Yes,No,,,,,,,,,,,,,,,,,,,,,,,,,,,,,,,,,,,,,,,,,,,,,,,,,,,,,,,,,,,,,,,,,,,,,,,,,,,,,,,,,,,,,,,,,,,,,,,,,,,,,,,,,,,,,,,,,,,,,,,,,,,,,,,,,,,,,0,0,1.007,0,No,Yes,Yes,Yes,No,No,Yes,Yes,Yes,"I saw an image for one second, and i then answered if i noticed certain aspects of the image.",Did you notice the color of the bench?,blue,6,,21,Male
P0816,181,TRUE,2/5/24 11:17,anonymous,EN,I consent.,0,0,1.02,0,No,Yes,Yes,Yes,Yes,Yes,Yes,Yes,No,0,0,1.118,0,Yes,Yes,Yes,Yes,No,No,Yes,Yes,Yes,,,,,,,,,,,,,,,,,0,0,1.015,0,Yes,Yes,Yes,Yes,No,No,No,Yes,Yes,,,,,,,,,,,,,,,,,,,,,,,,,,,,,,,,,,,,,,,,,,,,,,,,,,,,,,,,,,,,,,,,,,,,,,,,,,,,,,,,,,,,,,,,,,,,,,,,,,,,,,,,,,,,,,,,,,,,,to answer questions about what I saw in an image,Did I recognize the size of the ball,Blue,6,This was fun!,39,Female
P0817,227,TRUE,2/5/24 11:17,anonymous,EN,I consent.,0,0,1.107,0,No,Yes,Yes,Yes,Yes,Yes,Yes,Yes,No,0,0,1.012,0,Yes,Yes,Yes,Yes,No,Yes,Yes,Yes,Yes,,,,,,,,,,,,,,,,,,,,,,,,,,,,,,,,,,,,,,,,,,,,,,,,,,,,,,,,,,,,,,,,,,,,,,,,,,,0,0,1.302,0,Yes,Yes,No,Yes,No,Yes,Yes,Yes,Yes,,,,,,,,,,,,,,,,,,,,,,,,,,,,,,,,,,,,,,,,,,,,,,,,,,,,,,,,,,,"In this task, I looked at an image for 1 second and had to answer questions on if I remember certain details or not.","""Did you notice what hand the person was holding the treat in?""",blue,6,,59,Male
P0818,357,TRUE,2/5/24 11:17,anonymous,EN,I consent.,0.843,0.843,1.031,1,No,Yes,Yes,Yes,Yes,Yes,Yes,Yes,Yes,0,0,1.016,0,Yes,Yes,Yes,Yes,Yes,Yes,Yes,Yes,Yes,,,,,,,,,,,,,,,,,,,,,,,,,,,,,,,,,,,,,,,,,,,,,,,,,,,,,,,,,,,,,,,,,,,,,,,,,,,,,,,,,,,,,,,,,,,,,,,,,,,,,,,,,,,,,,,,,,,,,,,,,0,0,1.159,0,,,,,,,,,,,,,No,No,Yes,Yes,Yes,Yes,Yes,Yes,Yes,Describe the setting of the photo you were shown.,Did you see the color of the bench?,Blue,6,,26,Male
P0819,324,TRUE,2/5/24 11:17,anonymous,EN,I consent.,0,0,1.009,0,No,Yes,Yes,Yes,Yes,Yes,Yes,Yes,No,0,0,1.008,0,Yes,Yes,Yes,Yes,No,Yes,Yes,Yes,No,,,,,,,,,,,,,,,,,,,,,,,,,,,,,,,,,,,,,,,,,,,,,,,,,,,,,,,,,,,,,,,,,,,,,,,,,,,,,,,,,,,,,,,,0,0,1.008,0,,,,,,,,,,,,,,,,,Yes,No,No,No,No,No,Yes,Yes,Yes,,,,,,,,,,,,,,,,,,,,,,,,,,,,,,To look at pictures for one second and then see what I remember about the pictures.,Did you notice the color of the object?,Blue,6,,27,Female
P0820,294,TRUE,2/5/24 11:17,anonymous,EN,I consent.,0,0,1.114,0,Yes,Yes,Yes,Yes,Yes,Yes,Yes,No,No,0,0,1.007,0,No,Yes,Yes,Yes,Yes,Yes,Yes,Yes,Yes,,,,,,,,,,,,,,,,,,,,,,,,,,,,,,,,,,,,,,,,,,,,,,,,,,,,,,,,,,,,,,,,,,,,,,,,,,,,,,,,,,,,,,,,,,,,,,,,,,,,,,,,,,,,,,,,,,,,,0,0,1.012,0,,,,,,,,,,,,,,,,,Yes,Yes,No,Yes,Yes,Yes,Yes,Yes,Yes,"View a picture for one minute, provide details",What was the physique of the man,blue,6,,71,Female
P0821,123,TRUE,2/5/24 11:17,anonymous,EN,I consent.,0,0,1.012,0,No,Yes,Yes,Yes,Yes,No,Yes,No,No,0.498,0.498,1.01,1,No,Yes,No,Yes,No,Yes,Yes,No,Yes,,,,,,,,,,,,,,,,,,,,,,,,,,,,,,,,,,0.345,0.345,1.006,1,,,,,,,,,,,,,Yes,Yes,Yes,No,Yes,Yes,No,No,Yes,,,,,,,,,,,,,,,,,,,,,,,,,,,,,,,,,,,,,,,,,,,,,,,,,,,,,,,,,,,,,,,,,,,,,,,,,,,,,,,,,,,,,,,,Looking at an image,Did I notice which hand the person handled the fruit with,Blue,6,,,Prefer not to say
P0822,206,TRUE,2/5/24 11:17,anonymous,EN,I consent.,0,0,1.023,0,No,Yes,Yes,Yes,Yes,Yes,Yes,Yes,Yes,0,0,1.123,0,Yes,Yes,Yes,Yes,Yes,Yes,Yes,Yes,Yes,,,,,,,,,,,,,,,,,,,,,,,,,,,,,,,,,,,,,,,,,,,,,,,,,,,,,,,,,,,,,,,,,,,,,,,,,,,,,,,,,,,,,,,,0,0,1.032,0,,,,,,,,,,,,,,,,,No,Yes,No,No,Yes,No,Yes,Yes,No,,,,,,,,,,,,,,,,,,,,,,,,,,,,,,To answer if we noticed certain details about images that were shown to us for a second. ,Did you notic the age/physique of the candleholder.  ,blue,6,Expected a few more images to answer questions about. ,53,Male
P0823,373,TRUE,2/5/24 11:17,anonymous,EN,I consent.,0,0,1.111,0,No,Yes,Yes,Yes,Yes,Yes,Yes,No,No,0,0,1.012,0,Yes,Yes,Yes,Yes,No,No,Yes,Yes,No,,,,,0,0,1.113,0,,,,,,,,,,,,,Yes,No,No,Yes,Yes,Yes,No,No,Yes,,,,,,,,,,,,,,,,,,,,,,,,,,,,,,,,,,,,,,,,,,,,,,,,,,,,,,,,,,,,,,,,,,,,,,,,,,,,,,,,,,,,,,,,,,,,,,,,,,,,,,,,,,,,,,,,,,,,,My task was to observe an image for one second and then to recall whether I noticed certain elements of the image.,Did you notice the color of the hair of the person in the image?,blue,6,"I actually think I do recall the size of the ball, approximately.",51,Male
P0824,245,TRUE,2/5/24 11:17,anonymous,EN,I consent.,0,0,1.009,0,No,Yes,Yes,Yes,Yes,Yes,Yes,Yes,No,0,0,1.108,0,Yes,Yes,Yes,Yes,Yes,No,Yes,Yes,No,,,,,,,,,,,,,,,,,,,,,,,,,,,,,,,,,,,,,,,,,,,,,,,,,,,,,,,,,,,,,,,,,,,,,,,,,,,,,,,,,,,,,,,,,,,,,,,,,,,,,,,,0,0,1.007,0,No,No,No,No,Yes,No,Yes,Yes,Yes,,,,,,,,,,,,,,,,,,,,,,,,,,,,,,The task was to answer questions related to the pictures that were viewed.,Did you notice the apparent age of the person?,Light blue,6,,20,Female
P0825,255,TRUE,2/5/24 11:17,anonymous,EN,I consent.,0,0,1.008,0,Yes,Yes,Yes,No,Yes,No,Yes,Yes,No,0,0,1.113,0,Yes,Yes,No,Yes,No,No,Yes,Yes,Yes,,,,,,,,,,,,,,,,,,,,,,,,,,,,,,,,,,,,,,,,,,0,0,1.006,0,,,,,No,No,No,Yes,No,No,Yes,Yes,No,,,,,,,,,,,,,,,,,,,,,,,,,,,,,,,,,,,,,,,,,,,,,,,,,,,,,,,,,,,,,,,,,,,,,,,,,,,,,,,,,,,,,,,,To describe an object etc.,Did I notice the color of the object?,blue,6,none,64,Male
P0826,150,TRUE,2/5/24 11:17,anonymous,EN,I consent.,0,0,1.01,0,No,Yes,Yes,Yes,Yes,Yes,Yes,No,Yes,0,0,1.007,0,Yes,Yes,Yes,Yes,Yes,No,Yes,No,Yes,,,,,,,,,,,,,,,,,,,,,,,,,,,,,,,,,,,,,,,,,,,,,,,,,,,,,,,,,,,,,,,,,,,,,,,,,,,,,,,,,,,,,,,,,,,,,,,,,,,,,,,,,,,,,,,,,,,,,,,,,0,0,1.108,0,,,,,,,,,,,,,Yes,No,Yes,Yes,Yes,No,Yes,Yes,No,To look at an image for a very short time and see which details I could recall,If I could recall the age of the person in the image,blue,6,,33,Female
P0827,951,TRUE,2/5/24 11:17,anonymous,EN,I consent.,0,0,1.013,0,No,Yes,No,No,Yes,No,No,No,Yes,0,0,1.011,0,Yes,Yes,Yes,Yes,Yes,Yes,Yes,Yes,Yes,,,,,,,,,,,,,,,,,,,,,,,,,,,,,,,,,,,,,,,,,,,,,,,,,,,,,,,,,,,,,,,,,,,,,,,,,,,,,,,,,,,,,,,,,,,,0,0,1.019,0,,,,,,,,,,,,,Yes,Yes,Yes,No,No,No,No,Yes,Yes,,,,,,,,,,,,,,,,,,,,,,,,,,,,,,it had to be the details of an image per 1 second,Did you notice the material of the object?,blue,6,,37,Male
P0828,317,TRUE,2/5/24 11:17,anonymous,EN,I consent.,0,0,1.007,0,Yes,Yes,Yes,Yes,Yes,Yes,Yes,Yes,Yes,0,0,1.006,0,Yes,Yes,Yes,Yes,Yes,Yes,Yes,Yes,Yes,,,,,,,,,,,,,,,,,,,,,,,,,,,,,,,,,,,,,,,,,,,,,,,,,,,,,,,,,,,,,,,,,,,,,,,,,,,,,,,,,,,,,,,,,,,,0,0,1.005,0,,,,,,,,,,,,,Yes,Yes,Yes,No,Yes,No,Yes,Yes,Yes,,,,,,,,,,,,,,,,,,,,,,,,,,,,,,View an image for 1 second then respond to y/n questions about specific details,did you notice which hand was being used to light the candle,blue,6,,31,Female
P0829,501,TRUE,2/5/24 11:17,anonymous,EN,I consent.,0.689,0.689,1.012,1,No,Yes,Yes,Yes,Yes,No,Yes,Yes,Yes,0,0,1.111,0,Yes,Yes,Yes,No,No,Yes,Yes,Yes,Yes,,,,,,,,,,,,,,,,,,,,,,,,,,,,,,,,,,,,,,,,,,,,,,,,,,,,,,,,,,,,,,,,,,,,,,,,,,,0,0,1.111,0,Yes,Yes,Yes,No,Yes,No,No,Yes,Yes,,,,,,,,,,,,,,,,,,,,,,,,,,,,,,,,,,,,,,,,,,,,,,,,,,,,,,,,,,,To describe different objects in the pictures presented.,Did you notice the height of the animal,Blue ,6,none,31,Female
P0830,393,TRUE,2/5/24 11:17,anonymous,EN,I consent.,0,0,1.007,0,No,Yes,Yes,Yes,No,No,Yes,Yes,Yes,0,0,1.011,0,No,Yes,Yes,Yes,Yes,No,Yes,Yes,No,,,,,,,,,,,,,,,,,,,,,,,,,,,,,,,,,,,,,,,,,,,,,,,,,,,,,,,,,,,0,0,1.007,0,,,,,,,,,,,,,,,,,Yes,Yes,No,Yes,No,Yes,Yes,Yes,No,,,,,,,,,,,,,,,,,,,,,,,,,,,,,,,,,,,,,,,,,,,,,,,,,,,,,,,,,,,"I had to look at an image of a person in a zoo feeding an animal. for one second, Then I had to answer questions about what I noticed.",Did you notice which had the person had the treat in?,blue,6,,40,Non-binary / third gender
P0831,542,TRUE,2/5/24 11:17,anonymous,EN,I consent.,0,0,1.007,0,Yes,Yes,Yes,Yes,Yes,No,Yes,Yes,Yes,0,0,1.114,0,Yes,Yes,Yes,Yes,No,Yes,Yes,Yes,Yes,,,,,,,,,,,,,,,,,,,,,,,,,,,,,,0,0,1.011,0,,,,,,,,,,,,,,,,,Yes,Yes,Yes,Yes,Yes,Yes,Yes,Yes,Yes,,,,,,,,,,,,,,,,,,,,,,,,,,,,,,,,,,,,,,,,,,,,,,,,,,,,,,,,,,,,,,,,,,,,,,,,,,,,,,,,,,,,,,,,I was shown a picture for a second and asked if I remember certain things from it,Did I notice if the object was indoor or outdoor?,blue,6,,38,Male
P0832,108,TRUE,2/5/24 11:17,anonymous,EN,I consent.,0,0,1.014,0,No,Yes,Yes,Yes,Yes,Yes,Yes,No,No,0,0,1.109,0,Yes,Yes,No,Yes,Yes,Yes,Yes,Yes,No,,,,,,,,,,,,,,,,,,,,,,,,,,,,,,0,0,1.114,0,,,,,,,,,,,,,,,,,Yes,Yes,Yes,Yes,Yes,Yes,Yes,Yes,No,,,,,,,,,,,,,,,,,,,,,,,,,,,,,,,,,,,,,,,,,,,,,,,,,,,,,,,,,,,,,,,,,,,,,,,,,,,,,,,,,,,,,,,,Identifying whether I noticed certain details in an image.,Did you notice the size of the fruit?,Blue,6,,26,Male
P0833,361,TRUE,2/5/24 11:17,anonymous,EN,I consent.,0,0,1.007,0,Yes,Yes,Yes,Yes,Yes,Yes,Yes,Yes,No,0,0,1.01,0,Yes,Yes,Yes,Yes,Yes,Yes,Yes,Yes,No,,,,,,,,,0,0,1.008,0,,,,,,,,,Yes,Yes,Yes,Yes,Yes,Yes,Yes,Yes,Yes,,,,,,,,,,,,,,,,,,,,,,,,,,,,,,,,,,,,,,,,,,,,,,,,,,,,,,,,,,,,,,,,,,,,,,,,,,,,,,,,,,,,,,,,,,,,,,,,,,,,,,,,,,,,,,,,,,,,,"To view an image for one second, taking in as many of the details as possible, and answer questions afterwards regarding whether or not certain details were noticed.",Did you notice the trajectory of the ball?,blue,6,,51,Non-binary / third gender
P0834,184,TRUE,2/5/24 11:17,anonymous,EN,I consent.,0,0,1.111,0,No,Yes,No,Yes,No,Yes,Yes,Yes,No,0,0,1.112,0,Yes,Yes,Yes,Yes,No,Yes,Yes,Yes,Yes,,,,,,,,,,,,,,,,,,,,,,,,,,,,,,,,,,,,,,,,,,,,,,,,,,,,,,,,,,,0,0,1.008,0,,,,,,,,,,,,,,,,,Yes,Yes,No,Yes,No,Yes,Yes,Yes,Yes,,,,,,,,,,,,,,,,,,,,,,,,,,,,,,,,,,,,,,,,,,,,,,,,,,,,,,,,,,,Seeing what details we noticed after a quick peek at a picture.,Did we notice what hand the person was feeding the animal with.,Blue,6,,37,Male
P0835,257,TRUE,2/5/24 11:17,anonymous,EN,I consent.,0,0,1.116,0,No,Yes,Yes,Yes,Yes,Yes,Yes,No,No,0,0,1.011,0,Yes,Yes,Yes,Yes,Yes,No,Yes,Yes,Yes,,,,,,,,,,,,,0,0,1.115,0,,,,,Yes,Yes,Yes,Yes,No,No,No,Yes,Yes,,,,,,,,,,,,,,,,,,,,,,,,,,,,,,,,,,,,,,,,,,,,,,,,,,,,,,,,,,,,,,,,,,,,,,,,,,,,,,,,,,,,,,,,,,,,,,,,,,,,,,,,,,,,,,,,,,,,,I was asked to view an image for 1 second and answer questions about what I recalled seeing. ,Did you notice the gender of the person in the image?,blue,6,,44,Female
P0836,369,TRUE,2/5/24 11:17,anonymous,EN,I consent.,0,0,1.014,0,No,Yes,Yes,Yes,No,Yes,Yes,Yes,Yes,0,0,1.111,0,Yes,No,Yes,Yes,Yes,Yes,No,No,Yes,,,,,,,,,,,,,,,,,,,,,,,,,,,,,,,,,,,,,,,,,,,,,,,,,,,,,,,,,,,,,,,,,,,,,,,,,,,,,,,,,,,,,,,,,,,,,,,,0,0,1.011,0,,,,,,,,,Yes,Yes,No,Yes,Yes,No,Yes,Yes,No,,,,,,,,,,,,,,,,,,,,,,,,,,,,,,"The task is about viewing an image and after 1 second it will go oof , afterwhich questions will be asked about the the image.",About a ball on the beach. I was asked if I noticed the cloud in the sky and also if I noticed if the object was in motion.,Sky blue,6,,30,Male
P0837,169,TRUE,2/5/24 11:17,anonymous,EN,I consent.,0,0,1.009,0,Yes,Yes,Yes,Yes,Yes,No,Yes,No,No,0,0,1.119,0,Yes,Yes,No,Yes,No,No,Yes,Yes,Yes,,,,,,,,,,,,,,,,,,,,,,,,,,,,,,,,,,,,,,,,,,,,,,,,,,,,,,,,,,,,,,,,,,,,,,,,,,,,,,,,,,,,,,,,,,,,0,0,1.014,0,,,,,,,,,,,,,No,No,No,No,Yes,No,Yes,Yes,No,,,,,,,,,,,,,,,,,,,,,,,,,,,,,,answered various questions seeing a 1 second picture,Was the object indoors or outdoors,blue,6,,30,Male
P0838,473,TRUE,2/5/24 11:18,anonymous,EN,I consent.,0,0,1.122,0,Yes,Yes,Yes,Yes,Yes,Yes,Yes,Yes,Yes,0,0,1.13,0,Yes,Yes,Yes,Yes,No,Yes,Yes,Yes,Yes,,,,,,,,,,,,,,,,,,,,,,,,,,,,,,,,,,,,,,,,,,0,0,1.131,0,,,,,Yes,Yes,Yes,Yes,Yes,Yes,Yes,Yes,Yes,,,,,,,,,,,,,,,,,,,,,,,,,,,,,,,,,,,,,,,,,,,,,,,,,,,,,,,,,,,,,,,,,,,,,,,,,,,,,,,,,,,,,,,,The task was about noticing details of an image.,Did you notice the kind of fruit the person handled?,Blue,6,No,50,Male
P0839,266,TRUE,2/5/24 11:18,anonymous,EN,I consent.,0,0,1.007,0,No,Yes,Yes,Yes,Yes,Yes,Yes,Yes,No,0,0,1.105,0,Yes,No,Yes,Yes,Yes,Yes,Yes,Yes,Yes,,,,,,,,,,,,,,,,,,,,,,,,,,,,,,,,,,,,,,,,,,,,,,,,,,,,,,,,,,,,,,,,,,,,,,,,,,,,,,,,,,,,,,,,,,,,,,,,0,0,1.109,0,,,,,,,,,Yes,No,Yes,No,Yes,Yes,Yes,Yes,No,,,,,,,,,,,,,,,,,,,,,,,,,,,,,,I saw a picture of an object and had to describe it ,Did I notice what the object was sitting on?, Blue,6,,24,Male
P0840,167,TRUE,2/5/24 11:18,anonymous,EN,I consent.,0,0,1.021,0,Yes,Yes,Yes,Yes,Yes,Yes,Yes,Yes,Yes,0,0,1.114,0,No,Yes,No,Yes,Yes,No,Yes,Yes,Yes,,,,,,,,,,,,,,,,,,,,,,,,,,,,,,,,,,,,,,,,,,,,,,,,,,,,,,,,,,,,,,,,,,,,,,,0.828,0.828,1.013,1,,,,,Yes,Yes,No,Yes,No,Yes,Yes,No,Yes,,,,,,,,,,,,,,,,,,,,,,,,,,,,,,,,,,,,,,,,,,,,,,,,,,,,,,,,,,,look at a image for 1 second before asking questions about it,did you notice the size of the animal?,blue,6,,41,Female
P0841,968,TRUE,2/5/24 11:18,anonymous,EN,I consent.,0,0,1.112,0,No,Yes,Yes,Yes,Yes,Yes,Yes,Yes,Yes,0,0,1.007,0,Yes,Yes,Yes,Yes,No,Yes,Yes,Yes,Yes,,,,,,,,,,,,,,,,,,,,,,,,,,,,,,,,,,,,,,,,,,,,,,,,,,,,,,,,,,,,,,,,,,,0,0,1.005,0,,,,,,,,,Yes,Yes,No,Yes,Yes,Yes,Yes,Yes,Yes,,,,,,,,,,,,,,,,,,,,,,,,,,,,,,,,,,,,,,,,,,,,,,,,,,,,,,,,,,,i was told to look at a picture for 1 second and asked what i remembered from the picture,did you notice what snack was being given,blue,6,,46,Male
P0842,674,TRUE,2/5/24 11:18,anonymous,EN,I consent.,0,0,1.015,0,No,Yes,Yes,Yes,Yes,Yes,Yes,Yes,Yes,0,0,1.017,0,Yes,Yes,No,Yes,Yes,No,Yes,Yes,Yes,,,,,,,,,,,,,,,,,,,,,,,,,,,,,,,,,,,,,,,,,,,,,,,,,,,,,,,,,,,,,,,,,,,,,,,,,,,0,0,1.018,0,Yes,Yes,No,No,No,Yes,No,Yes,No,,,,,,,,,,,,,,,,,,,,,,,,,,,,,,,,,,,,,,,,,,,,,,,,,,,,,,,,,,,whether or not I noticed a detail in the picture shown,which hand did the human feed the animal with ?,blue,6,,56,Male
P0843,221,TRUE,2/5/24 11:18,anonymous,EN,I consent.,0,0,1.123,0,Yes,Yes,Yes,Yes,Yes,Yes,Yes,Yes,Yes,0,0,1.01,0,No,Yes,Yes,Yes,No,Yes,Yes,Yes,Yes,,,,,,,,,,,,,,,,,,,,,,,,,,,,,,,,,,,,,,,,,,,,,,,,,,,,,,,,,,,,,,,,,,,,,,,,,,,,,,,,,,,,,,,,,,,,,,,,,,,,,,,,0,0,1.112,0,Yes,Yes,Yes,Yes,Yes,No,Yes,Yes,No,,,,,,,,,,,,,,,,,,,,,,,,,,,,,,To see a picture for 1 second then answer questions on what I saw. ,"It was about the main and what he was lighting the candle with, like a match....",blue,6,"It was a fun study, thank you.",52,Male
P0844,262,TRUE,2/5/24 11:18,anonymous,EN,I consent.,0,0,1.009,0,No,Yes,Yes,Yes,Yes,No,Yes,No,Yes,0,0,1.113,0,Yes,Yes,Yes,Yes,No,Yes,Yes,Yes,Yes,,,,,0,0,1.006,0,,,,,,,,,,,,,Yes,Yes,Yes,Yes,No,No,No,Yes,Yes,,,,,,,,,,,,,,,,,,,,,,,,,,,,,,,,,,,,,,,,,,,,,,,,,,,,,,,,,,,,,,,,,,,,,,,,,,,,,,,,,,,,,,,,,,,,,,,,,,,,,,,,,,,,,,,,,,,,,Stating if you recall details of the picture,"""Did you notice the size of the ball?""",blue,6,,33,Male
P0845,1203,TRUE,2/5/24 11:18,anonymous,EN,I consent.,0,0,1.112,0,Yes,Yes,Yes,No,No,Yes,Yes,No,No,0,0,1.121,0,No,Yes,Yes,Yes,No,Yes,Yes,Yes,No,,,,,,,,,,,,,0,0,1.11,0,,,,,Yes,Yes,No,Yes,No,No,No,Yes,Yes,,,,,,,,,,,,,,,,,,,,,,,,,,,,,,,,,,,,,,,,,,,,,,,,,,,,,,,,,,,,,,,,,,,,,,,,,,,,,,,,,,,,,,,,,,,,,,,,,,,,,,,,,,,,,,,,,,,,,Indicate the things I noticed in an image after viewing for 1 second,Did you notice the color of the ball?,Blue,6,,26,Male
P0846,157,TRUE,2/5/24 11:18,anonymous,EN,I consent.,0,0,1.02,0,No,Yes,Yes,Yes,Yes,Yes,Yes,No,Yes,0,0,1.125,0,Yes,Yes,Yes,Yes,No,Yes,Yes,Yes,No,,,,,,,,,,,,,,,,,,,,,,,,,,,,,,,,,,,,,,,,,,,,,,0,0,1.121,0,Yes,Yes,Yes,Yes,Yes,Yes,Yes,Yes,No,,,,,,,,,,,,,,,,,,,,,,,,,,,,,,,,,,,,,,,,,,,,,,,,,,,,,,,,,,,,,,,,,,,,,,,,,,,,,,,,,,,,,,,,Look at an image for 1 second and try to recall details.,Did you notice the size of the fruit?,Blue,6,,26,Male
P0847,260,TRUE,2/5/24 11:18,anonymous,EN,I consent.,0,0,1.015,0,No,No,Yes,No,Yes,No,Yes,No,Yes,0,0,1.015,0,Yes,Yes,Yes,No,No,Yes,Yes,No,No,,,,,,,,,,,,,,,,,,,,,,,,,,,,,,,,,,,,,,,,,,,,,,,,,,,,,,,,,,,,,,,,,,,,,,,,,,,,,,,,,,,,,,,,,,,,,,,,,,,,,,,,,,,,,,,,,,,,,,,,,,,,,,,,,0,0,1.115,0,,,,,Yes,Yes,No,Yes,No,No,Yes,Yes,No,I was shown a picture for one second and then had to answer questions about what I could recall.,Is there a refrigerator in the picture?,Blue,6,,39,Male
P0848,226,TRUE,2/5/24 11:18,anonymous,EN,I consent.,0,0,1.109,0,Yes,Yes,Yes,Yes,Yes,Yes,Yes,Yes,Yes,0,0,1.006,0,Yes,Yes,Yes,Yes,Yes,Yes,Yes,Yes,Yes,,,,,,,,,,,,,,,,,,,,,,,,,,,,,,,,,,,,,,,,,,,,,,,,,,,,,,,,,,,,,,,,,,,,,,,,,,,,,,,,,,,,,,,,,,,,,,,,,,,,0,0,1.106,0,,,,,Yes,Yes,No,No,Yes,Yes,Yes,Yes,Yes,,,,,,,,,,,,,,,,,,,,,,,,,,,,,,I had to view a photo of a man lighting a candle and remember what I saw,Did you notice the approximate age of the person in the image,blue,6,,58,Female
P0849,210,TRUE,2/5/24 11:18,anonymous,EN,I consent.,0,0,1.11,0,No,Yes,Yes,Yes,Yes,Yes,Yes,Yes,No,0,0,1.116,0,Yes,Yes,Yes,Yes,Yes,No,Yes,Yes,No,,,,,,,,,,,,,,,,,,,,,,,,,,,,,,,,,,,,,,,,,,,,,,,,,,,,,,,,,,,,,,,,,,,0,0,1.123,0,,,,,,,,,Yes,Yes,No,Yes,Yes,Yes,No,No,Yes,,,,,,,,,,,,,,,,,,,,,,,,,,,,,,,,,,,,,,,,,,,,,,,,,,,,,,,,,,,look at a picture for 1 second and answer questions,what color was the object.,blue,6,,27,Male
P0850,296,TRUE,2/5/24 11:18,anonymous,EN,I consent.,0,0,1.018,0,Yes,Yes,Yes,Yes,Yes,Yes,Yes,Yes,No,0,0,1.015,0,Yes,Yes,Yes,Yes,No,No,Yes,Yes,No,,,,,,,,,,,,,,,,,,,,,,,,,,,,,,0,0,1.011,0,,,,,,,,,,,,,,,,,No,No,Yes,Yes,No,Yes,Yes,Yes,No,,,,,,,,,,,,,,,,,,,,,,,,,,,,,,,,,,,,,,,,,,,,,,,,,,,,,,,,,,,,,,,,,,,,,,,,,,,,,,,,,,,,,,,,Noticing the details in the picture.,Did you notice the mans physique?,Blue,6,,67,Male
P0851,296,TRUE,2/5/24 11:18,anonymous,EN,I consent.,0,0,1.008,0,No,Yes,Yes,Yes,Yes,Yes,Yes,No,Yes,0,0,1.014,0,Yes,Yes,Yes,Yes,Yes,No,Yes,Yes,No,0,0,1.12,0,,,,,,,,,,,,,,,,,Yes,Yes,No,Yes,Yes,Yes,No,Yes,No,,,,,,,,,,,,,,,,,,,,,,,,,,,,,,,,,,,,,,,,,,,,,,,,,,,,,,,,,,,,,,,,,,,,,,,,,,,,,,,,,,,,,,,,,,,,,,,,,,,,,,,,,,,,,,,,,,,,,Viewing a photo for one second then answering questions about what details I noticed.,Did I notice the trajectory of the ball.,Blue.,6,,52,Female
P0852,193,TRUE,2/5/24 11:18,anonymous,EN,I consent.,0,0,1.115,0,No,Yes,Yes,Yes,Yes,Yes,Yes,Yes,Yes,0,0,1.018,0,Yes,Yes,Yes,Yes,Yes,No,Yes,Yes,Yes,0,0,1.024,0,,,,,,,,,,,,,,,,,No,Yes,Yes,No,Yes,No,No,Yes,Yes,,,,,,,,,,,,,,,,,,,,,,,,,,,,,,,,,,,,,,,,,,,,,,,,,,,,,,,,,,,,,,,,,,,,,,,,,,,,,,,,,,,,,,,,,,,,,,,,,,,,,,,,,,,,,,,,,,,,,I was being asked what I noticed in a picture.,Did you notice the hair color of the person in the picture?,Blue,6,I'd like to know the purpose of studies like this.,64,Male
P0853,397,TRUE,2/5/24 11:18,anonymous,EN,I consent.,0,0,1.008,0,No,Yes,Yes,Yes,Yes,Yes,Yes,Yes,Yes,0,0,1.007,0,Yes,Yes,Yes,Yes,Yes,No,Yes,Yes,Yes,,,,,,,,,,,,,,,,,,,,,,,,,,,,,,,,,,,,,,,,,,,,,,,,,,,,,,,,,,,,,,,,,,,,,,,,,,,,,,,,,,,,,,,,,,,,,,,,,,,,,,,,,,,,,,,,,,,,,,,,,0,0,1.106,0,,,,,,,,,,,,,Yes,No,Yes,Yes,No,No,Yes,Yes,Yes,Describe details in a picture,What color was the bench,blue,6,,49,Male
P0854,1222,TRUE,2/5/24 11:18,anonymous,EN,I consent.,0,0,1.008,0,Yes,Yes,Yes,Yes,Yes,Yes,Yes,Yes,Yes,0,0,1.112,0,Yes,Yes,Yes,Yes,Yes,No,Yes,Yes,Yes,,,,,,,,,,,,,,,,,,,,,,,,,,,,,,,,,,,,,,,,,,,,,,,,,,,,,,,,,,,,,,,0,0,1.014,0,,,,,,,,,,,,,Yes,Yes,No,Yes,Yes,Yes,Yes,Yes,Yes,,,,,,,,,,,,,,,,,,,,,,,,,,,,,,,,,,,,,,,,,,,,,,,,,,,,,,,,,,,Observation,Did you notice which hand the treat was in ,blue,6,,61,Male
P0855,112,TRUE,2/5/24 11:18,anonymous,EN,I consent.,0,0,1.009,0,Yes,Yes,Yes,Yes,Yes,Yes,Yes,Yes,Yes,0,0,1.011,0,Yes,Yes,Yes,Yes,Yes,Yes,Yes,Yes,Yes,,,,,0,0,1.009,0,,,,,,,,,,,,,Yes,Yes,Yes,Yes,Yes,Yes,Yes,Yes,Yes,,,,,,,,,,,,,,,,,,,,,,,,,,,,,,,,,,,,,,,,,,,,,,,,,,,,,,,,,,,,,,,,,,,,,,,,,,,,,,,,,,,,,,,,,,,,,,,,,,,,,,,,,,,,,,,,,,,,,Examine an image for 1 second and notice the details,Did you notice the size of the table,blue,6,,41,Female
P0856,145,TRUE,2/5/24 11:18,anonymous,EN,I consent.,0,0,1.113,0,No,Yes,Yes,Yes,Yes,Yes,Yes,Yes,Yes,0,0,1.015,0,Yes,Yes,Yes,Yes,No,Yes,Yes,Yes,No,,,,,,,,,,,,,0.628,0.628,1.014,1,,,,,Yes,Yes,No,Yes,Yes,Yes,No,Yes,Yes,,,,,,,,,,,,,,,,,,,,,,,,,,,,,,,,,,,,,,,,,,,,,,,,,,,,,,,,,,,,,,,,,,,,,,,,,,,,,,,,,,,,,,,,,,,,,,,,,,,,,,,,,,,,,,,,,,,,,I looked at some images for 1 second each then responded if I noticed certain things,Did you notice the size of the table,Blue,6,,41,Male
P0857,465,TRUE,2/5/24 11:18,anonymous,EN,I consent.,0,0,1.018,0,No,Yes,Yes,Yes,Yes,No,Yes,Yes,Yes,0,0,1.014,0,Yes,No,Yes,Yes,Yes,Yes,Yes,Yes,No,,,,,,,,,,,,,,,,,,,,,,,,,,,,,,,,,,,,,,,,,,0.805,0.805,1.018,1,,,,,Yes,No,Yes,Yes,No,Yes,Yes,Yes,Yes,,,,,,,,,,,,,,,,,,,,,,,,,,,,,,,,,,,,,,,,,,,,,,,,,,,,,,,,,,,,,,,,,,,,,,,,,,,,,,,,,,,,,,,,To observe an objects and describe what I saw,Did you notice the patten of the bag,blue,6,smooth survey,60,Male
P0858,483,TRUE,2/5/24 11:18,anonymous,EN,I consent.,0,0,1.106,0,Yes,Yes,Yes,No,Yes,Yes,Yes,Yes,Yes,0,0,1.106,0,No,Yes,Yes,Yes,No,No,Yes,No,Yes,,,,,,,,,,,,,,,,,0,0,1.107,0,No,Yes,No,No,No,No,No,Yes,Yes,,,,,,,,,,,,,,,,,,,,,,,,,,,,,,,,,,,,,,,,,,,,,,,,,,,,,,,,,,,,,,,,,,,,,,,,,,,,,,,,,,,,,,,,,,,,,,,,,,,,,,,,,,,,,,,,,,,,,remembering image details,did you remember if the background was indoors or outdoors?,blue,6,,27,Female
P0859,267,TRUE,2/5/24 11:18,anonymous,EN,I consent.,0,0,1.008,0,No,Yes,Yes,Yes,No,No,Yes,Yes,Yes,0,0,1.106,0,Yes,Yes,No,Yes,Yes,Yes,Yes,Yes,Yes,,,,,,,,,,,,,,,,,,,,,,,,,,,,,,,,,,,,,,,,,,,,,,,,,,,,,,,,,,,,,,,,,,,,,,,,,,,,,,,,,,,,,,,,,,,,,,,,,,,,,,,,0,0,1.006,0,Yes,No,Yes,Yes,Yes,Yes,Yes,Yes,Yes,,,,,,,,,,,,,,,,,,,,,,,,,,,,,,"To see how much information I can retain in a short window and recall it, even if some of the questions are factitious.",Did you take notice of the color of the ball.,Blue,6,,32,Male
P0860,266,TRUE,2/5/24 11:18,anonymous,EN,I consent.,0,0,1.123,0,Yes,Yes,No,Yes,No,No,Yes,No,Yes,0,0,1.124,0,Yes,Yes,No,Yes,Yes,No,Yes,Yes,Yes,,,,,,,,,0,0,1.018,0,,,,,,,,,Yes,Yes,Yes,Yes,Yes,Yes,Yes,Yes,Yes,,,,,,,,,,,,,,,,,,,,,,,,,,,,,,,,,,,,,,,,,,,,,,,,,,,,,,,,,,,,,,,,,,,,,,,,,,,,,,,,,,,,,,,,,,,,,,,,,,,,,,,,,,,,,,,,,,,,,Notice the details ,The person walk to the room and keep the ball,blue,6,none,32,Male
P0861,582,TRUE,2/5/24 11:18,anonymous,EN,I consent.,0,0,1.008,0,Yes,Yes,Yes,Yes,Yes,Yes,Yes,Yes,Yes,0,0,1.106,0,Yes,Yes,Yes,Yes,No,Yes,Yes,Yes,No,,,,,,,,,,,,,,,,,,,,,,,,,,,,,,,,,,,,,,,,,,,,,,,,,,,,,,,,,,,,,,,,,,,,,,,,,,,,,,,,,,,,,,,,,,,,,,,,,,,,,,,,,,,,,,,,,,,,,,,,,,,,,0,0,1.006,0,,,,,,,,,Yes,No,No,Yes,Yes,Yes,Yes,Yes,Yes,noticing details in an image,did you notice the color/pattern,blue,6,,26,Female
P0862,1039,TRUE,2/5/24 11:18,anonymous,EN,I consent.,0,0,1.008,0,No,Yes,Yes,Yes,Yes,Yes,Yes,Yes,Yes,0,0,1.108,0,Yes,Yes,Yes,Yes,No,Yes,Yes,Yes,No,,,,,,,,,,,,,,,,,,,,,,,,,,,,,,,,,,,,,,,,,,,,,,,,,,,,,,,,,,,,,,,,,,,,,,,,,,,,,,,,,,,,,,,,,,,,,,,,,,,,,,,,,,,,,,,,,,,,,0,0,1.108,0,,,,,,,,,,,,,,,,,No,No,Yes,Yes,Yes,No,Yes,Yes,Yes,Look at images for 1 second and answer follow up questions about them.,Did you notice the person's physique?,Blue,6,,22,Female
P0863,837,TRUE,2/5/24 11:18,anonymous,EN,I consent.,0,0,1.008,0,Yes,Yes,Yes,Yes,Yes,Yes,Yes,Yes,Yes,0,0,1.517,0,Yes,Yes,Yes,Yes,Yes,Yes,Yes,Yes,Yes,,,,,,,,,,,,,,,,,,,,,,,,,,,,,,,,,,,,,,,,,,0,0,1.119,0,,,,,Yes,Yes,Yes,Yes,Yes,Yes,No,No,Yes,,,,,,,,,,,,,,,,,,,,,,,,,,,,,,,,,,,,,,,,,,,,,,,,,,,,,,,,,,,,,,,,,,,,,,,,,,,,,,,,,,,,,,,,i was asked to view an image for a second and tell the details of what i saw,what was the color of the object (ball),blue,6,,59,Male
P0864,734,TRUE,2/5/24 11:19,anonymous,EN,I consent.,0,0,1.011,0,Yes,Yes,Yes,No,Yes,No,Yes,Yes,Yes,0,0,1.008,0,No,Yes,No,Yes,Yes,No,Yes,Yes,Yes,,,,,,,,,,,,,,,,,,,,,,,,,,,,,,,,,,,,,,,,,,0,0,1.113,0,,,,,Yes,Yes,Yes,Yes,Yes,Yes,Yes,Yes,Yes,,,,,,,,,,,,,,,,,,,,,,,,,,,,,,,,,,,,,,,,,,,,,,,,,,,,,,,,,,,,,,,,,,,,,,,,,,,,,,,,,,,,,,,,I answered questions about an image I previously saw.,I was asked about the type of fruit the person in the image was holding,blue,6,,53,Male
P0866,309,TRUE,2/5/24 11:19,anonymous,EN,I consent.,0,0,1.016,0,Yes,Yes,Yes,Yes,Yes,Yes,Yes,Yes,No,0,0,1.11,0,Yes,Yes,Yes,Yes,Yes,No,Yes,Yes,Yes,,,,,,,,,,,,,,,,,,,,,,,,,,,,,,,,,,,,,,,,,,,,,,,,,,,,,,,,,,,,,,,,,,,,,,,,,,,,,,,,,,,,,,,,0,0,1.019,0,,,,,,,,,,,,,,,,,Yes,Yes,Yes,Yes,Yes,Yes,Yes,Yes,Yes,,,,,,,,,,,,,,,,,,,,,,,,,,,,,,"To view an image for one second, then answer questions regarding details of the picture.",Did you notice which hand the person used to light the candle?,Blue,6,It was kind of interesting!  The third image was for sure different from the practice ones.  ,61,Female
P0867,287,TRUE,2/5/24 11:19,anonymous,EN,I consent.,0,0,1.12,0,No,Yes,Yes,Yes,Yes,Yes,Yes,Yes,No,0,0,1.121,0,Yes,Yes,Yes,Yes,No,Yes,Yes,Yes,No,,,,,,,,,,,,,,,,,,,,,,,,,,,,,,,,,,,,,,,,,,,,,,,,,,,,,,,,,,,,,,,,,,,,,,,,,,,,,,,,,,,,,,,,,,,,,,,,,,,,,,,,,,,,,,,,,,,,,,,,,,,,,,,,,0,0,1.007,0,,,,,Yes,Yes,Yes,Yes,No,Yes,Yes,Yes,No,We viewed an image for one second and then had to answer yes or no questions about what whether we noticed certain aspects about the image.,Did you notice the size of the bench?,Blue,6,,34,Female
P0868,878,TRUE,2/5/24 11:19,anonymous,EN,I consent.,0,0,1.021,0,Yes,Yes,Yes,Yes,Yes,Yes,Yes,Yes,Yes,0,0,1.022,0,Yes,Yes,Yes,Yes,Yes,Yes,Yes,Yes,Yes,,,,,,,,,,,,,,,,,,,,,,,,,,,,,,,,,,,,,,,,,,,,,,,,,,,,,,,,,,,,,,,,,,,,,,,,,,,,,,,,,,,,,,,,,,,,,,,,,,,,,,,,,,,,,,,,,,,,,,,,,,,,,,,,,,,,,0,0,1.022,0,Yes,Yes,Yes,Yes,Yes,Yes,Yes,Yes,Yes,to observe the details of the image,did i notice the color of the bench,blue,6,thank you,43,Male
P0869,223,TRUE,2/5/24 11:19,anonymous,EN,I consent.,0,0,1.016,0,Yes,Yes,Yes,No,Yes,No,Yes,No,No,0,0,1.02,0,Yes,Yes,Yes,Yes,No,No,Yes,Yes,Yes,,,,,,,,,,,,,,,,,,,,,,,,,,,,,,,,,,,,,,,,,,0,0,1.106,0,,,,,Yes,No,No,Yes,No,No,Yes,No,No,,,,,,,,,,,,,,,,,,,,,,,,,,,,,,,,,,,,,,,,,,,,,,,,,,,,,,,,,,,,,,,,,,,,,,,,,,,,,,,,,,,,,,,,I was to notice as many details as I could while looking at a picture for one second.,One question is what was the build of the woman in the picture?,Blue,6,,30,Female
P0870,393,TRUE,2/5/24 11:19,anonymous,EN,I consent.,0,0,1.012,0,No,Yes,Yes,Yes,Yes,Yes,Yes,Yes,Yes,0,0,1.01,0,Yes,Yes,Yes,Yes,No,No,Yes,Yes,No,,,,,,,,,,,,,,,,,,,,,,,,,,,,,,,,,,,,,,,,,,,,,,,,,,,,,,,,,,,,,,,,,,,,,,,,,,,,,,,,,,,,,,,,,,,,,,,,,,,,,,,,,,,,,,,,,,,,,,,,,,,,,0,0,1.011,0,,,,,,,,,No,No,No,Yes,Yes,Yes,Yes,Yes,No,If I recall certain details of a picture.,where their clouds,blue,6,,64,Male
P0871,88,TRUE,2/5/24 11:19,anonymous,EN,I consent.,0,0,1.017,0,Yes,Yes,Yes,Yes,Yes,Yes,Yes,Yes,Yes,0,0,1.014,0,Yes,Yes,Yes,Yes,Yes,Yes,Yes,Yes,Yes,,,,,,,,,0,0,1.009,0,,,,,,,,,Yes,Yes,Yes,Yes,Yes,Yes,Yes,Yes,Yes,,,,,,,,,,,,,,,,,,,,,,,,,,,,,,,,,,,,,,,,,,,,,,,,,,,,,,,,,,,,,,,,,,,,,,,,,,,,,,,,,,,,,,,,,,,,,,,,,,,,,,,,,,,,,,,,,,,,,I looked at an image for a very brief time and then reported what I noticed about the images.,Did you notice the color of the person's hair?,Blue,6,"No, thank you.",33,Male
P0872,372,TRUE,2/5/24 11:19,anonymous,EN,I consent.,0,0,1.006,0,Yes,Yes,Yes,Yes,Yes,Yes,Yes,Yes,Yes,0,0,1.006,0,Yes,Yes,Yes,Yes,Yes,No,Yes,Yes,Yes,,,,,,,,,,,,,,,,,,,,,,,,,,,,,,,,,,,,,,,,,,,,,,,,,,,,,,,,,,,,,,,0,0,1.007,0,,,,,,,,,,,,,Yes,Yes,No,Yes,Yes,Yes,Yes,Yes,Yes,,,,,,,,,,,,,,,,,,,,,,,,,,,,,,,,,,,,,,,,,,,,,,,,,,,,,,,,,,,If i recall seeing certain details in a picture that showed for 1 second or not. ,If the object was in motion or not,Blue,6,,23,Female
P0873,311,TRUE,2/5/24 11:19,anonymous,EN,I consent.,0,0,1.015,0,No,Yes,Yes,Yes,Yes,Yes,Yes,Yes,Yes,0,0,1.008,0,Yes,Yes,Yes,Yes,Yes,Yes,Yes,Yes,Yes,,,,,,,,,,,,,,,,,,,,,,,,,,,,,,,,,,,,,,,,,,,,,,,,,,,,,,,,,,,,,,,,,,,,,,,,,,,,,,,,,,,,,,,,,,,,,,,,0,0,1.115,0,,,,,,,,,Yes,Yes,No,Yes,Yes,Yes,Yes,Yes,Yes,,,,,,,,,,,,,,,,,,,,,,,,,,,,,,Describing a briefly shown picture.,Do you remember what was used to light the candle,blue,6,,35,Male
P0874,115,TRUE,2/5/24 11:19,anonymous,EN,I consent.,0,0,1.127,0,No,Yes,Yes,Yes,Yes,No,Yes,No,Yes,0,0,1.022,0,Yes,Yes,Yes,Yes,Yes,Yes,Yes,Yes,Yes,,,,,,,,,,,,,,,,,,,,,,,,,,,,,,,,,,,,,,0,0,1.12,0,,,,,,,,,Yes,Yes,Yes,Yes,No,No,Yes,Yes,No,,,,,,,,,,,,,,,,,,,,,,,,,,,,,,,,,,,,,,,,,,,,,,,,,,,,,,,,,,,,,,,,,,,,,,,,,,,,,,,,,,,,,,,,describe an image/recall specific parts,Did you notice whether the item was in motion or not,blue,6,,22,Male
P0875,293,TRUE,2/5/24 11:19,anonymous,EN,I consent.,0,0,1.022,0,Yes,Yes,No,Yes,Yes,No,Yes,Yes,No,0,0,1.123,0,Yes,Yes,No,Yes,No,No,Yes,Yes,Yes,,,,,,,,,,,,,,,,,,,,,,,,,,,,,,,,,,,,,,,,,,,,,,,,,,,,,,,,,,,,,,,,,,,,,,,,,,,,,,,,,,,,,,,,,,,,0,0,1.126,0,,,,,,,,,,,,,Yes,No,No,No,Yes,Yes,Yes,Yes,No,,,,,,,,,,,,,,,,,,,,,,,,,,,,,,See a picture for one second and then say whether or not you noticed particular details,Did you notice how many objects were blue?,Blue,6,,62,Female
P0876,367,TRUE,2/5/24 11:19,anonymous,EN,I consent.,0,0,1.129,0,No,Yes,Yes,Yes,Yes,Yes,Yes,Yes,Yes,0,0,1.016,0,Yes,Yes,Yes,Yes,Yes,Yes,Yes,Yes,No,,,,,,,,,,,,,,,,,,,,,,,,,,,,,,,,,,,,,,,,,,,,,,,,,,,,,,,,,,,,,,,,,,,,,,,,,,,0,0,1.024,0,Yes,Yes,Yes,Yes,Yes,Yes,Yes,Yes,Yes,,,,,,,,,,,,,,,,,,,,,,,,,,,,,,,,,,,,,,,,,,,,,,,,,,,,,,,,,,,look at a photo for 1 second and answer questions about it ,did you notice which hand she was giving the treat with,blue,6,,33,Female
P0877,159,TRUE,2/5/24 11:19,anonymous,EN,I consent.,0,0,1.009,0,Yes,Yes,Yes,Yes,Yes,Yes,Yes,Yes,No,0,0,1.012,0,Yes,Yes,Yes,Yes,Yes,Yes,Yes,Yes,No,,,,,,,,,,,,,,,,,,,,,,,,,,,,,,,,,,,,,,,,,,,,,,,,,,,,,,,,,,,,,,,,,,,,,,,,,,,,,,,,,,,,,,,,,,,,,,,,,,,,,,,,,,,,,,,,,,,,,,,,,,,,,,,,,,,,,0,0,1.007,0,Yes,Yes,Yes,Yes,No,Yes,Yes,Yes,Yes,Look at an image for one second and then state whether or not i noticed certain details,did I notice which foot she was putting the shoe on,blue,6,nope,26,Female
P0878,257,TRUE,2/5/24 11:19,anonymous,EN,I consent.,0,0,1.025,0,Yes,Yes,Yes,Yes,Yes,Yes,Yes,Yes,Yes,0,0,1.126,0,Yes,Yes,Yes,No,Yes,Yes,Yes,Yes,Yes,,,,,,,,,,,,,,,,,0,0,1.117,0,Yes,Yes,Yes,Yes,Yes,Yes,Yes,Yes,Yes,,,,,,,,,,,,,,,,,,,,,,,,,,,,,,,,,,,,,,,,,,,,,,,,,,,,,,,,,,,,,,,,,,,,,,,,,,,,,,,,,,,,,,,,,,,,,,,,,,,,,,,,,,,,,,,,,,,,,remembering image,do you remember the gender of the person,blue,6,,37,Female
P0879,250,TRUE,2/5/24 11:19,anonymous,EN,I consent.,0,0,1.009,0,No,Yes,Yes,Yes,Yes,Yes,Yes,Yes,Yes,0,0,1.008,0,Yes,Yes,Yes,Yes,No,No,Yes,No,Yes,,,,,,,,,,,,,,,,,,,,,,,,,,,,,,,,,,,,,,,,,,,,,,,,,,,,,,,,,,,,,,,,,,,,,,,,,,,,,,,,,,,,,,,,,,,,,,,,0,0,1.109,0,,,,,,,,,No,No,No,No,Yes,Yes,Yes,Yes,Yes,,,,,,,,,,,,,,,,,,,,,,,,,,,,,,TO RECALL AS MANY DETAILS AS POSSIBLE ,THE SIZE OF AN OBJECT ,BLUE,6,,54,Female
P0880,300,TRUE,2/5/24 11:19,anonymous,EN,I consent.,0,0,1.121,0,Yes,Yes,Yes,Yes,Yes,Yes,Yes,No,No,0,0,1.01,0,Yes,Yes,No,Yes,No,No,Yes,Yes,No,,,,,,,,,,,,,,,,,,,,,,,,,,,,,,,,,,,,,,,,,,,,,,,,,,,,,,,,,,,,,,,,,,,,,,,,,,,,,,,,,,,,,,,,,,,,,,,,,,,,0,0,1.012,0,,,,,Yes,Yes,No,No,No,Yes,Yes,Yes,Yes,,,,,,,,,,,,,,,,,,,,,,,,,,,,,,To observe as much about the image as we can within 1 second,Did you notice the direction of the light,blue,6,,63,Female
P0881,128,TRUE,2/5/24 11:19,anonymous,EN,I consent.,0,0,1.123,0,No,Yes,Yes,Yes,Yes,Yes,Yes,Yes,Yes,0,0,1.018,0,Yes,Yes,Yes,Yes,Yes,Yes,Yes,Yes,Yes,,,,,0,0,1.019,0,,,,,,,,,,,,,Yes,Yes,Yes,Yes,Yes,No,No,Yes,Yes,,,,,,,,,,,,,,,,,,,,,,,,,,,,,,,,,,,,,,,,,,,,,,,,,,,,,,,,,,,,,,,,,,,,,,,,,,,,,,,,,,,,,,,,,,,,,,,,,,,,,,,,,,,,,,,,,,,,,I looked at picture for one second and then answered questions on what I recalled seeing in the image.,Did you notice the color of the persons' hair in the picture,blue,6,,46,Male
P0882,364,TRUE,2/5/24 11:19,anonymous,EN,I consent.,0.47,0.47,0.819,1,Yes,No,No,Yes,Yes,Yes,No,Yes,No,0.396,0.396,0.772,1,No,Yes,No,Yes,Yes,No,No,Yes,No,,,,,,,,,,,,,,,,,,,,,,,,,,,,,,,,,,,,,,,,,,,,,,,,,,,,,,,,,,,,,,,,,,,,,,,,,,,,,,,,,,,,,,,,,,,,,,,,,,,,,,,,,,,,,,,,,,,,,,,,,,,,,0.349,0.349,0.681,1,,,,,,,,,Yes,No,No,Yes,Yes,Yes,Yes,Yes,Yes,Answer questions about images shown briefly,did you notice whether he was standing or sitting?,blue,6,,34,Male
P0883,430,TRUE,2/5/24 11:19,anonymous,EN,I consent.,0,0,1.128,0,Yes,Yes,Yes,Yes,Yes,Yes,Yes,Yes,Yes,0,0,1.024,0,Yes,Yes,Yes,Yes,Yes,No,Yes,Yes,No,,,,,,,,,,,,,,,,,,,,,,,,,,,,,,,,,,,,,,,,,,,,,,,,,,,,,,,,,,,,,,,0,0,1.016,0,,,,,,,,,,,,,Yes,Yes,Yes,No,Yes,Yes,Yes,No,No,,,,,,,,,,,,,,,,,,,,,,,,,,,,,,,,,,,,,,,,,,,,,,,,,,,,,,,,,,,After seeing a picture for one second and notice about it.,Can I notice waht kind of treat the person offer.,blue,6,interesting study,48,Male
P0884,491,TRUE,2/5/24 11:19,anonymous,EN,I consent.,0,0,1.113,0,Yes,Yes,Yes,Yes,No,Yes,Yes,Yes,No,0,0,1.008,0,Yes,Yes,Yes,Yes,Yes,Yes,Yes,Yes,No,,,,,,,,,,,,,,,,,,,,,,,,,,,,,,,,,,,,,,,,,,,,,,,,,,,,,,,,,,,,,,,,,,,,,,,,,,,,,,,,,,,,,,,,,,,,,,,,,,,,0,0,1.007,0,,,,,Yes,Yes,Yes,Yes,Yes,Yes,No,Yes,Yes,,,,,,,,,,,,,,,,,,,,,,,,,,,,,,noticing details of an image that i view for 1 second,did you see the size of the cube,blue,6,,30,Male
P0885,255,TRUE,2/5/24 11:19,anonymous,EN,I consent.,0,0,1.108,0,No,Yes,Yes,Yes,Yes,No,Yes,No,No,0,0,1.108,0,Yes,Yes,Yes,Yes,No,Yes,Yes,Yes,No,,,,,,,,,,,,,,,,,,,,,,,,,,,,,,,,,,,,,,,,,,,,,,,,,,,,,,,,,,,,,,,,,,,,,,,,,,,,,,,,,,,,,,,,,,,,,,,,0,0,1.108,0,,,,,,,,,No,Yes,No,No,Yes,Yes,Yes,Yes,Yes,,,,,,,,,,,,,,,,,,,,,,,,,,,,,,to see an image briefly and then answer various questions about whether or not aspects of said image can be recalled ,whether or not I could recall the shape of a candle holder or what was used to light the candle,blue,6,,20,Male
P0886,365,TRUE,2/5/24 11:19,anonymous,EN,I consent.,0,0,1.016,0,Yes,Yes,Yes,Yes,Yes,No,Yes,Yes,Yes,0,0,1.12,0,Yes,Yes,Yes,Yes,No,No,Yes,Yes,No,,,,,,,,,,,,,,,,,,,,,,,,,,,,,,,,,,,,,,,,,,,,,,,,,,,,,,,,,,,0,0,1.114,0,,,,,,,,,,,,,,,,,Yes,Yes,No,Yes,Yes,Yes,Yes,Yes,Yes,,,,,,,,,,,,,,,,,,,,,,,,,,,,,,,,,,,,,,,,,,,,,,,,,,,,,,,,,,,Remember as much as possible from viewing a picture for i sec,Did I notice what kind of animal was being fed,Blue,6,,75,Male
P0887,298,TRUE,2/5/24 11:19,anonymous,EN,I consent.,0,0,1.106,0,Yes,Yes,Yes,Yes,Yes,Yes,Yes,Yes,Yes,0,0,1.007,0,Yes,Yes,Yes,Yes,Yes,Yes,Yes,Yes,No,,,,,,,,,,,,,,,,,,,,,,,,,,,,,,,,,,,,,,,,,,,,,,,,,,,,,,,,,,,,,,,,,,,,,,,,,,,0,0,1.006,0,Yes,Yes,No,No,Yes,Yes,Yes,Yes,Yes,,,,,,,,,,,,,,,,,,,,,,,,,,,,,,,,,,,,,,,,,,,,,,,,,,,,,,,,,,,I was asked questions about a picture I saw for 1 second.,I was asked what hand the person was using to feed the animal.,blue,6,It worked well and was interesting.,50,Male
P0888,187,TRUE,2/5/24 11:19,anonymous,EN,I consent.,0,0,1.008,0,No,Yes,Yes,Yes,Yes,Yes,Yes,Yes,Yes,0,0,1.116,0,Yes,Yes,Yes,Yes,No,Yes,Yes,No,No,,,,,,,,,,,,,,,,,,,,,,,,,,,,,,,,,,,,,,,,,,,,,,,,,,,,,,,,,,,,,,,,,,,,,,,,,,,,,,,,,,,,,,,,,,,,,,,,,,,,,,,,,,,,,,,,,,,,,0,0,1.01,0,,,,,,,,,,,,,,,,,Yes,Yes,Yes,Yes,No,No,Yes,Yes,Yes,I looked at an image for 1 second and then answered a series of questions regarding what I noticed or didn't notice in the image.,Did you notice the color of the bench?,Blue,6,,29,Male
P0889,355,TRUE,2/5/24 11:19,anonymous,EN,I consent.,0,0,1.008,0,No,Yes,Yes,Yes,Yes,No,Yes,Yes,No,0,0,1.111,0,Yes,Yes,Yes,Yes,No,No,Yes,No,Yes,,,,,,,,,,,,,,,,,,,,,,,,,,,,,,,,,,,,,,,,,,,,,,,,,,,,,,,,,,,,,,,,,,,,,,,0.274,0.274,1.007,1,,,,,Yes,Yes,No,Yes,Yes,Yes,Yes,No,Yes,,,,,,,,,,,,,,,,,,,,,,,,,,,,,,,,,,,,,,,,,,,,,,,,,,,,,,,,,,,I had to look at an image for 1 second and then answer what details about the image I noticed.,If I noticed what the person was offering the animal as a treat.,Blue,6,,41,Non-binary / third gender
P0890,143,TRUE,2/5/24 11:19,anonymous,EN,I consent.,0,0,1.109,0,No,Yes,Yes,Yes,Yes,Yes,Yes,Yes,Yes,0,0,1.113,0,Yes,Yes,Yes,Yes,No,Yes,Yes,Yes,Yes,,,,,,,,,,,,,,,,,,,,,,,,,,,,,,,,,,,,,,,,,,,,,,,,,,,,,,,,,,,,,,,,,,,,,,,,,,,,,,,,,,,,,,,,,,,,,,,,,,,,0,0,1.014,0,,,,,Yes,Yes,Yes,No,Yes,Yes,Yes,Yes,No,,,,,,,,,,,,,,,,,,,,,,,,,,,,,,I had to describe details or remember them and be asked questions on them on a picture that was shown to me for 1 second.,Was the object in motion or not.,blue,6,no comments.,41,Male
P0891,186,TRUE,2/5/24 11:19,anonymous,EN,I consent.,0,0,1.011,0,Yes,Yes,Yes,No,Yes,No,Yes,No,Yes,0,0,1.016,0,Yes,Yes,No,Yes,No,Yes,Yes,Yes,Yes,,,,,,,,,,,,,,,,,,,,,,,,,,,,,,,,,,,,,,,,,,,,,,,,,,,,,,,,,,,0,0,1.009,0,,,,,,,,,,,,,,,,,Yes,Yes,No,Yes,No,Yes,Yes,Yes,Yes,,,,,,,,,,,,,,,,,,,,,,,,,,,,,,,,,,,,,,,,,,,,,,,,,,,,,,,,,,,"I saw a picture of a woman giving food to an animal, and I had to answer several questions of if I noticed a certain detail.",Did I notice which hand the woman used to give the food to the animal?,Blue,6,,23,Male
P0892,232,TRUE,2/5/24 11:19,anonymous,EN,I consent.,0,0,1.107,0,Yes,Yes,Yes,Yes,Yes,Yes,Yes,Yes,No,0.996,0.996,1.107,1,Yes,Yes,Yes,Yes,Yes,Yes,Yes,Yes,Yes,,,,,,,,,,,,,0,0,1.114,0,,,,,Yes,Yes,Yes,Yes,Yes,Yes,No,Yes,Yes,,,,,,,,,,,,,,,,,,,,,,,,,,,,,,,,,,,,,,,,,,,,,,,,,,,,,,,,,,,,,,,,,,,,,,,,,,,,,,,,,,,,,,,,,,,,,,,,,,,,,,,,,,,,,,,,,,,,,To notice as much as I could about a particular image,did i notice the hair color of the person,Blue,6,,41,Female
P0893,126,TRUE,2/5/24 11:19,anonymous,EN,I consent.,0,0,1.006,0,Yes,Yes,Yes,Yes,Yes,Yes,Yes,No,Yes,0,0,1.019,0,Yes,Yes,Yes,Yes,Yes,Yes,Yes,Yes,No,,,,,,,,,,,,,,,,,0,0,1.11,0,Yes,Yes,Yes,Yes,No,No,Yes,Yes,Yes,,,,,,,,,,,,,,,,,,,,,,,,,,,,,,,,,,,,,,,,,,,,,,,,,,,,,,,,,,,,,,,,,,,,,,,,,,,,,,,,,,,,,,,,,,,,,,,,,,,,,,,,,,,,,,,,,,,,,Answer questions about pictures,Did you notice what x was on,blue,6,What's with math question as checks now? ,33,Male
P0894,314,TRUE,2/5/24 11:19,anonymous,EN,I consent.,0,0,1.108,0,Yes,Yes,Yes,Yes,Yes,Yes,Yes,Yes,No,0,0,1.107,0,Yes,Yes,Yes,Yes,Yes,Yes,Yes,Yes,Yes,,,,,,,,,,,,,,,,,,,,,,,,,,,,,,,,,,,,,,,,,,,,,,,,,,,,,,,,,,,,,,,,,,,0,0,1.11,0,,,,,,,,,Yes,Yes,No,Yes,Yes,Yes,Yes,Yes,Yes,,,,,,,,,,,,,,,,,,,,,,,,,,,,,,,,,,,,,,,,,,,,,,,,,,,,,,,,,,,View a picture for one second then answer questions about what I saw.,Was the object in the picture stable?,blue,6,,52,Female
P0895,225,TRUE,2/5/24 11:19,anonymous,EN,I consent.,0,0,1.108,0,No,Yes,Yes,Yes,Yes,No,Yes,Yes,Yes,0,0,1.108,0,No,Yes,Yes,Yes,No,No,Yes,Yes,Yes,,,,,,,,,,,,,,,,,,,,,,,,,,,,,,,,,,,,,,,,,,,,,,,,,,,,,,,,,,,,,,,,,,,,,,,0,0,1.008,0,,,,,Yes,Yes,No,No,No,Yes,Yes,Yes,No,,,,,,,,,,,,,,,,,,,,,,,,,,,,,,,,,,,,,,,,,,,,,,,,,,,,,,,,,,,I had to look at pictures and answer questions,Do you remember which color/pattern the object was?,Blue,6,,32,Male
P0896,195,TRUE,2/5/24 11:19,anonymous,EN,I consent.,0,0,1.011,0,No,Yes,Yes,Yes,Yes,Yes,Yes,Yes,No,0,0,1.012,0,Yes,Yes,Yes,Yes,Yes,Yes,Yes,Yes,No,,,,,,,,,,,,,,,,,,,,,,,,,,,,,,,,,,0,0,1.111,0,,,,,,,,,,,,,Yes,Yes,Yes,Yes,No,No,Yes,No,No,,,,,,,,,,,,,,,,,,,,,,,,,,,,,,,,,,,,,,,,,,,,,,,,,,,,,,,,,,,,,,,,,,,,,,,,,,,,,,,,,,,,,,,,To answer questions about the photo that is shown for one second.,Did you notice the size of the object?,Blue,6,,55,Male
P0897,262,TRUE,2/5/24 11:19,anonymous,EN,I consent.,0,0,1.116,0,Yes,Yes,Yes,Yes,No,No,Yes,Yes,Yes,0,0,1.011,0,No,Yes,Yes,Yes,Yes,No,Yes,Yes,Yes,,,,,,,,,,,,,,,,,,,,,,,,,,,,,,,,,,,,,,,,,,,,,,,,,,,,,,,,,,,,,,,,,,,,,,,,,,,,,,,,,,,,,,,,,,,,,,,,,,,,,,,,,,,,,,,,,,,,,,,,,,,,,,,,,0,0,1.116,0,,,,,No,No,No,Yes,No,Yes,Yes,Yes,No,answer questions about a picture I viewed very briefly,did you notice if the person was wearing socks,blue,6,no,70,Female
P0898,194,TRUE,2/5/24 11:20,anonymous,EN,I consent.,0,0,1.008,0,Yes,Yes,Yes,Yes,Yes,Yes,Yes,Yes,Yes,0,0,1.107,0,No,Yes,Yes,Yes,Yes,Yes,Yes,No,No,,,,,,,,,,,,,,,,,,,,,,,,,,,,,,,,,,,,,,,,,,,,,,,,,,,,,,,,,,,,,,,0,0,1.009,0,,,,,,,,,,,,,Yes,Yes,No,Yes,No,Yes,Yes,No,No,,,,,,,,,,,,,,,,,,,,,,,,,,,,,,,,,,,,,,,,,,,,,,,,,,,,,,,,,,,see a photo for one second and answer questions about what i saw,did i notice the background,blue,6,none,51,Female
P0899,181,TRUE,2/5/24 11:20,anonymous,EN,I consent.,0,0,1.113,0,Yes,Yes,Yes,Yes,Yes,No,Yes,Yes,Yes,0,0,1.006,0,Yes,Yes,Yes,Yes,No,Yes,Yes,Yes,Yes,,,,,,,,,,,,,,,,,,,,,,,,,,,,,,,,,,,,,,,,,,,,,,,,,,,,,,,,,,,,,,,0,0,1.115,0,,,,,,,,,,,,,Yes,Yes,Yes,Yes,Yes,Yes,Yes,No,Yes,,,,,,,,,,,,,,,,,,,,,,,,,,,,,,,,,,,,,,,,,,,,,,,,,,,,,,,,,,,to view a image for 1 sec and see what you noticed about it,did you notice what hand the person holding up the treat with,blue,6,good straightforward study,40,Male
P0900,202,TRUE,2/5/24 11:20,anonymous,EN,I consent.,0,0,1.008,0,Yes,Yes,Yes,Yes,Yes,Yes,Yes,No,Yes,0,0,1.008,0,Yes,Yes,Yes,Yes,Yes,Yes,Yes,Yes,No,,,,,,,,,,,,,,,,,,,,,,,,,,,,,,,,,,,,,,,,,,,,,,,,,,,,,,,,,,,,,,,,,,,,,,,,,,,,,,,,,,,,,,,,,,,,,,,,,,,,,,,,0,0,1.005,0,Yes,Yes,No,No,Yes,Yes,Yes,Yes,No,,,,,,,,,,,,,,,,,,,,,,,,,,,,,,describing details of an image that popped up for 1 second. ,Did you notice the color of the object?,blue,6,,41,Male
P0901,276,TRUE,2/5/24 11:20,anonymous,EN,I consent.,0,0,1.117,0,Yes,Yes,Yes,Yes,Yes,Yes,Yes,Yes,Yes,0,0,1.107,0,Yes,Yes,Yes,Yes,Yes,Yes,Yes,Yes,Yes,,,,,,,,,,,,,,,,,,,,,,,,,,,,,,0,0,1.114,0,,,,,,,,,,,,,,,,,Yes,Yes,Yes,Yes,Yes,Yes,Yes,Yes,Yes,,,,,,,,,,,,,,,,,,,,,,,,,,,,,,,,,,,,,,,,,,,,,,,,,,,,,,,,,,,,,,,,,,,,,,,,,,,,,,,,,,,,,,,,About noticing details,Did you notice the color of the object,blue,6,,59,Male
P0902,143,TRUE,2/5/24 11:20,anonymous,EN,I consent.,0,0,1.007,0,Yes,Yes,Yes,Yes,Yes,Yes,Yes,Yes,Yes,0,0,1.106,0,Yes,Yes,Yes,Yes,No,Yes,Yes,Yes,No,,,,,,,,,,,,,,,,,,,,,,,,,,,,,,,,,,,,,,,,,,,,,,,,,,,,,,,,,,,,,,,,,,,0,0,1.108,0,,,,,,,,,Yes,Yes,No,Yes,No,Yes,Yes,Yes,Yes,,,,,,,,,,,,,,,,,,,,,,,,,,,,,,,,,,,,,,,,,,,,,,,,,,,,,,,,,,,Recall details of an image after viewing it for a second,Can you remember the color of the person's clothes,Blue,6,,30,Male
P0903,695,TRUE,2/5/24 11:20,anonymous,EN,I consent.,0,0,1.11,0,Yes,Yes,Yes,Yes,Yes,Yes,Yes,No,Yes,0,0,1.011,0,Yes,Yes,Yes,Yes,No,Yes,Yes,No,Yes,,,,,,,,,,,,,,,,,,,,,,,,,,,,,,,,,,,,,,,,,,,,,,0,0,1.108,0,Yes,Yes,Yes,Yes,Yes,Yes,Yes,Yes,Yes,,,,,,,,,,,,,,,,,,,,,,,,,,,,,,,,,,,,,,,,,,,,,,,,,,,,,,,,,,,,,,,,,,,,,,,,,,,,,,,,,,,,,,,,to look at an image for 1 second then answer questions about it. ,Did you notice what type of fruit was in the image? ,blue,6,,43,Female
P0904,267,TRUE,2/5/24 11:20,anonymous,EN,I consent.,0,0,1.108,0,Yes,No,Yes,Yes,Yes,Yes,Yes,Yes,Yes,0,0,1.016,0,Yes,Yes,Yes,Yes,No,Yes,Yes,Yes,Yes,,,,,,,,,,,,,,,,,,,,,,,,,,,,,,,,,,,,,,,,,,,,,,,,,,,,,,,,,,,,,,,,,,,,,,,,,,,,,,,,,,,,,,,,,,,,,,,,,,,,,,,,0,0,1.116,0,Yes,No,No,Yes,Yes,Yes,Yes,Yes,No,,,,,,,,,,,,,,,,,,,,,,,,,,,,,,Look at images for 1 second and recall what details that you saw in the photos.,Did you notice if a person was in the photo?,Blue,6,,68,Female
P0905,257,TRUE,2/5/24 11:20,anonymous,EN,I consent.,0,0,1.01,0,No,Yes,Yes,Yes,Yes,Yes,Yes,Yes,Yes,0,0,1.107,0,Yes,Yes,Yes,Yes,No,Yes,Yes,Yes,No,,,,,,,,,,,,,,,,,,,,,,,,,,,,,,,,,,,,,,,,,,,,,,0,0,1.007,0,No,No,Yes,Yes,No,Yes,Yes,Yes,Yes,,,,,,,,,,,,,,,,,,,,,,,,,,,,,,,,,,,,,,,,,,,,,,,,,,,,,,,,,,,,,,,,,,,,,,,,,,,,,,,,,,,,,,,,To state whether one had noticed specific details in an image.,Did you notice if the object was inside or outside.,blue,6,,62,Male
P0906,325,TRUE,2/5/24 11:20,anonymous,EN,I consent.,0,0,1.125,0,Yes,Yes,Yes,Yes,Yes,No,Yes,Yes,Yes,0.607,0.607,1.026,1,Yes,Yes,Yes,Yes,Yes,Yes,Yes,Yes,Yes,,,,,,,,,,,,,,,,,,,,,,,,,,,,,,,,,,,,,,0.56,0.56,1.038,1,,,,,,,,,Yes,Yes,Yes,Yes,Yes,No,Yes,Yes,Yes,,,,,,,,,,,,,,,,,,,,,,,,,,,,,,,,,,,,,,,,,,,,,,,,,,,,,,,,,,,,,,,,,,,,,,,,,,,,,,,,,,,,,,,,Describing images we only saw for 1 second,Did you notice if there was a person or not?,Blue,6,,38,Female
P0907,226,TRUE,2/5/24 11:20,anonymous,EN,I consent.,0,0,1.007,0,No,Yes,Yes,Yes,Yes,No,Yes,Yes,No,0,0,1.005,0,Yes,Yes,Yes,Yes,No,No,Yes,Yes,Yes,,,,,,,,,,,,,,,,,,,,,,,,,,,,,,,,,,,,,,,,,,,,,,,,,,,,,,,,,,,,,,,,,,,,,,,,,,,,,,,,,,,,,,,,,,,,,,,,,,,,,,,,,,,,,,,,,,,,,,,,,,,,,0,0,1.006,0,,,,,,,,,No,No,No,Yes,Yes,No,Yes,Yes,Yes,My task was to look at an image very briefly and then answer questions about what I noticed.,Did you notice the color of the object?,blue,6,,58,Female
P0908,150,TRUE,2/5/24 11:20,anonymous,EN,I consent.,0,0,1.112,0,Yes,Yes,Yes,Yes,Yes,No,Yes,Yes,No,0,0,1.008,0,Yes,Yes,Yes,Yes,No,No,Yes,No,No,,,,,,,,,,,,,,,,,,,,,,,,,,,,,,,,,,,,,,,,,,,,,,,,,,,,,,,,,,,,,,,,,,,,,,,,,,,,,,,,,,,,,,,,,,,,,,,,,,,,,,,,,,,,,,,,,,,,,0,0,1.008,0,,,,,,,,,,,,,,,,,Yes,No,Yes,Yes,Yes,Yes,Yes,No,No,Note if you observed details from looking at a picture for 1 second,Did you notice how long the bench was,Blue,6,,32,Female
P0909,272,TRUE,2/5/24 11:20,anonymous,EN,I consent.,0,0,1.007,0,Yes,Yes,Yes,Yes,Yes,Yes,Yes,Yes,Yes,0,0,1.007,0,Yes,Yes,Yes,Yes,No,Yes,Yes,Yes,Yes,,,,,,,,,,,,,,,,,,,,,,,,,,,,,,0,0,1.007,0,,,,,,,,,,,,,,,,,Yes,Yes,Yes,No,No,Yes,Yes,Yes,Yes,,,,,,,,,,,,,,,,,,,,,,,,,,,,,,,,,,,,,,,,,,,,,,,,,,,,,,,,,,,,,,,,,,,,,,,,,,,,,,,,,,,,,,,,"I was told the title of a picture, then I was able to see the picture for 1 second.  After that, I was asked several yes or no questions about what I was able to observe in the picture.",Were you able to observe the type of fruit in the picture,Blue,6,,34,Female
P0910,210,TRUE,2/5/24 11:20,anonymous,EN,I consent.,0,0,1.021,0,Yes,Yes,Yes,Yes,Yes,Yes,Yes,Yes,Yes,0,0,1.015,0,Yes,Yes,Yes,Yes,Yes,Yes,Yes,Yes,Yes,,,,,,,,,,,,,,,,,,,,,,,,,,,,,,,,,,,,,,0,0,1.113,0,,,,,,,,,Yes,Yes,Yes,Yes,No,Yes,Yes,Yes,No,,,,,,,,,,,,,,,,,,,,,,,,,,,,,,,,,,,,,,,,,,,,,,,,,,,,,,,,,,,,,,,,,,,,,,,,,,,,,,,,,,,,,,,,To look at an image for 1 second and respond to questions about the image.,Did you noticed the size of the object?,blue,6,,40,Female
P0911,153,TRUE,2/5/24 11:20,anonymous,EN,I consent.,0,0,1.107,0,Yes,Yes,Yes,Yes,Yes,Yes,Yes,No,No,0,0,1.006,0,Yes,Yes,Yes,Yes,No,Yes,Yes,Yes,Yes,,,,,,,,,,,,,,,,,,,,,,,,,,,,,,,,,,,,,,,,,,,,,,,,,,,,,,,,,,,,,,,,,,,,,,,,,,,,,,,,,,,,,,,,,,,,,,,,,,,,,,,,,,,,,,,,,,,,,,,,,0,0,1.006,0,,,,,,,,,,,,,Yes,No,Yes,Yes,Yes,Yes,Yes,Yes,Yes,I had to look at a picture for one second and then state whether or not I noticed certain details,Did you notice if it was the left or right shoe that was removed,Blue,6,,22,Female
P0912,297,TRUE,2/5/24 11:20,anonymous,EN,I consent.,0,0,1.013,0,No,Yes,Yes,Yes,Yes,Yes,Yes,Yes,No,0,0,1.017,0,Yes,Yes,Yes,Yes,Yes,No,Yes,Yes,No,,,,,,,,,,,,,,,,,0,0,1.02,0,Yes,Yes,Yes,Yes,Yes,Yes,No,Yes,Yes,,,,,,,,,,,,,,,,,,,,,,,,,,,,,,,,,,,,,,,,,,,,,,,,,,,,,,,,,,,,,,,,,,,,,,,,,,,,,,,,,,,,,,,,,,,,,,,,,,,,,,,,,,,,,,,,,,,,,I viewed an image for one second and then answered questions about it,Did you notice the height of the person,blue,6,,28,Female
P0913,198,TRUE,2/5/24 11:20,anonymous,EN,I consent.,0,0,1.014,0,No,Yes,Yes,Yes,Yes,Yes,Yes,No,Yes,0,0,1.009,0,Yes,Yes,Yes,Yes,No,Yes,Yes,Yes,No,0,0,1.109,0,,,,,,,,,,,,,,,,,No,Yes,No,Yes,Yes,Yes,Yes,Yes,Yes,,,,,,,,,,,,,,,,,,,,,,,,,,,,,,,,,,,,,,,,,,,,,,,,,,,,,,,,,,,,,,,,,,,,,,,,,,,,,,,,,,,,,,,,,,,,,,,,,,,,,,,,,,,,,,,,,,,,,Answer questions related to a picture that was shown for 1 second.,Did you notice the shape of the table?,blue,6,,39,Female
P0914,279,TRUE,2/5/24 11:20,anonymous,EN,I consent.,0,0,1.015,0,Yes,Yes,No,Yes,No,No,Yes,Yes,Yes,0,0,1.014,0,Yes,Yes,Yes,Yes,No,Yes,Yes,Yes,Yes,,,,,,,,,,,,,,,,,,,,,,,,,,,,,,,,,,,,,,,,,,,,,,,,,,,,,,,,,,,,,,,,,,,,,,,,,,,0,0,1.115,0,Yes,No,Yes,No,No,Yes,Yes,Yes,Yes,,,,,,,,,,,,,,,,,,,,,,,,,,,,,,,,,,,,,,,,,,,,,,,,,,,,,,,,,,,answer questions about an image for  one second,was a person in the picture,blue,6,,56,Female
P0915,411,TRUE,2/5/24 11:20,anonymous,EN,I consent.,0,0,1.116,0,Yes,Yes,Yes,Yes,Yes,Yes,Yes,Yes,Yes,0,0,1.009,0,Yes,No,Yes,Yes,Yes,Yes,Yes,No,No,0,0,1.008,0,,,,,,,,,,,,,,,,,Yes,Yes,Yes,Yes,Yes,Yes,Yes,Yes,Yes,,,,,,,,,,,,,,,,,,,,,,,,,,,,,,,,,,,,,,,,,,,,,,,,,,,,,,,,,,,,,,,,,,,,,,,,,,,,,,,,,,,,,,,,,,,,,,,,,,,,,,,,,,,,,,,,,,,,,I was to look at a picture for one second and answer questions about what details I noticed or not. ,I was asked it I could tell the trajectory of the ball going from right to left or left to right.,blue,6,I had no problems. I just was surprised at how much detail my eyes actually got from one second of seeing a picture. I thought I would not recognize much but I did. ,54,Female
P0916,327,TRUE,2/5/24 11:20,anonymous,EN,I consent.,0,0,1.115,0,Yes,Yes,Yes,Yes,Yes,Yes,Yes,No,Yes,0,0,1.008,0,Yes,Yes,Yes,Yes,Yes,Yes,Yes,Yes,No,,,,,,,,,,,,,,,,,,,,,,,,,,,,,,,,,,,,,,,,,,,,,,,,,,,,,,,,,,,0,0,1.009,0,,,,,,,,,,,,,,,,,Yes,Yes,Yes,Yes,Yes,Yes,Yes,Yes,Yes,,,,,,,,,,,,,,,,,,,,,,,,,,,,,,,,,,,,,,,,,,,,,,,,,,,,,,,,,,,"I was asked to view pictures, remember details of objects or things in the pictures and answer questions about each picture.",Did you notice if a person was present or not present in the picture.,Blue,6,,32,Male
P0917,314,TRUE,2/5/24 11:21,anonymous,EN,I consent.,0,0,1.014,0,No,Yes,Yes,Yes,Yes,Yes,Yes,Yes,Yes,0,0,1.113,0,Yes,Yes,Yes,Yes,No,No,Yes,Yes,Yes,,,,,,,,,,,,,,,,,,,,,,,,,,,,,,,,,,,,,,,,,,,,,,,,,,,,,,,,,,,,,,,,,,,,,,,,,,,,,,,,,,,,,,,,,,,,,,,,,,,,,,,,,,,,,,,,,,,,,,,,,,,,,,,,,,,,,0,0,1.014,0,Yes,No,Yes,Yes,No,Yes,Yes,Yes,Yes,Describe something I saw for only 1 second.,Did I notice the size of the bench.,blue,6,,62,Female
P0918,342,TRUE,2/5/24 11:21,anonymous,EN,I consent.,0,0,1.007,0,Yes,Yes,Yes,Yes,Yes,No,Yes,No,Yes,0,0,1.12,0,Yes,Yes,Yes,Yes,No,Yes,Yes,Yes,Yes,,,,,,,,,,,,,,,,,,,,,,,,,,,,,,,,,,,,,,,,,,,,,,,,,,,,,,,,,,,,,,,,,,,,,,,,,,,,,,,,,,,,,,,,0,0,1.11,0,,,,,,,,,,,,,,,,,Yes,Yes,No,No,Yes,Yes,Yes,Yes,Yes,,,,,,,,,,,,,,,,,,,,,,,,,,,,,,To look at an image for one second with total focus and then answer questions about it.,Did you notice any humans in the image?,blue,6,,39,Male
P0919,274,TRUE,2/5/24 11:21,anonymous,EN,I consent.,0,0,1.018,0,Yes,Yes,Yes,No,Yes,Yes,Yes,Yes,No,0,0,1.026,0,No,Yes,Yes,Yes,Yes,Yes,Yes,Yes,Yes,,,,,,,,,,,,,,,,,,,,,,,,,,,,,,,,,,,,,,,,,,,,,,,,,,,,,,,,,,,,,,,,,,,,,,,,,,,,,,,,,,,,,,,,,,,,0,0,1.02,0,,,,,,,,,,,,,No,No,No,No,Yes,Yes,Yes,Yes,Yes,,,,,,,,,,,,,,,,,,,,,,,,,,,,,,Identifying whether or not I noticed certain details about the image I was shown,Did you notice whether there was a refrigerator in the image?,Blue,6,,65,Female
P0920,217,TRUE,2/5/24 11:21,anonymous,EN,I consent.,0,0,1.116,0,No,Yes,Yes,Yes,Yes,Yes,Yes,Yes,No,0,0,1.011,0,Yes,Yes,Yes,Yes,Yes,Yes,Yes,Yes,Yes,0,0,1.008,0,,,,,,,,,,,,,,,,,No,Yes,Yes,Yes,Yes,Yes,Yes,Yes,Yes,,,,,,,,,,,,,,,,,,,,,,,,,,,,,,,,,,,,,,,,,,,,,,,,,,,,,,,,,,,,,,,,,,,,,,,,,,,,,,,,,,,,,,,,,,,,,,,,,,,,,,,,,,,,,,,,,,,,,I answered questions about what I saw in a image.,Did you notice what the object was the object sitting on?,blue,6,,44,Male
P0921,291,TRUE,2/5/24 11:21,anonymous,EN,I consent.,0,0,1.111,0,Yes,Yes,Yes,Yes,Yes,Yes,Yes,Yes,No,0,0,1.01,0,Yes,Yes,Yes,Yes,Yes,Yes,Yes,Yes,No,,,,,0,0,1.008,0,,,,,,,,,,,,,Yes,Yes,No,Yes,No,No,No,Yes,Yes,,,,,,,,,,,,,,,,,,,,,,,,,,,,,,,,,,,,,,,,,,,,,,,,,,,,,,,,,,,,,,,,,,,,,,,,,,,,,,,,,,,,,,,,,,,,,,,,,,,,,,,,,,,,,,,,,,,,,To answer questions about an image that was only shown for 1 second,Did I notice the shape of the table,blue,6,,45,Male
P0922,226,TRUE,2/5/24 11:21,anonymous,EN,I consent.,0,0,1.114,0,No,Yes,Yes,Yes,Yes,Yes,Yes,No,No,0,0,1.107,0,Yes,Yes,Yes,Yes,No,No,Yes,Yes,No,,,,,,,,,,,,,,,,,,,,,,,,,,,,,,,,,,,,,,,,,,,,,,,,,,,,,,,,,,,,,,,,,,,,,,,,,,,,,,,,,,,,,,,,,,,,,,,,,,,,0,0,1.115,0,,,,,Yes,No,No,No,Yes,Yes,Yes,Yes,Yes,,,,,,,,,,,,,,,,,,,,,,,,,,,,,,to see if I noticed details in a photo,what hand did the person light the candle with,blue,6,,46,Male
P0923,207,TRUE,2/5/24 11:21,anonymous,EN,I consent.,0,0,1.005,0,Yes,Yes,Yes,Yes,Yes,Yes,Yes,Yes,Yes,0,0,1.005,0,Yes,Yes,Yes,Yes,Yes,Yes,Yes,Yes,Yes,,,,,,,,,,,,,,,,,,,,,,,,,,,,,,,,,,,,,,,,,,,,,,,,,,,,,,,,,,,,,,,,,,,,,,,,,,,,,,,,,,,,,,,,0,0,1.004,0,,,,,,,,,,,,,,,,,Yes,Yes,Yes,Yes,No,No,Yes,Yes,Yes,,,,,,,,,,,,,,,,,,,,,,,,,,,,,,I looked at an image for one second and recalled if i saw something.,Did you notice the persons apparent age?,blue,6,,22,Male
P0924,327,TRUE,2/5/24 11:21,anonymous,EN,I consent.,0,0,1.107,0,Yes,Yes,Yes,Yes,Yes,Yes,Yes,Yes,Yes,0,0,1.007,0,Yes,Yes,Yes,Yes,Yes,Yes,Yes,Yes,Yes,,,,,,,,,,,,,,,,,,,,,,,,,,,,,,,,,,,,,,,,,,,,,,,,,,,,,,,,,,,,,,,,,,,,,,,,,,,,,,,,,,,,,,,,,,,,,,,,,,,,,,,,,,,,,,,,,,,,,,,,,,,,,,,,,0,0,1.107,0,,,,,Yes,Yes,Yes,Yes,Yes,Yes,Yes,Yes,Yes,Viewing an image for 1 second then answering awareness questions pertaining to the image.,Did I notice if the person was wearing socks,Blue,6,It went well,63,Female
P0925,203,TRUE,2/5/24 11:21,anonymous,EN,I consent.,0,0,1.107,0,No,Yes,Yes,No,Yes,No,Yes,No,Yes,0,0,1.106,0,No,Yes,Yes,Yes,No,Yes,Yes,No,No,,,,,,,,,,,,,,,,,,,,,,,,,,,,,,,,,,,,,,,,,,,,,,,,,,,,,,,,,,,,,,,,,,,,,,,,,,,,,,,,,,,,,,,,,,,,,,,,,,,,,,,,,,,,,,,,,,,,,,,,,,,,,0,0,1.006,0,,,,,,,,,No,Yes,Yes,Yes,Yes,No,No,Yes,Yes,analyze  photos,did you notice if this photo was indoors or outdoors,blue,6,,36,Female
P0926,258,TRUE,2/5/24 11:21,anonymous,EN,I consent.,0,0,1.115,0,No,Yes,Yes,Yes,No,Yes,Yes,Yes,No,0,0,1.01,0,Yes,Yes,No,Yes,Yes,No,No,No,No,,,,,,,,,,,,,,,,,,,,,,,,,,,,,,,,,,,,,,,,,,0,0,1.109,0,,,,,Yes,Yes,No,No,Yes,No,Yes,Yes,Yes,,,,,,,,,,,,,,,,,,,,,,,,,,,,,,,,,,,,,,,,,,,,,,,,,,,,,,,,,,,,,,,,,,,,,,,,,,,,,,,,,,,,,,,,notice the details,DID I SEE THE COLOR OF THE OBJECT,BLUE,6,,33,Male
P0927,839,TRUE,2/5/24 11:21,anonymous,EN,I consent.,0,0,1.006,0,No,Yes,Yes,Yes,Yes,No,Yes,Yes,Yes,0,0,1.006,0,No,Yes,No,Yes,No,No,Yes,Yes,Yes,,,,,,,,,,,,,,,,,,,,,,,,,,,,,,,,,,,,,,,,,,,,,,,,,,,,,,,,,,,,,,,,,,,,,,,,,,,,,,,,,,,,,,,,,,,,,,,,,,,,,,,,,,,,,,,,,,,,,,,,,0,0,1.114,0,,,,,,,,,,,,,Yes,Yes,Yes,Yes,Yes,Yes,Yes,Yes,Yes,I had to look at a photo for one seconds and try and remember as much detail as I could,What Color was the Bench? A: Regular Oak wood w/metal. Q: Was She Sitting or Standing? Answer: She was Sitting. Q. What shoes was she putting on was it Right /Left? Answer; LEFT FOOT.  ,Blue,6,No I think I did pretty good. Thank you.,58,Female
P0928,503,TRUE,2/5/24 11:21,anonymous,EN,I consent.,0,0,1.01,0,No,Yes,Yes,Yes,Yes,Yes,Yes,Yes,Yes,0,0,1.107,0,Yes,Yes,Yes,Yes,Yes,Yes,Yes,Yes,Yes,,,,,,,,,,,,,,,,,,,,,,,,,,,,,,,,,,0,0,1.006,0,,,,,,,,,,,,,Yes,Yes,No,Yes,No,Yes,Yes,Yes,No,,,,,,,,,,,,,,,,,,,,,,,,,,,,,,,,,,,,,,,,,,,,,,,,,,,,,,,,,,,,,,,,,,,,,,,,,,,,,,,,,,,,,,,,To identify objects in the study and ask questions about the image as a whole.,what was the pattern on the bag,blue,6,no,,Female
P0929,228,TRUE,2/5/24 11:21,anonymous,EN,I consent.,0,0,1.116,0,Yes,Yes,Yes,Yes,Yes,Yes,Yes,Yes,Yes,0,0,1.109,0,Yes,Yes,Yes,Yes,Yes,Yes,Yes,Yes,Yes,,,,,,,,,,,,,,,,,,,,,,,,,,,,,,,,,,0,0,1.011,0,,,,,,,,,,,,,Yes,Yes,Yes,Yes,Yes,Yes,Yes,Yes,Yes,,,,,,,,,,,,,,,,,,,,,,,,,,,,,,,,,,,,,,,,,,,,,,,,,,,,,,,,,,,,,,,,,,,,,,,,,,,,,,,,,,,,,,,,To look at a picture for 1 second and remember the details,Did you notice the size of the bag,blue,6,,62,Female
P0930,535,TRUE,2/5/24 11:21,anonymous,EN,I consent.,0,0,1.023,0,Yes,Yes,Yes,Yes,Yes,Yes,Yes,Yes,No,0,0,1.12,0,Yes,Yes,Yes,Yes,Yes,Yes,Yes,Yes,No,,,,,,,,,,,,,,,,,,,,,,,,,,,,,,,,,,0,0,1.024,0,,,,,,,,,,,,,Yes,Yes,Yes,Yes,Yes,Yes,No,Yes,Yes,,,,,,,,,,,,,,,,,,,,,,,,,,,,,,,,,,,,,,,,,,,,,,,,,,,,,,,,,,,,,,,,,,,,,,,,,,,,,,,,,,,,,,,,My ability to determine what was presented in the image within 1 second,Did you notice the person's physique/build?,Blue,6,,27,Female
P0931,1130,TRUE,2/5/24 11:22,anonymous,EN,I consent.,0,0,1.008,0,No,Yes,Yes,Yes,Yes,Yes,Yes,No,No,0,0,1.006,0,No,Yes,No,Yes,No,No,Yes,Yes,Yes,,,,,,,,,0,0,1.009,0,,,,,,,,,Yes,Yes,Yes,Yes,No,No,Yes,Yes,Yes,,,,,,,,,,,,,,,,,,,,,,,,,,,,,,,,,,,,,,,,,,,,,,,,,,,,,,,,,,,,,,,,,,,,,,,,,,,,,,,,,,,,,,,,,,,,,,,,,,,,,,,,,,,,,,,,,,,,,I looked at an image for 1 second then I was asked if I had noticed certain things from the images I saw.,Did you notice the color of the object?,blue,6,,37,Male
P0932,435,TRUE,2/5/24 11:22,anonymous,EN,I consent.,0,0,1.119,0,Yes,Yes,Yes,Yes,Yes,Yes,Yes,No,Yes,0,0,1.008,0,Yes,Yes,Yes,Yes,No,Yes,Yes,Yes,Yes,,,,,,,,,,,,,0,0,1.016,0,,,,,Yes,Yes,Yes,Yes,No,Yes,No,Yes,Yes,,,,,,,,,,,,,,,,,,,,,,,,,,,,,,,,,,,,,,,,,,,,,,,,,,,,,,,,,,,,,,,,,,,,,,,,,,,,,,,,,,,,,,,,,,,,,,,,,,,,,,,,,,,,,,,,,,,,,look at an image and see the details,What size was the object in the image?,blue,6,,34,Male
P0933,345,TRUE,2/5/24 11:22,anonymous,EN,I consent.,0,0,1.008,0,Yes,Yes,Yes,Yes,Yes,Yes,Yes,Yes,Yes,0,0,1.007,0,Yes,Yes,Yes,Yes,Yes,Yes,Yes,Yes,Yes,,,,,,,,,0,0,1.007,0,,,,,,,,,Yes,Yes,Yes,Yes,Yes,Yes,Yes,Yes,Yes,,,,,,,,,,,,,,,,,,,,,,,,,,,,,,,,,,,,,,,,,,,,,,,,,,,,,,,,,,,,,,,,,,,,,,,,,,,,,,,,,,,,,,,,,,,,,,,,,,,,,,,,,,,,,,,,,,,,,I was asked if I noticed certain things in photos after viewing them for one second,I was asked if I remembered whether or not the object was in motion ,blue,6,,26,Female
P0934,491,TRUE,2/5/24 11:22,anonymous,EN,I consent.,0,0,1.008,0,No,Yes,Yes,Yes,Yes,Yes,Yes,Yes,Yes,0,0,1.006,0,Yes,No,Yes,Yes,No,Yes,Yes,Yes,No,,,,,,,,,,,,,,,,,,,,,,,,,,,,,,,,,,,,,,,,,,,,,,,,,,,,,,,,,,,,,,,,,,,,,,,,,,,,,,,,,,,,,,,,,,,,,,,,,,,,,,,,,,,,,,,,,,,,,,,,,0,0,1.008,0,,,,,,,,,,,,,No,Yes,Yes,Yes,No,Yes,Yes,Yes,No,looking at images and trying to see the details,Did you notice whether the object was indoors or outdoors.,Blue,6,,33,Male
P0935,341,TRUE,2/5/24 11:22,anonymous,EN,I consent.,0,0,1.008,0,Yes,Yes,Yes,Yes,Yes,Yes,Yes,Yes,Yes,0,0,1.011,0,Yes,Yes,Yes,Yes,Yes,No,Yes,Yes,No,,,,,,,,,,,,,,,,,,,,,,,,,,,,,,0,0,1.114,0,,,,,,,,,,,,,,,,,Yes,Yes,Yes,Yes,Yes,Yes,Yes,Yes,Yes,,,,,,,,,,,,,,,,,,,,,,,,,,,,,,,,,,,,,,,,,,,,,,,,,,,,,,,,,,,,,,,,,,,,,,,,,,,,,,,,,,,,,,,,Recall specific details about an image after breifly seeing it for one second. ,Do you recall the size of the object shown in the image? ,Blue,6,,23,Male
P0936,212,TRUE,2/5/24 11:22,anonymous,EN,I consent.,0,0,1.124,0,No,Yes,Yes,Yes,Yes,Yes,Yes,Yes,Yes,0,0,1.018,0,Yes,Yes,Yes,Yes,Yes,Yes,Yes,Yes,Yes,,,,,,,,,,,,,,,,,,,,,,,,,,,,,,,,,,,,,,,,,,,,,,,,,,,,,,,,,,,,,,,,,,,,,,,,,,,,,,,,,,,,,,,,,,,,,,,,0,0,1.123,0,,,,,,,,,Yes,Yes,Yes,No,No,Yes,Yes,Yes,Yes,,,,,,,,,,,,,,,,,,,,,,,,,,,,,,noticing small details in the picture,appearance of the person ?,blue,6,,38,Female
P0937,228,TRUE,2/5/24 11:22,anonymous,EN,I consent.,0,0,1.008,0,No,Yes,No,Yes,No,Yes,Yes,Yes,No,0,0,1.007,0,Yes,Yes,Yes,No,No,No,Yes,Yes,No,,,,,,,,,,,,,,,,,,,,,,,,,,,,,,,,,,,,,,,,,,,,,,,,,,,,,,,,,,,,,,,,,,,,,,,,,,,0,0,1.106,0,Yes,No,No,No,No,Yes,Yes,Yes,No,,,,,,,,,,,,,,,,,,,,,,,,,,,,,,,,,,,,,,,,,,,,,,,,,,,,,,,,,,,Viewed a picture for one second and was asked questions about it.,If i remember what animal the person was feeding.,blue,6,,36,Male
P0938,454,TRUE,2/5/24 11:22,anonymous,EN,I consent.,0,0,1.011,0,No,Yes,Yes,Yes,Yes,No,Yes,Yes,No,0,0,1.007,0,Yes,Yes,No,Yes,No,No,Yes,Yes,Yes,,,,,,,,,,,,,,,,,,,,,,,,,,,,,,,,,,,,,,,,,,,,,,,,,,,,,,,,,,,,,,,,,,,,,,,0,0,1.01,0,,,,,Yes,Yes,Yes,Yes,Yes,Yes,Yes,No,No,,,,,,,,,,,,,,,,,,,,,,,,,,,,,,,,,,,,,,,,,,,,,,,,,,,,,,,,,,,"The task of this study is perception, and what I saw in the pictures for 1 second.",Where is the location of the object in question,Blue,6,,65,Female
P0939,396,TRUE,2/5/24 11:22,anonymous,EN,I consent.,0,0,1.11,0,Yes,Yes,Yes,Yes,Yes,No,Yes,No,Yes,0,0,1.016,0,Yes,Yes,Yes,Yes,Yes,Yes,Yes,Yes,Yes,,,,,,,,,,,,,,,,,,,,,,,,,,,,,,,,,,,,,,,,,,0,0,1.112,0,,,,,Yes,Yes,No,No,Yes,Yes,Yes,Yes,Yes,,,,,,,,,,,,,,,,,,,,,,,,,,,,,,,,,,,,,,,,,,,,,,,,,,,,,,,,,,,,,,,,,,,,,,,,,,,,,,,,,,,,,,,,view images for one second then answer questions,did you notice the size of the bag?,blue,6,,19,Female
P0940,404,TRUE,2/5/24 11:22,anonymous,EN,I consent.,0,0,1.107,0,Yes,Yes,Yes,Yes,No,No,Yes,No,Yes,0,0,1.007,0,Yes,Yes,No,Yes,Yes,Yes,Yes,Yes,Yes,,,,,,,,,,,,,,,,,,,,,,,,,,,,,,,,,,,,,,0,0,1.006,0,,,,,,,,,Yes,Yes,Yes,Yes,No,Yes,Yes,Yes,Yes,,,,,,,,,,,,,,,,,,,,,,,,,,,,,,,,,,,,,,,,,,,,,,,,,,,,,,,,,,,,,,,,,,,,,,,,,,,,,,,,,,,,,,,,I observed a picture for 1 second and then answered question about it,What hand was she using to hold the fruit?,Blue,6,,29,Male
P0941,298,TRUE,2/5/24 11:23,anonymous,EN,I consent.,0,0,1.005,0,Yes,Yes,Yes,Yes,Yes,No,Yes,Yes,No,0,0,1.106,0,No,Yes,No,Yes,No,Yes,Yes,Yes,Yes,,,,,,,,,,,,,0,0,1.007,0,,,,,Yes,Yes,Yes,No,Yes,Yes,No,Yes,Yes,,,,,,,,,,,,,,,,,,,,,,,,,,,,,,,,,,,,,,,,,,,,,,,,,,,,,,,,,,,,,,,,,,,,,,,,,,,,,,,,,,,,,,,,,,,,,,,,,,,,,,,,,,,,,,,,,,,,,Look at something for 1 second and make notes of what you saw.,Did you see which direction the ball was going.,Blue,6,Have a good day,51,Male
P0942,397,TRUE,2/5/24 11:23,anonymous,EN,I consent.,0,0,1.113,0,No,No,Yes,No,Yes,Yes,Yes,No,Yes,0,0,1.01,0,Yes,No,Yes,Yes,No,No,Yes,Yes,Yes,,,,,0,0,1.114,0,,,,,,,,,,,,,Yes,Yes,Yes,No,Yes,Yes,Yes,Yes,Yes,,,,,,,,,,,,,,,,,,,,,,,,,,,,,,,,,,,,,,,,,,,,,,,,,,,,,,,,,,,,,,,,,,,,,,,,,,,,,,,,,,,,,,,,,,,,,,,,,,,,,,,,,,,,,,,,,,,,,Look at a picture and answer questions about any details I noticed.,Did you notice the size of the ball?,blue,6,,48,Male
P0943,726,TRUE,2/5/24 11:23,anonymous,EN,I consent.,0,0,1.011,0,No,Yes,Yes,Yes,Yes,Yes,No,No,Yes,0,0,1.015,0,No,Yes,Yes,Yes,No,No,Yes,Yes,No,,,,,,,,,,,,,,,,,,,,,,,,,,,,,,,,,,,,,,,,,,,,,,0,0,1.014,0,Yes,Yes,No,Yes,Yes,Yes,No,Yes,Yes,,,,,,,,,,,,,,,,,,,,,,,,,,,,,,,,,,,,,,,,,,,,,,,,,,,,,,,,,,,,,,,,,,,,,,,,,,,,,,,,,,,,,,,,I viewed an image and answered questions about it.,Did you notice the size of their bag?,Blue,6,,42,Female
P0944,400,TRUE,2/5/24 11:23,anonymous,EN,I consent.,0,0,1.017,0,No,Yes,Yes,Yes,Yes,Yes,Yes,No,Yes,0,0,1.02,0,No,Yes,Yes,Yes,Yes,Yes,Yes,No,No,,,,,,,,,,,,,,,,,,,,,,,,,,,,,,,,,,,,,,,,,,,,,,,,,,,,,,,,,,,,,,,,,,,,,,,,,,,,,,,,,,,,,,,,,,,,,,,,,,,,,,,,,,,,,,,,,,,,,,,,,,,,,,,,,,,,,0,0,1.011,0,No,No,Yes,Yes,No,Yes,No,Yes,Yes,Study picture for 1 second then answer questions.,What the object inside or outside?,Blue,6,,54,Female
P0945,559,TRUE,2/5/24 11:23,anonymous,EN,I consent.,0,0,1.019,0,No,Yes,Yes,Yes,Yes,No,Yes,Yes,No,0,0,1.123,0,Yes,Yes,No,Yes,Yes,No,Yes,Yes,No,,,,,,,,,,,,,,,,,,,,,,,,,,,,,,,,,,,,,,0,0,1.02,0,,,,,,,,,Yes,Yes,No,Yes,Yes,No,Yes,Yes,Yes,,,,,,,,,,,,,,,,,,,,,,,,,,,,,,,,,,,,,,,,,,,,,,,,,,,,,,,,,,,,,,,,,,,,,,,,,,,,,,,,,,,,,,,,"The task was to be shown an image for 1 second, then recall as many details of the image as possible",Did you notice the color/pattern of the object shown in the image?,Blue,6,,23,Male
P0946,449,TRUE,2/5/24 11:23,anonymous,EN,I consent.,0,0,1.017,0,Yes,Yes,Yes,Yes,Yes,No,Yes,Yes,No,0,0,1.023,0,Yes,Yes,Yes,Yes,Yes,No,Yes,Yes,Yes,,,,,,,,,,,,,,,,,,,,,,,,,,,,,,,,,,,,,,,,,,,,,,,,,,,,,,,,,,,,,,,,,,,,,,,0,0,1.024,0,,,,,Yes,Yes,Yes,Yes,Yes,Yes,Yes,No,Yes,,,,,,,,,,,,,,,,,,,,,,,,,,,,,,,,,,,,,,,,,,,,,,,,,,,,,,,,,,,To tell if I notice certain things to a object regerenced in a photo,Did you notice what type of animal it was?,blue,6,,34,Male
P0947,320,TRUE,2/5/24 11:23,anonymous,EN,I consent.,0,0,1.008,0,No,Yes,Yes,Yes,Yes,Yes,Yes,Yes,No,0,0,1.007,0,Yes,Yes,Yes,Yes,Yes,No,Yes,Yes,Yes,,,,,,,,,,,,,,,,,,,,,,,,,,,,,,,,,,,,,,,,,,,,,,,,,,,,,,,,,,,,,,,,,,,,,,,,,,,0,0,1.007,0,Yes,Yes,Yes,Yes,Yes,Yes,Yes,Yes,Yes,,,,,,,,,,,,,,,,,,,,,,,,,,,,,,,,,,,,,,,,,,,,,,,,,,,,,,,,,,,I had to look a photo briefly and then remember what I saw in it,If I noticed if the object was sitting on something?,blue,6,,33,Male
P0948,985,TRUE,2/5/24 11:23,anonymous,EN,I consent.,0,0,1.065,0,Yes,Yes,Yes,Yes,Yes,Yes,Yes,Yes,Yes,0,0,1.007,0,Yes,Yes,Yes,Yes,Yes,No,Yes,Yes,Yes,,,,,,,,,,,,,,,,,,,,,,,,,,,,,,,,,,,,,,,,,,,,,,,,,,,,,,,,,,,,,,,,,,,,,,,,,,,,,,,,,,,,,,,,,,,,,,,,,,,,,,,,,,,,,,,,,,,,,,,,,0,0,1.754,0,,,,,,,,,,,,,No,No,No,No,No,No,No,No,No,noticing details,did you notice a fridge?,blue,6,,24,Male
P0949,294,TRUE,2/5/24 11:23,anonymous,EN,I consent.,0.391,0.391,1.562,1,No,Yes,Yes,Yes,Yes,Yes,Yes,Yes,Yes,0,0,1.005,0,Yes,Yes,Yes,Yes,No,Yes,Yes,Yes,Yes,,,,,,,,,,,,,,,,,,,,,,,,,,,,,,,,,,,,,,,,,,,,,,0,0,1.018,0,Yes,Yes,Yes,Yes,No,Yes,Yes,Yes,Yes,,,,,,,,,,,,,,,,,,,,,,,,,,,,,,,,,,,,,,,,,,,,,,,,,,,,,,,,,,,,,,,,,,,,,,,,,,,,,,,,,,,,,,,,how much I paid attention to details in an image,did i notice if the person was using their right or left hand,blue,6,,33,Female
P0950,195,TRUE,2/5/24 11:23,anonymous,EN,I consent.,0,0,1.009,0,Yes,Yes,Yes,Yes,Yes,Yes,Yes,Yes,Yes,0,0,1.107,0,Yes,Yes,Yes,Yes,Yes,Yes,Yes,Yes,Yes,,,,,,,,,,,,,,,,,,,,,,,,,,,,,,,,,,,,,,,,,,,,,,,,,,,,,,,,,,,,,,,,,,,,,,,,,,,,,,,,,,,,,,,,,,,,,,,,,,,,,,,,,,,,,,,,,,,,,,,,,,,,,,,,,0,0,1.008,0,,,,,Yes,Yes,Yes,Yes,Yes,Yes,Yes,Yes,Yes,answering questions after a photo is shown,Did you notice the background,Blue,6,No,27,Female
P0951,392,TRUE,2/5/24 11:23,anonymous,EN,I consent.,0,0,1.116,0,No,Yes,Yes,Yes,Yes,Yes,Yes,Yes,Yes,0,0,1.009,0,Yes,Yes,Yes,Yes,Yes,No,Yes,Yes,No,,,,,,,,,,,,,,,,,,,,,,,,,,,,,,,,,,,,,,,,,,,,,,,,,,,,,,,,,,,,,,,,,,,0,0,1.111,0,,,,,,,,,Yes,Yes,No,No,Yes,Yes,Yes,Yes,Yes,,,,,,,,,,,,,,,,,,,,,,,,,,,,,,,,,,,,,,,,,,,,,,,,,,,,,,,,,,,Answer questions about a picture that is only visible for 1 second,Did you notice if there was a person in the picture?,blue,6,no,67,Female
P0952,532,TRUE,2/5/24 11:23,anonymous,EN,I consent.,0,0,1.005,0,No,Yes,Yes,Yes,Yes,Yes,Yes,Yes,Yes,0,0,1.105,0,Yes,Yes,Yes,Yes,Yes,Yes,Yes,Yes,Yes,,,,,,,,,,,,,,,,,0,0,1.005,0,Yes,Yes,Yes,Yes,No,Yes,No,Yes,Yes,,,,,,,,,,,,,,,,,,,,,,,,,,,,,,,,,,,,,,,,,,,,,,,,,,,,,,,,,,,,,,,,,,,,,,,,,,,,,,,,,,,,,,,,,,,,,,,,,,,,,,,,,,,,,,,,,,,,,look at the image for just 1 second and answer what you noticed about the picture ,color of the ball,blue,6,,26,Male
P0953,328,TRUE,2/5/24 11:23,anonymous,EN,I consent.,0,0,1.107,0,Yes,Yes,Yes,Yes,Yes,Yes,Yes,Yes,Yes,0,0,1.009,0,Yes,Yes,Yes,No,No,Yes,Yes,Yes,Yes,,,,,,,,,,,,,,,,,,,,,,,,,,,,,,,,,,,,,,,,,,,,,,,,,,,,,,,,,,,,,,,,,,,,,,,,,,,,,,,,,,,,,,,,0,0,1.112,0,,,,,,,,,,,,,,,,,Yes,No,No,No,Yes,No,Yes,Yes,Yes,,,,,,,,,,,,,,,,,,,,,,,,,,,,,,Look at image for 1 sec to see which detail did i remember seeing,answer yes or no to the details of the image. Do you remember seeing ,blue,6,"no issues, very cool like to do more",26,Male
P0954,598,TRUE,2/5/24 11:23,anonymous,EN,I consent.,0,0,1.03,0,Yes,Yes,Yes,Yes,Yes,Yes,Yes,Yes,Yes,0,0,1.031,0,Yes,Yes,Yes,Yes,Yes,No,Yes,Yes,No,,,,,,,,,,,,,,,,,,,,,,,,,,,,,,,,,,,,,,,,,,,,,,0,0,1.146,0,Yes,Yes,Yes,No,No,No,Yes,Yes,No,,,,,,,,,,,,,,,,,,,,,,,,,,,,,,,,,,,,,,,,,,,,,,,,,,,,,,,,,,,,,,,,,,,,,,,,,,,,,,,,,,,,,,,,See images for 1 second and answer questions about what I noticed.,Did you notice the size of the object in the picture.,Blue,6,,26,Male
P0955,327,TRUE,2/5/24 11:23,anonymous,EN,I consent.,0.709,0.709,1.009,1,Yes,Yes,Yes,Yes,No,No,Yes,No,Yes,0,0,1.189,0,Yes,Yes,Yes,Yes,Yes,Yes,Yes,Yes,Yes,,,,,,,,,,,,,,,,,,,,,,,,,,,,,,,,,,,,,,,,,,,,,,,,,,,,,,,,,,,0.525,0.893,1.115,2,,,,,,,,,,,,,,,,,No,Yes,No,Yes,No,No,Yes,Yes,Yes,,,,,,,,,,,,,,,,,,,,,,,,,,,,,,,,,,,,,,,,,,,,,,,,,,,,,,,,,,,Notice details in an image,did you notice the size of the object,blue,6,,48,Male
P0956,355,TRUE,2/5/24 11:23,anonymous,EN,I consent.,0,0,1.007,0,No,Yes,Yes,Yes,Yes,Yes,Yes,Yes,No,0,0,1.012,0,Yes,Yes,Yes,Yes,Yes,No,Yes,Yes,No,,,,,,,,,,,,,,,,,,,,,,,,,,,,,,,,,,,,,,,,,,,,,,,,,,,,,,,,,,,,,,,,,,,,,,,,,,,,,,,,,,,,,,,,,,,,,,,,,,,,,,,,,,,,,,,,,,,,,0,0,1.006,0,,,,,,,,,,,,,,,,,Yes,Yes,No,Yes,Yes,No,Yes,Yes,Yes,I was shown a picture for 1 second then I was asked on details about the picture and whether I noticed them or not.,Did you notice the physique of the person or not?,blue,6,,22,Female
P0957,1316,TRUE,2/5/24 11:23,anonymous,EN,I consent.,0,0,1.01,0,Yes,Yes,Yes,No,Yes,Yes,Yes,No,Yes,0,0,1.021,0,Yes,Yes,Yes,No,No,Yes,Yes,Yes,Yes,,,,,,,,,,,,,,,,,,,,,,,,,,,,,,,,,,,,,,,,,,,,,,,,,,,,,,,,,,,,,,,,,,,,,,,,,,,,,,,,,,,,,,,,,,,,0,0,1.016,0,,,,,,,,,,,,,Yes,Yes,Yes,Yes,No,Yes,Yes,No,Yes,,,,,,,,,,,,,,,,,,,,,,,,,,,,,,describe the details of an image,Did you observe the details of the object's material?,blue,6,,43,Male
P0958,273,TRUE,2/5/24 11:24,anonymous,EN,I consent.,0,0,1.111,0,No,Yes,Yes,Yes,Yes,Yes,Yes,Yes,Yes,0,0,1.009,0,Yes,Yes,Yes,Yes,Yes,Yes,Yes,Yes,No,,,,,,,,,,,,,,,,,,,,,,,,,,,,,,,,,,,,,,,,,,,,,,,,,,,,,,,,,,,,,,,,,,,,,,,,,,,,,,,,,,,,,,,,,,,,,,,,,,,,,,,,0,0,1.005,0,Yes,No,No,No,Yes,Yes,Yes,Yes,No,,,,,,,,,,,,,,,,,,,,,,,,,,,,,,to look at a picture and answer questions based on the picture,did you notice what the object was sitting on,blue,6,,31,Male
P0959,494,TRUE,2/5/24 11:24,anonymous,EN,I consent.,0,0,1.012,0,Yes,Yes,Yes,Yes,Yes,Yes,Yes,No,Yes,0,0,1.112,0,Yes,Yes,No,Yes,Yes,Yes,Yes,Yes,No,,,,,,,,,,,,,,,,,,,,,,,,,,,,,,,,,,,,,,,,,,,,,,,,,,,,,,,,,,,,,,,,,,,,,,,,,,,,,,,,,,,,,,,,,,,,0,0,1.016,0,,,,,,,,,,,,,No,Yes,No,No,Yes,Yes,No,Yes,No,,,,,,,,,,,,,,,,,,,,,,,,,,,,,,notice as many details in a photo,how was the candle lit,blue,6,,62,Female
P0960,657,TRUE,2/5/24 11:24,anonymous,EN,I consent.,0,0,1.008,0,No,Yes,Yes,Yes,Yes,Yes,Yes,Yes,No,0,0,1.106,0,Yes,Yes,Yes,Yes,Yes,No,Yes,Yes,No,,,,,,,,,,,,,,,,,,,,,,,,,,,,,,,,,,,,,,,,,,,,,,,,,,,,,,,,,,,,,,,,,,,0,0,1.105,0,,,,,,,,,Yes,Yes,No,Yes,No,Yes,Yes,Yes,Yes,,,,,,,,,,,,,,,,,,,,,,,,,,,,,,,,,,,,,,,,,,,,,,,,,,,,,,,,,,,judging images,what color the object was,blue,6,,38,Male
P0961,355,TRUE,2/5/24 11:24,anonymous,EN,I consent.,0,0,1.11,0,No,Yes,Yes,Yes,Yes,Yes,Yes,Yes,No,0,0,1.009,0,No,Yes,Yes,Yes,No,No,Yes,Yes,Yes,,,,,,,,,,,,,,,,,,,,,,,,,,,,,,,,,,,,,,,,,,,,,,,,,,,,,,,,,,,,,,,0,0,1.008,0,,,,,,,,,,,,,Yes,Yes,No,Yes,No,Yes,Yes,Yes,No,,,,,,,,,,,,,,,,,,,,,,,,,,,,,,,,,,,,,,,,,,,,,,,,,,,,,,,,,,,Looking at a picture and seeing what I noticed ,Cage space ,Blue ,6,Na,57,Female
P0962,812,TRUE,2/5/24 11:25,anonymous,EN,I consent.,0,0,1.005,0,No,No,No,No,No,No,Yes,No,No,0,0,1.007,0,Yes,Yes,Yes,Yes,Yes,No,Yes,No,Yes,,,,,,,,,,,,,,,,,,,,,,,,,,,,,,,,,,,,,,,,,,,,,,,,,,,,,,,,,,,,,,,,,,,,,,,,,,,,,,,,,,,,,,,,,,,,,,,,0,0,1.205,0,,,,,,,,,No,No,No,No,No,No,No,Yes,Yes,,,,,,,,,,,,,,,,,,,,,,,,,,,,,,"I was given a short description/caption of an image that was then displayed for 1 second, and I answered whether I noticed what was shown on the image.",Did you notice a fridgerator in the image?,Blue,6,,34,Male
P0963,470,TRUE,2/5/24 11:25,anonymous,EN,I consent.,0,0,1.131,0,Yes,Yes,Yes,Yes,No,No,Yes,Yes,Yes,0.618,0.618,1.135,1,No,Yes,No,Yes,Yes,Yes,Yes,Yes,No,,,,,,,,,,,,,,,,,,,,,,,,,,,,,,,,,,,,,,,,,,,,,,,,,,,,,,,,,,,,,,,,,,,,,,,,,,,,,,,,,,,,,,,,,,,,,,,,,,,,0,0,1.118,0,,,,,Yes,Yes,Yes,No,Yes,Yes,No,Yes,Yes,,,,,,,,,,,,,,,,,,,,,,,,,,,,,,"In this study, participants are required to view images, each displayed for a brief one-second duration. After viewing each image, participants will be asked questions about specific details in the picture. The task involves responding to these questions honestly and to the best of one's ability. Additionally, there will be a practice session with two examples before the main study begins. Participants are encouraged to set the window to full-screen mode for optimal visibility. The entire study is expected to take approximately 5 minutes.",did you notice the Size of the candle,Blue,6,,37,Male
P0964,1137,TRUE,2/5/24 11:25,anonymous,EN,I consent.,0,0,1.016,0,No,Yes,Yes,Yes,Yes,Yes,Yes,Yes,Yes,0,0,1.114,0,Yes,Yes,Yes,Yes,No,Yes,Yes,Yes,No,,,,,,,,,,,,,,,,,,,,,,,,,,,,,,0,0,1.019,0,,,,,,,,,,,,,,,,,Yes,Yes,Yes,Yes,No,Yes,Yes,Yes,Yes,,,,,,,,,,,,,,,,,,,,,,,,,,,,,,,,,,,,,,,,,,,,,,,,,,,,,,,,,,,,,,,,,,,,,,,,,,,,,,,,,,,,,,,,"I was shown an image.   Well, two practice images, and then a study image.   And then I was asked if I had noticed various aspects of the image, like which hand the guy was holding the fruit, what kind of fruit it was, and general questions about the guy.",Did I notice which hand he was holding the fruit with?,Blue.,6,,51,Male
P0965,749,TRUE,2/5/24 11:25,anonymous,EN,I consent.,0.515,0.515,1.007,1,Yes,No,Yes,No,Yes,Yes,Yes,No,Yes,0,0,1.006,0,Yes,Yes,Yes,Yes,No,Yes,Yes,Yes,No,,,,,,,,,,,,,,,,,0,0,1.006,0,Yes,Yes,Yes,Yes,No,Yes,Yes,Yes,Yes,,,,,,,,,,,,,,,,,,,,,,,,,,,,,,,,,,,,,,,,,,,,,,,,,,,,,,,,,,,,,,,,,,,,,,,,,,,,,,,,,,,,,,,,,,,,,,,,,,,,,,,,,,,,,,,,,,,,,view an image for one second and answer questions about details I noticed or did not notice,DId you notice the hair color of the person in the image? ,Blue,6,,42,Female
P0966,846,TRUE,2/5/24 11:25,anonymous,EN,I consent.,0,0,1.107,0,No,Yes,Yes,Yes,Yes,Yes,Yes,Yes,No,0,0,1.107,0,Yes,Yes,Yes,Yes,No,No,Yes,Yes,No,,,,,,,,,,,,,,,,,,,,,,,,,,,,,,,,,,,,,,,,,,,,,,,,,,,,,,,,,,,,,,,,,,,,,,,0,0,1.107,0,,,,,Yes,Yes,No,Yes,No,No,Yes,Yes,Yes,,,,,,,,,,,,,,,,,,,,,,,,,,,,,,,,,,,,,,,,,,,,,,,,,,,,,,,,,,,I was shown an image for a second and then asked questions about what I remembered about the image. ,Did you notice which animal it was in the picture.,Blue,6,,31,Female
P0967,453,TRUE,2/5/24 11:25,anonymous,EN,I consent.,0,0,1.012,0,No,Yes,Yes,Yes,Yes,Yes,Yes,Yes,No,0,0,1.11,0,Yes,Yes,Yes,Yes,No,No,Yes,Yes,Yes,,,,,,,,,0,0,1.01,0,,,,,,,,,No,Yes,Yes,Yes,Yes,Yes,No,Yes,Yes,,,,,,,,,,,,,,,,,,,,,,,,,,,,,,,,,,,,,,,,,,,,,,,,,,,,,,,,,,,,,,,,,,,,,,,,,,,,,,,,,,,,,,,,,,,,,,,,,,,,,,,,,,,,,,,,,,,,,"The task was to view 2 photographs for one second each and to remember as much detail as possible. As I am inputting this, I was shown 2 as a test run and one photo as part of study. The photos flashed onscreen for one second, during which I was asked to remember as much detail as possible.",The trajectory of the ball.,Blue,6,"Your study was supposed to show me 2 photographs for 1 second each.  To prepare for this you did show me two photographs as part of the practice run.  Though you told me I would view 2 photographs as part of the study, you showed me only one, the photo of the black woman bouncing/throwing a ball onto the table.",62,Female
P0968,492,TRUE,2/5/24 11:26,anonymous,EN,I consent.,0,0,1.014,0,Yes,Yes,Yes,Yes,Yes,Yes,Yes,Yes,Yes,0,0,1.11,0,Yes,Yes,Yes,Yes,No,Yes,Yes,Yes,No,,,,,,,,,,,,,,,,,,,,,,,,,,,,,,,,,,,,,,,,,,,,,,,,,,,,,,,,,,,,,,,,,,,,,,,,,,,,,,,,,,,,,,,,0,0,1.009,0,,,,,,,,,,,,,,,,,Yes,Yes,No,No,No,Yes,Yes,Yes,Yes,,,,,,,,,,,,,,,,,,,,,,,,,,,,,,We are to look at an image that pops up for 1 second and then answer questions on what we noticed/remembered from the photo.,Did you notice the apparent age of the person lighting the candle in the photo?,blue,6,Cool Study it was fun!,31,Male
P0969,369,TRUE,2/5/24 11:26,anonymous,EN,I consent.,0,0,1.112,0,No,Yes,Yes,Yes,Yes,Yes,Yes,No,Yes,0,0,1.011,0,Yes,Yes,Yes,Yes,No,Yes,Yes,Yes,No,,,,,,,,,,,,,,,,,,,,,,,,,,,,,,,,,,,,,,,,,,,,,,,,,,,,,,,,,,,,,,,,,,,,,,,,,,,,,,,,,,,,,,,,,,,,,,,,,,,,,,,,,,,,,,,,,,,,,,,,,,,,,,,,,0,0,1.114,0,,,,,Yes,Yes,No,Yes,No,Yes,Yes,Yes,Yes,I briefly viewed a picture then was asked what I remembered about it.,Do you remember what color the bench was?,blue,6,thanks,54,Male
P0970,685,TRUE,2/5/24 11:26,anonymous,EN,I consent.,0,0,1.008,0,Yes,Yes,Yes,Yes,Yes,No,Yes,Yes,Yes,0,0,1.017,0,Yes,Yes,Yes,Yes,No,Yes,Yes,No,Yes,,,,,0,0,1.007,0,,,,,,,,,,,,,Yes,No,No,Yes,No,No,No,Yes,Yes,,,,,,,,,,,,,,,,,,,,,,,,,,,,,,,,,,,,,,,,,,,,,,,,,,,,,,,,,,,,,,,,,,,,,,,,,,,,,,,,,,,,,,,,,,,,,,,,,,,,,,,,,,,,,,,,,,,,,To remember what you saw from the image in one second,Remember what you saw (objects or background) in the image after one second,Blue,6,No confusion or technical issues,26,Male
P0971,496,TRUE,2/5/24 11:26,anonymous,EN,I consent.,0,0,1.01,0,Yes,Yes,Yes,Yes,Yes,Yes,Yes,Yes,Yes,0,0,1.012,0,Yes,Yes,Yes,Yes,Yes,Yes,Yes,Yes,Yes,,,,,,,,,,,,,,,,,,,,,,,,,,,,,,,,,,,,,,,,,,,,,,,,,,,,,,,,,,,,,,,,,,,,,,,,,,,,,,,,,,,,,,,,,,,,0,0,1.117,0,,,,,,,,,,,,,Yes,Yes,Yes,Yes,Yes,Yes,Yes,Yes,Yes,,,,,,,,,,,,,,,,,,,,,,,,,,,,,,viewing images and I will be asked about details in the image,Did I notice the color of the candle stand ,Blue ,6,no please ,49,Male
P0972,715,TRUE,2/5/24 11:26,anonymous,EN,I consent.,0,0,1.026,0,No,Yes,Yes,Yes,Yes,Yes,Yes,Yes,Yes,0,0,1.026,0,Yes,Yes,Yes,Yes,Yes,Yes,Yes,Yes,No,,,,,,,,,,,,,,,,,,,,,,,,,,,,,,,,,,,,,,0,0,1.129,0,,,,,,,,,Yes,Yes,Yes,Yes,Yes,No,No,Yes,Yes,,,,,,,,,,,,,,,,,,,,,,,,,,,,,,,,,,,,,,,,,,,,,,,,,,,,,,,,,,,,,,,,,,,,,,,,,,,,,,,,,,,,,,,,I was asked to look at images and answer questions about my memory of the images,Did I notice the apparent age of the individual in the picture,Blue,6,No,49,Female
P0973,536,TRUE,2/5/24 11:27,anonymous,EN,I consent.,0,0,1.107,0,No,Yes,Yes,Yes,Yes,No,Yes,Yes,Yes,0,0,1.007,0,Yes,Yes,Yes,Yes,Yes,Yes,Yes,Yes,Yes,,,,,,,,,,,,,,,,,,,,,,,,,,,,,,,,,,,,,,,,,,,,,,,,,,,,,,,,,,,,,,,,,,,,,,,,,,,,,,,,,,,,,,,,,,,,,,,,,,,,,,,,,,,,,,,,,,,,,0,0,1.008,0,,,,,,,,,,,,,,,,,No,Yes,Yes,Yes,Yes,Yes,No,Yes,Yes,My task in this study was to view a picture for 1 second and recall what I observed.,Did you take notice a the person's age?,Blue,6,Thank you for the opportunity to participate in this MOST interesting study!,58,Female
P0974,657,TRUE,2/5/24 11:27,anonymous,EN,I consent.,0,0,1.008,0,No,Yes,Yes,Yes,Yes,No,Yes,No,Yes,0,0,1.007,0,Yes,Yes,Yes,Yes,No,Yes,Yes,Yes,Yes,,,,,,,,,,,,,,,,,,,,,,,,,,,,,,,,,,0,0,1.006,0,,,,,,,,,,,,,Yes,Yes,Yes,Yes,Yes,Yes,No,Yes,Yes,,,,,,,,,,,,,,,,,,,,,,,,,,,,,,,,,,,,,,,,,,,,,,,,,,,,,,,,,,,,,,,,,,,,,,,,,,,,,,,,,,,,,,,,Remember the image for a second and recall details about the image,If I noticed the size of the apple,blue,6,,35,Male
P0975,607,TRUE,2/5/24 11:27,anonymous,EN,I consent.,0,0,1.016,0,Yes,Yes,Yes,Yes,Yes,No,Yes,Yes,Yes,0,0,1.115,0,Yes,Yes,No,Yes,Yes,Yes,Yes,Yes,Yes,,,,,,,,,,,,,,,,,,,,,,,,,,,,,,,,,,,,,,,,,,,,,,,,,,,,,,,,,,,0,0,1.019,0,,,,,,,,,,,,,,,,,Yes,Yes,Yes,Yes,Yes,Yes,Yes,Yes,Yes,,,,,,,,,,,,,,,,,,,,,,,,,,,,,,,,,,,,,,,,,,,,,,,,,,,,,,,,,,,Describe what objects was seen and other veiws. ,Ask what was a person or object at view.,Blue.,6,None comments.,54,Male
P0976,550,TRUE,2/5/24 11:28,anonymous,EN,I consent.,0,0,1.135,0,Yes,Yes,Yes,Yes,Yes,No,Yes,Yes,Yes,0,0,1.028,0,Yes,Yes,No,Yes,Yes,Yes,Yes,Yes,Yes,,,,,,,,,,,,,,,,,,,,,,,,,,,,,,0.199,0.199,1.135,1,,,,,,,,,,,,,,,,,Yes,Yes,Yes,Yes,Yes,Yes,No,Yes,Yes,,,,,,,,,,,,,,,,,,,,,,,,,,,,,,,,,,,,,,,,,,,,,,,,,,,,,,,,,,,,,,,,,,,,,,,,,,,,,,,,,,,,,,,,My task was to notice details in the image or no details.,Did you notice the physique of the man.,The color of the sky is blue.,6,no,33,Male
P0977,748,TRUE,2/5/24 11:28,anonymous,EN,I consent.,0,0,1.026,0,No,Yes,Yes,Yes,Yes,No,Yes,No,Yes,0,0,1.12,0,Yes,Yes,Yes,Yes,Yes,Yes,Yes,Yes,Yes,,,,,,,,,,,,,,,,,,,,,,,,,,,,,,,,,,,,,,,,,,,,,,,,,,,,,,,,,,,,,,,0,0,1.018,0,,,,,,,,,,,,,Yes,No,Yes,Yes,Yes,Yes,No,Yes,Yes,,,,,,,,,,,,,,,,,,,,,,,,,,,,,,,,,,,,,,,,,,,,,,,,,,,,,,,,,,,opinions on pictures,did you notice the food the was given to the animal,blue,6,thank you,46,Male
P0978,1181,TRUE,2/5/24 11:28,anonymous,EN,I consent.,0,0,1.11,0,Yes,Yes,Yes,No,Yes,No,Yes,Yes,Yes,0,0,1.008,0,Yes,Yes,No,Yes,Yes,Yes,Yes,Yes,Yes,,,,,,,,,,,,,,,,,,,,,,,,,,,,,,,,,,,,,,,,,,,,,,,,,,,,,,,,,,,,,,,,,,,,,,,0,0,1.008,0,,,,,Yes,Yes,No,Yes,Yes,Yes,Yes,No,Yes,,,,,,,,,,,,,,,,,,,,,,,,,,,,,,,,,,,,,,,,,,,,,,,,,,,,,,,,,,,The task was for me to carefully observe the image that will be shown for 1 seconds then answer questions that follow,Was the image indoor or outdoor,Blue ,6,,30,Male
P0979,661,TRUE,2/5/24 11:28,anonymous,EN,I consent.,0,0,1.116,0,No,Yes,Yes,Yes,No,Yes,Yes,Yes,No,0,0,1.109,0,Yes,Yes,Yes,Yes,Yes,No,Yes,Yes,Yes,,,,,,,,,,,,,,,,,,,,,,,,,,,,,,,,,,,,,,,,,,,,,,,,,,,,,,,,,,,,,,,,,,,,,,,,,,,,,,,,,,,,,,,,,,,,,,,,,,,,,,,,0,0,1.008,0,Yes,No,No,No,No,No,Yes,Yes,Yes,,,,,,,,,,,,,,,,,,,,,,,,,,,,,,remembering details from an image seen very briefly,did you notice what the object was sitting on,blue,6,,43,Female
P0980,1065,TRUE,2/5/24 11:29,anonymous,EN,I consent.,0,0,1.017,0,Yes,Yes,Yes,No,Yes,No,Yes,No,Yes,0,0,1.006,0,No,Yes,No,Yes,Yes,Yes,Yes,Yes,Yes,,,,,,,,,,,,,0,0,1.005,0,,,,,Yes,Yes,Yes,Yes,Yes,Yes,Yes,Yes,Yes,,,,,,,,,,,,,,,,,,,,,,,,,,,,,,,,,,,,,,,,,,,,,,,,,,,,,,,,,,,,,,,,,,,,,,,,,,,,,,,,,,,,,,,,,,,,,,,,,,,,,,,,,,,,,,,,,,,,,review object on a surface,what are the 2 objects in the picture,blue,6,,44,Female
P0981,1572,TRUE,2/5/24 11:29,anonymous,EN,I consent.,0,0,1.015,0,No,Yes,Yes,Yes,Yes,Yes,Yes,Yes,Yes,0,0,1.01,0,Yes,Yes,Yes,Yes,Yes,Yes,Yes,Yes,Yes,,,,,,,,,0,0,1.115,0,,,,,,,,,Yes,Yes,Yes,Yes,Yes,Yes,Yes,Yes,Yes,,,,,,,,,,,,,,,,,,,,,,,,,,,,,,,,,,,,,,,,,,,,,,,,,,,,,,,,,,,,,,,,,,,,,,,,,,,,,,,,,,,,,,,,,,,,,,,,,,,,,,,,,,,,,,,,,,,,,I was asked to look at pictures of objects in various settings ,"I was asked if I noticed the color of the object, the size of the object, etc.",Blue (mostly),6,no,28,Female
P0982,591,TRUE,2/5/24 11:29,anonymous,EN,I consent.,0,0,0.644,0,Yes,Yes,Yes,Yes,Yes,Yes,Yes,Yes,Yes,0,0,1.011,0,No,Yes,Yes,Yes,Yes,Yes,No,No,Yes,,,,,,,,,,,,,,,,,,,,,,,,,,,,,,,,,,,,,,,,,,0,0,1.009,0,,,,,Yes,Yes,No,No,No,Yes,Yes,Yes,Yes,,,,,,,,,,,,,,,,,,,,,,,,,,,,,,,,,,,,,,,,,,,,,,,,,,,,,,,,,,,,,,,,,,,,,,,,,,,,,,,,,,,,,,,,describe what I saw in an image,if he had seen a person,blue,6,,38,Male
P0983,1909,TRUE,2/5/24 11:30,anonymous,EN,I consent.,0,0,1.123,0,Yes,Yes,Yes,Yes,Yes,No,Yes,No,Yes,0,0,1.121,0,Yes,Yes,No,Yes,No,Yes,Yes,Yes,Yes,,,,,,,,,,,,,,,,,,,,,,,,,,,,,,,,,,,,,,,,,,,,,,,,,,,,,,,,,,,,,,,,,,,,,,,,,,,,,,,,,,,,,,,,,,,,,,,,0,0,1.126,0,,,,,,,,,Yes,Yes,Yes,Yes,Yes,Yes,Yes,Yes,Yes,,,,,,,,,,,,,,,,,,,,,,,,,,,,,,observe details in images that were placed,you noticed the person's apparent age,blue,6,no,39,Male
P0984,186,TRUE,2/5/24 11:30,anonymous,EN,I consent.,0,0,1.011,0,Yes,Yes,Yes,Yes,Yes,Yes,Yes,Yes,No,0,0,1.009,0,Yes,Yes,Yes,Yes,Yes,Yes,Yes,Yes,No,,,,,,,,,,,,,,,,,,,,,,,,,,,,,,,,,,,,,,,,,,,,,,,,,,,,,,,,,,,,,,,,,,,,,,,,,,,,,,,,,,,,,,,,,,,,,,,,,,,,,,,,,,,,,,,,,,,,,,,,,,,,,,,,,,,,,0,0,1.009,0,Yes,Yes,Yes,Yes,No,No,Yes,Yes,Yes,As a participant I had 5 seconds to observe pictures and describe what I seen,"Do you remember which side (Left, right) the lady took off the shoe",blue,6,,24,Female
P0985,137,TRUE,2/5/24 11:30,anonymous,EN,I consent.,0,0,1.116,0,Yes,Yes,Yes,Yes,Yes,Yes,Yes,Yes,No,0.737,0.737,1.106,1,Yes,Yes,Yes,Yes,Yes,Yes,Yes,Yes,Yes,0.367,0.367,1.009,1,,,,,,,,,,,,,,,,,Yes,Yes,Yes,Yes,Yes,Yes,Yes,Yes,Yes,,,,,,,,,,,,,,,,,,,,,,,,,,,,,,,,,,,,,,,,,,,,,,,,,,,,,,,,,,,,,,,,,,,,,,,,,,,,,,,,,,,,,,,,,,,,,,,,,,,,,,,,,,,,,,,,,,,,,Explain what i noticed about a picture in a small amount of time,The color of the persons hair,blue,6,,37,Male
P0986,779,TRUE,2/5/24 11:31,anonymous,EN,I consent.,0,0,1.008,0,No,Yes,Yes,Yes,Yes,Yes,Yes,Yes,No,0,0,1.007,0,No,Yes,Yes,Yes,Yes,No,Yes,Yes,Yes,,,,,,,,,,,,,,,,,,,,,,,,,,,,,,,,,,,,,,,,,,,,,,,,,,,,,,,,,,,,,,,,,,,,,,,0,0,1.006,0,,,,,Yes,Yes,No,Yes,Yes,Yes,Yes,No,Yes,,,,,,,,,,,,,,,,,,,,,,,,,,,,,,,,,,,,,,,,,,,,,,,,,,,,,,,,,,,I had to view a picture for 1 second and then answer questions regarding picture,Did I notice the kind of animal that was in the picture,Blue,6,No comments,52,Female
P0987,1155,TRUE,2/5/24 11:31,anonymous,EN,I consent.,0,0,1.112,0,Yes,Yes,Yes,Yes,Yes,Yes,Yes,Yes,Yes,0,0,1.01,0,Yes,Yes,Yes,Yes,Yes,No,Yes,Yes,Yes,,,,,,,,,,,,,,,,,,,,,,,,,,,,,,,,,,0,0,1.006,0,,,,,,,,,,,,,Yes,Yes,Yes,Yes,Yes,Yes,Yes,Yes,Yes,,,,,,,,,,,,,,,,,,,,,,,,,,,,,,,,,,,,,,,,,,,,,,,,,,,,,,,,,,,,,,,,,,,,,,,,,,,,,,,,,,,,,,,,Look at a picture that appears for one second and answer some questions,Did you notice the apparent physique of the person that put the fruit in the bag?,Blue,6,,34,Male
P0988,755,TRUE,2/5/24 11:31,anonymous,EN,I consent.,0,0,1.006,0,No,Yes,Yes,Yes,Yes,No,Yes,No,Yes,0,0,1.006,0,Yes,Yes,No,Yes,No,Yes,Yes,Yes,No,,,,,,,,,,,,,,,,,,,,,,,,,,,,,,,,,,,,,,,,,,,,,,,,,,,,,,,,,,,,,,,,,,,,,,,,,,,,,,,,,,,,,,,,,,,,,,,,,,,,,,,,,,,,,,,,,,,,,0,0,1.007,0,,,,,,,,,,,,,,,,,Yes,Yes,No,Yes,Yes,Yes,Yes,Yes,No,I looked at an image for one second and then answered questions on what I remembered or noticed from the task.,Did I notice the physique or the man on the bench,blue,6,,56,Female
P0989,246,TRUE,2/5/24 11:32,anonymous,EN,I consent.,0,0,1.012,0,Yes,Yes,Yes,Yes,Yes,No,Yes,Yes,Yes,0,0,1.012,0,Yes,Yes,Yes,Yes,Yes,Yes,Yes,Yes,Yes,,,,,,,,,,,,,,,,,,,,,,,,,,,,,,,,,,,,,,,,,,,,,,,,,,,,,,,,,,,,,,,,,,,,,,,,,,,,,,,,,,,,,,,,0,0,1.113,0,,,,,,,,,,,,,,,,,Yes,Yes,No,Yes,No,Yes,Yes,Yes,Yes,,,,,,,,,,,,,,,,,,,,,,,,,,,,,,Looking at pictures and answering yes or no if I remember the people or items i saw in the photos,I was asked to answer yes or no to objects or people,blue,6,,52,Male
P0990,744,TRUE,2/5/24 11:33,anonymous,EN,I consent.,0,0,1.01,0,Yes,Yes,Yes,Yes,Yes,Yes,Yes,Yes,Yes,0,0,1.107,0,Yes,Yes,Yes,Yes,Yes,No,Yes,Yes,No,,,,,,,,,,,,,,,,,,,,,,,,,,,,,,,,,,,,,,,,,,,,,,,,,,,,,,,,,,,,,,,,,,,,,,,,,,,,,,,,,,,,,,,,,,,,,,,,,,,,,,,,,,,,,,,,,,,,,,,,,,,,,,,,,,,,,0,0,1.008,0,Yes,Yes,Yes,Yes,Yes,Yes,Yes,Yes,Yes,I was asked whether I remembered certain details in a picture. ,DId I notice the object's color or pattern?,Blue,6,,34,Male
P0991,1232,TRUE,2/5/24 11:33,anonymous,EN,I consent.,0,0,1.007,0,Yes,Yes,Yes,Yes,Yes,Yes,Yes,Yes,No,0,0,1.006,0,Yes,Yes,Yes,Yes,Yes,No,Yes,Yes,No,,,,,0,0,1.006,0,,,,,,,,,,,,,Yes,Yes,Yes,Yes,Yes,Yes,Yes,Yes,Yes,,,,,,,,,,,,,,,,,,,,,,,,,,,,,,,,,,,,,,,,,,,,,,,,,,,,,,,,,,,,,,,,,,,,,,,,,,,,,,,,,,,,,,,,,,,,,,,,,,,,,,,,,,,,,,,,,,,,,We had to look at a picture for a second and then answer questions about what we saw in it,"""Did you notice the color of the ball?""",blue,6,,51,Male
P0992,1238,TRUE,2/5/24 11:33,anonymous,EN,I consent.,0,0,1.016,0,Yes,Yes,Yes,No,Yes,Yes,Yes,Yes,Yes,0,0,1.016,0,Yes,Yes,Yes,Yes,Yes,No,Yes,Yes,Yes,,,,,,,,,,,,,,,,,,,,,,,,,,,,,,,,,,,,,,,,,,,,,,,,,,,,,,,,,,,,,,,,,,,,,,,,,,,,,,,,,,,,,,,,,,,,0,0,1.114,0,,,,,,,,,,,,,Yes,No,Yes,Yes,Yes,No,Yes,Yes,Yes,,,,,,,,,,,,,,,,,,,,,,,,,,,,,,describe the objects,what objects are you seeing?,blue,6,,29,Female
P0993,225,TRUE,2/5/24 11:34,anonymous,EN,I consent.,0.924,0.924,1.111,1,Yes,Yes,Yes,Yes,Yes,Yes,Yes,Yes,No,1,1,1.008,1,No,Yes,Yes,Yes,No,No,Yes,Yes,Yes,,,,,,,,,,,,,,,,,,,,,,,,,,,,,,,,,,,,,,0.832,0.832,1.11,1,,,,,,,,,Yes,Yes,Yes,Yes,Yes,Yes,Yes,Yes,Yes,,,,,,,,,,,,,,,,,,,,,,,,,,,,,,,,,,,,,,,,,,,,,,,,,,,,,,,,,,,,,,,,,,,,,,,,,,,,,,,,,,,,,,,,To Answerr yes or no questions based on a visual. ,Did you notice her clothing color or pattern ,Blue,6,,55,Female
P0994,486,TRUE,2/5/24 11:35,anonymous,EN,I consent.,0,0,1.011,0,No,Yes,Yes,Yes,No,Yes,Yes,Yes,Yes,0,0,1.107,0,Yes,Yes,Yes,Yes,No,Yes,Yes,Yes,Yes,,,,,,,,,,,,,,,,,,,,,,,,,,,,,,,,,,,,,,,,,,,,,,,,,,,,,,,,,,,,,,,0,0,1.007,0,,,,,,,,,,,,,Yes,Yes,No,Yes,No,Yes,Yes,Yes,Yes,,,,,,,,,,,,,,,,,,,,,,,,,,,,,,,,,,,,,,,,,,,,,,,,,,,,,,,,,,,"I was shown an image for one second. After viewing the image, I was asked questions related to the image that was briefly shown.","""Did you notice which hand the person used to feed the animal a treat?""",Blue,6,,34,Male
P0995,1442,TRUE,2/5/24 11:37,anonymous,EN,I consent.,0,0,1.11,0,Yes,Yes,Yes,Yes,Yes,Yes,Yes,Yes,Yes,0,0,1.111,0,Yes,Yes,Yes,Yes,No,No,Yes,Yes,No,,,,,,,,,,,,,,,,,,,,,,,,,,,,,,,,,,,,,,,,,,,,,,,,,,,,,,,,,,,,,,,,,,,,,,,,,,,0,0,1.109,0,Yes,Yes,No,Yes,No,Yes,Yes,Yes,Yes,,,,,,,,,,,,,,,,,,,,,,,,,,,,,,,,,,,,,,,,,,,,,,,,,,,,,,,,,,,I had to look at an object for 1 second then tell how much of the detail I saw in the image.,"""Did you notice a human in the image"".",Blue,6,,37,Male
P0996,1153,TRUE,2/5/24 11:37,anonymous,EN,I consent.,0,0,1.007,0,No,Yes,Yes,Yes,Yes,Yes,No,No,No,0,0,1.108,0,No,Yes,Yes,Yes,No,Yes,Yes,Yes,Yes,,,,,,,,,,,,,,,,,0,0,1.107,0,Yes,Yes,No,Yes,No,Yes,No,Yes,Yes,,,,,,,,,,,,,,,,,,,,,,,,,,,,,,,,,,,,,,,,,,,,,,,,,,,,,,,,,,,,,,,,,,,,,,,,,,,,,,,,,,,,,,,,,,,,,,,,,,,,,,,,,,,,,,,,,,,,,I had to see an image for 1 sec and describe what things i saw in it,"I was asked if i saw the color,shape,gender,background of a particular image",Blue,6,,21,Male
P0997,1507,TRUE,2/5/24 11:37,anonymous,EN,I consent.,0,0,1.111,0,No,Yes,Yes,Yes,Yes,No,Yes,No,Yes,0,0,1.009,0,Yes,Yes,Yes,Yes,Yes,Yes,Yes,Yes,Yes,,,,,,,,,,,,,,,,,,,,,,,,,,,,,,,,,,,,,,,,,,,,,,,,,,,,,,,,,,,,,,,,,,,,,,,,,,,,,,,,,,,,,,,,,,,,,,,,,,,,,,,,,,,,,,,,,,,,,,,,,,,,,,,,,0,0,1.112,0,,,,,No,No,Yes,Yes,No,Yes,Yes,Yes,Yes,Short term memory,Was the man wearing socks?,blue,6,,39,Female
P0998,277,TRUE,2/5/24 11:38,anonymous,EN,I consent.,0,0,1.11,0,No,Yes,Yes,Yes,Yes,Yes,Yes,Yes,No,0,0,1.008,0,Yes,Yes,Yes,Yes,No,No,Yes,Yes,No,,,,,,,,,,,,,,,,,,,,,,,,,,,,,,,,,,,,,,,,,,,,,,0,0,1.109,0,Yes,Yes,No,No,No,Yes,Yes,Yes,No,,,,,,,,,,,,,,,,,,,,,,,,,,,,,,,,,,,,,,,,,,,,,,,,,,,,,,,,,,,,,,,,,,,,,,,,,,,,,,,,,,,,,,,,I looked at an image for 1 second and then answered some questions about what I remembered seeing,Did I remember the person's physique in the supermarket image,Blue,6,,29,Male
P0999,185,TRUE,2/5/24 11:40,anonymous,EN,I consent.,0,0,1.205,0,No,Yes,Yes,Yes,Yes,Yes,Yes,Yes,Yes,0,0,1.005,0,Yes,Yes,Yes,Yes,Yes,No,Yes,Yes,No,,,,,,,,,,,,,,,,,,,,,,,,,,,,,,,,,,,,,,,,,,,,,,,,,,,,,,,,,,,,,,,,,,,,,,,,,,,,,,,,,,,,,,,,,,,,,,,,,,,,0,0,1.004,0,,,,,Yes,Yes,No,No,Yes,Yes,Yes,Yes,Yes,,,,,,,,,,,,,,,,,,,,,,,,,,,,,,To note if I noticed something when I viewed the images,Did I notice the build of the person?,Blue,6,,28,Male
P1000,1591,TRUE,2/5/24 11:41,anonymous,EN,I consent.,0,0,1.016,0,No,Yes,Yes,Yes,Yes,Yes,Yes,Yes,Yes,0,0,1.016,0,Yes,No,Yes,Yes,No,Yes,Yes,Yes,No,,,,,,,,,,,,,0,0,1.007,0,,,,,Yes,Yes,No,Yes,Yes,Yes,Yes,Yes,Yes,,,,,,,,,,,,,,,,,,,,,,,,,,,,,,,,,,,,,,,,,,,,,,,,,,,,,,,,,,,,,,,,,,,,,,,,,,,,,,,,,,,,,,,,,,,,,,,,,,,,,,,,,,,,,,,,,,,,,"In this study I had to view images for 1 second each, and answer questions about them",Did I notice the height of the woman.,blue,6,,61,Female
P1001,716,TRUE,2/5/24 11:45,anonymous,EN,I consent.,0,0,1.006,0,No,Yes,Yes,Yes,Yes,No,Yes,Yes,No,0,0,1.109,0,Yes,Yes,Yes,Yes,Yes,Yes,Yes,Yes,No,,,,,,,,,,,,,,,,,,,,,,,,,,,,,,,,,,,,,,,,,,,,,,,,,,,,,,,,,,,,,,,,,,,0,0,1.008,0,,,,,,,,,Yes,No,No,No,Yes,Yes,Yes,Yes,Yes,,,,,,,,,,,,,,,,,,,,,,,,,,,,,,,,,,,,,,,,,,,,,,,,,,,,,,,,,,,Describing an image ,Did you notice the size of the animal? ,Blue,6,,27,Male
P1002,280,TRUE,2/5/24 11:46,anonymous,EN,I consent.,0,0,1.007,0,No,Yes,Yes,Yes,Yes,Yes,Yes,No,No,0,0,1.122,0,Yes,Yes,Yes,Yes,Yes,Yes,Yes,Yes,No,,,,,,,,,,,,,,,,,,,,,,,,,,,,,,,,,,,,,,,,,,,,,,,,,,,,,,,,,,,,,,,,,,,,,,,,,,,,,,,,,,,,,,,,,,,,,,,,0,0,1.008,0,,,,,,,,,No,No,No,No,Yes,No,Yes,Yes,Yes,,,,,,,,,,,,,,,,,,,,,,,,,,,,,,to state if I remember seeing something.,did you notice the size of the candle?,Blue,6,,34,Male
P1003,311,TRUE,2/5/24 11:50,anonymous,EN,I consent.,0,0,1.117,0,No,Yes,Yes,Yes,Yes,Yes,Yes,Yes,Yes,0,0,1.113,0,Yes,Yes,Yes,Yes,Yes,Yes,Yes,Yes,No,,,,,,,,,,,,,,,,,,,,,,,,,,,,,,0,0,1.011,0,,,,,,,,,,,,,,,,,Yes,Yes,Yes,Yes,No,Yes,Yes,Yes,No,,,,,,,,,,,,,,,,,,,,,,,,,,,,,,,,,,,,,,,,,,,,,,,,,,,,,,,,,,,,,,,,,,,,,,,,,,,,,,,,,,,,,,,,View an image for once second and report on what I saw,If I noticed the size of the fruit going into the bag,Blue,6,,42,Male
P1004,1322,TRUE,2/5/24 11:53,anonymous,EN,I consent.,0,0,1.109,0,No,Yes,Yes,Yes,Yes,No,Yes,Yes,Yes,0,0,1.011,0,Yes,Yes,Yes,Yes,No,Yes,Yes,Yes,No,,,,,,,,,,,,,,,,,,,,,,,,,,,,,,,,,,,,,,,,,,,,,,,,,,,,,,,,,,,,,,,,,,,,,,,,,,,,,,,,,,,,,,,,,,,,,,,,,,,,,,,,,,,,,,,,,,,,,,,,,0,0,1.112,0,,,,,,,,,,,,,No,No,Yes,Yes,Yes,Yes,Yes,Yes,Yes,See if you notice certain details in a picture,Did you notice whether the object was indoors or outdoors?,blue,6,,23,Male
